instrument,timestamp,open,high,low,close,volume,pair_close,pair_ratio_avg_3,row_role,forward_spread_return_1d
LQD,2017-12-27T00:00:00Z,88.15,88.45,88.05,88.44,3560716.0,85.19,,SUPPORT_PAIRRATIO3_WARMUP,
LQD,2017-12-28T00:00:00Z,88.43,88.44,88.25,88.38,2742208.0,85.08,,SUPPORT_PAIRRATIO3_WARMUP,
LQD,2017-12-29T00:00:00Z,88.28,88.55,88.28,88.5,3308142.0,85.22,,SUPPORT_PAIRRATIO3_WARMUP,
LQD,2018-01-02T00:00:00Z,88.32,88.43,87.73,87.91,9269388.0,84.94,1.03847521976017,EVALUATION,0.0008782019262854046
LQD,2018-01-03T00:00:00Z,88.05,88.13,87.87,88.07,5686663.0,85.02,1.0374138333085647,EVALUATION,0.0001298394059365826
LQD,2018-01-04T00:00:00Z,87.93,88.1,87.89,88.04,8137976.0,84.98,1.036442795989654,EVALUATION,0.0008359932673579484
LQD,2018-01-05T00:00:00Z,88.16,88.16,87.92,88.01,6293883.0,84.88,1.0356160809517898,EVALUATION,0.0003576300825208767
LQD,2018-01-08T00:00:00Z,88.11,88.11,87.93,88.0,4749093.0,84.84,1.036252657889801,EVALUATION,0.0010783935536412548
LQD,2018-01-09T00:00:00Z,87.89,87.92,87.67,87.68,7724079.0,84.44,1.0367102144832465,EVALUATION,0.0010395884262828226
LQD,2018-01-10T00:00:00Z,87.4,87.84,87.3,87.74,6313064.0,84.41,1.0374975371391526,EVALUATION,0.0016826188953065202
LQD,2018-01-11T00:00:00Z,87.72,88.05,87.72,87.95,5415744.0,84.47,1.0383557748158159,EVALUATION,0.0009377132860596271
LQD,2018-01-12T00:00:00Z,87.8,88.03,87.76,87.97,4630875.0,84.41,1.0396729337095707,EVALUATION,0.0004355234294703969
LQD,2018-01-16T00:00:00Z,88.22,88.22,87.96,88.05,7649922.0,84.45,1.0409411527721482,EVALUATION,-0.0005942852993060521
LQD,2018-01-17T00:00:00Z,88.06,88.11,87.72,87.81,11713449.0,84.27,1.042000643547424,EVALUATION,-0.000781891417474867
LQD,2018-01-18T00:00:00Z,87.49,87.66,87.37,87.46,6525204.0,84.0,1.0422705680428808,EVALUATION,-0.00035373994097975814
LQD,2018-01-19T00:00:00Z,87.36,87.44,87.16,87.2,7018933.0,83.78,1.041942360860628,EVALUATION,-0.0005593505051455505
LQD,2018-01-22T00:00:00Z,87.28,87.36,87.09,87.12,5719138.0,83.75,1.0413398355119499,EVALUATION,0.0013813439688608042
LQD,2018-01-23T00:00:00Z,87.34,87.5,87.3,87.49,6392445.0,83.99,1.040750160179109,EVALUATION,0.0013334948041141548
LQD,2018-01-24T00:00:00Z,87.32,87.45,87.24,87.44,5753619.0,83.83,1.0409105439738537,EVALUATION,0.002765530248502124
LQD,2018-01-25T00:00:00Z,87.38,87.88,87.36,87.88,7127660.0,84.02,1.041657925341229,EVALUATION,0.0016099836211700413
LQD,2018-01-26T00:00:00Z,87.81,87.81,87.61,87.76,7101525.0,83.77,1.043558804189075,EVALUATION,-0.0001139199237745192
LQD,2018-01-29T00:00:00Z,87.51,87.64,87.36,87.53,6114858.0,83.56,1.045545067203147,EVALUATION,-0.001033906613266966
LQD,2018-01-30T00:00:00Z,87.36,87.42,87.14,87.23,6862328.0,83.36,1.0470275432781002,EVALUATION,0.001703625423379318
LQD,2018-01-31T00:00:00Z,87.49,87.53,87.15,87.41,7534586.0,83.39,1.047188777091516,EVALUATION,0.0008091649034338566
LQD,2018-02-01T00:00:00Z,87.53,87.57,86.97,87.03,13043811.0,82.96,1.0473810445828795,EVALUATION,-0.0014338902190813574
LQD,2018-02-02T00:00:00Z,86.87,86.87,86.48,86.58,8964847.0,82.65,1.0478973836315062,EVALUATION,-0.007649964637260309
LQD,2018-02-05T00:00:00Z,86.31,87.11,86.3,86.63,15301831.0,83.33,1.0482723053988277,EVALUATION,0.0024778089126566982
LQD,2018-02-06T00:00:00Z,86.57,86.74,86.42,86.46,11300074.0,82.96,1.0454037603896091,EVALUATION,0.0001171103587792599
LQD,2018-02-07T00:00:00Z,86.72,86.76,86.2,86.22,9470524.0,82.72,1.0431135000231673,EVALUATION,-0.005137575954992757
LQD,2018-02-08T00:00:00Z,86.09,86.21,85.82,85.85,11672020.0,82.79,1.041367334268622,EVALUATION,-0.0015704771346805035
LQD,2018-02-09T00:00:00Z,85.74,85.75,85.55,85.57,8917199.0,82.65,1.0404871347895959,EVALUATION,0.0003629764065335994
LQD,2018-02-12T00:00:00Z,85.62,85.86,85.55,85.57,7964319.0,82.62,1.0382007003959381,EVALUATION,-0.0020450951225814418
LQD,2018-02-13T00:00:00Z,85.47,85.56,85.25,85.54,8864933.0,82.76,1.0359987764921181,EVALUATION,0.0023006260627477237
LQD,2018-02-14T00:00:00Z,85.27,85.41,85.16,85.22,11121656.0,82.26,1.034875483554986,EVALUATION,0.004567945677762086
LQD,2018-02-15T00:00:00Z,85.54,85.74,85.45,85.63,5071366.0,82.28,1.0350934047171225,EVALUATION,0.0004888131893947545
LQD,2018-02-16T00:00:00Z,85.81,85.96,85.75,85.88,6664419.0,82.48,1.0367630689437286,EVALUATION,-0.0031007220505276933
LQD,2018-02-20T00:00:00Z,85.66,85.71,85.5,85.52,9075627.0,82.39,1.0393067381560959,EVALUATION,-0.0025828155827807286
LQD,2018-02-21T00:00:00Z,85.55,85.63,85.0,85.05,6658564.0,82.15,1.039975598249484,EVALUATION,7.192074548534322e-05
LQD,2018-02-22T00:00:00Z,85.29,85.45,85.15,85.17,7417004.0,82.26,1.0381711466458519,EVALUATION,0.0006889725932783808
LQD,2018-02-23T00:00:00Z,85.44,85.58,85.32,85.56,8259666.0,82.58,1.0362223212352817,EVALUATION,0.00019579523436030755
LQD,2018-02-26T00:00:00Z,85.84,85.95,85.65,85.67,5918657.0,82.67,1.0355877119311974,EVALUATION,-0.0011738636229339239
LQD,2018-02-27T00:00:00Z,85.78,85.79,85.19,85.3,7578640.0,82.41,1.035916905654685,EVALUATION,-0.0005511572324521374
LQD,2018-02-28T00:00:00Z,85.41,85.52,85.37,85.46,8587533.0,82.61,1.0358145461281996,EVALUATION,-0.0052898994774759345
LQD,2018-03-01T00:00:00Z,85.33,85.51,85.19,85.37,12520891.0,82.96,1.035285624744256,EVALUATION,0.0004534970527632076
LQD,2018-03-02T00:00:00Z,85.18,85.28,85.06,85.1,5579379.0,82.66,1.0328727198535341,EVALUATION,0.0009782260405556409
LQD,2018-03-05T00:00:00Z,85.29,85.34,84.99,85.07,10630122.0,82.55,1.0310227031590016,EVALUATION,0.0009439904729471316
LQD,2018-03-06T00:00:00Z,85.39,85.41,85.13,85.14,8540231.0,82.54,1.029698535855615,EVALUATION,-0.00035236081747713754
LQD,2018-03-07T00:00:00Z,85.28,85.3,85.09,85.11,4101116.0,82.54,1.0305151139218136,EVALUATION,-6.219235319027128e-05
LQD,2018-03-08T00:00:00Z,85.28,85.43,85.17,85.28,6429660.0,82.71,1.0310544169714335,EVALUATION,-0.001341545076118722
LQD,2018-03-09T00:00:00Z,85.15,85.19,84.95,84.98,7926418.0,82.53,1.0312362397557084,EVALUATION,-0.0011289389849951093
LQD,2018-03-12T00:00:00Z,85.06,85.12,84.99,85.09,9680605.0,82.73,1.0306316717149495,EVALUATION,-0.0015747292806784774
LQD,2018-03-13T00:00:00Z,85.17,85.21,85.0,85.1,8650868.0,82.87,1.0297617095103717,EVALUATION,0.0003019325640929438
LQD,2018-03-14T00:00:00Z,85.11,85.43,85.11,85.29,5846434.0,83.03,1.028374108096614,EVALUATION,0.0014165385428918098
LQD,2018-03-15T00:00:00Z,85.27,85.44,85.24,85.38,5288130.0,83.0,1.027551742335796,EVALUATION,0.0022589303101372415
LQD,2018-03-16T00:00:00Z,85.22,85.52,85.18,85.47,10865999.0,82.9,1.0276011312367401,EVALUATION,-0.0023109851819138605
LQD,2018-03-19T00:00:00Z,85.28,85.36,85.18,85.19,8168053.0,82.82,1.0289649941698957,EVALUATION,-0.001589639579740787
LQD,2018-03-20T00:00:00Z,84.94,85.06,84.86,84.89,6493142.0,82.66,1.029430727109857,EVALUATION,-0.0011938850171369086
LQD,2018-03-21T00:00:00Z,84.74,85.09,84.57,84.84,7399605.0,82.71,1.0288651548765735,EVALUATION,-0.0024605833815154465
LQD,2018-03-22T00:00:00Z,85.06,85.13,84.91,84.98,11000839.0,83.05,1.0271156293423447,EVALUATION,-0.004622130872171892
LQD,2018-03-23T00:00:00Z,84.9,84.94,84.7,84.71,6171503.0,83.17,1.0253232081360826,EVALUATION,0.0063069147343221
LQD,2018-03-26T00:00:00Z,84.96,85.06,84.92,85.01,5885684.0,82.94,1.022502644748368,EVALUATION,-0.0020201172377996013
LQD,2018-03-27T00:00:00Z,84.96,85.37,84.96,85.32,5433550.0,83.41,1.0222377017983477,EVALUATION,0.0029355131113412147
LQD,2018-03-28T00:00:00Z,85.49,85.63,85.4,85.55,4798639.0,83.39,1.022124341911238,EVALUATION,0.0024032331305188226
LQD,2018-03-29T00:00:00Z,85.73,85.99,85.61,85.93,6140609.0,83.56,1.0245863733929301,EVALUATION,-0.0015425655390850501
LQD,2018-04-02T00:00:00Z,85.82,85.95,85.69,85.89,4425116.0,83.65,1.0257213907995508,EVALUATION,0.0005498908548494663
LQD,2018-04-03T00:00:00Z,85.85,85.85,85.62,85.66,3885294.0,83.38,1.0270144940316064,EVALUATION,0.0005996641880546827
LQD,2018-04-04T00:00:00Z,85.7,85.79,85.63,85.66,5482065.0,83.33,1.0274952608976167,EVALUATION,0.00287032261117659
LQD,2018-04-05T00:00:00Z,85.61,85.71,85.53,85.69,5475603.0,83.12,1.027361349365952,EVALUATION,-0.0014172025513097264
LQD,2018-04-06T00:00:00Z,85.84,85.95,85.76,85.95,4804794.0,83.49,1.0287416528172642,EVALUATION,0.0003456120294891285
LQD,2018-04-09T00:00:00Z,85.79,86.03,85.79,85.99,3691240.0,83.5,1.029448292672068,EVALUATION,0.0019092318909107453
LQD,2018-04-10T00:00:00Z,86.05,86.22,85.9,86.01,5254363.0,83.36,1.0300680396176345,EVALUATION,-0.00026209959516831915
LQD,2018-04-11T00:00:00Z,86.16,86.19,85.98,86.07,2539878.0,83.44,1.030358264358807,EVALUATION,0.0009231543679858456
LQD,2018-04-12T00:00:00Z,85.98,86.04,85.82,85.84,2601937.0,83.14,1.031043280459506,EVALUATION,-0.000492465913276563
LQD,2018-04-13T00:00:00Z,85.78,85.94,85.78,85.87,4573534.0,83.21,1.031928274964122,EVALUATION,0.0004807114529502554
LQD,2018-04-16T00:00:00Z,85.71,85.89,85.68,85.87,2366147.0,83.17,1.031987436419429,EVALUATION,-0.0004847232029303594
LQD,2018-04-17T00:00:00Z,85.88,86.01,85.83,85.88,7106428.0,83.22,1.0323020943762538,EVALUATION,-0.0011580351047335569
LQD,2018-04-18T00:00:00Z,85.85,85.86,85.43,85.44,6917230.0,82.89,1.0321314702177036,EVALUATION,-0.0012118402485492563
LQD,2018-04-19T00:00:00Z,85.19,85.21,84.99,85.12,4115563.0,82.68,1.0317302539057993,EVALUATION,-0.0006043433147455701
LQD,2018-04-20T00:00:00Z,85.01,85.04,84.76,84.77,4726956.0,82.39,1.0307461673797107,EVALUATION,0.0006170928402496889
LQD,2018-04-23T00:00:00Z,84.75,84.77,84.61,84.74,4412713.0,82.31,1.0297206775563716,EVALUATION,-0.0017352814057689514
LQD,2018-04-24T00:00:00Z,84.65,84.75,84.42,84.49,6002814.0,82.21,1.0293069689116445,EVALUATION,-0.0010061297973809058
LQD,2018-04-25T00:00:00Z,84.3,84.31,84.1,84.22,3770374.0,82.03,1.028714463310108,EVALUATION,4.2657184487371325e-05
LQD,2018-04-26T00:00:00Z,84.44,84.56,84.37,84.47,6044192.0,82.27,1.0279846462525513,EVALUATION,0.0005476054159851973
LQD,2018-04-27T00:00:00Z,84.61,84.7,84.59,84.66,3376306.0,82.41,1.0270575399824249,EVALUATION,-0.001918937232043394
LQD,2018-04-30T00:00:00Z,84.7,84.76,84.55,84.59,6495897.0,82.5,1.0269137598163207,EVALUATION,-0.0011432399416795302
LQD,2018-05-01T00:00:00Z,84.54,84.58,84.29,84.36,6127296.0,82.37,1.026459021035116,EVALUATION,-0.0009511805691428954
LQD,2018-05-02T00:00:00Z,84.47,84.49,84.29,84.29,3820954.0,82.38,1.0255983754853848,EVALUATION,-0.0023118863473545748
LQD,2018-05-03T00:00:00Z,84.5,84.54,84.28,84.31,4337999.0,82.59,1.0242259512535927,EVALUATION,0.0013022386708778644
LQD,2018-05-04T00:00:00Z,84.57,84.57,84.28,84.43,3831907.0,82.6,1.0227234287528864,EVALUATION,-0.0007001516220870307
LQD,2018-05-07T00:00:00Z,84.46,84.49,84.3,84.33,3964740.0,82.56,1.022055322882438,EVALUATION,0.0013399911477336435
LQD,2018-05-08T00:00:00Z,84.25,84.33,84.12,84.3,5135165.0,82.42,1.021473227666658,EVALUATION,0.002065311975839035
LQD,2018-05-09T00:00:00Z,84.17,84.39,84.14,84.29,3929555.0,82.24,1.022134638247388,EVALUATION,0.0029156768623053164
LQD,2018-05-10T00:00:00Z,84.55,84.72,84.46,84.71,5150881.0,82.41,1.023058664621111,EVALUATION,0.0016494027583147108
LQD,2018-05-11T00:00:00Z,84.84,84.88,84.73,84.86,4310349.0,82.42,1.0252154248970615,EVALUATION,0.00041631868593483556
LQD,2018-05-14T00:00:00Z,84.77,84.87,84.71,84.71,5001275.0,82.24,1.0274802473511586,EVALUATION,-0.0019618030754504634
LQD,2018-05-15T00:00:00Z,84.31,84.49,83.93,84.07,6036336.0,81.78,1.0291825819815086,EVALUATION,0.0007703144117956473
LQD,2018-05-16T00:00:00Z,84.11,84.19,83.93,83.96,4263808.0,81.61,1.0292134893656255,EVALUATION,-0.0014121036858332214
LQD,2018-05-17T00:00:00Z,83.93,83.98,83.73,83.79,3288113.0,81.56,1.028943831303288,EVALUATION,0.00025361753246921914
LQD,2018-05-18T00:00:00Z,83.93,84.18,83.9,84.14,4253408.0,81.88,1.028046427149908,EVALUATION,-0.0001385319951427988
LQD,2018-05-21T00:00:00Z,84.04,84.19,84.01,84.19,2661282.0,81.94,1.0279128976121825,EVALUATION,-0.0005808485015197373
LQD,2018-05-22T00:00:00Z,84.12,84.22,84.03,84.1,3307666.0,81.9,1.0274674395048395,EVALUATION,-0.00035918632827081076
LQD,2018-05-23T00:00:00Z,84.23,84.52,84.18,84.46,5815722.0,82.28,1.0273075037146928,EVALUATION,0.00028932124022573724
LQD,2018-05-24T00:00:00Z,84.65,84.73,84.59,84.7,4482514.0,82.49,1.0269386795891775,EVALUATION,-0.0009276642312052719
LQD,2018-05-25T00:00:00Z,84.95,84.98,84.84,84.95,4042829.0,82.81,1.0267160161793314,EVALUATION,-0.005571018959631413
LQD,2018-05-29T00:00:00Z,84.99,85.56,84.86,85.4,6854110.0,83.71,1.026376103751507,EVALUATION,0.0004363928439238274
LQD,2018-05-30T00:00:00Z,85.12,85.27,84.87,85.07,5112205.0,83.35,1.0242740542132809,EVALUATION,9.703008263972634e-06
LQD,2018-05-31T00:00:00Z,85.16,85.24,84.93,85.03,6608668.0,83.31,1.0222223030893876,EVALUATION,0.0018393530760176802
LQD,2018-06-01T00:00:00Z,84.84,85.04,84.79,84.87,4630042.0,83.0,1.020490133502746,EVALUATION,0.0011374305990310418
LQD,2018-06-04T00:00:00Z,84.86,84.91,84.67,84.67,3742354.0,82.71,1.0212705913753306,EVALUATION,-0.001830358139233379
LQD,2018-06-05T00:00:00Z,84.88,84.9,84.7,84.73,4123029.0,82.92,1.0222910522571598,EVALUATION,0.0003210589933837493
LQD,2018-06-06T00:00:00Z,84.5,84.54,84.31,84.42,4797471.0,82.59,1.022685214721058,EVALUATION,-0.0009210516011779468
LQD,2018-06-07T00:00:00Z,84.39,84.98,84.38,84.7,7230408.0,82.94,1.0225610566284622,EVALUATION,-0.0002060635289475865
LQD,2018-06-08T00:00:00Z,84.64,84.67,84.51,84.56,2995285.0,82.82,1.0217353578552193,EVALUATION,1.9876459806056346e-05
LQD,2018-06-11T00:00:00Z,84.42,84.49,84.36,84.48,2927908.0,82.74,1.0214624077901024,EVALUATION,0.0007226738468805172
LQD,2018-06-12T00:00:00Z,84.38,84.56,84.36,84.49,3421827.0,82.69,1.0210864362852654,EVALUATION,0.0001415448507597894
LQD,2018-06-13T00:00:00Z,84.52,84.62,84.18,84.41,4962005.0,82.6,1.0212690663485047,EVALUATION,0.0013541365174536413
LQD,2018-06-14T00:00:00Z,84.7,84.8,84.56,84.79,5078324.0,82.86,1.0215702046534414,EVALUATION,-0.0021393741952581147
LQD,2018-06-15T00:00:00Z,84.92,84.98,84.63,84.67,6092985.0,82.92,1.022324394178734,EVALUATION,-0.0014272373587852494
LQD,2018-06-18T00:00:00Z,84.67,84.68,84.5,84.59,5348267.0,82.96,1.0221032708013889,EVALUATION,-0.0021790112908337544
LQD,2018-06-19T00:00:00Z,84.61,84.68,84.54,84.63,4435928.0,83.18,1.0213483342060226,EVALUATION,-0.002307613609182524
LQD,2018-06-20T00:00:00Z,84.65,84.65,84.12,84.16,7902800.0,82.91,1.0193949257901975,EVALUATION,-0.003485228726187506
LQD,2018-06-21T00:00:00Z,84.12,84.26,84.09,84.09,15947782.0,83.13,1.0173855624114017,EVALUATION,0.0009486150130681992
LQD,2018-06-22T00:00:00Z,84.05,84.26,84.01,84.19,6759348.0,83.15,1.0146856138812506,EVALUATION,-0.0022731420218433662
LQD,2018-06-25T00:00:00Z,84.22,84.28,84.1,84.11,3260919.0,83.26,1.013044094387366,EVALUATION,0.0028485511906286565
LQD,2018-06-26T00:00:00Z,84.18,84.41,84.11,84.39,10383107.0,83.3,1.0114215593318157,EVALUATION,-0.00040511049780755926
LQD,2018-06-27T00:00:00Z,84.63,84.68,84.55,84.68,9821530.0,83.62,1.0119339115119514,EVALUATION,-0.0003422991089209182
LQD,2018-06-28T00:00:00Z,84.62,84.62,84.39,84.57,6274937.0,83.54,1.0119902037356139,EVALUATION,0.0014291481567008102
LQD,2018-06-29T00:00:00Z,84.67,84.81,84.57,84.62,7970474.0,83.47,1.012697016777296,EVALUATION,0.0007171929833700297
LQD,2018-07-02T00:00:00Z,84.75,84.75,84.57,84.63,4848902.0,83.42,1.0129277404313195,EVALUATION,0.0011456217402034952
LQD,2018-07-03T00:00:00Z,84.68,84.99,84.68,84.94,2627909.0,83.63,1.0135372476583693,EVALUATION,0.002941409908721049
LQD,2018-07-05T00:00:00Z,85.02,85.21,85.0,85.2,4797576.0,83.64,1.0146488517554924,EVALUATION,0.0005715305703180018
LQD,2018-07-06T00:00:00Z,85.37,85.4,85.26,85.32,2562761.0,83.71,1.016273504398329,EVALUATION,0.003211895733394754
LQD,2018-07-09T00:00:00Z,85.26,85.41,85.21,85.38,5203067.0,83.5,1.0178495549485713,EVALUATION,-0.0002157876797352909
LQD,2018-07-10T00:00:00Z,85.37,85.46,85.27,85.29,6791644.0,83.43,1.020133133194447,EVALUATION,-4.443667013509511e-05
LQD,2018-07-11T00:00:00Z,85.39,85.48,85.28,85.46,4109691.0,83.6,1.021347391799372,EVALUATION,0.0024651002119686627
LQD,2018-07-12T00:00:00Z,85.49,85.64,85.43,85.64,3346101.0,83.57,1.0223526375622083,EVALUATION,-0.000857867253450717
LQD,2018-07-13T00:00:00Z,85.72,85.79,85.66,85.71,4300527.0,83.71,1.023104198936289,EVALUATION,3.902556454626893e-05
LQD,2018-07-16T00:00:00Z,85.56,85.66,85.4,85.57,2682889.0,83.57,1.0236368220443857,EVALUATION,-0.00010287949455034529
LQD,2018-07-17T00:00:00Z,85.58,85.62,85.47,85.51,6199478.0,83.52,1.0241978984438704,EVALUATION,0.0004845000315885084
LQD,2018-07-18T00:00:00Z,85.59,85.59,85.45,85.49,3577939.0,83.46,1.0238835565006597,EVALUATION,-0.001118192732121548
LQD,2018-07-19T00:00:00Z,85.49,85.74,85.46,85.63,5318385.0,83.69,1.024027230124874,EVALUATION,0.0006651201199400214
LQD,2018-07-20T00:00:00Z,85.44,85.48,85.28,85.38,5337691.0,83.39,1.0237768145277772,EVALUATION,0.0008173359894610988
LQD,2018-07-23T00:00:00Z,85.23,85.28,84.98,85.03,4734102.0,82.98,1.0237891959551497,EVALUATION,0.00245228407752629
LQD,2018-07-24T00:00:00Z,85.05,85.32,85.05,85.3,4485230.0,83.04,1.023916435667201,EVALUATION,0.0020121095894124474
LQD,2018-07-25T00:00:00Z,85.49,85.49,85.34,85.41,7415611.0,82.98,1.0252614401271105,EVALUATION,0.0020212571693866144
LQD,2018-07-26T00:00:00Z,85.5,85.6,85.4,85.49,5935022.0,82.89,1.0270682375352418,EVALUATION,-0.0004022852034868407
LQD,2018-07-27T00:00:00Z,85.75,85.75,85.53,85.6,5553056.0,83.03,1.0292889454104655,EVALUATION,3.9775624394278175e-05
LQD,2018-07-30T00:00:00Z,85.43,85.55,85.42,85.49,6570938.0,82.92,1.0305345681090732,EVALUATION,0.0017147115431221938
LQD,2018-07-31T00:00:00Z,85.72,85.83,85.66,85.75,6224056.0,83.03,1.0311044227878459,EVALUATION,-0.0012102127546016472
LQD,2018-08-01T00:00:00Z,85.37,85.55,85.33,85.45,7355384.0,82.84,1.0315685467508873,EVALUATION,-3.6871291503981496e-05
LQD,2018-08-02T00:00:00Z,85.48,85.57,85.35,85.55,6827300.0,82.94,1.0317531637107495,EVALUATION,0.0006240982862839584
LQD,2018-08-03T00:00:00Z,85.66,85.85,85.56,85.82,2841708.0,83.15,1.0319114312351532,EVALUATION,0.00045112531185509397
LQD,2018-08-06T00:00:00Z,85.88,86.0,85.88,85.9,3095521.0,83.19,1.031695231158033,EVALUATION,-0.0009832604746053963
LQD,2018-08-07T00:00:00Z,85.88,85.88,85.59,85.64,5435987.0,83.02,1.0320517352189917,EVALUATION,-0.0024779204371726538
LQD,2018-08-08T00:00:00Z,85.57,85.61,85.5,85.5,7442562.0,83.09,1.0320817782507212,EVALUATION,-0.0019493693514887056
LQD,2018-08-09T00:00:00Z,85.63,85.71,85.51,85.57,7342994.0,83.32,1.0310464616807564,EVALUATION,-0.0026846038967967
LQD,2018-08-10T00:00:00Z,85.52,85.81,85.47,85.71,4783039.0,83.68,1.0291892249868837,EVALUATION,0.00012516360362313517
LQD,2018-08-13T00:00:00Z,85.64,85.72,85.61,85.69,3190778.0,83.65,1.026756032204968,EVALUATION,0.0022400628574191783
LQD,2018-08-14T00:00:00Z,85.81,85.84,85.75,85.8,7099196.0,83.57,1.0252169103541007,EVALUATION,-0.00041496136984942034
LQD,2018-08-15T00:00:00Z,85.93,86.01,85.85,85.98,5501215.0,83.78,1.02511020906507,EVALUATION,0.001637447982234752
LQD,2018-08-16T00:00:00Z,86.05,86.1,85.96,86.09,6054158.0,83.75,1.025776931798333,EVALUATION,0.0003354906267822866
LQD,2018-08-17T00:00:00Z,86.16,86.23,86.1,86.16,3931608.0,83.79,1.0269612552498142,EVALUATION,-0.0005496065405588002
LQD,2018-08-20T00:00:00Z,86.37,86.46,86.32,86.38,2719315.0,84.05,1.0274948490450113,EVALUATION,-0.0010033967201356075
LQD,2018-08-21T00:00:00Z,86.35,86.35,86.16,86.17,5515802.0,83.93,1.0279822970021288,EVALUATION,-0.0020224001994622043
LQD,2018-08-22T00:00:00Z,86.35,86.36,86.15,86.16,7176386.0,84.09,1.027565166640592,EVALUATION,0.00046710961958473796
LQD,2018-08-23T00:00:00Z,86.29,86.32,86.14,86.19,5705652.0,84.08,1.0263423280174384,EVALUATION,0.0017345178912917536
LQD,2018-08-24T00:00:00Z,86.1,86.4,86.07,86.36,5301008.0,84.1,1.0254668457472647,EVALUATION,0.0006349826157021621
LQD,2018-08-27T00:00:00Z,86.2,86.3,86.19,86.23,3800134.0,83.92,1.0255281334434125,EVALUATION,-0.0015629133603823897
LQD,2018-08-28T00:00:00Z,86.09,86.17,85.89,85.9,4172469.0,83.73,1.0264980444777223,EVALUATION,-0.0006894354004161052
LQD,2018-08-29T00:00:00Z,85.99,86.0,85.75,85.81,11646622.0,83.7,1.0267718742544554,EVALUATION,-0.0008627602005319979
LQD,2018-08-30T00:00:00Z,85.99,86.04,85.83,85.9,5817878.0,83.86,1.0262173107666197,EVALUATION,-0.001751880386041682
LQD,2018-08-31T00:00:00Z,86.04,86.06,85.76,85.77,4769351.0,83.88,1.025150658301903,EVALUATION,0.0005189044860467451
LQD,2018-09-04T00:00:00Z,85.6,85.69,85.46,85.61,6624234.0,83.68,1.0240225089793737,EVALUATION,-0.0005840439201028058
LQD,2018-09-05T00:00:00Z,85.58,85.61,85.54,85.56,6235672.0,83.68,1.0233075001425387,EVALUATION,0.0007735003311888367
LQD,2018-09-06T00:00:00Z,85.69,85.86,85.66,85.8,6983842.0,83.85,1.0226875938584759,EVALUATION,0.00033609801051648347
LQD,2018-09-07T00:00:00Z,85.52,85.52,85.43,85.44,4600971.0,83.47,1.022928802229238,EVALUATION,0.0026781359469347787
LQD,2018-09-10T00:00:00Z,85.51,85.72,85.51,85.72,5610422.0,83.52,1.023107882342823,EVALUATION,0.0013754351242484253
LQD,2018-09-11T00:00:00Z,85.55,85.62,85.49,85.53,6056056.0,83.22,1.024399368000037,EVALUATION,0.0007859724651695377
LQD,2018-09-12T00:00:00Z,85.68,85.79,85.67,85.7,5644916.0,83.32,1.0259000135291192,EVALUATION,0.0022203692614153336
LQD,2018-09-13T00:00:00Z,85.89,85.95,85.8,85.88,5718911.0,83.31,1.0275544390135236,EVALUATION,0.0007561222871328432
LQD,2018-09-14T00:00:00Z,85.71,85.82,85.66,85.78,7061921.0,83.15,1.0290569861635073,EVALUATION,-0.0009399929086237879
LQD,2018-09-17T00:00:00Z,85.63,85.78,85.62,85.72,2699426.0,83.17,1.0303475976789926,EVALUATION,0.00012518703714836654
LQD,2018-09-18T00:00:00Z,85.56,85.56,85.35,85.37,5207572.0,82.82,1.0310461054965137,EVALUATION,0.00028476693225376604
LQD,2018-09-19T00:00:00Z,85.35,85.36,85.13,85.25,5245310.0,82.68,1.0310264477344318,EVALUATION,0.002459696927134658
LQD,2018-09-20T00:00:00Z,85.26,85.56,85.25,85.47,6392779.0,82.69,1.030844484764713,EVALUATION,-0.0003667343127979894
LQD,2018-09-21T00:00:00Z,85.4,85.54,85.4,85.48,9536189.0,82.73,1.031830967793762,EVALUATION,-0.0011348659380484571
LQD,2018-09-24T00:00:00Z,85.31,85.4,85.23,85.29,10826552.0,82.64,1.0326479671482482,EVALUATION,0.0010890609874153467
LQD,2018-09-25T00:00:00Z,85.2,85.31,85.13,85.29,4303214.0,82.55,1.0329756670024235,EVALUATION,0.00036391322185114205
LQD,2018-09-26T00:00:00Z,85.44,85.65,85.35,85.6,8049094.0,82.82,1.032833154327285,EVALUATION,0.0012850467289720058
LQD,2018-09-27T00:00:00Z,85.59,85.73,85.53,85.71,6628221.0,82.82,1.0329418572991291,EVALUATION,-0.001183010128530948
LQD,2018-09-28T00:00:00Z,85.81,85.81,85.62,85.65,12790753.0,82.86,1.0338845763555835,EVALUATION,0.0011333445775858486
LQD,2018-10-01T00:00:00Z,85.59,85.7,85.53,85.53,8030620.0,82.65,1.034044325645542,EVALUATION,-0.001726482657617101
LQD,2018-10-02T00:00:00Z,85.64,85.78,85.61,85.61,11636523.0,82.87,1.0344706468841907,EVALUATION,0.0015243496980696936
LQD,2018-10-03T00:00:00Z,85.52,85.61,84.96,85.1,8482915.0,82.25,1.0338602742216045,EVALUATION,-0.0015596169712728258
LQD,2018-10-04T00:00:00Z,84.89,84.96,84.64,84.75,10018645.0,82.04,1.0341866752921474,EVALUATION,-0.0014559701073941778
LQD,2018-10-05T00:00:00Z,84.58,84.66,84.29,84.42,8928637.0,81.84,1.03358231928031,EVALUATION,-0.001432666995979659
LQD,2018-10-08T00:00:00Z,84.47,84.48,84.32,84.33,1425380.0,81.87,1.0330693498683265,EVALUATION,0.000891644470063957
LQD,2018-10-09T00:00:00Z,84.47,84.59,84.4,84.57,8440546.0,82.03,1.0315350767249378,EVALUATION,-0.0032072670125861125
LQD,2018-10-10T00:00:00Z,84.36,84.48,84.16,84.34,12496069.0,82.07,1.03084561484786,EVALUATION,7.064652900456991e-06
LQD,2018-10-11T00:00:00Z,84.53,84.83,84.51,84.69,19005057.0,82.41,1.0295570776920264,EVALUATION,0.001803833445887415
LQD,2018-10-12T00:00:00Z,84.72,84.86,84.59,84.74,9073503.0,82.31,1.028763380633788,EVALUATION,-0.0028496120703039862
LQD,2018-10-15T00:00:00Z,84.66,84.74,84.54,84.55,6756289.0,82.36,1.028282799097397,EVALUATION,0.002723428808746431
LQD,2018-10-16T00:00:00Z,84.59,84.83,84.51,84.77,9219253.0,82.35,1.0279265533413122,EVALUATION,-0.0020401931896294467
LQD,2018-10-17T00:00:00Z,84.7,84.77,84.35,84.35,7004092.0,82.11,1.0284999595049202,EVALUATION,-0.001826817683595161
LQD,2018-10-18T00:00:00Z,84.27,84.45,84.17,84.35,10502647.0,82.26,1.027752606390603,EVALUATION,-8.843242997058631e-05
LQD,2018-10-19T00:00:00Z,84.28,84.36,84.17,84.24,6409793.0,82.16,1.0273581621803551,EVALUATION,-0.0014305119790352094
LQD,2018-10-22T00:00:00Z,84.34,84.36,84.12,84.14,7322185.0,82.18,1.0260013928080916,EVALUATION,-0.0011291718313233279
LQD,2018-10-23T00:00:00Z,84.33,84.44,84.21,84.26,10401117.0,82.39,1.0248579287315986,EVALUATION,-0.004037664587675627
LQD,2018-10-24T00:00:00Z,84.43,84.51,84.33,84.38,7469066.0,82.84,1.0239544900380213,EVALUATION,0.0011106661604988188
LQD,2018-10-25T00:00:00Z,84.27,84.36,84.26,84.27,7031989.0,82.64,1.0217123558440995,EVALUATION,-0.0026972578460120467
LQD,2018-10-26T00:00:00Z,84.45,84.53,84.41,84.42,5189545.0,83.01,1.0203370289677591,EVALUATION,-0.0010640860097949068
LQD,2018-10-29T00:00:00Z,84.36,84.41,84.26,84.32,6735753.0,83.0,1.018433354325635,EVALUATION,-8.464598431667802e-05
LQD,2018-10-30T00:00:00Z,84.16,84.22,84.05,84.13,7784885.0,82.82,1.017537874773433,EVALUATION,-0.000317108505474506
LQD,2018-10-31T00:00:00Z,84.01,84.18,83.89,83.89,13459736.0,82.61,1.0162356517241735,EVALUATION,0.0022519416562942762
LQD,2018-11-01T00:00:00Z,83.78,84.16,83.75,84.15,14525192.0,82.68,1.015738514017379,EVALUATION,0.0015232147307620014
LQD,2018-11-02T00:00:00Z,84.05,84.13,83.8,83.81,7755393.0,82.22,1.016363772671735,EVALUATION,0.001181638014260633
LQD,2018-11-05T00:00:00Z,83.89,84.03,83.89,83.96,5137033.0,82.27,1.0175374143697862,EVALUATION,0.002761419611334359
LQD,2018-11-06T00:00:00Z,84.02,84.13,84.01,84.1,5794062.0,82.18,1.0192199561117954,EVALUATION,0.0026159334126041323
LQD,2018-11-07T00:00:00Z,84.47,84.53,84.28,84.32,13426473.0,82.18,1.0210812755537135,EVALUATION,-0.0016263704470630413
LQD,2018-11-08T00:00:00Z,84.31,84.34,84.07,84.07,11701335.0,82.07,1.0233152884295948,EVALUATION,-0.0031854195436045174
LQD,2018-11-09T00:00:00Z,84.13,84.25,84.07,84.13,8886520.0,82.39,1.0245910628639543,EVALUATION,-0.003034348828741429
LQD,2018-11-12T00:00:00Z,84.31,84.31,84.06,84.13,2917396.0,82.64,1.023842969231083,EVALUATION,-0.0021524046188141632
LQD,2018-11-13T00:00:00Z,84.04,84.09,83.96,84.01,8093182.0,82.7,1.021172839416639,EVALUATION,-0.004674358597547057
LQD,2018-11-14T00:00:00Z,83.8,83.95,83.76,83.79,11661027.0,82.87,1.0183298214897771,EVALUATION,-0.0026335613263595015
LQD,2018-11-15T00:00:00Z,83.69,83.75,83.48,83.63,15187553.0,82.93,1.0149907074051987,EVALUATION,-0.0011024108809079003
LQD,2018-11-16T00:00:00Z,83.6,83.82,83.56,83.8,13591482.0,83.19,1.011794322089039,EVALUATION,-0.0025164667476270663
LQD,2018-11-19T00:00:00Z,83.6,83.74,83.56,83.71,9805589.0,83.31,1.0089583971397225,EVALUATION,-0.002149133593506991
LQD,2018-11-20T00:00:00Z,83.53,83.7,83.5,83.51,16231731.0,83.29,1.006858270067096,EVALUATION,0.002395871646574399
LQD,2018-11-21T00:00:00Z,83.71,83.79,83.59,83.68,10734259.0,83.26,1.004925109994484,EVALUATION,-0.00024322551072475385
LQD,2018-11-23T00:00:00Z,83.95,83.98,83.72,83.73,2937590.0,83.33,1.0041623856656887,EVALUATION,0.0013177596254690949
LQD,2018-11-26T00:00:00Z,83.83,83.86,83.73,83.77,5967262.0,83.26,1.004162001542774,EVALUATION,-0.002273964799182071
LQD,2018-11-27T00:00:00Z,83.71,83.74,83.64,83.66,9285833.0,83.34,1.0053233404858652,EVALUATION,0.0028692134464292085
LQD,2018-11-28T00:00:00Z,83.63,83.96,83.47,83.89,13923403.0,83.33,1.0049217583919188,EVALUATION,-0.005500994863969044
LQD,2018-11-29T00:00:00Z,83.81,83.9,83.56,83.65,10961351.0,83.55,1.0055617839929427,EVALUATION,-0.0026322953029833673
LQD,2018-11-30T00:00:00Z,83.66,83.68,83.44,83.59,14934379.0,83.71,1.0039189499087633,EVALUATION,0.0014388368093383175
LQD,2018-12-03T00:00:00Z,83.75,83.96,83.7,83.9,12768316.0,83.9,1.0021612121381065,EVALUATION,-0.004290822407628125
LQD,2018-12-04T00:00:00Z,84.05,84.25,83.91,83.92,13617750.0,84.28,0.9999211225345223,EVALUATION,0.00036868118120936266
LQD,2018-12-06T00:00:00Z,83.97,84.26,83.97,84.17,12828330.0,84.5,0.9980983344934433,EVALUATION,-0.002721429510436968
LQD,2018-12-07T00:00:00Z,84.26,84.31,84.07,84.18,11856082.0,84.74,0.9972743995079799,EVALUATION,0.0024985795018852563
LQD,2018-12-10T00:00:00Z,84.42,84.45,84.2,84.44,6904131.0,84.79,0.9950715830497942,EVALUATION,0.00425311644356241
LQD,2018-12-11T00:00:00Z,84.55,84.69,84.46,84.59,10297966.0,84.58,0.9951194599722947,EVALUATION,0.0037832745382420097
LQD,2018-12-12T00:00:00Z,84.6,84.78,84.6,84.68,10089252.0,84.35,0.9964606455403388,EVALUATION,0.0020052478328396184
LQD,2018-12-13T00:00:00Z,84.82,84.95,84.81,84.9,6957319.0,84.4,0.9999675520992951,EVALUATION,-0.002600355031567636
LQD,2018-12-14T00:00:00Z,84.95,85.02,84.8,84.81,6090832.0,84.53,1.0033182240595904,EVALUATION,-0.001896334257327048
LQD,2018-12-17T00:00:00Z,84.84,85.01,84.84,84.9,6739677.0,84.78,1.004382958124668,EVALUATION,0.0010565696123077117
LQD,2018-12-18T00:00:00Z,85.06,85.24,84.99,85.2,6134495.0,84.99,1.0035506774129042,EVALUATION,-0.0041163914893053155
LQD,2018-12-19T00:00:00Z,85.32,85.52,85.14,85.14,10306992.0,85.28,1.002399580183177,EVALUATION,-0.0021160930831947145
LQD,2018-12-20T00:00:00Z,85.34,85.4,84.73,84.86,21289037.0,85.18,1.0007482186873529,EVALUATION,-0.0017645183534201747
LQD,2018-12-21T00:00:00Z,84.97,85.04,84.63,84.78,11890162.0,85.25,0.999024159161381,EVALUATION,-0.004939692106324611
LQD,2018-12-24T00:00:00Z,84.77,84.84,84.52,84.58,4410339.0,85.47,0.9963628006920907,EVALUATION,0.00396938597458818
LQD,2018-12-26T00:00:00Z,84.59,84.69,84.37,84.51,7788968.0,85.06,0.9934390142317189,EVALUATION,-0.0025864095932282005
LQD,2018-12-27T00:00:00Z,84.65,84.75,84.51,84.51,7967903.0,85.28,0.9925359230409935,EVALUATION,-0.00066082857519012
LQD,2018-12-28T00:00:00Z,84.6,84.93,84.6,84.91,4414835.0,85.74,0.9913639616428322,EVALUATION,-0.0009056914692560092
LQD,2018-12-31T00:00:00Z,84.92,85.22,84.85,85.15,7325416.0,86.06,0.9916081553789784,EVALUATION,0.000961871089405042
LQD,2019-01-02T00:00:00Z,85.15,85.43,85.12,85.41,10736706.0,86.24,0.9902388239977059,EVALUATION,-0.007532598408332314
LQD,2019-01-03T00:00:00Z,85.28,85.51,85.24,85.45,11351288.0,86.93,0.9900404161337928,EVALUATION,0.007467318491765629
LQD,2019-01-04T00:00:00Z,85.2,85.43,85.14,85.4,12282533.0,86.23,0.9875921616407273,EVALUATION,0.0027832540879045853
LQD,2019-01-07T00:00:00Z,85.58,85.63,85.39,85.4,17245203.0,85.99,0.9879083608872445,EVALUATION,0.004783261383533244
LQD,2019-01-08T00:00:00Z,85.44,85.61,85.44,85.59,8157033.0,85.77,0.9888293746637814,EVALUATION,0.0032726361934143355
LQD,2019-01-09T00:00:00Z,85.66,85.95,85.66,85.92,10678899.0,85.82,0.9938048935961464,EVALUATION,-0.0022108169322393456
LQD,2019-01-10T00:00:00Z,85.83,85.86,85.61,85.69,10546925.0,85.78,0.9974017769086657,EVALUATION,-0.001163813853888085
LQD,2019-01-11T00:00:00Z,85.88,85.88,85.73,85.85,7116030.0,86.04,0.9993391326822847,EVALUATION,-0.002097966380442906
LQD,2019-01-14T00:00:00Z,85.75,85.88,85.6,85.62,4580165.0,85.99,0.9993025862375666,EVALUATION,0.0017474041773895
LQD,2019-01-15T00:00:00Z,85.69,85.8,85.62,85.68,10638562.0,85.9,0.9974799010841631,EVALUATION,0.0024494858090695626
LQD,2019-01-16T00:00:00Z,85.68,85.96,85.63,85.84,18399291.0,85.85,0.9969759270968677,EVALUATION,0.003727662251450603
LQD,2019-01-17T00:00:00Z,85.78,86.02,85.78,86.01,8839662.0,85.7,0.9976731914249907,EVALUATION,0.005127460010145191
LQD,2019-01-18T00:00:00Z,86.01,86.24,86.01,86.17,12780459.0,85.42,1.0003132232432952,EVALUATION,-0.0018873626964084345
LQD,2019-01-22T00:00:00Z,86.28,86.48,86.28,86.31,9232875.0,85.72,1.0040936441578439,EVALUATION,0.003015587011690246
LQD,2019-01-23T00:00:00Z,86.35,86.6,86.33,86.53,11816882.0,85.68,1.0064267630616752,EVALUATION,-0.000608789684832578
LQD,2019-01-24T00:00:00Z,86.83,86.88,86.69,86.75,9235977.0,85.95,1.0085278848535788,EVALUATION,0.0032491244658361396
LQD,2019-01-25T00:00:00Z,86.72,86.83,86.7,86.83,8846951.0,85.75,1.008703748817366,EVALUATION,-0.000580189365030348
LQD,2019-01-28T00:00:00Z,86.75,86.88,86.71,86.81,7959257.0,85.78,1.0106077080545506,EVALUATION,-0.0007257443294166332
LQD,2019-01-29T00:00:00Z,86.92,87.0,86.84,87.0,9382310.0,86.03,1.0113033167298748,EVALUATION,0.002272930720505162
LQD,2019-01-30T00:00:00Z,87.03,87.4,86.92,87.4,17686338.0,86.23,1.011959116571153,EVALUATION,0.0024566171414803772
LQD,2019-01-31T00:00:00Z,87.71,88.08,87.69,88.01,12496064.0,86.62,1.0122836537351347,EVALUATION,0.002924459346113961
LQD,2019-02-01T00:00:00Z,87.9,88.05,87.75,87.8,15642336.0,86.16,1.0136302008482143,EVALUATION,0.0008384570317870876
LQD,2019-02-04T00:00:00Z,87.71,87.73,87.52,87.68,8552080.0,85.97,1.0162166068844438,EVALUATION,0.00236104472023424
LQD,2019-02-05T00:00:00Z,87.89,88.17,87.88,88.04,9577611.0,86.12,1.0183240388357306,EVALUATION,-0.002627642757493387
LQD,2019-02-06T00:00:00Z,88.1,88.11,87.84,87.87,7131205.0,86.18,1.020406495683319,EVALUATION,-0.0033628181761685694
LQD,2019-02-07T00:00:00Z,87.81,87.87,87.65,87.86,13131269.0,86.46,1.0205984169059779,EVALUATION,0.001116058558241928
LQD,2019-02-08T00:00:00Z,87.93,88.1,87.9,88.08,5775487.0,86.58,1.019365683375363,EVALUATION,-0.0007691615321043788
LQD,2019-02-11T00:00:00Z,88.02,88.02,87.81,87.88,5431028.0,86.45,1.0177091982074984,EVALUATION,0.002753584005530607
LQD,2019-02-12T00:00:00Z,87.87,88.0,87.84,88.0,11387832.0,86.33,1.0166862765496756,EVALUATION,-0.00018111001126763782
LQD,2019-02-13T00:00:00Z,87.82,87.88,87.73,87.77,10564258.0,86.12,1.0177369156464062,EVALUATION,-0.0035053403786582393
LQD,2019-02-14T00:00:00Z,87.99,87.99,87.77,87.87,15184257.0,86.52,1.0183483474004296,EVALUATION,0.0021764910242039193
LQD,2019-02-15T00:00:00Z,87.84,88.01,87.84,87.98,9003240.0,86.44,1.0180356725093185,EVALUATION,-0.0011669967481358068
LQD,2019-02-19T00:00:00Z,88.15,88.15,87.94,88.03,7098812.0,86.59,1.0175261557678972,EVALUATION,-0.0005642099066559547
LQD,2019-02-20T00:00:00Z,87.96,87.99,87.8,87.96,8698385.0,86.57,1.0166830835235425,EVALUATION,4.5635432489699035e-05
LQD,2019-02-21T00:00:00Z,87.72,87.8,87.61,87.71,6469441.0,86.32,1.0168340974758914,EVALUATION,0.0015502711406039094
LQD,2019-02-22T00:00:00Z,87.79,88.18,87.79,88.1,4274673.0,86.57,1.0162631131505933,EVALUATION,0.0011611528111923342
LQD,2019-02-25T00:00:00Z,88.01,88.15,88.0,88.07,7638508.0,86.44,1.016610934189125,EVALUATION,-0.0014182221274809947
LQD,2019-02-26T00:00:00Z,88.2,88.26,88.12,88.21,7362947.0,86.7,1.0175444808811414,EVALUATION,0.0007414020777459784
LQD,2019-02-27T00:00:00Z,88.09,88.09,87.89,87.96,7157750.0,86.39,1.017982315976291,EVALUATION,0.001182334560411502
LQD,2019-02-28T00:00:00Z,88.0,88.09,87.78,87.84,12881034.0,86.17,1.018148929552764,EVALUATION,0.001543946783722716
LQD,2019-03-01T00:00:00Z,87.89,87.99,87.64,87.68,13420690.0,85.88,1.0183233575937438,EVALUATION,-0.0008628998534709886
LQD,2019-03-04T00:00:00Z,87.94,87.98,87.84,87.88,10296907.0,86.15,1.0195043909356905,EVALUATION,-0.00023900845108526525
LQD,2019-03-05T00:00:00Z,87.85,87.92,87.76,87.91,10158063.0,86.2,1.020140342245142,EVALUATION,-0.00187420112480563
LQD,2019-03-06T00:00:00Z,87.94,88.05,87.89,87.99,6364410.0,86.44,1.0202927729920757,EVALUATION,-5.909920246183198e-05
LQD,2019-03-07T00:00:00Z,88.16,88.31,88.11,88.28,7509610.0,86.73,1.019283451274231,EVALUATION,-0.00013756894707994682
LQD,2019-03-08T00:00:00Z,88.17,88.41,88.02,88.39,7621616.0,86.85,1.0185468851990402,EVALUATION,0.0018221959868933713
LQD,2019-03-11T00:00:00Z,88.38,88.49,88.32,88.49,8203712.0,86.79,1.0178449299829415,EVALUATION,5.988244525223507e-05
LQD,2019-03-12T00:00:00Z,88.52,88.8,88.51,88.74,8850358.0,87.03,1.0183969289474308,EVALUATION,-0.0012307196767613604
LQD,2019-03-13T00:00:00Z,88.49,88.62,88.49,88.59,6138074.0,86.99,1.0189892095149726,EVALUATION,-0.0005394835732346337
LQD,2019-03-14T00:00:00Z,88.56,88.57,88.34,88.42,5691865.0,86.87,1.0192096086375146,EVALUATION,0.0005109981513715667
LQD,2019-03-15T00:00:00Z,88.66,88.86,88.62,88.74,9275920.0,87.14,1.018628023123503,EVALUATION,0.0006988927017362867
LQD,2019-03-18T00:00:00Z,88.68,88.76,88.65,88.69,4377902.0,87.03,1.0181989766707396,EVALUATION,0.0009149220087287802
LQD,2019-03-19T00:00:00Z,88.56,88.79,88.56,88.71,8205053.0,86.97,1.0184259646183855,EVALUATION,-0.00025030107482448827
LQD,2019-03-20T00:00:00Z,88.76,89.34,88.68,89.31,16686053.0,87.58,1.01914734641535,EVALUATION,0.0023624193082235623
LQD,2019-03-21T00:00:00Z,89.24,89.53,89.24,89.47,14416460.0,87.53,1.0196113832829443,EVALUATION,-0.0012787134145937351
LQD,2019-03-22T00:00:00Z,89.76,90.09,89.76,90.02,10674900.0,88.18,1.02064136560792,EVALUATION,-0.0004953411476968927
LQD,2019-03-25T00:00:00Z,90.04,90.36,89.88,90.2,8300993.0,88.4,1.020927869169929,EVALUATION,0.0012353141836641823
LQD,2019-03-26T00:00:00Z,90.17,90.31,90.05,90.24,7913243.0,88.33,1.0211307433703585,EVALUATION,-0.0016137200681198838
LQD,2019-03-27T00:00:00Z,90.36,90.53,90.3,90.36,7698189.0,88.59,1.0209506193519602,EVALUATION,0.0012151416908279256
LQD,2019-03-28T00:00:00Z,90.39,90.48,90.29,90.48,4777485.0,88.6,1.020655043372945,EVALUATION,0.0009193506216156333
LQD,2019-03-29T00:00:00Z,90.23,90.48,90.2,90.41,8572175.0,88.45,1.0209407002646307,EVALUATION,0.0030228475529072707
LQD,2019-04-01T00:00:00Z,90.22,90.35,90.02,90.07,9815443.0,87.85,1.02111935180072,EVALUATION,-0.00037515878846905437
LQD,2019-04-02T00:00:00Z,90.09,90.22,90.02,90.19,9110122.0,88.0,1.0228829069684033,EVALUATION,0.0010751544718725636
LQD,2019-04-03T00:00:00Z,89.99,90.09,89.96,90.0,6376898.0,87.72,1.0241053743054305,EVALUATION,0.0005295637634898931
LQD,2019-04-04T00:00:00Z,90.03,90.15,89.96,90.14,8385468.0,87.81,1.0253828342949083,EVALUATION,0.0012085491177007412
LQD,2019-04-05T00:00:00Z,90.13,90.4,90.07,90.29,9710004.0,87.85,1.0258042396545382,EVALUATION,0.00015382042546385755
LQD,2019-04-08T00:00:00Z,90.27,90.31,90.14,90.16,8674829.0,87.71,1.0267669903832253,EVALUATION,0.0003940852512975823
LQD,2019-04-09T00:00:00Z,90.4,90.51,90.32,90.36,7869821.0,87.87,1.027414046659289,EVALUATION,0.002368848644721755
LQD,2019-04-10T00:00:00Z,90.54,90.84,90.53,90.79,6799737.0,88.08,1.028014964402183,EVALUATION,0.001279364432438257
LQD,2019-04-11T00:00:00Z,90.68,90.79,90.64,90.7,7950849.0,87.88,1.0290125871631612,EVALUATION,0.004114184974097657
LQD,2019-04-12T00:00:00Z,90.63,90.73,90.55,90.65,12241294.0,87.47,1.0303980043860712,EVALUATION,-0.0029163004811798565
LQD,2019-04-15T00:00:00Z,90.64,90.7,90.51,90.51,14965204.0,87.59,1.0330706728308565,EVALUATION,0.0005524377602788011
LQD,2019-04-16T00:00:00Z,90.48,90.48,90.25,90.25,11010607.0,87.29,1.0339272244433377,EVALUATION,-0.000339924643838474
LQD,2019-04-17T00:00:00Z,90.35,90.42,90.23,90.24,6943582.0,87.31,1.0345341386962568,EVALUATION,-0.0014041635291548449
LQD,2019-04-18T00:00:00Z,90.44,90.48,90.29,90.32,8404774.0,87.51,1.0336018928729143,EVALUATION,-0.0002894898814042035
LQD,2019-04-22T00:00:00Z,90.23,90.28,90.13,90.17,8992179.0,87.39,1.0331930518685164,EVALUATION,0.0022724872217882996
LQD,2019-04-23T00:00:00Z,90.3,90.54,90.28,90.54,7685419.0,87.55,1.0324935401183841,EVALUATION,-0.00034537366195630526
LQD,2019-04-24T00:00:00Z,90.76,90.94,90.73,90.85,6781515.0,87.88,1.0326913163976719,EVALUATION,0.0007013491404825878
LQD,2019-04-25T00:00:00Z,90.76,90.84,90.65,90.8,4532225.0,87.77,1.0332531396115472,EVALUATION,0.000903743715427785
LQD,2019-04-26T00:00:00Z,91.11,91.18,91.02,91.12,3653229.0,88.0,1.0341566816736527,EVALUATION,-0.0019053795195146384
LQD,2019-04-29T00:00:00Z,90.92,90.96,90.71,90.76,6131879.0,87.82,1.0345908924276808,EVALUATION,-0.0016089242198700227
LQD,2019-04-30T00:00:00Z,90.75,90.9,90.71,90.8,9983240.0,88.0,1.0344847198213432,EVALUATION,0.000124148978774552
LQD,2019-05-01T00:00:00Z,90.9,91.34,90.77,90.77,16888838.0,87.96,1.0335834316749826,EVALUATION,-0.0007933614100332775
LQD,2019-05-02T00:00:00Z,90.67,90.7,90.36,90.44,12174615.0,87.71,1.0324140296051711,EVALUATION,0.0032792593661985503
LQD,2019-05-03T00:00:00Z,90.64,90.88,90.64,90.85,8368669.0,87.82,1.0316299401150058,EVALUATION,-0.0012981348375191715
LQD,2019-05-06T00:00:00Z,90.93,91.08,90.81,90.97,8550560.0,88.05,1.0325246765938916,EVALUATION,-0.0035170813748997
LQD,2019-05-07T00:00:00Z,91.12,91.12,90.9,90.96,12444827.0,88.35,1.0329302220395398,EVALUATION,-0.001373987782461672
LQD,2019-05-08T00:00:00Z,91.02,91.06,90.63,90.66,12842996.0,88.18,1.032402320920731,EVALUATION,-0.00172588337724644
LQD,2019-05-09T00:00:00Z,90.85,90.86,90.61,90.74,11750443.0,88.41,1.0302762875766174,EVALUATION,0.0013398861481950242
LQD,2019-05-10T00:00:00Z,90.71,90.84,90.68,90.8,8367005.0,88.35,1.0280067906448618,EVALUATION,-0.004542717814858266
LQD,2019-05-13T00:00:00Z,90.8,91.0,90.74,90.85,17214705.0,88.8,1.02740313095801,EVALUATION,0.0024444436180816043
LQD,2019-05-14T00:00:00Z,90.9,90.99,90.84,90.98,8360904.0,88.71,1.0257235624123722,EVALUATION,-0.00052122234973484
LQD,2019-05-15T00:00:00Z,91.22,91.25,91.04,91.23,11091950.0,89.0,1.0254684001028391,EVALUATION,0.00048788898782803347
LQD,2019-05-16T00:00:00Z,91.16,91.16,91.06,91.09,13911910.0,88.82,1.0245769210730187,EVALUATION,-0.00045034902049101433
LQD,2019-05-17T00:00:00Z,91.19,91.24,91.08,91.09,8548455.0,88.86,1.0254008281821094,EVALUATION,-0.0006173636138628869
LQD,2019-05-20T00:00:00Z,91.07,91.14,90.87,90.88,3154309.0,88.71,1.0252363809254559,EVALUATION,0.0018975151069872132
LQD,2019-05-21T00:00:00Z,90.97,90.99,90.85,90.95,3795999.0,88.61,1.0250382307437207,EVALUATION,-0.001727653884044722
LQD,2019-05-22T00:00:00Z,91.01,91.14,90.93,91.07,11051647.0,88.88,1.0253217466540832,EVALUATION,-0.003879494680554041
LQD,2019-05-23T00:00:00Z,91.11,91.37,91.04,91.27,10464574.0,89.42,1.0251698492901402,EVALUATION,0.0023053991199557533
LQD,2019-05-24T00:00:00Z,91.39,91.48,91.3,91.46,6258394.0,89.4,1.0239122341863105,EVALUATION,-0.003706391615801552
LQD,2019-05-28T00:00:00Z,91.61,91.67,91.49,91.52,10276221.0,89.79,1.0227904511692756,EVALUATION,0.0008825468439568329
LQD,2019-05-29T00:00:00Z,91.58,91.69,91.53,91.56,8858990.0,89.75,1.0209995228281956,EVALUATION,0.0021116737308501943
LQD,2019-05-30T00:00:00Z,91.74,92.12,91.67,92.09,12688200.0,90.08,1.0208256051617404,EVALUATION,-0.004380368112359312
LQD,2019-05-31T00:00:00Z,92.14,92.31,91.96,92.3,12107473.0,90.68,1.0205826030014267,EVALUATION,-0.0016000212192361918
LQD,2019-06-03T00:00:00Z,92.52,92.65,92.27,92.59,13410319.0,91.11,1.0201152166270475,EVALUATION,0.0039460044624417545
LQD,2019-06-04T00:00:00Z,92.36,92.66,92.36,92.62,20773261.0,90.78,1.0188075398332446,EVALUATION,-0.0007557762902181686
LQD,2019-06-05T00:00:00Z,92.69,92.85,92.47,92.55,10905229.0,90.78,1.0181259673526017,EVALUATION,0.002057157792915043
LQD,2019-06-06T00:00:00Z,92.68,92.81,92.58,92.72,15024017.0,90.76,1.0186701896409727,EVALUATION,0.0005632619722402143
LQD,2019-06-07T00:00:00Z,93.1,93.37,93.04,93.14,13037327.0,91.12,1.020453961622713,EVALUATION,0.0013954891133138858
LQD,2019-06-10T00:00:00Z,92.98,93.08,92.8,92.81,14062268.0,90.67,1.0210872240394242,EVALUATION,0.0008619760801638066
LQD,2019-06-11T00:00:00Z,92.87,92.96,92.74,92.89,17671993.0,90.67,1.0224553529521063,EVALUATION,-0.0011398025034929926
LQD,2019-06-12T00:00:00Z,92.9,93.04,92.83,93.03,12252888.0,90.91,1.0234183454431305,EVALUATION,0.00015983716331824382
LQD,2019-06-13T00:00:00Z,93.06,93.29,93.06,93.27,7783031.0,91.13,1.0238020780705395,EVALUATION,-0.0003392709933796034
LQD,2019-06-14T00:00:00Z,93.14,93.34,93.07,93.31,4840387.0,91.2,1.0237623657409427,EVALUATION,0.0006479768438347744
LQD,2019-06-17T00:00:00Z,93.24,93.43,93.19,93.35,7184786.0,91.18,1.0233128893930015,EVALUATION,0.004667553999205598
LQD,2019-06-18T00:00:00Z,93.83,94.07,93.74,93.97,20740171.0,91.36,1.0234726600406703,EVALUATION,0.0036485891741355747
LQD,2019-06-19T00:00:00Z,93.75,94.59,93.66,94.57,18138899.0,91.61,1.0251677816278464,EVALUATION,0.003755454875079778
LQD,2019-06-20T00:00:00Z,94.94,95.13,94.78,95.08,25755240.0,91.76,1.028226087687541,EVALUATION,0.0005653019583564678
LQD,2019-06-21T00:00:00Z,94.77,94.93,94.62,94.74,19155942.0,91.38,1.0323535089834135,EVALUATION,-0.0009686114716143113
LQD,2019-06-24T00:00:00Z,94.98,95.14,94.85,94.98,18992940.0,91.7,1.03508725317972,EVALUATION,-0.0045799919308043835
LQD,2019-06-25T00:00:00Z,94.98,95.01,94.61,94.69,19265094.0,91.84,1.0362398959297083,EVALUATION,0.002131082980111665
LQD,2019-06-26T00:00:00Z,94.89,94.89,94.46,94.5,30501476.0,91.46,1.034523525040442,EVALUATION,0.002758658192727692
LQD,2019-06-27T00:00:00Z,94.74,95.12,94.66,95.05,10534645.0,91.74,1.0333465385155307,EVALUATION,0.0021941798098987775
LQD,2019-06-28T00:00:00Z,95.1,95.35,95.08,95.3,9739408.0,91.78,1.0334503436443236,EVALUATION,0.003087290493691608
LQD,2019-07-01T00:00:00Z,95.45,95.7,95.24,95.48,23555253.0,91.67,1.0358904610765816,EVALUATION,-0.0007676987851314987
LQD,2019-07-02T00:00:00Z,95.53,95.79,95.44,95.74,16555142.0,91.99,1.0386649780010917,EVALUATION,0.0007589538948851171
LQD,2019-07-03T00:00:00Z,95.74,96.02,95.74,96.0,7325938.0,92.17,1.0402266692839055,EVALUATION,-0.002348784854073971
LQD,2019-07-05T00:00:00Z,95.32,95.4,94.78,95.16,8424964.0,91.58,1.0412936921507743,EVALUATION,-0.0004884590644956832
LQD,2019-07-08T00:00:00Z,95.29,95.32,95.02,95.02,10064745.0,91.49,1.0404701520446782,EVALUATION,-0.0014490106598128438
LQD,2019-07-09T00:00:00Z,94.97,94.99,94.78,94.82,16456926.0,91.43,1.039742869100415,EVALUATION,0.001773319159637854
LQD,2019-07-10T00:00:00Z,94.94,95.16,94.89,95.04,10302174.0,91.48,1.038250834034019,EVALUATION,-0.0009731478905069535
LQD,2019-07-11T00:00:00Z,94.86,95.01,94.4,94.48,7326112.0,91.03,1.0381922024587003,EVALUATION,-0.00014595638605063854
LQD,2019-07-12T00:00:00Z,94.44,94.62,94.39,94.57,6432448.0,91.13,1.0379642497244441,EVALUATION,-0.00039306515409687215
LQD,2019-07-15T00:00:00Z,94.67,94.78,94.59,94.73,8948159.0,91.32,1.0381878250699177,EVALUATION,7.883715337475561e-05
LQD,2019-07-16T00:00:00Z,94.4,94.55,94.29,94.53,11278817.0,91.12,1.0376630276454584,EVALUATION,0.000570274340025545
LQD,2019-07-17T00:00:00Z,94.63,95.04,94.63,95.03,6823228.0,91.55,1.037504222540766,EVALUATION,-0.00019322996279358406
LQD,2019-07-18T00:00:00Z,94.99,95.35,94.79,95.24,10630950.0,91.77,1.0375921370715728,EVALUATION,0.0003785164571308286
LQD,2019-07-19T00:00:00Z,95.16,95.33,95.02,95.11,9020234.0,91.61,1.0377490382086068,EVALUATION,0.0026124674856113916
LQD,2019-07-22T00:00:00Z,95.48,95.49,95.35,95.4,4718643.0,91.65,1.0380097908290231,EVALUATION,0.0021607702258044093
LQD,2019-07-23T00:00:00Z,95.42,95.47,95.26,95.45,7382832.0,91.5,1.0389779624910371,EVALUATION,0.001407941101540855
LQD,2019-07-24T00:00:00Z,95.59,95.73,95.45,95.72,14078806.0,91.63,1.0407637884243666,EVALUATION,-0.0013879882386416131
LQD,2019-07-25T00:00:00Z,95.6,95.66,95.19,95.42,10256191.0,91.47,1.0429073218060037,EVALUATION,0.001471723282063464
LQD,2019-07-26T00:00:00Z,95.62,95.66,95.42,95.55,7587275.0,91.46,1.043662997530103,EVALUATION,-0.0015026428071945874
LQD,2019-07-29T00:00:00Z,95.68,95.68,95.47,95.49,7495644.0,91.54,1.044179532175326,EVALUATION,-0.0005416904535698874
LQD,2019-07-30T00:00:00Z,95.45,95.52,95.22,95.48,12329169.0,91.58,1.043684365192808,EVALUATION,-0.0018875217027369828
LQD,2019-07-31T00:00:00Z,95.55,95.85,95.14,95.55,17589517.0,91.82,1.0434850851778137,EVALUATION,-0.00326790032736457
LQD,2019-08-01T00:00:00Z,95.79,96.56,95.72,96.32,17549784.0,92.86,1.0421197368839656,EVALUATION,-0.0010078849094445896
LQD,2019-08-02T00:00:00Z,96.28,96.44,96.2,96.42,14946290.0,93.05,1.040156355784905,EVALUATION,-0.007871537752228264
LQD,2019-08-05T00:00:00Z,96.72,96.72,96.42,96.49,13787456.0,93.85,1.0380334791788286,EVALUATION,0.00461996580784696
LQD,2019-08-06T00:00:00Z,96.77,97.12,96.58,97.09,17870285.0,94.0,1.0338691580825357,EVALUATION,-0.00020599443815028096
LQD,2019-08-07T00:00:00Z,97.49,97.6,96.99,97.07,28189878.0,94.0,1.0324064742284,EVALUATION,0.002572096469097618
LQD,2019-08-08T00:00:00Z,96.92,97.37,96.73,97.33,8483102.0,94.01,1.031220636521989,EVALUATION,-0.0013876075734393645
LQD,2019-08-09T00:00:00Z,97.33,97.36,97.01,97.05,6498077.0,93.87,1.0336157689577312,EVALUATION,-0.00020594761837222642
LQD,2019-08-12T00:00:00Z,97.36,97.73,97.29,97.64,7077083.0,94.46,1.033950534783715,EVALUATION,0.0028790399869266237
LQD,2019-08-13T00:00:00Z,97.73,97.83,97.44,97.58,11118791.0,94.13,1.034285691095892,EVALUATION,-0.003823431101497299
LQD,2019-08-14T00:00:00Z,97.94,98.02,97.73,97.86,9243042.0,94.76,1.0347310402688883,EVALUATION,-0.0014268192851718542
LQD,2019-08-15T00:00:00Z,97.98,98.64,97.9,98.34,13081537.0,95.36,1.0343435694382492,EVALUATION,0.004452028676021902
LQD,2019-08-16T00:00:00Z,98.11,98.55,97.91,98.52,11391512.0,95.11,1.033538554970044,EVALUATION,0.001483292226583166
LQD,2019-08-19T00:00:00Z,98.0,98.34,97.87,98.2,7998271.0,94.66,1.033272482665314,EVALUATION,0.0013675484734085863
LQD,2019-08-20T00:00:00Z,98.52,98.8,98.42,98.77,13379767.0,95.08,1.034833407457698,EVALUATION,0.0044557097311659355
LQD,2019-08-21T00:00:00Z,98.54,99.2,98.54,98.94,9967372.0,94.82,1.0373532153387803,EVALUATION,-0.001529309179730931
LQD,2019-08-22T00:00:00Z,98.78,99.02,98.54,98.58,7422416.0,94.62,1.039885724073047,EVALUATION,-0.0030063554342301124
LQD,2019-08-23T00:00:00Z,98.47,99.18,98.46,98.94,8261590.0,95.25,1.0413705964749054,EVALUATION,0.001045953246141429
LQD,2019-08-26T00:00:00Z,99.01,99.19,98.8,98.95,6560842.0,95.16,1.0413475077539278,EVALUATION,0.0010477075284602844
LQD,2019-08-27T00:00:00Z,99.21,99.56,99.21,99.48,17635695.0,95.57,1.0401398110515752,EVALUATION,-0.0003139060374595104
LQD,2019-08-28T00:00:00Z,99.71,99.76,99.41,99.48,9890585.0,95.6,1.0398267454586605,EVALUATION,-0.00022813189253589883
LQD,2019-08-29T00:00:00Z,99.45,99.48,98.9,99.27,18130179.0,95.42,1.040441950984748,EVALUATION,-0.00041107040101606707
LQD,2019-08-30T00:00:00Z,99.15,99.28,98.96,99.25,8974133.0,95.44,1.0406153765724764,EVALUATION,-0.003107136296743751
LQD,2019-09-03T00:00:00Z,99.19,99.46,98.85,99.16,27460816.0,95.65,1.040284692773329,EVALUATION,0.00014248279378459294
LQD,2019-09-04T00:00:00Z,98.96,99.45,98.96,99.34,8879866.0,95.81,1.0389881976044737,EVALUATION,0.0008932769030007837
LQD,2019-09-05T00:00:00Z,98.86,99.09,98.46,98.62,19644473.0,95.03,1.0378201368772606,EVALUATION,0.002917596302615788
LQD,2019-09-06T00:00:00Z,98.78,99.05,98.73,98.97,9522614.0,95.09,1.0371058619157234,EVALUATION,-0.0011754470988079024
LQD,2019-09-09T00:00:00Z,98.49,98.56,98.25,98.25,8275601.0,94.51,1.0384749155196396,EVALUATION,-0.0011470224215269775
LQD,2019-09-10T00:00:00Z,98.11,98.12,97.41,97.42,10814951.0,93.82,1.0393845084348168,EVALUATION,0.00013809712015311337
LQD,2019-09-11T00:00:00Z,97.36,97.61,97.29,97.34,9176783.0,93.73,1.0395824435878032,EVALUATION,0.0009049530045897036
LQD,2019-09-12T00:00:00Z,97.87,97.95,97.15,97.21,12012885.0,93.52,1.0388195881915754,EVALUATION,0.0004519375433447159
LQD,2019-09-13T00:00:00Z,96.86,97.04,96.34,96.36,9391071.0,92.66,1.038781011083959,EVALUATION,0.00045690771987216827
LQD,2019-09-16T00:00:00Z,96.69,96.92,96.53,96.82,12334237.0,93.06,1.0393008713807257,EVALUATION,-0.0001043277225885042
LQD,2019-09-17T00:00:00Z,96.79,97.21,96.71,97.07,12819590.0,93.31,1.0399305904570466,EVALUATION,0.0021509336185538963
LQD,2019-09-18T00:00:00Z,97.41,97.71,96.99,97.31,9408445.0,93.34,1.040210252973189,EVALUATION,0.002448861298432803
LQD,2019-09-19T00:00:00Z,97.67,97.83,97.52,97.59,9218874.0,93.38,1.0410775016247413,EVALUATION,0.0010826346521088936
LQD,2019-09-20T00:00:00Z,97.89,98.31,97.79,98.26,10839139.0,93.92,1.0426376883423496,EVALUATION,-0.0020965524140487135
LQD,2019-09-23T00:00:00Z,98.43,98.57,98.17,98.19,10392652.0,94.05,1.0446089389427826,EVALUATION,-0.0018401975273989457
LQD,2019-09-24T00:00:00Z,98.45,98.63,98.35,98.5,14565361.0,94.52,1.0451044264489724,EVALUATION,0.0009757019705226577
LQD,2019-09-25T00:00:00Z,98.35,98.41,97.84,97.95,15901818.0,93.9,1.0441120564227528,EVALUATION,-8.806736174626906e-05
LQD,2019-09-26T00:00:00Z,98.28,98.34,98.13,98.15,10304584.0,94.1,1.0430858732165074,EVALUATION,-0.0011821243482643684
LQD,2019-09-27T00:00:00Z,98.25,98.3,98.08,98.18,10309984.0,94.24,1.0427592669220058,EVALUATION,0.0025165352367242377
LQD,2019-09-30T00:00:00Z,98.1,98.52,98.02,98.5,11290030.0,94.31,1.042659486564528,EVALUATION,-0.0016401143867803558
LQD,2019-10-01T00:00:00Z,98.05,98.9,98.05,98.61,13678614.0,94.57,1.0430918065515558,EVALUATION,-0.0037937074730742815
LQD,2019-10-02T00:00:00Z,98.58,98.66,98.37,98.58,11926205.0,94.9,1.0429852594423947,EVALUATION,-0.001413966629617791
LQD,2019-10-03T00:00:00Z,98.72,99.1,98.72,98.96,16080517.0,95.4,1.04197509653896,EVALUATION,0.002256295663580765
LQD,2019-10-04T00:00:00Z,99.19,99.37,99.13,99.37,9890801.0,95.58,1.0396046336951086,EVALUATION,-0.0016837189590508395
LQD,2019-10-07T00:00:00Z,99.09,99.16,98.86,98.87,7462000.0,95.26,1.0385822898458708,EVALUATION,-0.0030098033455135953
LQD,2019-10-08T00:00:00Z,99.09,99.16,98.76,98.78,9146434.0,95.46,1.0382884975656188,EVALUATION,0.002919082320335664
LQD,2019-10-09T00:00:00Z,98.97,98.99,98.61,98.82,10217041.0,95.22,1.0374426319545054,EVALUATION,0.0004319399920956757
LQD,2019-10-10T00:00:00Z,98.5,98.54,98.13,98.24,8490920.0,94.62,1.0368274774103587,EVALUATION,0.004931650139044175
LQD,2019-10-11T00:00:00Z,97.99,98.21,97.66,98.06,11275254.0,93.98,1.0369481482398768,EVALUATION,0.0005987404856169221
LQD,2019-10-14T00:00:00Z,98.31,98.43,98.16,98.39,2451408.0,94.24,1.0398263239801657,EVALUATION,0.002238609525068269
LQD,2019-10-15T00:00:00Z,98.43,98.43,98.06,98.13,15116551.0,93.78,1.041902763707449,EVALUATION,-0.0010069619869812474
LQD,2019-10-16T00:00:00Z,98.19,98.32,98.01,98.23,9638896.0,93.97,1.0446117171763063,EVALUATION,0.0015408735469139012
LQD,2019-10-17T00:00:00Z,98.25,98.54,98.17,98.35,5969159.0,93.94,1.0452517588027912,EVALUATION,0.0006735578172485379
LQD,2019-10-18T00:00:00Z,98.44,98.65,98.43,98.5,6216159.0,94.02,1.0462212107606508,EVALUATION,0.0013875868294572768
LQD,2019-10-21T00:00:00Z,98.31,98.39,98.23,98.27,6633773.0,93.67,1.046642637274088,EVALUATION,-0.0006187431157289591
LQD,2019-10-22T00:00:00Z,98.58,98.59,98.29,98.44,6170497.0,93.89,1.0479009557863599,EVALUATION,0.00018347786876904415
LQD,2019-10-23T00:00:00Z,98.63,98.68,98.46,98.5,5176535.0,93.93,1.0484063246326019,EVALUATION,0.00244642705632947
LQD,2019-10-24T00:00:00Z,98.6,98.82,98.6,98.72,10226987.0,93.91,1.0487409300098902,EVALUATION,0.00030635991182292877
LQD,2019-10-25T00:00:00Z,98.76,98.76,98.41,98.54,7279648.0,93.71,1.049444489952262,EVALUATION,0.0007919595792301726
LQD,2019-10-28T00:00:00Z,98.23,98.34,98.17,98.25,9915360.0,93.36,1.0504714987157968,EVALUATION,-0.003503208461704599
LQD,2019-10-29T00:00:00Z,98.21,98.3,97.99,97.99,9659991.0,93.44,1.0517130452520744,EVALUATION,-0.0012441316174280903
LQD,2019-10-30T00:00:00Z,97.97,98.4,97.95,98.34,12964882.0,93.89,1.0508714108651722,EVALUATION,-0.00028917564860320155
LQD,2019-10-31T00:00:00Z,98.71,99.0,98.59,98.94,18685814.0,94.49,1.0494893767173223,EVALUATION,0.002915677051975707
LQD,2019-11-01T00:00:00Z,98.92,99.3,98.89,99.04,12551756.0,94.31,1.0477283896005378,EVALUATION,0.000344040783248456
LQD,2019-11-04T00:00:00Z,98.77,98.8,98.54,98.57,12240800.0,93.83,1.0482148559211681,EVALUATION,-0.00045390640026399254
LQD,2019-11-05T00:00:00Z,98.14,98.31,97.89,98.0,10985730.0,93.33,1.049255190403133,EVALUATION,0.00282132525141221
LQD,2019-11-06T00:00:00Z,98.28,98.57,98.27,98.56,9037327.0,93.6,1.0502360472894126,EVALUATION,0.00020032051282048435
LQD,2019-11-07T00:00:00Z,98.13,98.22,97.68,97.79,16344222.0,92.85,1.0511819488609104,EVALUATION,7.072841845701117e-05
LQD,2019-11-08T00:00:00Z,97.77,98.01,97.65,97.66,6780845.0,92.72,1.0520776823177653,EVALUATION,-0.0007713277580632116
LQD,2019-11-11T00:00:00Z,97.85,97.87,97.62,97.69,5755792.0,92.82,1.0531580780461842,EVALUATION,0.0004903399976652345
LQD,2019-11-12T00:00:00Z,97.77,97.86,97.58,97.78,10589276.0,92.86,1.052983307283178,EVALUATION,-0.0005499649840061682
LQD,2019-11-13T00:00:00Z,98.06,98.14,97.96,98.0,10970864.0,93.12,1.052909604788648,EVALUATION,0.00025887158987303316
LQD,2019-11-14T00:00:00Z,98.38,98.59,98.38,98.52,12173873.0,93.59,1.05261854137438,EVALUATION,0.0010577966447499199
LQD,2019-11-15T00:00:00Z,98.45,98.65,98.35,98.54,6107998.0,93.51,1.0526883504767028,EVALUATION,-0.0005947489967796926
LQD,2019-11-18T00:00:00Z,98.69,98.79,98.59,98.65,12997873.0,93.67,1.052957701560935,EVALUATION,4.3612143894034006e-06
LQD,2019-11-19T00:00:00Z,98.72,98.87,98.69,98.84,4207155.0,93.85,1.0532109913938414,EVALUATION,-0.0018016772935796066
LQD,2019-11-20T00:00:00Z,98.97,99.08,98.9,99.02,5685658.0,94.19,1.0533754527410892,EVALUATION,-8.286966599024836e-05
LQD,2019-11-21T00:00:00Z,98.79,98.89,98.66,98.77,8900510.0,93.96,1.0525382162824901,EVALUATION,0.002743989469797259
LQD,2019-11-22T00:00:00Z,98.98,99.05,98.83,99.02,5739677.0,93.94,1.0518804258870869,EVALUATION,0.0033108151603835623
LQD,2019-11-25T00:00:00Z,99.15,99.42,99.15,99.39,7448943.0,93.98,1.0521827986935426,EVALUATION,0.0003988149803610952
LQD,2019-11-26T00:00:00Z,99.47,99.69,99.46,99.62,9278103.0,94.16,1.054278168840004,EVALUATION,0.0024484715666345247
LQD,2019-11-27T00:00:00Z,99.43,99.65,99.42,99.61,8633963.0,93.92,1.0565429720143211,EVALUATION,-0.0011560417827141123
LQD,2019-11-29T00:00:00Z,99.57,99.63,99.31,99.41,5745776.0,93.84,1.0587117736235256,EVALUATION,-0.0007023321655739156
LQD,2019-12-02T00:00:00Z,98.92,99.04,98.76,98.98,19494907.0,93.5,1.0593087442171731,EVALUATION,-0.001305638366958073
LQD,2019-12-03T00:00:00Z,99.42,99.84,99.32,99.74,9873827.0,94.34,1.059516484067574,EVALUATION,0.0025125959251527386
LQD,2019-12-04T00:00:00Z,99.59,99.72,99.28,99.61,14684939.0,93.98,1.0584019159818372,EVALUATION,0.0012366168042596826
LQD,2019-12-05T00:00:00Z,99.45,99.59,99.29,99.5,6016750.0,93.76,1.0585852532551114,EVALUATION,0.0025904908501552804
LQD,2019-12-06T00:00:00Z,99.21,99.59,99.16,99.45,6693242.0,93.47,1.0594554235385523,EVALUATION,-0.001056995673701877
LQD,2019-12-09T00:00:00Z,99.69,99.69,99.41,99.43,5038768.0,93.55,1.061701415481798,EVALUATION,0.0011758417958310785
LQD,2019-12-10T00:00:00Z,99.56,99.65,99.33,99.43,6623288.0,93.44,1.062683990704011,EVALUATION,-0.0002449966521500535
LQD,2019-12-11T00:00:00Z,99.61,99.93,99.57,99.81,4865252.0,93.82,1.0636457146041467,EVALUATION,0.0033788777658577684
LQD,2019-12-12T00:00:00Z,99.77,99.8,99.05,99.36,10681635.0,93.08,1.0636016862825213,EVALUATION,0.0006329723812112942
LQD,2019-12-13T00:00:00Z,99.73,100.06,99.47,100.01,12779832.0,93.63,1.0651399380433708,EVALUATION,0.00239957847641481
LQD,2019-12-16T00:00:00Z,99.89,99.94,99.68,99.78,9000302.0,93.19,1.0664850197174722,EVALUATION,-0.0009090715315728248
LQD,2019-12-17T00:00:00Z,99.87,99.97,99.68,99.7,11129639.0,93.2,1.0687750464263488,EVALUATION,0.0019802971145194137
LQD,2019-12-18T00:00:00Z,99.71,99.79,99.55,99.63,11314512.0,92.95,1.0695329281814252,EVALUATION,0.0002506206800558797
LQD,2019-12-19T00:00:00Z,99.63,99.84,99.57,99.73,9656336.0,93.02,1.0707749420821038,EVALUATION,-0.0003008121929208851
LQD,2019-12-20T00:00:00Z,99.68,99.75,99.56,99.7,8785319.0,93.02,1.0712480363132564,EVALUATION,0.0013615346145940954
LQD,2019-12-23T00:00:00Z,99.81,99.85,99.55,99.75,4242185.0,92.94,1.0719380443691178,EVALUATION,-0.0006187838867666162
LQD,2019-12-24T00:00:00Z,99.62,99.93,99.57,99.86,2980291.0,93.1,1.0724068725233014,EVALUATION,0.00030603532378181697
LQD,2019-12-26T00:00:00Z,100.0,100.04,99.81,100.03,5352373.0,93.23,1.0725652298380954,EVALUATION,-0.00010208242900922038
LQD,2019-12-27T00:00:00Z,100.24,100.28,100.17,100.17,9794643.0,93.37,1.0729403572011689,EVALUATION,0.0021400590186572144
LQD,2019-12-30T00:00:00Z,99.89,100.36,99.79,100.32,10607442.0,93.31,1.0727921746152396,EVALUATION,-0.00024379172373389935
LQD,2019-12-31T00:00:00Z,100.09,100.16,99.88,99.93,5797372.0,92.97,1.0736307838378998,EVALUATION,-0.0024236068184162463
LQD,2020-01-02T00:00:00Z,100.23,100.41,100.01,100.15,21619694.0,93.4,1.0742724383244262,EVALUATION,-0.0032432079931494773
LQD,2020-01-03T00:00:00Z,100.28,100.52,100.18,100.49,11053887.0,94.02,1.0740861968685038,EVALUATION,-0.0018222558008621492
LQD,2020-01-06T00:00:00Z,100.5,100.64,100.07,100.2,15943322.0,93.92,1.0719826039936537,EVALUATION,-0.0016098552469167027
LQD,2020-01-07T00:00:00Z,100.1,100.11,99.84,99.9,8502356.0,93.79,1.0693167901235607,EVALUATION,0.0008441643477362648
LQD,2020-01-08T00:00:00Z,99.97,100.22,99.71,99.75,12924696.0,93.57,1.0669420336646656,EVALUATION,0.004063927050714122
LQD,2020-01-09T00:00:00Z,99.73,100.27,99.7,100.23,14570953.0,93.64,1.0660192550517593,EVALUATION,0.0006577353931322971
LQD,2020-01-10T00:00:00Z,100.33,100.63,100.29,100.51,8561691.0,93.84,1.067189418503509,EVALUATION,-0.0012156140936128157
LQD,2020-01-13T00:00:00Z,100.37,100.39,100.22,100.27,4621638.0,93.73,1.0691670496597492,EVALUATION,-0.0007236409629558516
LQD,2020-01-14T00:00:00Z,100.25,100.41,100.22,100.39,11441803.0,93.91,1.0704097414710512,EVALUATION,-0.00036418504516455563
LQD,2020-01-15T00:00:00Z,100.59,100.64,100.47,100.61,9136023.0,94.15,1.0699518509549983,EVALUATION,0.00340956807130266
LQD,2020-01-16T00:00:00Z,100.67,100.83,100.55,100.75,14325647.0,93.96,1.0691303451531733,EVALUATION,0.0007521705556557956
LQD,2020-01-17T00:00:00Z,100.64,100.82,100.43,100.74,16161927.0,93.88,1.0699603145599383,EVALUATION,0.0008235393833395666
LQD,2020-01-21T00:00:00Z,101.03,101.27,100.8,101.22,18817177.0,94.25,1.0713169047711497,EVALUATION,0.00038056663611119035
LQD,2020-01-22T00:00:00Z,101.4,101.43,101.27,101.28,10087904.0,94.27,1.0730963516627616,EVALUATION,-0.001156230272664871
LQD,2020-01-23T00:00:00Z,101.46,101.53,101.32,101.41,13795353.0,94.5,1.0737950465957766,EVALUATION,-0.0019215203201004005
LQD,2020-01-24T00:00:00Z,101.66,101.7,101.5,101.58,11914814.0,94.84,1.0738116086972698,EVALUATION,-0.004779315993303168
LQD,2020-01-27T00:00:00Z,101.68,101.88,101.64,101.78,11142006.0,95.48,1.0728498772540014,EVALUATION,0.0027619804431270323
LQD,2020-01-28T00:00:00Z,101.88,101.96,101.62,101.72,13114846.0,95.16,1.0700570527086266,EVALUATION,-0.0015897640862991835
LQD,2020-01-29T00:00:00Z,102.0,102.21,101.99,102.05,11581221.0,95.62,1.0686619976523695,EVALUATION,-0.0003532786002407029
LQD,2020-01-30T00:00:00Z,102.09,102.27,101.89,102.11,15148082.0,95.71,1.0673880929356314,EVALUATION,-0.002566809906623835
LQD,2020-01-31T00:00:00Z,102.28,102.43,102.13,102.36,21170102.0,96.19,1.0676835132919884,EVALUATION,0.0002455208143027354
LQD,2020-02-03T00:00:00Z,102.24,102.42,102.12,102.3,13912957.0,96.11,1.0660859646078167,EVALUATION,0.003382864189198309
LQD,2020-02-04T00:00:00Z,102.12,102.18,101.89,102.05,16972477.0,95.55,1.0651393055032512,EVALUATION,0.0036050088825339
LQD,2020-02-05T00:00:00Z,101.91,102.03,101.86,101.98,9764044.0,95.14,1.0655254872109847,EVALUATION,-0.0011279916018931413
LQD,2020-02-06T00:00:00Z,102.02,102.13,101.93,101.94,11255046.0,95.21,1.0681088768683156,EVALUATION,-0.0009006144158023588
LQD,2020-02-07T00:00:00Z,102.35,102.49,102.24,102.33,12190101.0,95.66,1.0702023713610629,EVALUATION,0.00035915213983739314
LQD,2020-02-10T00:00:00Z,102.42,102.62,102.42,102.57,10731210.0,95.85,1.070768672172279,EVALUATION,0.0009371667701877362
LQD,2020-02-11T00:00:00Z,102.49,102.63,102.41,102.42,11668354.0,95.62,1.0701738372701073,EVALUATION,0.002119386439055404
LQD,2020-02-12T00:00:00Z,102.34,102.42,102.26,102.38,7261609.0,95.38,1.0703168296724854,EVALUATION,-0.0015224775525958245
LQD,2020-02-13T00:00:00Z,102.38,102.5,102.29,102.31,5603767.0,95.46,1.071538341211344,EVALUATION,-7.05881442266687e-05
LQD,2020-02-14T00:00:00Z,102.62,102.68,102.45,102.56,9267862.0,95.7,1.0720877605946972,EVALUATION,0.0002851759838418122
LQD,2020-02-18T00:00:00Z,102.67,102.85,102.6,102.75,10647620.0,95.85,1.0722769309661264,EVALUATION,-0.0011538710500363925
LQD,2020-02-19T00:00:00Z,102.62,102.8,102.58,102.61,11024470.0,95.83,1.071809208467329,EVALUATION,0.0004891328296399156
LQD,2020-02-20T00:00:00Z,102.71,102.96,102.68,102.96,14873558.0,96.11,1.0714733693508487,EVALUATION,-0.002115348437271347
LQD,2020-02-21T00:00:00Z,103.18,103.39,103.1,103.16,12714141.0,96.5,1.071336755888269,EVALUATION,-0.007675083928180282
LQD,2020-02-24T00:00:00Z,103.37,103.48,103.17,103.17,18419847.0,97.25,1.070346110422691,EVALUATION,-0.0017101481992556344
LQD,2020-02-25T00:00:00Z,103.28,103.51,103.16,103.28,21683170.0,97.52,1.0670540267637623,EVALUATION,-0.0032634271847313823
LQD,2020-02-26T00:00:00Z,102.96,103.39,102.89,102.89,24007602.0,97.47,1.0629847957500667,EVALUATION,-0.010167511139018925
LQD,2020-02-27T00:00:00Z,103.07,103.28,102.33,102.34,30872919.0,97.94,1.0585152321998454,EVALUATION,0.00010340032218913997
LQD,2020-02-28T00:00:00Z,102.58,103.58,102.38,103.5,25638329.0,99.04,1.0531990417266546,EVALUATION,-0.0003560167950488191
LQD,2020-03-02T00:00:00Z,103.53,104.03,103.31,103.39,16527595.0,98.97,1.0485215427128793,EVALUATION,-0.0002065866880363032
LQD,2020-03-03T00:00:00Z,103.5,105.19,103.43,104.57,43036960.0,100.12,1.0448725909090122,EVALUATION,0.0031536603813782094
LQD,2020-03-04T00:00:00Z,104.89,105.25,104.61,104.67,25935445.0,99.9,1.0447129907200292,EVALUATION,-0.008813370550257993
LQD,2020-03-05T00:00:00Z,104.98,105.1,104.46,104.68,22351445.0,100.79,1.0456181365767099,EVALUATION,-0.0031464176604367733
LQD,2020-03-06T00:00:00Z,105.36,105.62,104.8,105.41,32447134.0,101.81,1.0435965034903516,EVALUATION,-0.03332256128964717
LQD,2020-03-09T00:00:00Z,103.08,104.59,102.33,102.85,27870654.0,102.73,1.0405676102507702,EVALUATION,-0.00406215139525179
LQD,2020-03-10T00:00:00Z,102.95,103.13,100.54,100.54,32297072.0,100.84,1.0250410645285657,EVALUATION,-0.022806594488926857
LQD,2020-03-11T00:00:00Z,100.55,100.7,96.72,97.25,39475227.0,99.84,1.0111843616496288,EVALUATION,-0.048418539071254374
LQD,2020-03-12T00:00:00Z,95.52,98.76,90.85,92.59,41548897.0,99.89,0.9907505314180596,EVALUATION,0.0527324521819017
LQD,2020-03-13T00:00:00Z,95.54,97.35,93.61,96.87,35083714.0,99.24,0.9660010317485913,EVALUATION,-0.08152607072967943
LQD,2020-03-16T00:00:00Z,91.32,95.82,90.45,91.53,20301919.0,101.86,0.9590322019223562,EVALUATION,0.024149250682632406
LQD,2020-03-17T00:00:00Z,93.78,95.03,90.59,91.44,19482455.0,99.3,0.9338748023639712,EVALUATION,-0.02601094802726711
LQD,2020-03-18T00:00:00Z,88.49,90.05,85.04,87.8,24548009.0,97.93,0.9318502389897784,EVALUATION,-0.06397379049281382
LQD,2020-03-19T00:00:00Z,85.64,86.36,82.39,82.47,29602821.0,98.25,0.9053303276101943,EVALUATION,-0.009318216108193722
LQD,2020-03-20T00:00:00Z,85.47,86.86,83.06,83.8,30631586.0,100.75,0.8855980002976978,EVALUATION,0.06205493405662765
LQD,2020-03-23T00:00:00Z,87.2,90.39,87.01,89.99,36985806.0,101.94,0.8559032886811462,EVALUATION,0.02732652722318718
LQD,2020-03-24T00:00:00Z,90.71,93.2,90.17,91.84,44572272.0,101.25,0.8513084268227719,EVALUATION,0.04720793005549084
LQD,2020-03-25T00:00:00Z,92.55,97.03,92.0,96.23,46541268.0,101.31,0.8738658986287593,EVALUATION,-0.0023689665383475056
LQD,2020-03-26T00:00:00Z,96.17,96.82,95.19,96.23,22204749.0,101.55,0.9132309280746966,EVALUATION,-0.008627092699548977
LQD,2020-03-27T00:00:00Z,95.45,96.26,94.65,96.12,30221662.0,102.31,0.934843539039894,EVALUATION,0.009924215051779539
LQD,2020-03-30T00:00:00Z,96.44,98.13,96.44,97.29,22278980.0,102.54,0.9456554980139312,EVALUATION,-0.003291932253478125
LQD,2020-03-31T00:00:00Z,97.42,98.06,96.56,97.15,25348771.0,102.73,0.9453033624044971,EVALUATION,-0.020557764285645264
LQD,2020-04-01T00:00:00Z,96.45,96.49,95.48,95.55,23814292.0,103.15,0.9446603104681337,EVALUATION,0.0026241422405124393
LQD,2020-04-02T00:00:00Z,95.75,97.2,95.63,95.81,24110423.0,103.16,0.9402680726640735,EVALUATION,-0.004846050687027925
LQD,2020-04-03T00:00:00Z,96.03,96.21,94.98,95.42,11534840.0,103.24,0.9335850679780576,EVALUATION,0.02310206935207071
LQD,2020-04-06T00:00:00Z,96.51,97.2,96.2,97.19,16233029.0,102.77,0.9264421703364188,EVALUATION,0.005922078399523745
LQD,2020-04-07T00:00:00Z,97.83,97.97,97.18,97.34,19380873.0,102.32,0.9329032061086088,EVALUATION,0.019351477206114076
LQD,2020-04-08T00:00:00Z,97.85,99.17,97.5,99.1,15705230.0,102.19,0.9404291092275937,EVALUATION,0.044870356350317664
LQD,2020-04-09T00:00:00Z,101.85,103.89,101.61,103.76,54826115.0,102.41,0.9555984567609627,EVALUATION,-0.007585773829882569
LQD,2020-04-13T00:00:00Z,103.25,103.46,102.17,102.75,21889006.0,102.19,0.9780912258255716,EVALUATION,-0.0063335007139270205
LQD,2020-04-14T00:00:00Z,103.42,103.5,102.19,102.24,17219454.0,102.33,0.9961415007749898,EVALUATION,-0.0021439715199236264
LQD,2020-04-15T00:00:00Z,101.84,103.01,101.84,102.93,13801001.0,103.24,1.005927595732248,EVALUATION,-0.006020302163276314
LQD,2020-04-16T00:00:00Z,102.8,103.16,102.35,102.42,13410895.0,103.35,1.000532589551424,EVALUATION,0.0059321459858647785
LQD,2020-04-17T00:00:00Z,103.36,103.47,102.27,102.76,10939748.0,103.08,0.9957064105919713,EVALUATION,-0.008360858466963661
LQD,2020-04-20T00:00:00Z,102.34,102.42,101.71,102.17,13756212.0,103.35,0.9949647847693316,EVALUATION,-0.006329538231787835
LQD,2020-04-21T00:00:00Z,102.08,102.42,101.28,101.81,17657390.0,103.64,0.9921598510435904,EVALUATION,0.0036769440324264657
LQD,2020-04-22T00:00:00Z,101.9,102.0,101.46,101.87,22289248.0,103.32,0.9892736088562115,EVALUATION,0.003738510298760378
LQD,2020-04-23T00:00:00Z,102.25,102.5,102.08,102.31,6021846.0,103.38,0.9856303808667498,EVALUATION,-0.0009743866197513551
LQD,2020-04-24T00:00:00Z,102.14,102.47,101.7,102.24,16779516.0,103.41,0.9859861638208969,EVALUATION,-0.0027995188031777474
LQD,2020-04-27T00:00:00Z,102.3,102.39,101.39,101.41,11948326.0,102.86,0.9881005267990352,EVALUATION,-0.0016138095474842462
LQD,2020-04-28T00:00:00Z,101.84,101.97,101.58,101.69,9330580.0,103.31,0.9880796062218766,EVALUATION,0.006974293952100918
LQD,2020-04-29T00:00:00Z,102.19,102.5,102.08,102.35,7496807.0,103.26,0.9863026742968906,EVALUATION,-0.004320500014145523
LQD,2020-04-30T00:00:00Z,102.1,102.43,101.61,101.66,15816263.0,103.01,0.9871365011161256,EVALUATION,-0.005293775591943772
LQD,2020-05-01T00:00:00Z,101.54,101.73,100.86,101.26,16019453.0,103.15,0.9874669367521367,EVALUATION,0.0013861984655005877
LQD,2020-05-04T00:00:00Z,101.41,101.74,101.28,101.42,9574662.0,103.17,0.9865863132147812,EVALUATION,-0.0006049791325110077
LQD,2020-05-05T00:00:00Z,101.3,101.56,101.12,101.28,7362601.0,103.09,0.9838697833982285,EVALUATION,-0.007471088468993581
LQD,2020-05-06T00:00:00Z,100.9,100.95,99.97,100.15,11581778.0,102.71,0.982385799959482,EVALUATION,-0.003437818639580481
LQD,2020-05-07T00:00:00Z,100.43,100.6,100.12,100.42,11489044.0,103.34,0.9801852286241214,EVALUATION,-0.0014898140024014461
LQD,2020-05-08T00:00:00Z,100.06,100.27,99.7,99.94,12451268.0,103.0,0.9764205798601413,EVALUATION,-0.005989749189319382
LQD,2020-05-11T00:00:00Z,99.71,99.83,99.03,99.06,13010604.0,102.71,0.9723701585893819,EVALUATION,0.006279856274528095
LQD,2020-05-12T00:00:00Z,100.34,100.36,99.56,100.01,19960868.0,103.05,0.9688326906375434,EVALUATION,0.00026192431702964925
LQD,2020-05-13T00:00:00Z,100.43,100.64,100.15,100.24,13563386.0,103.26,0.9684180236149184,EVALUATION,0.006730640961015721
LQD,2020-05-14T00:00:00Z,100.6,101.09,100.2,101.07,18517304.0,103.42,0.9685720822108402,EVALUATION,0.004142046377211939
LQD,2020-05-15T00:00:00Z,101.07,101.47,100.97,101.43,18329753.0,103.36,0.9728434392454893,EVALUATION,0.011811589624408092
LQD,2020-05-18T00:00:00Z,101.67,102.57,101.67,102.0,16362029.0,102.72,0.9764526532393174,EVALUATION,-0.002038894997251406
LQD,2020-05-19T00:00:00Z,102.04,102.3,101.7,102.08,13613136.0,103.01,0.9838650586666241,EVALUATION,0.010777630926662507
LQD,2020-05-20T00:00:00Z,102.36,103.25,102.29,103.2,18117344.0,103.03,0.988429934633972,EVALUATION,-0.0014546075614311205
LQD,2020-05-21T00:00:00Z,103.35,103.35,103.0,103.12,11369922.0,103.1,0.9952041364580221,EVALUATION,-0.0019398642095054264
LQD,2020-05-22T00:00:00Z,103.14,103.34,102.98,103.12,14871218.0,103.3,0.9976052471964699,EVALUATION,0.001256104787174528
LQD,2020-05-26T00:00:00Z,103.3,103.48,102.94,102.98,13579433.0,103.03,1.0000338312313473,EVALUATION,0.003399095199491109
LQD,2020-05-27T00:00:00Z,103.3,103.45,103.12,103.41,10289655.0,103.11,0.999322064432033,EVALUATION,0.0016464738059182027
LQD,2020-05-28T00:00:00Z,103.3,103.65,103.04,103.49,13292251.0,103.02,1.000227240328764,EVALUATION,0.0032707939616754
LQD,2020-05-29T00:00:00Z,103.64,104.18,103.48,104.16,14411081.0,103.35,1.0023288131647106,EVALUATION,3.009771725515087e-06
LQD,2020-06-01T00:00:00Z,103.93,104.12,103.81,104.12,15649286.0,103.31,1.0051030602041378,EVALUATION,0.005103081844203161
LQD,2020-06-02T00:00:00Z,104.26,104.65,104.19,104.48,12875296.0,103.14,1.0067467155365604,EVALUATION,0.00505288237252266
LQD,2020-06-03T00:00:00Z,104.46,104.62,104.08,104.39,16668471.0,102.53,1.0095566584409903,EVALUATION,0.0009334018878834893
LQD,2020-06-04T00:00:00Z,104.51,104.64,104.01,104.07,10163758.0,102.12,1.01299118721426,EVALUATION,0.010182939779866618
LQD,2020-06-05T00:00:00Z,104.47,104.76,104.01,104.61,24122021.0,101.61,1.0167427545576764,EVALUATION,0.002072003519363541
LQD,2020-06-08T00:00:00Z,104.79,105.13,104.65,104.94,17885185.0,101.72,1.0222536223723635,EVALUATION,-0.005638579609673067
LQD,2020-06-09T00:00:00Z,105.01,105.07,104.68,104.73,20560138.0,102.09,1.0267584533981646,EVALUATION,-0.0008560416989866759
LQD,2020-06-10T00:00:00Z,104.88,105.6,104.48,105.42,19145180.0,102.85,1.0290132379198746,EVALUATION,-0.015452434307495433
LQD,2020-06-11T00:00:00Z,104.87,105.04,103.71,104.16,30890812.0,103.21,1.0275009690175063,EVALUATION,0.0070278897616912195
LQD,2020-06-12T00:00:00Z,104.98,105.17,104.24,104.67,17494643.0,102.99,1.0200173055087827,EVALUATION,0.015204625047285591
LQD,2020-06-15T00:00:00Z,104.31,106.64,104.26,106.17,24498120.0,102.9,1.0168348813830315,EVALUATION,-0.0008790292042220038
LQD,2020-06-16T00:00:00Z,106.69,106.7,105.57,105.86,16920487.0,102.69,1.01909840780895,EVALUATION,-0.0034473751861805457
LQD,2020-06-17T00:00:00Z,105.98,106.07,105.04,105.66,20945598.0,102.85,1.0263200988464123,EVALUATION,3.51702763130568e-05
LQD,2020-06-18T00:00:00Z,105.68,105.92,105.48,105.9,9469574.0,103.08,1.029989791657515,EVALUATION,0.0004643935621388984
LQD,2020-06-19T00:00:00Z,105.95,106.14,105.69,105.98,16072107.0,103.11,1.0285161138777386,EVALUATION,-0.00016507745188054646
LQD,2020-06-22T00:00:00Z,105.98,106.23,105.67,105.87,12632778.0,103.02,1.0275043619132547,EVALUATION,-0.0015034482295761542
LQD,2020-06-23T00:00:00Z,105.75,106.04,105.64,105.68,9643683.0,102.99,1.0276187583796392,EVALUATION,-0.004683597821062646
LQD,2020-06-24T00:00:00Z,105.46,105.51,104.96,105.38,13373292.0,103.18,1.0272059745019442,EVALUATION,0.0008500053213853498
LQD,2020-06-25T00:00:00Z,105.49,105.58,105.26,105.49,20876780.0,103.2,1.0250351778210096,EVALUATION,-0.0017652211422369835
LQD,2020-06-26T00:00:00Z,105.51,105.67,105.31,105.59,7709718.0,103.48,1.0232103082615502,EVALUATION,0.0036742206519495557
LQD,2020-06-29T00:00:00Z,105.6,106.08,105.34,106.08,12344125.0,103.58,1.0213007659025277,EVALUATION,0.0046623852505637275
LQD,2020-06-30T00:00:00Z,106.23,106.4,105.84,106.38,12020061.0,103.39,1.0222387565550084,EVALUATION,0.0054956489937535435
LQD,2020-07-01T00:00:00Z,106.35,106.97,106.13,106.8,12289089.0,103.23,1.0244819906354439,EVALUATION,0.0011751330888700728
LQD,2020-07-02T00:00:00Z,106.98,107.11,106.85,107.06,11288748.0,103.36,1.029212842788893,EVALUATION,0.004066594265303203
LQD,2020-07-06T00:00:00Z,107.15,107.43,106.99,107.34,15019053.0,103.21,1.0330999361370194,EVALUATION,-0.0018930977807283256
LQD,2020-07-07T00:00:00Z,107.34,107.56,107.2,107.48,13418345.0,103.54,1.0367985620209776,EVALUATION,-3.6393112906152325e-05
LQD,2020-07-08T00:00:00Z,107.55,107.58,107.2,107.31,10780411.0,103.38,1.037955214133782,EVALUATION,0.002302440307648812
LQD,2020-07-09T00:00:00Z,107.47,108.01,107.35,107.91,10144453.0,103.72,1.0386945062461428,EVALUATION,0.0002676989076504377
LQD,2020-07-10T00:00:00Z,108.06,108.15,107.56,107.71,10193767.0,103.5,1.0388217465527032,EVALUATION,-0.003662374859671802
LQD,2020-07-13T00:00:00Z,107.73,107.88,107.36,107.43,24542926.0,103.61,1.0396962139184236,EVALUATION,0.005771199851065667
LQD,2020-07-14T00:00:00Z,107.7,108.16,107.66,108.05,14636168.0,103.61,1.0393141932939967,EVALUATION,0.002422157522060875
LQD,2020-07-15T00:00:00Z,108.19,108.27,108.0,108.27,9792668.0,103.57,1.0401327876850217,EVALUATION,0.001998426203916104
LQD,2020-07-16T00:00:00Z,108.39,108.63,108.29,108.57,7872587.0,103.65,1.0417006569425442,EVALUATION,0.00296052337804964
LQD,2020-07-17T00:00:00Z,108.86,108.93,108.56,108.86,6592948.0,103.62,1.0452334604121585,EVALUATION,0.0020802879186991863
LQD,2020-07-20T00:00:00Z,109.1,109.16,108.92,109.16,7477990.0,103.69,1.0478055876396413,EVALUATION,0.0002216665999339451
LQD,2020-07-21T00:00:00Z,109.34,109.48,109.23,109.3,8145265.0,103.8,1.0502634087334368,EVALUATION,0.0030046697586851856
LQD,2020-07-22T00:00:00Z,109.62,109.67,109.48,109.66,6514977.0,103.83,1.0521031000764869,EVALUATION,-0.0003298964276983174
LQD,2020-07-23T00:00:00Z,109.77,109.81,109.53,109.74,9672347.0,103.94,1.0539631290613298,EVALUATION,-0.001432567238974558
LQD,2020-07-24T00:00:00Z,109.53,109.71,109.36,109.53,10046338.0,103.89,1.0549791371753408,EVALUATION,-0.0017417237998421653
LQD,2020-07-27T00:00:00Z,109.55,109.63,109.09,109.16,6854499.0,103.72,1.0554130294776887,EVALUATION,-0.003418030645124137
LQD,2020-07-28T00:00:00Z,109.34,109.39,109.01,109.05,13462672.0,103.97,1.0541795047388451,EVALUATION,0.004155521001918627
LQD,2020-07-29T00:00:00Z,109.15,109.65,109.06,109.65,7850678.0,104.11,1.051865779488879,EVALUATION,-0.0024391227788246317
LQD,2020-07-30T00:00:00Z,109.58,109.65,109.37,109.53,9657878.0,104.25,1.0515073656263783,EVALUATION,0.0010817180273856586
LQD,2020-07-31T00:00:00Z,109.51,109.76,109.34,109.68,13169988.0,104.28,1.0509068926688399,EVALUATION,0.0018518145474352155
LQD,2020-08-03T00:00:00Z,109.59,109.9,109.48,109.82,11571411.0,104.22,1.0518813630788706,EVALUATION,0.00027915046414483946
LQD,2020-08-04T00:00:00Z,110.02,110.23,109.96,110.23,10513885.0,104.58,1.052054543452878,EVALUATION,0.001985929140979392
LQD,2020-08-05T00:00:00Z,110.06,110.27,109.98,110.08,13744757.0,104.23,1.0531805915530095,EVALUATION,0.0031183220834289926
LQD,2020-08-06T00:00:00Z,110.42,110.63,110.37,110.55,8245989.0,104.35,1.0546279969160495,EVALUATION,-0.0006958716024790812
LQD,2020-08-07T00:00:00Z,110.66,110.73,110.21,110.24,7750562.0,104.13,1.0565223102092436,EVALUATION,-0.001120696371915364
LQD,2020-08-10T00:00:00Z,110.41,110.42,109.96,110.0,6378548.0,104.02,1.0580726528317401,EVALUATION,-0.0028118543636712623
LQD,2020-08-11T00:00:00Z,109.63,109.71,109.22,109.31,13303563.0,103.66,1.0585270091537557,EVALUATION,0.0004240374518406087
LQD,2020-08-12T00:00:00Z,109.2,109.42,108.92,109.04,13319729.0,103.36,1.0568902371616764,EVALUATION,-0.007047503231126129
LQD,2020-08-13T00:00:00Z,108.96,109.02,107.85,108.05,24215498.0,103.15,1.0556492058914249,EVALUATION,-0.0048345690122546525
LQD,2020-08-14T00:00:00Z,107.93,108.14,107.47,107.58,14834005.0,103.2,1.052320769574273,EVALUATION,0.00039770295334573547
LQD,2020-08-17T00:00:00Z,107.85,107.98,107.7,107.8,10144971.0,103.37,1.0482996854396467,EVALUATION,0.0012311180023558688
LQD,2020-08-18T00:00:00Z,107.93,108.24,107.84,108.11,12514530.0,103.54,1.0442670856021579,EVALUATION,-0.001426899647761104
LQD,2020-08-19T00:00:00Z,108.27,108.32,107.73,107.82,12293237.0,103.41,1.0431450509043338,EVALUATION,0.0006233191088718115
LQD,2020-08-20T00:00:00Z,108.24,108.32,108.06,108.2,12496931.0,103.71,1.0432130237286974,EVALUATION,0.0011734698151446565
LQD,2020-08-21T00:00:00Z,108.27,108.43,108.03,108.4,6531043.0,103.78,1.0433590367821088,EVALUATION,-0.0004037600117763329
LQD,2020-08-24T00:00:00Z,108.41,108.58,108.14,108.21,15396207.0,103.64,1.0434856089940532,EVALUATION,-0.0019312102762290007
LQD,2020-08-25T00:00:00Z,107.81,108.04,107.43,107.74,12356018.0,103.39,1.0439686640270012,EVALUATION,0.0007581487661105779
LQD,2020-08-26T00:00:00Z,107.57,107.79,107.35,107.78,6379570.0,103.35,1.0435619645267469,EVALUATION,-0.004399149192351404
LQD,2020-08-27T00:00:00Z,107.93,107.96,106.9,106.92,12431296.0,102.98,1.0430108999134606,EVALUATION,0.0014356137713424921
LQD,2020-08-28T00:00:00Z,107.12,107.31,106.95,107.25,8202435.0,103.15,1.0410658706620348,EVALUATION,0.0034091163320442153
LQD,2020-08-31T00:00:00Z,107.35,107.88,107.3,107.73,12529858.0,103.26,1.0402906167869805,EVALUATION,0.0030194171809105885
LQD,2020-09-01T00:00:00Z,107.68,108.44,107.56,108.41,14119370.0,103.6,1.0404321939219685,EVALUATION,0.002518547313769215
LQD,2020-09-02T00:00:00Z,108.32,108.93,108.28,108.84,15387798.0,103.75,1.043155098970568,EVALUATION,-0.003458083713022031
LQD,2020-09-03T00:00:00Z,108.97,109.0,108.54,108.6,18352502.0,103.88,1.0462591993274002,EVALUATION,-0.005194299131098257
LQD,2020-09-04T00:00:00Z,108.29,108.38,107.38,107.44,13903995.0,103.31,1.0469752850446838,EVALUATION,-0.0011056858634450606
LQD,2020-09-08T00:00:00Z,107.6,107.83,107.48,107.55,16283429.0,103.53,1.044824684217769,EVALUATION,0.0011338118664963037
LQD,2020-09-09T00:00:00Z,107.57,108.03,107.49,107.62,12923412.0,103.48,1.0414143788409445,EVALUATION,-0.00041628812224026035
LQD,2020-09-10T00:00:00Z,107.52,107.82,107.38,107.7,13481434.0,103.6,1.0396046082479045,EVALUATION,-0.0008015974589792307
LQD,2020-09-11T00:00:00Z,107.75,107.96,107.63,107.78,10063112.0,103.76,1.039470781790392,EVALUATION,0.003372489263588796
LQD,2020-09-14T00:00:00Z,108.02,108.26,107.94,108.05,15415728.0,103.67,1.0394420914000306,EVALUATION,0.0019630955323254318
LQD,2020-09-15T00:00:00Z,108.07,108.27,108.07,108.21,9786322.0,103.62,1.040189329531014,EVALUATION,0.0008562774981222265
LQD,2020-09-16T00:00:00Z,108.42,108.5,108.09,108.24,8959168.0,103.56,1.041763055627033,EVALUATION,-0.0001049125628724834
LQD,2020-09-17T00:00:00Z,108.5,108.52,108.11,108.26,12587120.0,103.59,1.0439123689099365,EVALUATION,-0.000886224446312367
LQD,2020-09-18T00:00:00Z,108.37,108.37,108.03,108.07,10088450.0,103.5,1.0448564109848746,EVALUATION,-0.0021133466455135475
LQD,2020-09-21T00:00:00Z,108.26,108.26,107.86,108.04,12305489.0,103.69,1.044809118154419,EVALUATION,-9.255831173649032e-05
LQD,2020-09-22T00:00:00Z,108.05,108.12,107.9,108.03,8536521.0,103.69,1.0437293777257166,EVALUATION,-0.0072202166064981865
LQD,2020-09-23T00:00:00Z,108.01,108.07,107.18,107.25,18022529.0,103.69,1.0426540308354413,EVALUATION,-0.003092929188020177
LQD,2020-09-24T00:00:00Z,107.23,107.33,106.87,106.97,22001137.0,103.74,1.039380203812647,EVALUATION,-0.0017994843646894632
LQD,2020-09-25T00:00:00Z,106.91,107.05,106.72,106.86,10002368.0,103.82,1.0357747234495234,EVALUATION,0.005149661374570513
LQD,2020-09-28T00:00:00Z,107.1,107.42,107.0,107.4,9007721.0,103.81,1.031583362700091,EVALUATION,-0.00188473713884596
LQD,2020-09-29T00:00:00Z,107.53,107.63,107.25,107.27,8888635.0,103.88,1.0316664633230352,EVALUATION,0.002508972371653595
LQD,2020-09-30T00:00:00Z,107.21,107.31,107.02,107.25,11980747.0,103.6,1.0321658890246173,EVALUATION,0.002218052218052158
LQD,2020-10-01T00:00:00Z,107.17,107.66,107.09,107.55,13176867.0,103.66,1.034149292881456,EVALUATION,0.0011506522817640308
LQD,2020-10-02T00:00:00Z,107.45,107.63,107.24,107.57,11230629.0,103.56,1.0351306658363917,EVALUATION,0.0030264590434576633
LQD,2020-10-05T00:00:00Z,107.31,107.53,107.18,107.21,10307450.0,102.9,1.037159901122335,EVALUATION,-0.0031718354457055398
LQD,2020-10-06T00:00:00Z,107.28,107.68,106.88,107.12,25421676.0,103.14,1.039377789564713,EVALUATION,0.003188727576213024
LQD,2020-10-07T00:00:00Z,107.11,107.51,107.01,107.15,14870463.0,102.84,1.0397317220677813,EVALUATION,0.0006723018672862846
LQD,2020-10-08T00:00:00Z,107.45,107.6,107.33,107.42,12986018.0,103.03,1.0407944716144903,EVALUATION,0.002719516360477514
LQD,2020-10-09T00:00:00Z,107.34,107.7,107.28,107.66,10112912.0,102.98,1.0410356793781752,EVALUATION,0.004783586950235508
LQD,2020-10-12T00:00:00Z,107.81,108.32,107.8,108.29,5586444.0,103.09,1.0433214764010514,EVALUATION,-0.003246851170383702
LQD,2020-10-13T00:00:00Z,108.25,108.35,108.03,108.18,9947630.0,103.32,1.0461653427938975,EVALUATION,0.0006296770835545473
LQD,2020-10-14T00:00:00Z,108.35,108.44,108.11,108.29,13405527.0,103.36,1.0476418023526584,EVALUATION,5.2855150157182784e-05
LQD,2020-10-15T00:00:00Z,108.28,108.33,108.11,108.17,13373513.0,103.24,1.048392352621319,EVALUATION,-0.0011797389253079826
LQD,2020-10-16T00:00:00Z,108.13,108.41,107.98,107.99,8882478.0,103.19,1.047496168311983,EVALUATION,-0.00029717804427853434
LQD,2020-10-19T00:00:00Z,107.92,107.97,107.73,107.78,9855910.0,103.02,1.0473221042314147,EVALUATION,0.00019138117188954862
LQD,2020-10-20T00:00:00Z,107.7,107.73,107.54,107.56,15711768.0,102.79,1.0468245215784124,EVALUATION,-0.00040877010036566297
LQD,2020-10-21T00:00:00Z,107.37,107.62,107.35,107.38,8959656.0,102.66,1.046375349363362,EVALUATION,0.0013647953449239525
LQD,2020-10-22T00:00:00Z,107.29,107.35,107.05,107.15,10108442.0,102.3,1.046195641433304,EVALUATION,0.0011513080620300098
LQD,2020-10-23T00:00:00Z,107.17,107.5,107.16,107.42,12691279.0,102.44,1.0465972945018367,EVALUATION,-0.0006852715543022025
LQD,2020-10-26T00:00:00Z,107.54,107.73,107.5,107.64,11066830.0,102.72,1.0473334712957982,EVALUATION,0.0018486031666646863
LQD,2020-10-27T00:00:00Z,107.78,108.09,107.73,108.08,7359360.0,102.95,1.0479735328849415,EVALUATION,-0.004899164506423803
LQD,2020-10-28T00:00:00Z,108.05,108.1,107.51,107.54,14134573.0,102.94,1.04878034451912,EVALUATION,0.0017636408684542637
LQD,2020-10-29T00:00:00Z,107.56,107.56,106.99,107.27,15215368.0,102.5,1.0474711452724301,EVALUATION,-0.002000959511785916
LQD,2020-10-30T00:00:00Z,107.14,107.35,106.7,106.71,20975969.0,102.17,1.047017608307154,EVALUATION,0.0020804195109871415
LQD,2020-11-02T00:00:00Z,107.12,107.35,107.05,107.12,20367626.0,102.35,1.0452195182329793,EVALUATION,0.0032740767468593113
LQD,2020-11-03T00:00:00Z,107.08,107.26,106.97,107.23,13892241.0,102.12,1.0458590390691345,EVALUATION,0.006592989966802243
LQD,2020-11-04T00:00:00Z,108.44,108.93,108.4,108.84,22692621.0,102.98,1.0470265671486454,EVALUATION,0.0038693319098223045
LQD,2020-11-05T00:00:00Z,109.18,109.4,109.03,109.24,15919681.0,102.96,1.0511827367837798,EVALUATION,0.00028696536386030314
LQD,2020-11-06T00:00:00Z,108.91,109.01,108.7,108.9,12082417.0,102.61,1.0559793279506688,EVALUATION,-0.0001231583852452367
LQD,2020-11-09T00:00:00Z,108.9,108.99,108.06,108.08,22842687.0,101.85,1.059732960822364,EVALUATION,0.00025665092167936887
LQD,2020-11-10T00:00:00Z,107.87,108.24,107.76,107.8,22263957.0,101.56,1.0611543380312527,EVALUATION,0.00018140021234591686
LQD,2020-11-11T00:00:00Z,107.95,108.02,107.72,108.0,3904314.0,101.73,1.0613033218352186,EVALUATION,-0.0017198848804569344
LQD,2020-11-12T00:00:00Z,108.09,108.43,108.0,108.43,17596418.0,102.31,1.0614145445490466,EVALUATION,0.002567320372060533
LQD,2020-11-13T00:00:00Z,108.56,108.7,108.44,108.56,8523852.0,102.17,1.0609644827856324,EVALUATION,0.004007032292401513
LQD,2020-11-16T00:00:00Z,108.59,108.95,108.53,108.91,14667411.0,102.09,1.0613315855797731,EVALUATION,0.0005689374148070137
LQD,2020-11-17T00:00:00Z,109.06,109.36,108.96,109.26,12125471.0,102.36,1.0630549403154967,EVALUATION,0.0024958481216169615
LQD,2020-11-18T00:00:00Z,109.42,109.61,109.37,109.49,12051561.0,102.32,1.0655852551846532,EVALUATION,0.0044962264093006965
LQD,2020-11-19T00:00:00Z,109.71,110.23,109.64,110.1,17587446.0,102.43,1.0680957405146039,EVALUATION,-0.0026655628801413034
LQD,2020-11-20T00:00:00Z,109.87,110.15,109.68,110.0,19838721.0,102.61,1.0707879423689006,EVALUATION,0.0032218550380523903
LQD,2020-11-23T00:00:00Z,110.08,110.19,109.99,110.14,8770865.0,102.41,1.0723249846128364,EVALUATION,-0.0007074909604978252
LQD,2020-11-24T00:00:00Z,110.11,110.17,109.87,109.89,11777710.0,102.25,1.0741271957090506,EVALUATION,0.00034360210399331237
LQD,2020-11-25T00:00:00Z,110.03,110.05,109.85,109.96,6873653.0,102.28,1.0740733358006678,EVALUATION,0.0005158486898850789
LQD,2020-11-27T00:00:00Z,110.2,110.4,110.15,110.35,3573373.0,102.59,1.0750959100719706,EVALUATION,0.0038540540375813226
LQD,2020-11-30T00:00:00Z,110.43,110.76,110.3,110.7,12140759.0,102.52,1.075149240273705,EVALUATION,0.0018417716366003756
LQD,2020-12-01T00:00:00Z,110.61,110.78,110.15,110.31,19509160.0,101.97,1.0768394012727633,EVALUATION,-0.0016870266572561743
LQD,2020-12-02T00:00:00Z,110.13,110.17,109.75,109.94,17599559.0,101.8,1.0790729904920118,EVALUATION,0.0013499236768903522
LQD,2020-12-03T00:00:00Z,110.29,110.59,110.15,110.38,20333568.0,102.07,1.0805129260242035,EVALUATION,-0.0016074842710948056
LQD,2020-12-04T00:00:00Z,109.88,110.04,109.64,109.77,12794320.0,101.67,1.0810547280203218,EVALUATION,-0.002327541642436648
LQD,2020-12-07T00:00:00Z,110.04,110.16,109.82,109.86,19227681.0,101.99,1.080348313897572,EVALUATION,-0.0021638125140042153
LQD,2020-12-08T00:00:00Z,110.06,110.12,109.69,109.73,12913060.0,102.09,1.0794162207695492,EVALUATION,-0.002273972203850394
LQD,2020-12-09T00:00:00Z,109.45,109.45,109.06,109.33,21805707.0,101.95,1.0772232919998108,EVALUATION,0.002774633331100951
LQD,2020-12-10T00:00:00Z,109.42,109.89,109.41,109.88,14802247.0,102.18,1.0747962608887136,EVALUATION,-0.0009562381011316567
LQD,2020-12-11T00:00:00Z,109.88,110.01,109.7,109.99,9307788.0,102.38,1.0741938558476158,EVALUATION,-0.000141286885712133
LQD,2020-12-14T00:00:00Z,109.73,110.02,109.66,109.91,8433185.0,102.32,1.0740255208230867,EVALUATION,0.002978963739541207
LQD,2020-12-15T00:00:00Z,109.9,110.15,109.84,110.13,13785477.0,102.22,1.074622394300059,EVALUATION,6.323790547746455e-05
LQD,2020-12-16T00:00:00Z,109.9,110.25,109.67,110.04,13951555.0,102.13,1.0752973623803093,EVALUATION,0.0021394176807535414
LQD,2020-12-17T00:00:00Z,110.41,110.46,109.97,110.2,12595397.0,102.06,1.0763371571875882,EVALUATION,0.0001558814021005439
LQD,2020-12-18T00:00:00Z,110.38,110.41,110.0,110.12,8963768.0,101.97,1.0781964770386356,EVALUATION,-0.002684296974021727
LQD,2020-12-21T00:00:00Z,110.09,110.1,109.72,109.9,12093866.0,102.04,1.0790442607961153,EVALUATION,0.0011547328047414318
LQD,2020-12-22T00:00:00Z,110.14,110.22,109.98,110.21,10424617.0,102.21,1.078903696728948,EVALUATION,0.002236065219780814
LQD,2020-12-23T00:00:00Z,109.93,110.24,109.71,110.23,8430596.0,102.0,1.078408104155317,EVALUATION,0.001976749150172541
LQD,2020-12-24T00:00:00Z,110.38,110.66,110.38,110.61,3573722.0,102.15,1.0786617062335908,EVALUATION,0.0006328541723172876
LQD,2020-12-28T00:00:00Z,110.45,110.71,110.39,110.68,6552148.0,102.15,1.0805919619105848,EVALUATION,0.000549648052947771
LQD,2020-12-29T00:00:00Z,110.48,110.74,110.47,110.73,6821580.0,102.14,1.0823367692647299,EVALUATION,0.0006769076558010845
LQD,2020-12-30T00:00:00Z,110.68,110.88,110.62,110.87,5724188.0,102.2,1.08347476261232,EVALUATION,-0.00041434433268139337
LQD,2020-12-31T00:00:00Z,110.83,110.97,110.76,110.9,7082790.0,102.27,1.0841461880227474,EVALUATION,-0.005342935384799352
LQD,2021-01-04T00:00:00Z,110.7,110.7,110.29,110.34,15930740.0,102.3,1.0844394621728635,EVALUATION,-0.0009166016849014857
LQD,2021-01-05T00:00:00Z,110.04,110.04,109.63,109.98,16935299.0,102.06,1.0826035024441947,EVALUATION,-0.00221348566502233
LQD,2021-01-06T00:00:00Z,109.01,109.17,108.71,109.09,19603233.0,101.46,1.0801927529253783,EVALUATION,0.003357967893703684
LQD,2021-01-07T00:00:00Z,108.83,109.14,108.82,109.08,12946635.0,101.11,1.0771319454567687,EVALUATION,0.002043080878160075
LQD,2021-01-08T00:00:00Z,109.01,109.1,108.75,108.99,14638949.0,100.82,1.0772095010123885,EVALUATION,-0.002236837308326245
LQD,2021-01-11T00:00:00Z,108.75,108.78,108.52,108.53,8505243.0,100.62,1.0783542003100117,EVALUATION,0.002317997346700351
LQD,2021-01-12T00:00:00Z,108.47,108.82,108.17,108.76,19282826.0,100.6,1.0794910509098194,EVALUATION,0.004244302482274254
LQD,2021-01-13T00:00:00Z,108.99,109.7,108.97,109.6,16829676.0,100.95,1.0802538102585173,EVALUATION,-0.002009965546288406
LQD,2021-01-14T00:00:00Z,109.63,109.69,109.06,109.13,22538318.0,100.72,1.0818039683693061,EVALUATION,-0.0011229238368561933
LQD,2021-01-15T00:00:00Z,109.38,109.6,109.22,109.3,14065967.0,100.99,1.0834327039392466,EVALUATION,0.001418690553637969
LQD,2021-01-19T00:00:00Z,109.26,109.57,109.23,109.52,13311157.0,101.05,1.0838233888425999,EVALUATION,-0.0010426496946415176
LQD,2021-01-20T00:00:00Z,109.47,109.6,109.4,109.46,12542097.0,101.1,1.0832013581702729,EVALUATION,-0.0024446961371199505
LQD,2021-01-21T00:00:00Z,109.0,109.13,108.87,109.03,26400311.0,100.95,1.0829318904905507,EVALUATION,-0.002318686047621421
LQD,2021-01-22T00:00:00Z,108.99,109.12,108.87,108.95,16356232.0,101.11,1.0821833067526987,EVALUATION,0.00026603280910908467
LQD,2021-01-25T00:00:00Z,109.15,109.48,109.13,109.41,15438326.0,101.51,1.0800897809113097,EVALUATION,0.00020413806183439132
LQD,2021-01-26T00:00:00Z,109.2,109.54,109.16,109.4,12165569.0,101.48,1.0784679273459103,EVALUATION,-0.002919244901238738
LQD,2021-01-27T00:00:00Z,109.52,109.54,109.17,109.21,14409383.0,101.6,1.0778030311414193,EVALUATION,0.000910854403889938
LQD,2021-01-28T00:00:00Z,109.22,109.33,108.99,109.03,18279684.0,101.34,1.0769237848695254,EVALUATION,0.00030871292125678185
LQD,2021-01-29T00:00:00Z,108.72,109.11,108.35,108.87,18739698.0,101.16,1.0762765584489717,EVALUATION,0.0007426664143168615
LQD,2021-02-01T00:00:00Z,108.9,109.16,108.85,109.08,12434243.0,101.28,1.0756668786650916,EVALUATION,-0.00019019476987192085
LQD,2021-02-02T00:00:00Z,108.68,108.89,108.63,108.79,13003748.0,101.03,1.0763710930672012,EVALUATION,8.45869764060092e-05
LQD,2021-02-03T00:00:00Z,108.6,108.66,108.49,108.53,13429279.0,100.78,1.0766796607577558,EVALUATION,0.002147572165707823
LQD,2021-02-04T00:00:00Z,108.45,108.77,108.3,108.72,10844381.0,100.74,1.0769077550897401,EVALUATION,-0.000582828350559006
LQD,2021-02-05T00:00:00Z,108.79,108.9,108.37,108.43,12280406.0,100.53,1.0776409550028005,EVALUATION,0.0035678009748554285
LQD,2021-02-08T00:00:00Z,108.54,108.93,108.49,108.86,15422067.0,100.57,1.0782325012554166,EVALUATION,-0.001989660222785683
LQD,2021-02-09T00:00:00Z,108.98,108.99,108.5,108.73,11961594.0,100.65,1.0800758244382989,EVALUATION,-0.0002839357109898355
LQD,2021-02-10T00:00:00Z,108.9,109.04,108.83,108.98,9685048.0,100.91,1.0804306157732795,EVALUATION,-0.0017764931161664554
LQD,2021-02-11T00:00:00Z,109.03,109.05,108.63,108.7,9321426.0,100.83,1.0808935308037817,EVALUATION,-3.903205966382384e-05
LQD,2021-02-12T00:00:00Z,108.28,108.55,108.25,108.34,14933851.0,100.5,1.079434203756539,EVALUATION,0.000248728666065956
LQD,2021-02-16T00:00:00Z,107.81,108.03,107.56,107.58,22559161.0,99.77,1.0786781232549238,EVALUATION,0.004317906645407099
LQD,2021-02-17T00:00:00Z,108.07,108.14,107.82,108.12,16364941.0,99.84,1.0781140537879919,EVALUATION,-0.001842126092091334
LQD,2021-02-18T00:00:00Z,107.9,108.08,107.67,107.91,16641905.0,99.83,1.0797408955526273,EVALUATION,-0.003221434180670446
LQD,2021-02-19T00:00:00Z,107.63,107.71,107.11,107.13,13611700.0,99.43,1.080716776772924,EVALUATION,-0.004644911541384689
LQD,2021-02-22T00:00:00Z,106.94,107.17,106.39,106.46,18869983.0,99.27,1.0804372340963155,EVALUATION,-5.442699960700459e-05
LQD,2021-02-23T00:00:00Z,106.11,106.56,105.99,106.54,23743003.0,99.35,1.0769359132360872,EVALUATION,0.0029109429047394775
LQD,2021-02-24T00:00:00Z,105.86,106.72,105.66,106.7,18396983.0,99.21,1.0740801844827796,EVALUATION,-0.0025336900029445664
LQD,2021-02-25T00:00:00Z,106.02,106.11,104.4,105.01,35980711.0,97.89,1.073431853036137,EVALUATION,0.00424715229072703
LQD,2021-02-26T00:00:00Z,105.73,106.44,105.37,106.4,24775220.0,98.77,1.0735338438660593,EVALUATION,0.0022487783953150098
LQD,2021-03-01T00:00:00Z,106.11,106.54,106.11,106.51,25289947.0,98.65,1.0751604337092533,EVALUATION,-0.0029512873134797113
LQD,2021-03-02T00:00:00Z,106.48,106.49,106.22,106.39,14557848.0,98.83,1.0765535000926618,EVALUATION,-0.002062765810304956
LQD,2021-03-03T00:00:00Z,105.83,106.28,105.54,105.6,25462471.0,98.3,1.0778069298201947,EVALUATION,-0.0033556251734022657
LQD,2021-03-04T00:00:00Z,105.64,105.72,104.64,104.73,23166918.0,97.82,1.0768110247109177,EVALUATION,0.0001899130443063779
LQD,2021-03-05T00:00:00Z,104.46,104.73,104.2,104.6,24828608.0,97.68,1.0737991347270428,EVALUATION,-0.005478770966342417
LQD,2021-03-08T00:00:00Z,104.41,104.48,103.6,103.62,16062606.0,97.3,1.0719153278751088,EVALUATION,0.0027998578885257697
LQD,2021-03-09T00:00:00Z,104.15,104.48,104.11,104.4,23898106.0,97.76,1.0688124243528458,EVALUATION,0.002647660076126712
LQD,2021-03-10T00:00:00Z,104.56,105.02,104.56,104.89,19587821.0,97.96,1.067906254130041,EVALUATION,0.0009736132597406577
LQD,2021-03-11T00:00:00Z,105.02,105.23,104.84,104.96,20770215.0,97.93,1.0678727840067384,EVALUATION,-0.004278124634196079
LQD,2021-03-12T00:00:00Z,104.09,104.22,103.71,103.75,14664451.0,97.22,1.0701501901018764,EVALUATION,0.00213918004872804
LQD,2021-03-15T00:00:00Z,103.85,104.21,103.85,104.1,10599803.0,97.34,1.069898793193632,EVALUATION,-0.0004669649763436867
LQD,2021-03-16T00:00:00Z,104.15,104.3,103.88,104.03,11970056.0,97.32,1.0694668390791662,EVALUATION,0.002605322004911703
LQD,2021-03-17T00:00:00Z,103.56,104.35,103.42,104.13,19130846.0,97.16,1.0685207829120122,EVALUATION,0.0005162755947977216
LQD,2021-03-18T00:00:00Z,103.19,103.68,103.11,103.53,22451791.0,96.55,1.070044146556078,EVALUATION,0.0021668854330783027
LQD,2021-03-19T00:00:00Z,103.52,103.76,103.37,103.69,18268515.0,96.49,1.070993096549252,EVALUATION,0.00034836414229721946
LQD,2021-03-22T00:00:00Z,104.03,104.35,103.93,104.07,18164594.0,96.81,1.0728835400317787,EVALUATION,-0.002171579527009637
LQD,2021-03-23T00:00:00Z,104.06,104.46,104.06,104.36,33342988.0,97.29,1.0739685108308155,EVALUATION,0.0017300976036642712
LQD,2021-03-24T00:00:00Z,104.15,104.73,104.15,104.68,13726152.0,97.42,1.0740935744906597,EVALUATION,0.00018807746547966353
LQD,2021-03-25T00:00:00Z,104.73,104.81,104.35,104.56,13041610.0,97.29,1.07406142574533,EVALUATION,0.002722448987295678
LQD,2021-03-26T00:00:00Z,104.35,104.64,104.25,104.49,14442982.0,96.96,1.0739723577308855,EVALUATION,0.0009151889564495974
LQD,2021-03-29T00:00:00Z,104.52,104.56,104.07,104.23,11377403.0,96.63,1.0756362083974818,EVALUATION,0.003993975264405258
LQD,2021-03-30T00:00:00Z,104.19,104.62,103.97,104.56,20541727.0,96.55,1.0770121541747468,EVALUATION,0.004032275319486245
LQD,2021-03-31T00:00:00Z,104.72,105.1,104.65,104.83,24044088.0,96.41,1.07975786981821,EVALUATION,0.0018357894150253795
LQD,2021-04-01T00:00:00Z,105.37,105.52,105.12,105.49,18297353.0,96.84,1.0829826856744456,EVALUATION,-0.0020380099885159986
LQD,2021-04-05T00:00:00Z,105.15,105.24,104.93,104.97,18680770.0,96.56,1.0865400427935816,EVALUATION,0.0018011320392248287
LQD,2021-04-06T00:00:00Z,105.12,105.7,105.12,105.67,16041717.0,97.03,1.0879180128917676,EVALUATION,-0.0013689535580353462
LQD,2021-04-07T00:00:00Z,105.63,105.74,105.32,105.46,12557838.0,96.97,1.0884877751303608,EVALUATION,0.00019184553882900524
LQD,2021-04-08T00:00:00Z,105.6,105.87,105.54,105.85,7570841.0,97.31,1.0878978609396628,EVALUATION,0.0005934605459365638
LQD,2021-04-09T00:00:00Z,105.51,105.88,105.43,105.63,7661197.0,97.05,1.0881194137792611,EVALUATION,0.0004288978720596859
LQD,2021-04-12T00:00:00Z,105.56,105.62,105.41,105.61,10579796.0,96.99,1.0879072176861564,EVALUATION,0.00032619963349223013
LQD,2021-04-13T00:00:00Z,105.49,106.09,105.45,106.08,9582185.0,97.39,1.0883479811427739,EVALUATION,-0.0001818677900439214
LQD,2021-04-14T00:00:00Z,105.93,106.04,105.75,105.93,10284503.0,97.27,1.0888373508208198,EVALUATION,-0.0001434808912597063
LQD,2021-04-15T00:00:00Z,106.34,106.87,106.33,106.59,17234360.0,97.89,1.0890448496448466,EVALUATION,-0.004192629986667473
LQD,2021-04-16T00:00:00Z,106.03,106.35,105.84,105.86,21100234.0,97.63,1.0890448917751614,EVALUATION,-0.001620727508724329
LQD,2021-04-19T00:00:00Z,105.62,105.72,105.5,105.58,10868231.0,97.53,1.0874012203296897,EVALUATION,-0.0009844309978341848
LQD,2021-04-20T00:00:00Z,105.55,105.95,105.52,105.79,11996242.0,97.82,1.0852372778206247,EVALUATION,0.0028918252288778756
LQD,2021-04-21T00:00:00Z,105.85,106.15,105.72,106.15,10473583.0,97.87,1.0827709153479577,EVALUATION,0.00012465226709990063
LQD,2021-04-22T00:00:00Z,106.25,106.34,106.02,106.25,17064836.0,97.95,1.0828723032903864,EVALUATION,0.002174266582590234
LQD,2021-04-23T00:00:00Z,106.38,106.52,106.2,106.34,15891467.0,97.82,1.0836051048675976,EVALUATION,0.0006461338657242077
LQD,2021-04-26T00:00:00Z,106.37,106.51,106.28,106.3,11497110.0,97.72,1.0854792955579813,EVALUATION,-0.0005245274285698986
LQD,2021-04-27T00:00:00Z,106.28,106.32,105.82,105.82,10620084.0,97.33,1.0865459155043034,EVALUATION,-0.0012411620857115668
LQD,2021-04-28T00:00:00Z,105.81,105.89,105.46,105.83,16053202.0,97.46,1.0873765501447974,EVALUATION,0.0006104113751306262
LQD,2021-04-29T00:00:00Z,105.54,105.75,105.29,105.71,11985723.0,97.29,1.086970761619632,EVALUATION,0.0011642831294733647
LQD,2021-04-30T00:00:00Z,105.77,105.99,105.7,105.92,12055202.0,97.37,1.0865519272401487,EVALUATION,0.0007087651456880728
LQD,2021-05-03T00:00:00Z,106.11,106.36,105.9,106.18,9384211.0,97.54,1.0867453846343231,EVALUATION,-0.0007677083799613182
LQD,2021-05-04T00:00:00Z,106.4,106.5,106.08,106.24,14063387.0,97.67,1.0876446037205822,EVALUATION,-4.982431003774934e-06
LQD,2021-05-05T00:00:00Z,106.11,106.41,106.08,106.37,8316502.0,97.79,1.0880442923171454,EVALUATION,0.0015652010782660764
LQD,2021-05-06T00:00:00Z,106.41,106.62,106.31,106.58,9383635.0,97.83,1.0880208408991836,EVALUATION,6.865053476934335e-05
LQD,2021-05-07T00:00:00Z,106.88,107.09,106.44,106.62,11631485.0,97.86,1.0883081150042522,EVALUATION,-0.0034983307956274468
LQD,2021-05-10T00:00:00Z,106.43,106.63,106.03,106.04,9940816.0,97.67,1.0888985113369023,EVALUATION,-0.00203968806654109
LQD,2021-05-11T00:00:00Z,105.64,105.84,105.54,105.65,12425677.0,97.51,1.0882177450965504,EVALUATION,-0.0005751542805346732
LQD,2021-05-12T00:00:00Z,105.3,105.45,105.02,105.08,12569906.0,97.04,1.0862303286858543,EVALUATION,0.0004138487035043603
LQD,2021-05-13T00:00:00Z,105.3,105.64,105.3,105.47,9508186.0,97.36,1.084009261154787,EVALUATION,0.003342250780421274
LQD,2021-05-14T00:00:00Z,105.86,106.07,105.74,106.05,9157253.0,97.57,1.0832100485675127,EVALUATION,-0.0002091270489587016
LQD,2021-05-17T00:00:00Z,106.05,106.06,105.86,105.93,6892777.0,97.48,1.0843544962561649,EVALUATION,-0.0033040687246295164
LQD,2021-05-18T00:00:00Z,105.74,105.79,105.56,105.58,8976900.0,97.48,1.085631834957867,EVALUATION,0.0011753859700521785
LQD,2021-05-19T00:00:00Z,105.49,105.75,105.18,105.39,20254525.0,97.19,1.0855634589096637,EVALUATION,0.0027161179616919107
LQD,2021-05-20T00:00:00Z,105.72,106.15,105.72,106.11,10742408.0,97.59,1.084716412042855,EVALUATION,0.0003440565348971081
LQD,2021-05-21T00:00:00Z,106.27,106.35,106.08,106.19,8042214.0,97.63,1.084922938362867,EVALUATION,0.0018091061577796275
LQD,2021-05-24T00:00:00Z,106.41,106.53,106.3,106.48,5896741.0,97.72,1.0864509383109737,EVALUATION,-2.133543361138024e-05
LQD,2021-05-25T00:00:00Z,106.55,106.91,106.54,106.87,11774174.0,98.08,1.088208625121511,EVALUATION,0.0006536752966777026
LQD,2021-05-26T00:00:00Z,106.72,106.92,106.61,106.82,28888761.0,97.97,1.0889808553646614,EVALUATION,-0.0013540840492439754
LQD,2021-05-27T00:00:00Z,106.66,106.68,106.02,106.49,15226408.0,97.8,1.089866124633945,EVALUATION,0.0009473992680745225
LQD,2021-05-28T00:00:00Z,106.57,106.87,106.54,106.58,11443264.0,97.79,1.08960309971766,EVALUATION,0.0003921723571892466
LQD,2021-06-01T00:00:00Z,106.57,106.62,106.3,106.6,6659276.0,97.77,1.0896916909442904,EVALUATION,0.00046965722094260975
LQD,2021-06-02T00:00:00Z,106.67,106.83,106.66,106.77,8332661.0,97.88,1.0896850998124814,EVALUATION,-0.0013795413023017788
LQD,2021-06-03T00:00:00Z,106.46,106.53,106.32,106.35,10212270.0,97.63,1.0903419981081564,EVALUATION,0.0015210994215950624
LQD,2021-06-04T00:00:00Z,106.69,107.11,106.65,107.1,11588168.0,98.17,1.0901521037404203,EVALUATION,-2.542322827048249e-05
LQD,2021-06-07T00:00:00Z,107.0,107.07,106.91,107.01,5083518.0,98.09,1.090368987374592,EVALUATION,0.0008749490752297806
LQD,2021-06-08T00:00:00Z,107.29,107.46,107.29,107.42,11711636.0,98.38,1.0904061187331109,EVALUATION,0.00048811600658260623
LQD,2021-06-09T00:00:00Z,107.82,107.97,107.66,107.8,12265159.0,98.68,1.0912633810280603,EVALUATION,0.0008972988908133583
LQD,2021-06-10T00:00:00Z,107.63,108.3,107.55,108.29,16614378.0,99.04,1.0917484777274662,EVALUATION,0.0023456412514054614
LQD,2021-06-11T00:00:00Z,108.38,108.49,108.19,108.38,13422578.0,98.89,1.092568381975063,EVALUATION,-0.0005559216063761863
LQD,2021-06-14T00:00:00Z,108.23,108.25,107.84,107.98,8548711.0,98.58,1.0939272548520846,EVALUATION,0.0005379970314527416
LQD,2021-06-15T00:00:00Z,107.89,108.09,107.81,108.06,18436773.0,98.6,1.0949052828304613,EVALUATION,0.004120316299373816
LQD,2021-06-16T00:00:00Z,108.19,108.41,107.46,107.76,22933030.0,97.92,1.0957541486427325,EVALUATION,0.0019935823252834606
LQD,2021-06-17T00:00:00Z,108.02,108.86,108.02,108.36,22919277.0,98.27,1.0972624760442091,EVALUATION,-0.0005306268733324959
LQD,2021-06-18T00:00:00Z,108.56,109.11,108.46,108.92,21825273.0,98.83,1.09970323364547,EVALUATION,-0.002546178462822235
LQD,2021-06-21T00:00:00Z,108.45,108.58,108.22,108.29,22790226.0,98.51,1.1017536672617145,EVALUATION,-0.00016502231949377943
LQD,2021-06-22T00:00:00Z,107.94,108.48,107.93,108.47,12528655.0,98.69,1.1013500222318147,EVALUATION,0.000357966768558482
LQD,2021-06-23T00:00:00Z,108.32,108.49,108.2,108.3,12732741.0,98.5,1.1001573176484534,EVALUATION,0.0021421038570245132
LQD,2021-06-24T00:00:00Z,108.4,108.55,108.36,108.51,8486109.0,98.48,1.099289944338425,EVALUATION,-0.00044799466310541103
LQD,2021-06-25T00:00:00Z,108.52,108.59,107.95,108.23,11378892.0,98.27,1.1001462210031612,EVALUATION,0.0010956337581111697
LQD,2021-06-28T00:00:00Z,108.49,108.75,108.45,108.69,12790410.0,98.58,1.1008979636110126,EVALUATION,0.0006888599229679659
LQD,2021-06-29T00:00:00Z,108.49,108.83,108.46,108.82,11576366.0,98.63,1.1019192681661523,EVALUATION,-0.0005194860081183528
LQD,2021-06-30T00:00:00Z,109.0,109.15,108.87,108.94,20151689.0,98.79,1.1024083782623118,EVALUATION,-0.00020936273651384063
LQD,2021-07-01T00:00:00Z,108.89,108.98,108.64,108.84,11278428.0,98.72,1.1028716377848244,EVALUATION,-0.0007984599045660623
LQD,2021-07-02T00:00:00Z,108.88,109.16,108.81,109.15,7020811.0,99.08,1.102856923164608,EVALUATION,-0.0015836025839925938
LQD,2021-07-06T00:00:00Z,109.28,109.81,109.28,109.55,11723257.0,99.6,1.1022967968707977,EVALUATION,0.0005570891507609144
LQD,2021-07-07T00:00:00Z,109.77,110.07,109.65,109.93,17069788.0,99.89,1.1013489321250447,EVALUATION,-0.00214802825453142
LQD,2021-07-08T00:00:00Z,109.88,110.15,109.8,109.98,17643996.0,100.15,1.1006817341337807,EVALUATION,0.000909782807149484
LQD,2021-07-09T00:00:00Z,109.5,109.57,109.44,109.52,13587015.0,99.64,1.0995209769516963,EVALUATION,-4.603863902752359e-05
LQD,2021-07-12T00:00:00Z,109.62,109.68,109.38,109.46,12936819.0,99.59,1.099273432511927,EVALUATION,-0.0005415406161790592
LQD,2021-07-13T00:00:00Z,109.58,109.63,108.87,109.06,20831035.0,99.28,1.0988053572985033,EVALUATION,0.00025344778388269873
LQD,2021-07-14T00:00:00Z,109.36,109.58,109.36,109.56,14679114.0,99.71,1.0989241892573873,EVALUATION,-0.002021634920898352
LQD,2021-07-15T00:00:00Z,109.84,109.9,109.48,109.8,16090710.0,100.13,1.0988006944973994,EVALUATION,-0.0012574545622566768
LQD,2021-07-16T00:00:00Z,109.5,109.77,109.5,109.64,9995155.0,100.11,1.097956733575172,EVALUATION,-0.001385150905328425
LQD,2021-07-19T00:00:00Z,110.19,110.54,110.14,110.43,22033659.0,100.97,1.0968520730638083,EVALUATION,-0.00016137050255748964
LQD,2021-07-20T00:00:00Z,110.78,110.92,110.12,110.27,24953257.0,100.84,1.0951536446005656,EVALUATION,0.002214912464508223
LQD,2021-07-21T00:00:00Z,109.86,110.02,109.69,109.88,22605919.0,100.26,1.0941336529908217,EVALUATION,0.0018923496397538209
LQD,2021-07-22T00:00:00Z,109.97,110.39,109.88,110.34,6190138.0,100.49,1.0943854008039144,EVALUATION,0.0011390534035933264
LQD,2021-07-23T00:00:00Z,109.91,110.3,109.87,110.29,12134297.0,100.33,1.0958282368200827,EVALUATION,-0.0015780547278576584
LQD,2021-07-26T00:00:00Z,110.39,110.39,109.97,110.05,8754852.0,100.27,1.0977475443850337,EVALUATION,8.209547080673119e-05
LQD,2021-07-27T00:00:00Z,110.43,110.52,110.21,110.52,10917655.0,100.69,1.098276251857238,EVALUATION,0.0008253133005855506
LQD,2021-07-28T00:00:00Z,110.28,110.72,110.18,110.71,12551149.0,100.78,1.0981451433701634,EVALUATION,0.0002758987529822843
LQD,2021-07-29T00:00:00Z,110.38,110.49,110.29,110.4,16088389.0,100.47,1.0978981612292478,EVALUATION,-0.0019716841713512956
LQD,2021-07-30T00:00:00Z,110.45,110.62,110.42,110.49,11899616.0,100.75,1.0983311019737207,EVALUATION,-0.0015703115402694312
LQD,2021-08-02T00:00:00Z,110.61,111.09,110.55,110.81,12411411.0,101.2,1.0980139552981887,EVALUATION,0.000795061731918123
LQD,2021-08-03T00:00:00Z,110.83,111.0,110.79,110.92,13361465.0,101.22,1.0968236285163886,EVALUATION,0.0003778995426371168
LQD,2021-08-04T00:00:00Z,111.18,111.31,110.45,110.94,14670067.0,101.2,1.095822091913093,EVALUATION,-0.00040012013758106146
LQD,2021-08-05T00:00:00Z,110.77,110.79,110.46,110.49,14128392.0,100.83,1.095678799020852,EVALUATION,-0.0022941004272196697
LQD,2021-08-06T00:00:00Z,109.85,109.99,109.57,109.59,8902708.0,100.24,1.0959602475827683,EVALUATION,-0.002185229033675351
LQD,2021-08-09T00:00:00Z,109.61,109.7,109.11,109.11,14567325.0,100.02,1.0951086721843792,EVALUATION,-0.0002999949913784494
LQD,2021-08-10T00:00:00Z,109.24,109.25,108.86,108.87,12477426.0,99.83,1.0933209269666244,EVALUATION,0.00035945188753450097
LQD,2021-08-11T00:00:00Z,108.87,109.32,108.7,109.04,16500674.0,99.95,1.0915706342022384,EVALUATION,0.0024761922413882864
LQD,2021-08-12T00:00:00Z,109.05,109.21,108.94,109.19,15153944.0,99.84,1.0907937460241774,EVALUATION,0.0009678825254026968
LQD,2021-08-13T00:00:00Z,109.46,109.96,109.37,109.93,18968487.0,100.42,1.0917164180602832,EVALUATION,-0.0016449967717684366
LQD,2021-08-16T00:00:00Z,110.2,110.4,109.97,109.99,15467072.0,100.64,1.0930991876758858,EVALUATION,-0.001230609416580819
LQD,2021-08-17T00:00:00Z,109.81,109.97,109.72,109.8,15472972.0,100.59,1.093752498565565,EVALUATION,-0.0002315301469961728
LQD,2021-08-18T00:00:00Z,109.8,109.95,109.54,109.72,9439297.0,100.54,1.0930558177165484,EVALUATION,0.0001814844390057857
LQD,2021-08-19T00:00:00Z,109.89,110.07,109.73,109.98,15976063.0,100.76,1.0919240483707964,EVALUATION,0.001628936684218818
LQD,2021-08-20T00:00:00Z,110.1,110.18,109.9,110.05,11311745.0,100.66,1.0914571016702252,EVALUATION,0.000428909316638304
LQD,2021-08-23T00:00:00Z,110.13,110.24,110.02,110.13,12308540.0,100.69,1.0920319437597552,EVALUATION,0.00041145317323176833
LQD,2021-08-24T00:00:00Z,110.02,110.11,109.79,109.88,14643220.0,100.42,1.0928473307846946,EVALUATION,0.0013440274545490905
LQD,2021-08-25T00:00:00Z,109.88,109.97,109.46,109.59,15862740.0,100.02,1.0937472562716601,EVALUATION,-0.00027374760470844084
LQD,2021-08-26T00:00:00Z,109.72,109.74,109.41,109.56,15308628.0,100.02,1.0945461030590282,EVALUATION,0.0022683853152698497
LQD,2021-08-27T00:00:00Z,109.68,110.21,109.52,110.17,12033041.0,100.35,1.0950887098023534,EVALUATION,-0.00016876576893287698
LQD,2021-08-30T00:00:00Z,110.07,110.4,110.04,110.36,9553104.0,100.54,1.096306428798944,EVALUATION,-0.0004749813133039238
LQD,2021-08-31T00:00:00Z,110.33,110.5,110.02,110.11,16512161.0,100.36,1.0969703302338945,EVALUATION,0.0008728906515058643
LQD,2021-09-01T00:00:00Z,110.32,110.37,109.95,110.25,17837664.0,100.4,1.097560108651268,EVALUATION,0.000528136885564523
LQD,2021-09-02T00:00:00Z,110.35,110.44,110.22,110.44,14187241.0,100.52,1.0976434656401866,EVALUATION,-0.0012342915715497504
LQD,2021-09-03T00:00:00Z,109.98,110.13,109.91,110.04,8167725.0,100.28,1.0979815524267718,EVALUATION,-0.0008364438532487695
LQD,2021-09-07T00:00:00Z,109.64,109.64,109.33,109.52,15032718.0,99.89,1.0980406270868084,EVALUATION,0.0004927900603008961
LQD,2021-09-08T00:00:00Z,109.71,109.95,109.56,109.87,16829426.0,100.16,1.0974734527302086,EVALUATION,0.0037576720789105345
LQD,2021-09-09T00:00:00Z,110.02,110.64,109.92,110.59,18321570.0,100.44,1.0968928059592324,EVALUATION,0.00019284890581261482
LQD,2021-09-10T00:00:00Z,110.48,110.54,110.13,110.27,11083748.0,100.13,1.0981354304206434,EVALUATION,0.001250093387709983
LQD,2021-09-13T00:00:00Z,110.52,110.68,110.49,110.54,14791006.0,100.25,1.0997561985847093,EVALUATION,-0.0006149634056709097
LQD,2021-09-14T00:00:00Z,110.68,111.08,110.6,110.88,16779150.0,100.62,1.1016556996988036,EVALUATION,0.0005170862729002579
LQD,2021-09-15T00:00:00Z,110.83,110.87,110.58,110.75,15053310.0,100.45,1.101959847435643,EVALUATION,0.0017409692501126894
LQD,2021-09-16T00:00:00Z,110.42,110.66,110.35,110.59,18133597.0,100.13,1.1023832558565292,EVALUATION,0.0007260567591814704
LQD,2021-09-17T00:00:00Z,110.29,110.38,110.13,110.35,15990048.0,99.84,1.1029901908642943,EVALUATION,-0.0020270675037465935
LQD,2021-09-20T00:00:00Z,110.36,110.73,110.36,110.69,17834546.0,100.35,1.1040904008126147,EVALUATION,0.0005075649266774729
LQD,2021-09-21T00:00:00Z,110.7,110.78,110.6,110.68,16350368.0,100.29,1.1042573294212863,EVALUATION,0.0019034698182645027
LQD,2021-09-22T00:00:00Z,110.69,111.04,110.57,110.99,16068473.0,100.38,1.1039691176638924,EVALUATION,0.0021279889640377636
LQD,2021-09-23T00:00:00Z,110.63,110.63,110.05,110.22,15202044.0,99.47,1.1041124232628727,EVALUATION,0.0009292490993410008
LQD,2021-09-24T00:00:00Z,110.1,110.17,109.87,109.99,11847381.0,99.17,1.1057902311069943,EVALUATION,0.0020762564763491254
LQD,2021-09-27T00:00:00Z,109.75,110.02,109.68,109.93,13502219.0,98.91,1.1076255694439407,EVALUATION,-0.006801260088094119
LQD,2021-09-28T00:00:00Z,109.28,109.28,108.74,108.76,20504656.0,98.53,1.1095309263982012,EVALUATION,-0.001290756018585193
LQD,2021-09-29T00:00:00Z,109.06,109.29,108.63,108.73,15923983.0,98.63,1.1081154130811697,EVALUATION,-0.0037918545976316498
LQD,2021-09-30T00:00:00Z,108.67,108.73,108.4,108.45,22571569.0,98.75,1.1058811943214717,EVALUATION,0.0030403557609819387
LQD,2021-10-01T00:00:00Z,108.82,109.4,108.78,109.23,24107903.0,99.16,1.1014856713062597,EVALUATION,-0.00034618359910343344
LQD,2021-10-04T00:00:00Z,108.98,109.18,108.83,109.06,13708080.0,99.04,1.1007279378960726,EVALUATION,-0.0009961206159732061
LQD,2021-10-05T00:00:00Z,108.96,109.05,108.61,108.61,15517359.0,98.73,1.100317379208668,EVALUATION,7.364498656925456e-05
LQD,2021-10-06T00:00:00Z,108.63,108.74,108.45,108.64,14461984.0,98.75,1.1009317299867565,EVALUATION,-0.00046889506161329475
LQD,2021-10-07T00:00:00Z,108.4,108.48,108.12,108.16,16402166.0,98.36,1.1004646810371834,EVALUATION,-0.0024877668316605206
LQD,2021-10-08T00:00:00Z,108.04,108.07,107.58,107.66,9195381.0,98.15,1.0999522655765641,EVALUATION,0.0005965365768672015
LQD,2021-10-11T00:00:00Z,107.47,107.68,107.44,107.45,4578875.0,97.9,1.098892802585403,EVALUATION,0.0018250643694408542
LQD,2021-10-12T00:00:00Z,107.89,108.18,107.68,108.14,20094167.0,98.35,1.0980250093062882,EVALUATION,0.003154123676880838
LQD,2021-10-13T00:00:00Z,108.31,108.72,108.27,108.69,18727362.0,98.54,1.0979944935970039,EVALUATION,0.002358166464721201
LQD,2021-10-14T00:00:00Z,108.88,109.2,108.81,109.2,17122451.0,98.77,1.1000316085436577,EVALUATION,0.0013895919813707858
LQD,2021-10-15T00:00:00Z,108.8,108.86,108.63,108.81,13408306.0,98.28,1.1027150575955282,EVALUATION,0.0004956214633633493
LQD,2021-10-18T00:00:00Z,108.63,108.87,108.39,108.72,12647300.0,98.15,1.1052485264991039,EVALUATION,-0.0018509084734249504
LQD,2021-10-19T00:00:00Z,108.45,108.49,108.12,108.12,12435201.0,97.79,1.1068113436292033,EVALUATION,-0.0019956956999788167
LQD,2021-10-20T00:00:00Z,108.07,108.23,107.84,107.86,14081850.0,97.75,1.1068232292641742,EVALUATION,0.0005274527034428989
LQD,2021-10-21T00:00:00Z,107.81,107.86,107.54,107.63,13335293.0,97.49,1.1055846468746966,EVALUATION,0.0015237139557726653
LQD,2021-10-22T00:00:00Z,107.89,108.17,107.8,108.07,13908966.0,97.74,1.1043574335641928,EVALUATION,-0.0007650839953616817
LQD,2021-10-25T00:00:00Z,108.06,108.33,108.03,108.12,8559863.0,97.86,1.1043754464082955,EVALUATION,0.003028290431890568
LQD,2021-10-26T00:00:00Z,108.4,108.6,108.14,108.58,10358466.0,97.98,1.10484762781678,EVALUATION,0.00046507700155418163
LQD,2021-10-27T00:00:00Z,109.06,109.5,108.83,109.24,16255753.0,98.53,1.1062391865457628,EVALUATION,0.0011741252582869732
LQD,2021-10-28T00:00:00Z,109.21,109.35,108.87,109.08,19570545.0,98.27,1.1072422855559565,EVALUATION,-0.001058857284934711
LQD,2021-10-29T00:00:00Z,108.64,109.21,108.59,109.02,17758632.0,98.32,1.1089620850938895,EVALUATION,-0.0016410907800675778
LQD,2021-11-01T00:00:00Z,108.53,108.9,108.53,108.83,13002361.0,98.31,1.1091764090125829,EVALUATION,0.0014179727442478196
LQD,2021-11-02T00:00:00Z,108.83,109.31,108.83,109.25,18926017.0,98.55,1.108613270399605,EVALUATION,0.0005826823030046224
LQD,2021-11-03T00:00:00Z,109.36,109.45,108.77,108.97,12378966.0,98.24,1.1081370287125163,EVALUATION,-0.00016415367287225813
LQD,2021-11-04T00:00:00Z,109.09,109.69,109.09,109.54,20476147.0,98.77,1.108268361045769,EVALUATION,0.0018360210727053072
LQD,2021-11-05T00:00:00Z,109.94,110.48,109.84,110.34,16310417.0,99.31,1.108945949100059,EVALUATION,0.002064152019972898
LQD,2021-11-08T00:00:00Z,110.23,110.24,109.94,110.09,8606683.0,98.88,1.1097766258056883,EVALUATION,-0.0020178951849045834
LQD,2021-11-09T00:00:00Z,110.65,110.73,110.37,110.38,18201162.0,99.34,1.111159101937935,EVALUATION,-0.0016808891209614263
LQD,2021-11-10T00:00:00Z,110.21,110.23,109.04,109.25,23666888.0,98.49,1.1118565266480176,EVALUATION,0.00041153221423806396
LQD,2021-11-11T00:00:00Z,109.29,109.4,108.89,108.94,6388338.0,98.17,1.1112509640306718,EVALUATION,-0.003148876505406073
LQD,2021-11-12T00:00:00Z,109.09,109.19,108.68,108.83,12060424.0,98.38,1.1100302669955329,EVALUATION,-0.0036623531850920044
LQD,2021-11-15T00:00:00Z,108.72,108.76,107.99,108.0,12633863.0,97.99,1.1083926988642576,EVALUATION,-0.000850256828928142
LQD,2021-11-16T00:00:00Z,107.94,108.31,107.76,107.82,20683064.0,97.91,1.1060272358408494,EVALUATION,0.0005061640635792841
LQD,2021-11-17T00:00:00Z,107.7,108.29,107.61,108.26,14829665.0,98.26,1.1031964864757817,EVALUATION,0.0016062604034006167
LQD,2021-11-18T00:00:00Z,108.18,108.59,108.18,108.5,14177441.0,98.32,1.1017131649926066,EVALUATION,0.0011343754804213901
LQD,2021-11-19T00:00:00Z,108.76,109.02,108.75,108.91,17894827.0,98.58,1.1021752256696054,EVALUATION,-0.0014190859204468165
LQD,2021-11-22T00:00:00Z,108.48,108.64,107.92,107.96,13942320.0,97.86,1.1033660881864347,EVALUATION,-0.003044799312929003
LQD,2021-11-23T00:00:00Z,107.71,107.78,107.19,107.19,11372416.0,97.46,1.1038453726228827,EVALUATION,0.0017730128834290149
LQD,2021-11-24T00:00:00Z,107.17,107.72,107.05,107.71,14740693.0,97.76,1.1026108283249183,EVALUATION,-0.004811462584946025
LQD,2021-11-26T00:00:00Z,108.04,108.63,107.87,108.58,14553293.0,99.02,1.101608121530555,EVALUATION,0.0029585573172253854
LQD,2021-11-29T00:00:00Z,108.14,108.74,108.07,108.66,22601962.0,98.8,1.0993872838145686,EVALUATION,-0.0038549656433060075
LQD,2021-11-30T00:00:00Z,109.03,109.44,108.66,108.89,29733658.0,99.39,1.0993745307365905,EVALUATION,-0.001727989537722907
LQD,2021-12-01T00:00:00Z,108.85,109.0,108.51,108.91,18526604.0,99.58,1.097308926596069,EVALUATION,0.004504752298280845
LQD,2021-12-02T00:00:00Z,108.93,109.23,108.71,109.16,18493106.0,99.36,1.0963580467497682,EVALUATION,0.002398383734316445
LQD,2021-12-03T00:00:00Z,109.14,110.32,109.1,110.07,26516516.0,99.95,1.0959692697782302,EVALUATION,5.6810453014088935e-06
LQD,2021-12-06T00:00:00Z,110.03,110.05,109.46,109.52,25700442.0,99.45,1.0978584593339364,EVALUATION,0.0041862456806814885
LQD,2021-12-07T00:00:00Z,109.56,109.92,109.43,109.56,17588578.0,99.07,1.100379592756621,EVALUATION,-0.003341702145395864
LQD,2021-12-08T00:00:00Z,109.29,109.34,108.66,108.84,17605503.0,98.75,1.1027974221014658,EVALUATION,-0.0034504254299657644
LQD,2021-12-09T00:00:00Z,108.99,109.17,108.7,108.74,12536795.0,99.0,1.1031062853938716,EVALUATION,0.0004884415239392315
LQD,2021-12-10T00:00:00Z,109.28,109.31,108.82,108.87,12969721.0,99.07,1.1021485938479447,EVALUATION,-0.00024333957128575
LQD,2021-12-13T00:00:00Z,109.3,109.61,109.27,109.36,10913464.0,99.54,1.0998270030535569,EVALUATION,-0.002772758346036186
LQD,2021-12-14T00:00:00Z,109.06,109.18,108.72,108.87,17848451.0,99.37,1.0986525338284547,EVALUATION,0.0026948132747653952
LQD,2021-12-15T00:00:00Z,108.52,109.06,108.48,109.01,20927980.0,99.23,1.0977253525188642,EVALUATION,-0.002913462003449885
LQD,2021-12-16T00:00:00Z,109.07,109.33,108.86,109.0,9897592.0,99.51,1.097605001842342,EVALUATION,7.39956059925273e-05
LQD,2021-12-17T00:00:00Z,109.13,109.37,109.13,109.26,8892242.0,99.74,1.096509499260442,EVALUATION,-0.0034908444547808726
LQD,2021-12-20T00:00:00Z,109.06,109.17,108.72,108.78,13590583.0,99.65,1.096458122851952,EVALUATION,0.0059361285366590355
LQD,2021-12-21T00:00:00Z,108.0,109.0,108.0,109.0,13015628.0,99.26,1.0941453791172335,EVALUATION,0.0006529233761025655
LQD,2021-12-22T00:00:00Z,109.14,109.17,108.89,109.17,8025759.0,99.35,1.0950649903232992,EVALUATION,0.0005565349453133805
LQD,2021-12-23T00:00:00Z,109.06,109.1,108.77,109.0,8479721.0,99.14,1.0961964272783051,EVALUATION,0.0025323099758842726
LQD,2021-12-27T00:00:00Z,109.04,109.42,108.99,109.32,9103547.0,99.18,1.09880797506561,EVALUATION,-0.0009875158517183014
LQD,2021-12-28T00:00:00Z,109.55,109.59,109.04,109.19,6929077.0,99.16,1.1001787154389076,EVALUATION,-0.0003518057960335552
LQD,2021-12-29T00:00:00Z,108.74,108.84,108.43,108.59,7440910.0,98.65,1.1009477757806378,EVALUATION,0.0006146893178546886
LQD,2021-12-30T00:00:00Z,108.74,109.05,108.51,109.02,5733882.0,98.98,1.101382758394932,EVALUATION,-0.0003562849967113646
LQD,2021-12-31T00:00:00Z,109.03,109.27,108.8,108.86,8746278.0,98.87,1.1011148513123612,EVALUATION,-0.001350740122524563
LQD,2022-01-03T00:00:00Z,108.25,108.26,107.7,107.7,18715981.0,97.95,1.1010788896137156,EVALUATION,0.0013461191188159916
LQD,2022-01-04T00:00:00Z,107.56,107.81,107.35,107.79,19180475.0,97.9,1.10067232907089,EVALUATION,-0.0016567511393592582
LQD,2022-01-05T00:00:00Z,108.0,108.0,107.13,107.16,16126402.0,97.49,1.1005346014710262,EVALUATION,0.0012579079425112383
LQD,2022-01-06T00:00:00Z,106.93,107.18,106.79,107.02,19660646.0,97.24,1.0999172309557355,EVALUATION,-0.0011102735249953755
LQD,2022-01-07T00:00:00Z,106.88,106.95,106.35,106.56,18742400.0,96.93,1.1002623352103973,EVALUATION,-0.000628936736179142
LQD,2022-01-10T00:00:00Z,106.29,106.52,105.99,106.46,14513784.0,96.9,1.099705200532265,EVALUATION,0.0006322427722289525
LQD,2022-01-11T00:00:00Z,106.47,106.85,106.36,106.78,18680749.0,97.13,1.099528117283837,EVALUATION,-0.0009551135764642726
LQD,2022-01-12T00:00:00Z,106.98,107.09,106.7,106.7,12881451.0,97.15,1.0991199473000226,EVALUATION,-4.437625079400931e-06
LQD,2022-01-13T00:00:00Z,106.88,107.05,106.53,107.04,13867490.0,97.46,1.098770463648578,EVALUATION,-0.0019071485998474191
LQD,2022-01-14T00:00:00Z,106.55,106.56,106.05,106.1,14426204.0,96.79,1.0986499057786474,EVALUATION,-0.001977219938148256
LQD,2022-01-18T00:00:00Z,105.49,105.55,105.04,105.09,17085346.0,96.06,1.0975953184273792,EVALUATION,-0.0008718323528527083
LQD,2022-01-19T00:00:00Z,105.37,105.71,105.23,105.25,16239576.0,96.29,1.0961627024896436,EVALUATION,-0.0027509830877576746
LQD,2022-01-20T00:00:00Z,105.38,105.55,105.09,105.19,23108775.0,96.5,1.094414536125652,EVALUATION,0.0007564500851406919
LQD,2022-01-21T00:00:00Z,105.7,106.06,105.65,105.88,22144023.0,97.06,1.0923692663867215,EVALUATION,-0.002189474439725503
LQD,2022-01-24T00:00:00Z,105.92,105.97,105.48,105.55,23392924.0,96.97,1.0913252257669752,EVALUATION,-0.0014068922164414133
LQD,2022-01-25T00:00:00Z,105.54,105.8,105.22,105.26,17334410.0,96.84,1.0898014709223118,EVALUATION,0.00028494968851544566
LQD,2022-01-26T00:00:00Z,105.54,105.65,104.45,104.54,23494233.0,96.15,1.08876671387777,EVALUATION,-0.001968398613503508
LQD,2022-01-27T00:00:00Z,104.91,105.19,104.58,104.78,22443946.0,96.56,1.08756266873815,EVALUATION,-0.0011331194108046283
LQD,2022-01-28T00:00:00Z,104.21,104.94,104.2,104.9,21451126.0,96.78,1.0864451500939003,EVALUATION,0.0004766444232602307
LQD,2022-01-31T00:00:00Z,104.77,105.04,104.54,104.95,21526144.0,96.78,1.0854298468375123,EVALUATION,0.0029630716995793227
LQD,2022-02-01T00:00:00Z,105.01,105.19,104.56,105.12,17914374.0,96.65,1.0844827727900535,EVALUATION,-0.0019741929209964315
LQD,2022-02-02T00:00:00Z,105.29,105.59,105.02,105.13,22996297.0,96.85,1.0853185666938963,EVALUATION,-0.0037486248188626226
LQD,2022-02-03T00:00:00Z,104.37,104.46,104.08,104.28,23850417.0,96.43,1.0858490326574832,EVALUATION,-0.0022991888278833805
LQD,2022-02-04T00:00:00Z,103.43,103.53,102.96,103.24,26326273.0,95.69,1.0848450103749399,EVALUATION,0.0015268595651178885
LQD,2022-02-07T00:00:00Z,103.15,103.54,103.04,103.43,13020293.0,95.72,1.0819332828078123,EVALUATION,-0.000435369783415962
LQD,2022-02-08T00:00:00Z,103.32,103.43,103.05,103.05,22152482.0,95.41,1.0802847493227141,EVALUATION,0.0019368286240424304
LQD,2022-02-09T00:00:00Z,103.47,103.76,103.37,103.39,19695907.0,95.54,1.0798411701221322,EVALUATION,-0.0043301596498340755
LQD,2022-02-10T00:00:00Z,102.84,103.03,101.96,101.99,39612952.0,94.66,1.0809291440684239,EVALUATION,-0.002999179625681414
LQD,2022-02-11T00:00:00Z,102.21,102.84,101.8,102.74,21719761.0,95.64,1.079891677612351,EVALUATION,-0.0019564314202397126
LQD,2022-02-14T00:00:00Z,102.17,102.3,101.77,101.83,22811817.0,94.98,1.0779454300288043,EVALUATION,-0.0020603581950826566
LQD,2022-02-15T00:00:00Z,101.71,101.93,101.32,101.32,15723601.0,94.7,1.0745973993609845,EVALUATION,-0.000525877842260325
LQD,2022-02-16T00:00:00Z,101.61,101.63,100.91,101.47,27161769.0,94.89,1.072087376829392,EVALUATION,-0.0046847852533611345
LQD,2022-02-17T00:00:00Z,101.59,101.86,101.3,101.54,24767757.0,95.4,1.0704562865872798,EVALUATION,-0.0007873919831655751
LQD,2022-02-18T00:00:00Z,101.85,102.17,101.44,101.79,19393494.0,95.71,1.0678696667847218,EVALUATION,-0.0011726569179220103
LQD,2022-02-22T00:00:00Z,101.43,101.66,101.33,101.66,18042904.0,95.7,1.065743089928693,EVALUATION,-0.003923480464621654
LQD,2022-02-23T00:00:00Z,101.42,101.52,100.71,100.73,16592252.0,95.2,1.0633879238027724,EVALUATION,0.0023492475516959654
LQD,2022-02-24T00:00:00Z,100.79,101.29,100.59,101.21,29550744.0,95.43,1.0612971399001125,EVALUATION,0.004365349655835349
LQD,2022-02-25T00:00:00Z,101.49,102.12,101.24,101.62,19193586.0,95.4,1.0603113809322564,EVALUATION,-0.0006993415268046199
LQD,2022-02-28T00:00:00Z,102.0,102.87,102.0,102.71,23497444.0,96.49,1.0612851174297404,EVALUATION,-0.006334289556016781
LQD,2022-03-01T00:00:00Z,102.95,103.77,102.92,103.06,28698705.0,97.43,1.0634099185368349,EVALUATION,-0.0001460890510014412
LQD,2022-03-02T00:00:00Z,102.37,102.51,101.47,101.49,24946626.0,95.96,1.0624822921687105,EVALUATION,-0.0006269342117168897
LQD,2022-03-03T00:00:00Z,101.87,102.15,101.63,101.86,14256243.0,96.37,1.0599586311627416,EVALUATION,-0.008979866666370517
LQD,2022-03-04T00:00:00Z,102.53,102.63,101.91,101.96,17641737.0,97.33,1.0574603969841725,EVALUATION,-0.00785108130513501
LQD,2022-03-07T00:00:00Z,101.34,101.68,100.61,100.73,16277821.0,96.92,1.054055412250608,EVALUATION,0.0004444136425636458
LQD,2022-03-08T00:00:00Z,100.05,100.47,99.63,100.12,20105421.0,96.29,1.0479496100382288,EVALUATION,0.008029019242751345
LQD,2022-03-09T00:00:00Z,100.25,100.61,100.13,100.3,27862394.0,95.69,1.0422188572251516,EVALUATION,-0.006971925690167469
LQD,2022-03-10T00:00:00Z,99.69,99.73,98.79,99.15,34185884.0,95.26,1.0424209507929703,EVALUATION,-8.850158109641182e-05
LQD,2022-03-11T00:00:00Z,99.21,99.31,99.02,99.11,21465259.0,95.23,1.0429292294728607,EVALUATION,-0.0017223328577822272
LQD,2022-03-14T00:00:00Z,98.23,98.61,97.64,97.68,18654193.0,94.02,1.0432518246574976,EVALUATION,0.008205949175955407
LQD,2022-03-15T00:00:00Z,98.15,98.52,97.99,98.44,24564578.0,93.98,1.040168986229349,EVALUATION,0.009916389656076996
LQD,2022-03-16T00:00:00Z,98.88,99.33,97.87,99.28,33283001.0,93.85,1.042376085534155,EVALUATION,0.011789025898563454
LQD,2022-03-17T00:00:00Z,99.79,100.51,99.65,100.26,24463289.0,93.67,1.0480810259682103,EVALUATION,-0.0010941446548784484
LQD,2022-03-18T00:00:00Z,99.91,100.6,99.91,100.45,21757299.0,93.95,1.058556186142899,EVALUATION,-0.0007456599639038552
LQD,2022-03-21T00:00:00Z,99.7,99.91,98.92,99.06,19206188.0,92.72,1.0657991299327578,EVALUATION,0.0030776573300673737
LQD,2022-03-22T00:00:00Z,98.75,98.95,98.62,98.82,16805344.0,92.21,1.0693056724316115,EVALUATION,-0.0038903481425687225
LQD,2022-03-23T00:00:00Z,99.0,99.23,98.67,99.1,17067314.0,92.83,1.0697492827326742,EVALUATION,0.005897546299763801
LQD,2022-03-24T00:00:00Z,98.47,99.29,98.01,99.14,20711952.0,92.32,1.0692016437709357,EVALUATION,0.0024226327351092314
LQD,2022-03-25T00:00:00Z,98.78,98.81,98.01,98.36,23375379.0,91.37,1.071033500951746,EVALUATION,0.0035983585992505063
LQD,2022-03-28T00:00:00Z,98.53,99.06,98.41,98.94,21305037.0,91.58,1.0726394793080738,EVALUATION,0.0031719718864910984
LQD,2022-03-29T00:00:00Z,99.42,99.79,99.2,99.74,25964061.0,92.03,1.0769141700166027,EVALUATION,-0.0017144325327345111
LQD,2022-03-30T00:00:00Z,99.37,100.08,99.32,99.97,20209479.0,92.4,1.0802153519146263,EVALUATION,-0.004140517046888892
LQD,2022-03-31T00:00:00Z,100.01,100.25,99.56,99.74,21475574.0,92.57,1.0820234428301923,EVALUATION,0.009790183872039337
LQD,2022-04-01T00:00:00Z,99.22,100.32,99.13,100.07,16722212.0,91.97,1.081052778383787,EVALUATION,0.0041499383616204755
LQD,2022-04-04T00:00:00Z,100.14,100.45,99.82,100.42,19910294.0,91.91,1.082484501125818,EVALUATION,-0.005558159375493088
LQD,2022-04-05T00:00:00Z,100.11,100.15,98.64,98.66,23191332.0,90.81,1.0860392247300465,EVALUATION,-0.0023549346062698984
LQD,2022-04-06T00:00:00Z,97.61,98.54,97.35,98.08,25566260.0,90.49,1.0890356664663892,EVALUATION,-0.0021568834857239594
LQD,2022-04-07T00:00:00Z,97.96,98.03,97.45,97.63,21389912.0,90.27,1.0876371577996284,EVALUATION,-0.00279109636390662
LQD,2022-04-08T00:00:00Z,96.9,97.15,96.57,96.86,16149392.0,89.81,1.0839513579676137,EVALUATION,-0.005020084730231855
LQD,2022-04-11T00:00:00Z,96.27,96.35,95.68,95.91,21776086.0,89.38,1.0813029677519894,EVALUATION,-0.004081068766942586
LQD,2022-04-12T00:00:00Z,96.56,96.83,95.97,95.98,25698015.0,89.81,1.077697027218371,EVALUATION,0.0029824951237031883
LQD,2022-04-13T00:00:00Z,95.99,96.53,95.95,96.48,21499886.0,90.01,1.073419497848931,EVALUATION,-0.0027132718623673613
LQD,2022-04-14T00:00:00Z,96.42,96.44,95.26,95.35,19841512.0,89.2,1.071213447370423,EVALUATION,-0.004636329218997259
LQD,2022-04-18T00:00:00Z,95.15,95.31,94.53,94.63,19426003.0,88.94,1.0698425601991741,EVALUATION,-0.0013975940902561934
LQD,2022-04-19T00:00:00Z,94.15,94.35,93.82,93.87,19817527.0,88.35,1.0682676014757546,EVALUATION,0.0026301229728717956
LQD,2022-04-20T00:00:00Z,94.48,95.12,94.47,94.85,21767157.0,89.04,1.065133559964804,EVALUATION,-0.00514524754411938
LQD,2022-04-21T00:00:00Z,94.63,94.69,93.57,93.84,25558077.0,88.55,1.0639020212935495,EVALUATION,-0.0016239302044929183
LQD,2022-04-22T00:00:00Z,93.48,93.97,93.23,93.73,20202349.0,88.59,1.0624902032188126,EVALUATION,0.004661565637897214
LQD,2022-04-25T00:00:00Z,94.24,94.92,94.23,94.77,23100214.0,89.16,1.0610039748761804,EVALUATION,-0.007257068221127816
LQD,2022-04-26T00:00:00Z,95.24,95.26,94.61,94.72,23865590.0,89.76,1.0602269814984353,EVALUATION,-0.003931279207014526
LQD,2022-04-27T00:00:00Z,94.54,94.88,93.77,93.82,19843721.0,89.26,1.0587330505927397,EVALUATION,0.004440857734881121
LQD,2022-04-28T00:00:00Z,93.61,94.1,93.4,94.1,19673325.0,89.13,1.0564219240634394,EVALUATION,-0.005666680139685409
LQD,2022-04-29T00:00:00Z,93.31,93.82,92.87,93.06,20268710.0,88.65,1.0540354758707837,EVALUATION,0.0014273854213373571
LQD,2022-05-02T00:00:00Z,92.51,92.7,92.19,92.5,17771506.0,87.99,1.0521980511608595,EVALUATION,0.005236344424888628
LQD,2022-05-03T00:00:00Z,93.41,93.88,93.0,93.1,21479760.0,88.1,1.0522544216782526,EVALUATION,0.00330451554539013
LQD,2022-05-04T00:00:00Z,93.09,94.31,92.59,94.01,34529936.0,88.67,1.0525852354695664,EVALUATION,-0.0052803027668377744
LQD,2022-05-05T00:00:00Z,93.13,93.17,91.85,92.57,34709536.0,87.78,1.0560776044637479,EVALUATION,-0.00283802398844768
LQD,2022-05-06T00:00:00Z,91.82,92.37,91.66,91.78,15704390.0,87.28,1.0571817425481647,EVALUATION,-0.0037371676860877834
LQD,2022-05-09T00:00:00Z,91.46,92.2,91.26,92.11,17247287.0,87.92,1.0554499140459175,EVALUATION,0.0007133092143951636
LQD,2022-05-10T00:00:00Z,92.83,93.07,92.41,92.49,25697939.0,88.22,1.051261134378443,EVALUATION,-0.0013637899275733556
LQD,2022-05-11T00:00:00Z,92.11,93.15,91.97,92.93,25746756.0,88.76,1.0492056291072929,EVALUATION,-0.0029494693486553647
LQD,2022-05-12T00:00:00Z,93.15,93.5,92.9,92.97,22863149.0,89.06,1.0476797685801975,EVALUATION,6.823747152218118e-06
LQD,2022-05-13T00:00:00Z,92.83,92.9,92.28,92.48,16125384.0,88.59,1.0464284438725258,EVALUATION,-0.0028789657732777307
LQD,2022-05-16T00:00:00Z,92.64,93.03,92.55,92.6,12273916.0,88.96,1.0449312521748277,EVALUATION,0.0018079327035129822
LQD,2022-05-17T00:00:00Z,92.08,92.27,91.9,92.07,17428236.0,88.29,1.0429101336032585,EVALUATION,-0.0034427335403954817
LQD,2022-05-18T00:00:00Z,91.85,92.45,91.85,92.41,16194791.0,88.92,1.0425469565722543,EVALUATION,-0.0008934055203826397
LQD,2022-05-19T00:00:00Z,92.99,93.28,92.53,92.66,21242380.0,89.24,1.0409931615925052,EVALUATION,0.0003700336186631681
LQD,2022-05-20T00:00:00Z,92.92,93.15,92.75,93.12,14137454.0,89.65,1.0401286134282577,EVALUATION,0.0023722216791915995
LQD,2022-05-23T00:00:00Z,92.83,93.19,92.59,92.78,15379550.0,89.11,1.038759487941386,EVALUATION,0.004508380144635948
LQD,2022-05-24T00:00:00Z,93.17,94.1,93.11,94.0,17224688.0,89.88,1.0394049176912932,EVALUATION,0.008316478709200936
LQD,2022-05-25T00:00:00Z,94.44,94.99,94.36,94.97,25922257.0,90.06,1.0419100092285862,EVALUATION,0.0008710746601116037
LQD,2022-05-26T00:00:00Z,95.11,95.48,94.78,95.0,34496947.0,90.01,1.047181052634942,EVALUATION,0.00371361076839416
LQD,2022-05-27T00:00:00Z,95.39,95.8,95.15,95.49,9360060.0,90.14,1.051932130119057,EVALUATION,0.0030976122294540387
LQD,2022-05-31T00:00:00Z,94.64,94.97,94.18,94.79,20685943.0,89.2,1.0564365376590334,EVALUATION,-0.00019691865473703274
LQD,2022-06-01T00:00:00Z,95.2,95.4,93.89,94.24,22618070.0,88.7,1.059152854998711,EVALUATION,-0.0010411662133475996
LQD,2022-06-02T00:00:00Z,94.37,94.48,93.73,94.28,15053395.0,88.83,1.0614926676739154,EVALUATION,-0.0012682431597569321
LQD,2022-06-03T00:00:00Z,93.61,93.99,93.61,93.98,11965869.0,88.66,1.06215967685172,EVALUATION,0.0004277827493474051
LQD,2022-06-06T00:00:00Z,93.91,93.98,93.25,93.31,12687944.0,87.99,1.0612717935791993,EVALUATION,0.001267108457987387
LQD,2022-06-07T00:00:00Z,93.56,94.06,93.49,93.81,11313399.0,88.35,1.0606063580489842,EVALUATION,-0.0020211716453931716
LQD,2022-06-08T00:00:00Z,93.62,93.9,93.26,93.27,13943878.0,88.02,1.0607551960429495,EVALUATION,-0.005631267901699877
LQD,2022-06-09T00:00:00Z,93.04,93.27,92.61,92.66,26349897.0,87.94,1.0606355372056973,EVALUATION,6.646605437732322e-05
LQD,2022-06-10T00:00:00Z,92.17,92.28,91.21,91.76,37722529.0,87.08,1.0583727181275513,EVALUATION,-0.005304024518836381
LQD,2022-06-13T00:00:00Z,89.98,90.38,88.92,89.64,35728262.0,85.53,1.0556873926366641,EVALUATION,0.002818789089089724
LQD,2022-06-14T00:00:00Z,90.05,90.35,88.97,89.18,27366324.0,84.85,1.0518233191435937,EVALUATION,0.0016795598422236768
LQD,2022-06-15T00:00:00Z,90.22,90.66,89.45,90.57,31931916.0,86.03,1.0509427433934537,EVALUATION,-0.005405238839488069
LQD,2022-06-16T00:00:00Z,89.33,90.9,89.08,90.67,31161614.0,86.59,1.0506189449826948,EVALUATION,0.0017490508641491154
LQD,2022-06-17T00:00:00Z,90.93,91.09,90.31,90.86,17402937.0,86.62,1.0503073750804581,EVALUATION,-0.004930362696017432
LQD,2022-06-21T00:00:00Z,90.45,90.85,89.84,89.94,17941668.0,86.17,1.0496134426556687,EVALUATION,-0.0053111884655143715
LQD,2022-06-22T00:00:00Z,90.88,91.06,90.55,90.6,19091493.0,87.26,1.046606254846984,EVALUATION,0.0021108670695124676
LQD,2022-06-23T00:00:00Z,91.03,92.01,90.99,91.3,32998035.0,87.75,1.0436588583105937,EVALUATION,0.0046280537846803416
LQD,2022-06-24T00:00:00Z,91.23,91.89,91.21,91.4,18668908.0,87.44,1.0408276603589464,EVALUATION,-0.003477120165925829
LQD,2022-06-27T00:00:00Z,90.9,91.09,90.52,90.57,20868691.0,86.95,1.0413401511292106,EVALUATION,-0.001596330390562617
LQD,2022-06-28T00:00:00Z,90.42,90.59,90.1,90.54,19253998.0,87.06,1.0424590535204175,EVALUATION,-0.002076217174326045
LQD,2022-06-29T00:00:00Z,90.58,91.09,90.51,91.08,10830065.0,87.76,1.0422979176367915,EVALUATION,-0.004560237146143509
LQD,2022-06-30T00:00:00Z,91.14,92.08,91.14,91.36,16921600.0,88.43,1.0398120006539642,EVALUATION,0.0018446051405003328
LQD,2022-07-01T00:00:00Z,92.13,92.79,91.97,92.51,21162497.0,89.38,1.0369788104799031,EVALUATION,-0.004016390407220127
LQD,2022-07-05T00:00:00Z,92.58,92.66,92.28,92.48,16962225.0,89.71,1.035327672849906,EVALUATION,0.00360582532566478
LQD,2022-07-06T00:00:00Z,92.75,92.89,91.94,92.03,17330189.0,88.95,1.0330099476947323,EVALUATION,0.006074588796807556
LQD,2022-07-07T00:00:00Z,92.38,92.53,91.85,92.02,15871687.0,88.4,1.0335074952044934,EVALUATION,0.004365394695821645
LQD,2022-07-08T00:00:00Z,91.68,91.92,91.53,91.87,16187161.0,87.87,1.0354845639809513,EVALUATION,-0.005022423397795794
LQD,2022-07-11T00:00:00Z,92.26,92.54,91.99,92.13,9683555.0,88.56,1.0403660714314322,EVALUATION,-0.0009602241089161634
LQD,2022-07-12T00:00:00Z,92.5,92.89,92.23,92.26,18470801.0,88.77,1.0422612243065137,EVALUATION,0.0031981386094579456
LQD,2022-07-13T00:00:00Z,91.34,93.06,91.34,92.95,26269933.0,89.15,1.0417161768666487,EVALUATION,-0.0007389736972549521
LQD,2022-07-14T00:00:00Z,91.94,92.59,91.65,92.36,23408456.0,88.65,1.0407505089071982,EVALUATION,0.00451522854853037
LQD,2022-07-15T00:00:00Z,92.29,93.28,92.29,93.1,15233651.0,88.96,1.0412632818014245,EVALUATION,-0.004059078193943244
LQD,2022-07-18T00:00:00Z,92.96,92.97,92.38,92.45,15679196.0,88.7,1.0436708437545656,EVALUATION,0.007434653424898796
LQD,2022-07-19T00:00:00Z,92.58,92.8,92.26,92.71,15676093.0,88.29,1.0435550269764977,EVALUATION,-5.926430240577041e-05
LQD,2022-07-20T00:00:00Z,93.12,93.19,92.54,92.61,10527720.0,88.2,1.0462924679469652,EVALUATION,0.002262174711154419
LQD,2022-07-21T00:00:00Z,92.83,93.88,92.83,93.88,25162262.0,89.21,1.0474465446855745,EVALUATION,-0.003764330627020307
LQD,2022-07-22T00:00:00Z,94.67,95.11,94.19,94.6,16327369.0,90.23,1.05080356204885,EVALUATION,-0.004910167321988124
LQD,2022-07-25T00:00:00Z,93.94,94.08,93.57,93.8,27617504.0,89.91,1.0502600589577178,EVALUATION,-0.0005468866165384556
LQD,2022-07-26T00:00:00Z,94.08,94.17,93.74,93.78,19458464.0,89.94,1.0480152215276952,EVALUATION,0.0046053308304916385
LQD,2022-07-27T00:00:00Z,94.21,94.95,94.18,94.41,17343345.0,90.13,1.0447974677446241,EVALUATION,-0.0016127888710411042
LQD,2022-07-28T00:00:00Z,95.1,95.33,94.89,95.19,18454378.0,91.02,1.0444825270239753,EVALUATION,0.0020866223006230644
LQD,2022-07-29T00:00:00Z,95.14,95.8,95.02,95.42,15669985.0,91.05,1.0453320667172366,EVALUATION,-0.003934580503133667
LQD,2022-08-01T00:00:00Z,95.45,95.9,95.35,95.6,18994724.0,91.58,1.047098892291477,EVALUATION,0.0016245713330185207
LQD,2022-08-02T00:00:00Z,95.58,95.7,94.36,94.44,23019940.0,90.32,1.045901920257011,EVALUATION,0.0067039626436231625
LQD,2022-08-03T00:00:00Z,94.49,95.49,94.19,95.46,19934592.0,90.69,1.0458357476660487,EVALUATION,-0.0035008852793436684
LQD,2022-08-04T00:00:00Z,95.35,95.66,95.06,95.61,22469279.0,91.15,1.0473694647919771,EVALUATION,0.0009893111775914898
LQD,2022-08-05T00:00:00Z,94.26,94.39,93.73,94.32,16238217.0,89.83,1.0490475606057783,EVALUATION,-0.001977217450698676
LQD,2022-08-08T00:00:00Z,94.79,95.09,94.64,94.69,11910336.0,90.36,1.05050346486426,EVALUATION,-0.0014474786459821587
LQD,2022-08-09T00:00:00Z,94.32,94.48,94.16,94.27,17896740.0,90.09,1.0489443565943832,EVALUATION,0.00888596687896559
LQD,2022-08-10T00:00:00Z,94.77,95.4,94.75,95.16,25928209.0,90.14,1.0481002605226404,EVALUATION,-0.003122553837834552
LQD,2022-08-11T00:00:00Z,95.53,95.95,94.2,94.24,25341323.0,89.55,1.050002875626717,EVALUATION,0.0077638949321214845
LQD,2022-08-12T00:00:00Z,94.75,95.35,94.53,95.34,16807244.0,89.9,1.0514873898312056,EVALUATION,-0.0039600208422150285
LQD,2022-08-15T00:00:00Z,95.5,95.65,95.25,95.27,11084022.0,90.19,1.0561919342465398,EVALUATION,-0.0026640515498268513
LQD,2022-08-16T00:00:00Z,94.98,95.03,94.41,94.9,15754865.0,90.08,1.0564033968722735,EVALUATION,-0.002717546936384374
LQD,2022-08-17T00:00:00Z,94.27,94.45,93.8,94.01,20863828.0,89.48,1.0567817358403195,EVALUATION,0.0006530540103184546
LQD,2022-08-18T00:00:00Z,94.31,94.57,94.2,94.25,14246227.0,89.65,1.0534864553510126,EVALUATION,-0.0032943320694537315
LQD,2022-08-19T00:00:00Z,93.42,93.42,92.92,93.13,19502511.0,88.88,1.0518148278696597,EVALUATION,-0.0022694218847417735
LQD,2022-08-22T00:00:00Z,92.87,92.88,92.41,92.51,10413245.0,88.49,1.049917924147316,EVALUATION,0.0035671208479517436
LQD,2022-08-23T00:00:00Z,92.4,93.04,92.31,92.61,14708084.0,88.27,1.0481855987613755,EVALUATION,0.0002619428245347333
LQD,2022-08-24T00:00:00Z,92.41,92.47,92.15,92.33,15127070.0,87.98,1.0474711570881077,EVALUATION,0.003924097141402738
LQD,2022-08-25T00:00:00Z,92.82,93.5,92.42,93.28,33759010.0,88.54,1.0480130815919926,EVALUATION,-0.0048739975071107056
LQD,2022-08-26T00:00:00Z,93.01,93.25,92.64,92.72,14147194.0,88.44,1.050715169374912,EVALUATION,-0.0015672871035832259
LQD,2022-08-29T00:00:00Z,92.32,92.32,91.92,92.04,19223224.0,87.93,1.0504575240949556,EVALUATION,0.0015312346211153738
LQD,2022-08-30T00:00:00Z,92.28,92.47,91.67,92.16,19489386.0,87.91,1.0495570811394304,EVALUATION,-0.006316323650924605
LQD,2022-08-31T00:00:00Z,91.97,92.11,91.14,91.19,20344176.0,87.54,1.0478270054141858,EVALUATION,0.0018507479468977683
LQD,2022-09-01T00:00:00Z,90.54,90.73,89.84,90.64,29963614.0,86.85,1.0455939498681885,EVALUATION,-0.004754484327148978
LQD,2022-09-02T00:00:00Z,91.09,91.43,90.7,90.71,14671618.0,87.33,1.0445595267804244,EVALUATION,-0.002452401562123341
LQD,2022-09-06T00:00:00Z,90.26,90.33,89.48,89.48,17100155.0,86.36,1.0413458164897682,EVALUATION,0.0070340537877950915
LQD,2022-09-07T00:00:00Z,89.89,90.79,89.87,90.7,21883057.0,86.93,1.0394900204636264,EVALUATION,0.0014808325800670374
LQD,2022-09-08T00:00:00Z,90.67,90.94,90.42,90.49,17134250.0,86.6,1.0393999438634163,EVALUATION,0.0022052249786064237
LQD,2022-09-09T00:00:00Z,90.84,91.21,90.67,90.7,12245394.0,86.61,1.0414717442873698,EVALUATION,0.00021959061435339322
LQD,2022-09-12T00:00:00Z,91.05,91.23,90.31,90.5,11199162.0,86.4,1.0451701934301154,EVALUATION,-0.0016267648864333184
LQD,2022-09-13T00:00:00Z,89.59,89.98,89.47,89.85,19733460.0,85.92,1.046532018894907,EVALUATION,0.0042089080808176416
LQD,2022-09-14T00:00:00Z,89.82,90.43,89.79,90.27,19608202.0,85.96,1.0468057038523948,EVALUATION,-0.0013898251473798418
LQD,2022-09-15T00:00:00Z,90.06,90.18,89.71,89.84,13137390.0,85.67,1.047777842327086,EVALUATION,-0.0030378507227249996
LQD,2022-09-16T00:00:00Z,89.33,90.51,89.32,89.63,14137914.0,85.73,1.0481849907014826,EVALUATION,0.0044730335642861885
LQD,2022-09-19T00:00:00Z,89.23,89.87,89.15,89.78,14876228.0,85.49,1.0481021361677065,EVALUATION,-0.0038249488403843124
LQD,2022-09-20T00:00:00Z,88.99,89.25,88.76,88.88,30730999.0,84.96,1.0481160388148485,EVALUATION,-0.00017650070091757009
LQD,2022-09-21T00:00:00Z,89.23,89.46,88.37,89.22,23990462.0,85.3,1.047270775772111,EVALUATION,0.0010007008769238324
LQD,2022-09-22T00:00:00Z,88.39,88.4,87.71,87.96,21256372.0,84.01,1.0474253729340524,EVALUATION,-0.004151568932843741
LQD,2022-09-23T00:00:00Z,87.77,87.93,87.31,87.71,19040876.0,84.12,1.0463710077214898,EVALUATION,-0.0006869458547769103
LQD,2022-09-26T00:00:00Z,87.36,87.53,86.15,86.19,27921226.0,82.72,1.0452169304594312,EVALUATION,-0.00831313034066472
LQD,2022-09-27T00:00:00Z,86.25,86.42,84.86,84.89,34712250.0,82.16,1.0438813609255753,EVALUATION,-0.0023733245257080426
LQD,2022-09-28T00:00:00Z,85.77,86.67,85.59,86.6,41280261.0,84.01,1.0392845729201288,EVALUATION,-0.0027444357360951743
LQD,2022-09-29T00:00:00Z,85.79,86.01,85.14,85.95,32079325.0,83.61,1.0353354179944072,EVALUATION,6.838030722278177e-05
LQD,2022-09-30T00:00:00Z,86.25,86.67,85.73,85.74,24627930.0,83.4,1.0306815313738096,EVALUATION,0.006557301394713555
LQD,2022-10-03T00:00:00Z,87.0,88.03,86.81,87.32,27929460.0,84.39,1.0289580999923327,EVALUATION,0.0026809166502601567
LQD,2022-10-04T00:00:00Z,88.0,88.26,87.62,87.73,22234223.0,84.56,1.0302547967889852,EVALUATION,0.0018236696598888935
LQD,2022-10-05T00:00:00Z,87.05,87.23,86.44,87.06,25198441.0,83.76,1.0334218271865705,EVALUATION,0.003194615313221516
LQD,2022-10-06T00:00:00Z,87.05,87.27,86.65,86.86,22129745.0,83.3,1.0372020694683899,EVALUATION,-0.004979021311494969
LQD,2022-10-07T00:00:00Z,86.35,86.41,85.95,86.0,21389074.0,82.89,1.0398745165726018,EVALUATION,-0.003158318533668991
LQD,2022-10-10T00:00:00Z,85.97,86.02,84.88,85.22,6363287.0,82.4,1.039884993311692,EVALUATION,-0.004543380582068379
LQD,2022-10-11T00:00:00Z,85.45,85.79,84.84,85.05,31194503.0,82.61,1.0381600000345526,EVALUATION,-0.004444148400354786
LQD,2022-10-12T00:00:00Z,84.95,85.21,84.66,84.95,19658840.0,82.88,1.0337597603357194,EVALUATION,0.005988717528593868
LQD,2022-10-13T00:00:00Z,83.29,85.34,83.28,85.1,20768809.0,82.53,1.0295785151460592,EVALUATION,-0.004061991914630303
LQD,2022-10-14T00:00:00Z,85.63,85.63,84.19,84.28,20901816.0,82.07,1.0285508119709463,EVALUATION,0.003768111759851145
LQD,2022-10-17T00:00:00Z,85.02,85.37,84.63,84.69,16616686.0,82.16,1.0276814307228266,EVALUATION,0.00334789644068767
LQD,2022-10-18T00:00:00Z,85.2,85.32,84.39,85.19,23568739.0,82.37,1.029620665652568,EVALUATION,-0.0032933119111893117
LQD,2022-10-19T00:00:00Z,84.42,84.67,83.91,84.02,16481312.0,81.51,1.0306525236535846,EVALUATION,-0.0012046631961689647
LQD,2022-10-20T00:00:00Z,83.81,84.27,83.21,83.29,22525292.0,80.9,1.0319410355331835,EVALUATION,0.0006565292815059465
LQD,2022-10-21T00:00:00Z,82.9,83.66,82.63,83.53,19161108.0,81.08,1.0315240594418322,EVALUATION,0.0008778148886831039
LQD,2022-10-24T00:00:00Z,83.44,83.95,82.98,83.49,16544303.0,80.97,1.0301844941459464,EVALUATION,0.0008212496778750022
LQD,2022-10-25T00:00:00Z,84.21,84.96,84.21,84.6,23428410.0,81.98,1.0302941176053484,EVALUATION,-0.0005132717026641309
LQD,2022-10-26T00:00:00Z,84.81,85.4,84.72,84.99,23559005.0,82.4,1.031099573989587,EVALUATION,-0.002571419024739452
LQD,2022-10-27T00:00:00Z,85.28,85.72,84.97,85.38,22230031.0,82.99,1.031504563747595,EVALUATION,0.007289569216316738
LQD,2022-10-28T00:00:00Z,85.05,85.69,85.01,85.56,20423890.0,82.56,1.0307299012228393,EVALUATION,-0.0007736309077270853
LQD,2022-10-31T00:00:00Z,85.26,85.37,84.78,85.1,24701826.0,82.18,1.0321892995256963,EVALUATION,0.007289721710875829
LQD,2022-11-01T00:00:00Z,85.99,86.06,85.22,85.71,26890816.0,82.17,1.0335558730981134,EVALUATION,-0.0030797876756439857
LQD,2022-11-02T00:00:00Z,85.83,86.68,85.08,85.3,23311824.0,82.03,1.0383167951433068,EVALUATION,0.0007544061811372016
LQD,2022-11-03T00:00:00Z,84.5,85.21,84.23,84.99,52743685.0,81.67,1.0394922135712406,EVALUATION,0.004081783013733409
LQD,2022-11-04T00:00:00Z,85.24,85.52,84.78,85.16,16712019.0,81.5,1.0411987610483706,EVALUATION,-8.192446120902641e-05
LQD,2022-11-07T00:00:00Z,85.2,85.26,84.67,84.85,13428281.0,81.21,1.0418076140099473,EVALUATION,-0.002524501069816276
LQD,2022-11-08T00:00:00Z,85.06,85.47,84.94,85.2,19206007.0,81.75,1.0434604812305714,EVALUATION,-0.005889865184993792
LQD,2022-11-09T00:00:00Z,84.94,85.42,84.77,84.99,12204080.0,82.03,1.043977292190169,EVALUATION,0.010984877970813933
LQD,2022-11-10T00:00:00Z,86.83,87.92,86.8,87.83,28447717.0,83.87,1.0410360868303663,EVALUATION,0.004759497984748617
LQD,2022-11-11T00:00:00Z,87.69,88.21,87.57,88.07,8578264.0,83.7,1.0418340412192233,EVALUATION,-0.0027200856709640453
LQD,2022-11-14T00:00:00Z,87.76,87.97,87.6,87.62,22501593.0,83.5,1.045170187862068,EVALUATION,0.006498611997643566
LQD,2022-11-15T00:00:00Z,88.53,88.88,88.28,88.84,25504493.0,84.12,1.0495891738569199,EVALUATION,0.0013031596764809805
LQD,2022-11-16T00:00:00Z,89.1,89.78,88.92,89.6,24648838.0,84.73,1.0525539702495588,EVALUATION,0.0013701084115933515
LQD,2022-11-17T00:00:00Z,88.87,89.2,88.62,89.12,24106635.0,84.16,1.0543094422074066,EVALUATION,0.0034524305247420894
LQD,2022-11-18T00:00:00Z,89.38,89.52,88.94,89.11,14214136.0,83.86,1.0575074568245602,EVALUATION,-0.0008626392433129793
LQD,2022-11-21T00:00:00Z,89.44,89.58,88.97,88.98,9664122.0,83.81,1.0596721308162687,EVALUATION,0.0031511594542330545
LQD,2022-11-22T00:00:00Z,89.43,89.89,89.32,89.77,15050372.0,84.29,1.0610756170963918,EVALUATION,0.004686909440589027
LQD,2022-11-23T00:00:00Z,90.08,90.7,90.05,90.67,12511516.0,84.74,1.063101711148837,EVALUATION,0.0012286266148793246
LQD,2022-11-25T00:00:00Z,90.72,90.78,90.54,90.76,4413866.0,84.72,1.06555985047816,EVALUATION,-0.007515852910955356
LQD,2022-11-28T00:00:00Z,90.83,90.86,90.02,90.11,18815782.0,84.75,1.0687620250687744,EVALUATION,-0.0007461087382873988
LQD,2022-11-29T00:00:00Z,89.7,89.95,89.47,89.66,23040034.0,84.39,1.06817242319679,EVALUATION,0.0031512313228070354
LQD,2022-11-30T00:00:00Z,89.61,90.77,89.26,90.75,20930127.0,85.15,1.0656622227998016,EVALUATION,0.0016400809461185606
LQD,2022-12-01T00:00:00Z,91.18,91.93,90.92,91.89,30830244.0,86.08,1.0638197632988857,EVALUATION,0.004003165049855539
LQD,2022-12-02T00:00:00Z,91.25,92.45,91.07,92.45,16908917.0,86.26,1.0652366017661319,EVALUATION,0.0016565561974019039
LQD,2022-12-05T00:00:00Z,91.85,91.85,91.26,91.66,19612021.0,85.38,1.0683404812998216,EVALUATION,-0.003152775130595309
LQD,2022-12-06T00:00:00Z,91.98,92.07,91.7,91.94,18220795.0,85.91,1.0709362248471082,EVALUATION,0.0023641255157551555
LQD,2022-12-07T00:00:00Z,92.42,93.01,92.33,92.96,22116741.0,86.66,1.0718343516078157,EVALUATION,0.002534659756033064
LQD,2022-12-08T00:00:00Z,92.72,92.96,92.44,92.67,18285622.0,86.17,1.0721470528987371,EVALUATION,-0.0001265062867000788
LQD,2022-12-09T00:00:00Z,92.35,92.43,91.94,91.97,15568806.0,85.53,1.0727733060994702,EVALUATION,0.00020697429777383203
LQD,2022-12-12T00:00:00Z,92.62,92.72,91.8,91.86,13988352.0,85.41,1.0744751343028607,EVALUATION,-0.00030643292724663596
LQD,2022-12-13T00:00:00Z,93.58,93.69,92.49,92.66,19976177.0,86.18,1.0754151974289508,EVALUATION,-0.0019214974135171037
LQD,2022-12-14T00:00:00Z,92.65,92.87,91.9,92.74,19894854.0,86.42,1.0753349223347672,EVALUATION,-0.0009887965833514922
LQD,2022-12-15T00:00:00Z,92.82,92.98,92.51,92.82,16931212.0,86.58,1.0746135895257478,EVALUATION,-0.0017684135331192952
LQD,2022-12-16T00:00:00Z,91.93,92.54,91.93,92.42,16643925.0,86.36,1.0734649171441986,EVALUATION,-0.001957152532505946
LQD,2022-12-19T00:00:00Z,91.89,91.91,91.27,91.49,14746156.0,85.66,1.0717915557780093,EVALUATION,-0.004566651457680426
LQD,2022-12-20T00:00:00Z,90.62,90.69,90.27,90.41,18678040.0,85.04,1.0701010729657867,EVALUATION,0.0055641395532406435
LQD,2022-12-21T00:00:00Z,90.99,91.12,90.69,91.03,15087958.0,85.15,1.0671259670979245,EVALUATION,0.00013261164764777345
LQD,2022-12-22T00:00:00Z,90.99,91.13,90.8,91.01,13957359.0,85.12,1.0667537117231765,EVALUATION,0.0013877007236254846
LQD,2022-12-23T00:00:00Z,90.64,90.94,90.53,90.73,5992368.0,84.74,1.067132597517513,EVALUATION,-0.0045168342030307285
LQD,2022-12-27T00:00:00Z,90.1,90.28,89.52,89.56,10456237.0,84.03,1.069645948262303,EVALUATION,-0.0006272882507506461
LQD,2022-12-28T00:00:00Z,89.89,90.02,89.28,89.28,10050851.0,83.82,1.0685643550323223,EVALUATION,0.002045714318701375
LQD,2022-12-29T00:00:00Z,89.6,89.95,89.54,89.91,14253319.0,84.24,1.0672120737833877,EVALUATION,-0.002073654851432738
LQD,2022-12-30T00:00:00Z,89.67,89.78,89.13,89.35,8528239.0,83.89,1.066085702318333,EVALUATION,-0.0008092378279627166
LQD,2023-01-03T00:00:00Z,90.63,90.67,89.7,89.97,15589919.0,84.54,1.0658441692638376,EVALUATION,-0.0004640376537465851
LQD,2023-01-04T00:00:00Z,90.7,90.76,90.27,90.62,13951910.0,85.19,1.065540957762088,EVALUATION,0.0006361596233576128
LQD,2023-01-05T00:00:00Z,89.91,90.64,89.91,90.55,9848140.0,85.07,1.0643516855169406,EVALUATION,0.0035315834681115543
LQD,2023-01-06T00:00:00Z,90.7,92.17,90.58,92.03,20694896.0,86.16,1.0641291214631112,EVALUATION,0.0014670390776250208
LQD,2023-01-09T00:00:00Z,91.9,92.62,91.81,92.4,20449772.0,86.38,1.0654288254266,EVALUATION,0.00278824363103114
LQD,2023-01-10T00:00:00Z,91.96,92.23,91.73,92.08,19225234.0,85.84,1.0674128863514634,EVALUATION,0.0021722267520525307
LQD,2023-01-11T00:00:00Z,92.64,92.91,92.52,92.87,19541687.0,86.39,1.0701715011982975,EVALUATION,0.002393058201771492
LQD,2023-01-12T00:00:00Z,93.12,93.94,92.58,93.92,18372676.0,87.16,1.0724647076484721,EVALUATION,0.0020834424618453307
LQD,2023-01-13T00:00:00Z,93.6,93.97,93.48,93.62,21077697.0,86.7,1.0750868592259903,EVALUATION,-0.0005175157764326643
LQD,2023-01-17T00:00:00Z,93.23,93.57,93.15,93.28,20745088.0,86.43,1.077460883411254,EVALUATION,-0.001851717617584292
LQD,2023-01-18T00:00:00Z,94.64,94.87,93.95,94.37,27794606.0,87.6,1.0788762856741165,EVALUATION,-7.271243134610028e-05
LQD,2023-01-19T00:00:00Z,93.96,94.26,93.86,94.18,18085791.0,87.43,1.0787844829885953,EVALUATION,0.0013166981724201943
LQD,2023-01-20T00:00:00Z,93.71,93.8,93.32,93.69,15439988.0,86.86,1.0779142047371042,EVALUATION,0.0003501266061642916
LQD,2023-01-23T00:00:00Z,93.35,93.66,93.28,93.41,18814703.0,86.57,1.0777066692317314,EVALUATION,-0.00042292690721201787
LQD,2023-01-24T00:00:00Z,93.47,94.01,93.15,93.91,12419659.0,87.07,1.0782827024925743,EVALUATION,-0.0007225614763981536
LQD,2023-01-25T00:00:00Z,93.82,94.03,93.5,93.95,15449981.0,87.17,1.078733656374517,EVALUATION,0.0031305109766061046
LQD,2023-01-26T00:00:00Z,94.01,94.13,93.53,93.91,13250343.0,86.86,1.0784492465723368,EVALUATION,-0.0012633040884304503
LQD,2023-01-27T00:00:00Z,93.53,93.78,93.46,93.64,8914293.0,86.72,1.0791672093883873,EVALUATION,-0.000624250288850603
LQD,2023-01-30T00:00:00Z,93.36,93.74,93.23,93.29,20019840.0,86.45,1.0795803978834282,EVALUATION,0.0020922586899647655
LQD,2023-01-31T00:00:00Z,93.79,94.04,93.28,93.96,27212326.0,86.89,1.08002767344829,EVALUATION,0.002860138729840589
LQD,2023-02-01T00:00:00Z,94.25,95.12,93.75,94.91,29127269.0,87.52,1.0800950576781683,EVALUATION,0.0019321200475308498
LQD,2023-02-02T00:00:00Z,95.51,95.64,94.95,95.05,18958917.0,87.48,1.0816419892809397,EVALUATION,-0.000617127606171719
LQD,2023-02-03T00:00:00Z,94.1,94.27,93.75,93.97,16053911.0,86.54,1.0841130512170223,EVALUATION,0.0008980758602034067
LQD,2023-02-06T00:00:00Z,93.49,93.52,93.18,93.24,18455449.0,85.79,1.085609386384113,EVALUATION,-0.0007696654741763398
LQD,2023-02-07T00:00:00Z,93.08,93.61,92.82,92.94,25191283.0,85.58,1.0864100914702042,EVALUATION,-0.0027708247116740026
LQD,2023-02-08T00:00:00Z,93.02,93.2,92.62,93.03,16484353.0,85.9,1.0862325372260868,EVALUATION,-0.003844229151360956
LQD,2023-02-09T00:00:00Z,93.47,93.48,92.2,92.25,21637539.0,85.51,1.0852816175556346,EVALUATION,-0.0022513096140199806
LQD,2023-02-10T00:00:00Z,92.13,92.19,91.57,91.6,16091560.0,85.1,1.0826086950446239,EVALUATION,0.0013616141297931872
LQD,2023-02-13T00:00:00Z,91.69,91.94,91.61,91.94,32223579.0,85.3,1.0794018038305793,EVALUATION,0.0019532336829080066
LQD,2023-02-14T00:00:00Z,91.9,92.11,91.14,91.71,31922257.0,84.92,1.0776816088147914,EVALUATION,-0.0006456332148998545
LQD,2023-02-15T00:00:00Z,91.57,91.63,91.13,91.37,24337613.0,84.66,1.078060414366673,EVALUATION,-0.00479159134720164
LQD,2023-02-16T00:00:00Z,90.92,91.11,90.58,90.63,27910018.0,84.38,1.0790195746177325,EVALUATION,0.0011279187427752912
LQD,2023-02-17T00:00:00Z,90.34,90.99,90.29,90.99,18528930.0,84.62,1.077761833742307,EVALUATION,-0.0033052478826813836
LQD,2023-02-21T00:00:00Z,90.26,90.32,89.66,89.7,21136090.0,83.7,1.076201868730678,EVALUATION,0.0009949533091189178
LQD,2023-02-22T00:00:00Z,90.06,90.34,89.91,89.95,20971723.0,83.85,1.0736773282326117,EVALUATION,0.004076935341074117
LQD,2023-02-23T00:00:00Z,90.22,90.69,90.15,90.66,21144613.0,84.17,1.0732370854694333,EVALUATION,-0.0014413855375156048
LQD,2023-02-24T00:00:00Z,89.98,90.15,89.75,89.98,26720841.0,83.66,1.073846467159094,EVALUATION,-0.0027744099320927695
LQD,2023-02-27T00:00:00Z,90.22,90.35,89.94,90.01,19660697.0,83.92,1.0751328939003184,EVALUATION,-0.001215798075184793
LQD,2023-02-28T00:00:00Z,89.63,90.11,89.49,90.04,18239108.0,84.05,1.075072946224147,EVALUATION,0.0017519875494558246
LQD,2023-03-01T00:00:00Z,89.79,89.88,89.36,89.48,27249562.0,83.38,1.0731266947978662,EVALUATION,0.004979947036543586
LQD,2023-03-02T00:00:00Z,89.09,89.55,89.0,89.55,23715117.0,83.03,1.072331749099659,EVALUATION,0.0033209122411606007
LQD,2023-03-03T00:00:00Z,90.09,90.62,89.95,90.57,27316902.0,83.7,1.0743173226311649,EVALUATION,-0.0009681812083802699
LQD,2023-03-06T00:00:00Z,90.85,90.89,90.27,90.32,14688597.0,83.55,1.077921239341719,EVALUATION,-0.00288762503584572
LQD,2023-03-07T00:00:00Z,90.5,90.6,89.86,90.07,22431808.0,83.56,1.080544670280238,EVALUATION,-0.0013063479216179896
LQD,2023-03-08T00:00:00Z,90.34,90.57,89.7,89.92,29396507.0,83.53,1.0803387556000121,EVALUATION,-0.00711498798777932
LQD,2023-03-09T00:00:00Z,89.99,90.28,89.7,89.84,24552458.0,84.05,1.0784789583416137,EVALUATION,-0.0041938527240972245
LQD,2023-03-10T00:00:00Z,90.85,91.39,90.63,91.12,36906038.0,85.6,1.0744317060636874,EVALUATION,-0.011271569584731855
LQD,2023-03-13T00:00:00Z,91.62,92.35,90.84,91.2,47445644.0,86.64,1.0699576698347535,EVALUATION,0.006503924284395279
LQD,2023-03-14T00:00:00Z,91.14,91.76,90.79,90.93,49782092.0,85.82,1.0620017090600766,EVALUATION,-0.004881047016608964
LQD,2023-03-15T00:00:00Z,91.53,92.22,91.27,91.8,50591519.0,87.06,1.0588869300906978,EVALUATION,0.007434283921088136
LQD,2023-03-16T00:00:00Z,92.18,92.39,91.38,91.66,37961938.0,86.28,1.055540006387848,EVALUATION,-0.006803428161825442
LQD,2023-03-17T00:00:00Z,91.94,92.49,91.8,92.12,32011560.0,87.3,1.0587811876906645,EVALUATION,0.001078204185088416
LQD,2023-03-20T00:00:00Z,92.2,92.37,91.76,91.85,24035091.0,86.95,1.057337415333184,EVALUATION,0.013531074710843027
LQD,2023-03-21T00:00:00Z,92.23,92.34,91.87,92.29,29109385.0,86.19,1.0579737541222274,EVALUATION,-0.007375470947165619
LQD,2023-03-22T00:00:00Z,92.22,93.49,91.97,92.83,31434683.0,87.33,1.0607800037299044,EVALUATION,-0.0028168668697321486
LQD,2023-03-23T00:00:00Z,92.74,93.17,92.46,93.1,28703818.0,87.83,1.0633692004267694,EVALUATION,0.0028872175559342406
LQD,2023-03-24T00:00:00Z,93.35,93.57,93.14,93.39,26204067.0,87.85,1.0645852172798609,EVALUATION,0.0003009637067046267
LQD,2023-03-27T00:00:00Z,92.54,92.98,92.24,92.27,16527896.0,86.77,1.0620146059082545,EVALUATION,-0.0011578053739620398
LQD,2023-03-28T00:00:00Z,92.17,92.31,91.91,92.11,14138026.0,86.72,1.0621500925268987,EVALUATION,0.006398036140007668
LQD,2023-03-29T00:00:00Z,91.93,92.57,91.89,92.54,17505987.0,86.57,1.0628673531650066,EVALUATION,-9.687701990990227e-05
LQD,2023-03-30T00:00:00Z,92.54,92.86,92.52,92.67,18267184.0,86.7,1.0648338519832345,EVALUATION,0.003420180175739862
LQD,2023-03-31T00:00:00Z,93.07,93.57,92.86,93.5,19187433.0,87.18,1.0666579081823977,EVALUATION,0.0013933431722186196
LQD,2023-04-03T00:00:00Z,93.42,94.15,93.27,94.07,20093549.0,87.59,1.0701044522400611,EVALUATION,-0.005117778111154436
LQD,2023-04-04T00:00:00Z,93.63,94.3,93.52,94.19,20317725.0,88.15,1.0717776235887726,EVALUATION,-0.0009061709363960002
LQD,2023-04-05T00:00:00Z,94.32,94.63,94.17,94.5,14674821.0,88.52,1.0716647693983494,EVALUATION,-0.001291287414197484
LQD,2023-04-06T00:00:00Z,94.55,94.64,94.33,94.41,14191317.0,88.55,1.0700186572345212,EVALUATION,0.005383285932048731
LQD,2023-04-10T00:00:00Z,93.94,94.04,93.57,93.98,10825516.0,87.67,1.0674174081995418,EVALUATION,2.297545742946383e-05
LQD,2023-04-11T00:00:00Z,93.99,94.09,93.74,93.95,14510124.0,87.64,1.0685690351075683,EVALUATION,-0.004981370641763849
LQD,2023-04-12T00:00:00Z,94.35,94.39,93.61,93.75,20049150.0,87.89,1.0700502792584712,EVALUATION,0.00511291235256206
LQD,2023-04-13T00:00:00Z,94.04,94.17,93.74,93.92,18589080.0,87.6,1.070215929573765,EVALUATION,0.0016079943680815667
LQD,2023-04-14T00:00:00Z,93.65,93.76,93.3,93.61,16218869.0,87.17,1.0702731526006861,EVALUATION,6.764719395202512e-06
LQD,2023-04-17T00:00:00Z,93.33,93.42,92.91,93.02,11891447.0,86.62,1.0708996661985302,EVALUATION,0.0017163617350943738
LQD,2023-04-18T00:00:00Z,93.2,93.47,93.19,93.33,10522421.0,86.76,1.0733035617573707,EVALUATION,-0.0028459448536912735
LQD,2023-04-19T00:00:00Z,93.09,93.1,92.81,92.86,14023702.0,86.57,1.074496902543163,EVALUATION,-0.0021220715267389334
LQD,2023-04-20T00:00:00Z,93.08,93.36,93.06,93.21,16076093.0,87.08,1.0740900147713446,EVALUATION,0.003170120250936659
LQD,2023-04-21T00:00:00Z,93.57,93.62,92.97,93.27,18480672.0,86.86,1.0729263815920922,EVALUATION,-0.0005546550151958041
LQD,2023-04-24T00:00:00Z,93.36,93.71,93.36,93.68,7974329.0,87.29,1.0722833060908725,EVALUATION,-0.005368869182585945
LQD,2023-04-25T00:00:00Z,94.09,94.33,94.05,94.1,17038774.0,88.15,1.072465405092094,EVALUATION,-0.0006062750492317193
LQD,2023-04-26T00:00:00Z,94.19,94.24,93.59,93.68,19635158.0,87.81,1.0714999193980965,EVALUATION,0.0029757936527617934
LQD,2023-04-27T00:00:00Z,93.53,93.6,93.3,93.34,14629664.0,87.23,1.0691839072929967,EVALUATION,0.000254665650345709
LQD,2023-04-28T00:00:00Z,93.98,94.12,93.71,94.07,18882069.0,87.89,1.068130723203805,EVALUATION,-0.004325207044189816
LQD,2023-05-01T00:00:00Z,93.54,93.57,92.4,92.55,20790012.0,86.85,1.0690695847781602,EVALUATION,-0.00090937167884797
LQD,2023-05-02T00:00:00Z,92.89,93.68,92.78,93.67,21547123.0,87.98,1.068663424437072,EVALUATION,-0.0049910408658975225
LQD,2023-05-03T00:00:00Z,93.85,94.06,93.45,93.82,15750834.0,88.56,1.066873117806619,EVALUATION,-0.00254542853109907
LQD,2023-05-04T00:00:00Z,93.3,93.81,93.2,93.56,17811686.0,88.54,1.0632329824495002,EVALUATION,0.0015734803138230946
LQD,2023-05-05T00:00:00Z,93.32,93.44,93.02,93.2,12130812.0,88.06,1.0602553626492972,EVALUATION,-0.001056658598945881
LQD,2023-05-08T00:00:00Z,92.68,92.75,92.41,92.53,16424827.0,87.52,1.0581538640378967,EVALUATION,0.0007103037485148844
LQD,2023-05-09T00:00:00Z,92.54,92.72,92.47,92.49,15860273.0,87.42,1.057436963333444,EVALUATION,0.00045737568097115044
LQD,2023-05-10T00:00:00Z,93.09,93.24,92.95,93.22,15815728.0,88.07,1.057869744704512,EVALUATION,0.00011481280847092101
LQD,2023-05-11T00:00:00Z,93.8,93.8,93.47,93.58,12261773.0,88.4,1.057905384184711,EVALUATION,-9.556998198356759e-05
LQD,2023-05-12T00:00:00Z,93.58,93.65,92.99,93.01,10797190.0,87.87,1.0583564597070307,EVALUATION,-0.0030996763687283213
LQD,2023-05-15T00:00:00Z,92.53,92.6,92.39,92.51,20334841.0,87.67,1.0585230006315893,EVALUATION,-0.0018867369216553076
LQD,2023-05-16T00:00:00Z,92.11,92.2,91.95,92.04,25934843.0,87.39,1.0574332720465225,EVALUATION,0.003204027920814756
LQD,2023-05-17T00:00:00Z,92.22,92.29,91.94,92.04,25387071.0,87.11,1.0556374268236464,EVALUATION,0.001961770525869433
LQD,2023-05-18T00:00:00Z,91.81,91.81,91.52,91.65,21383492.0,86.57,1.0550039617931846,EVALUATION,0.00261172586999181
LQD,2023-05-19T00:00:00Z,91.64,91.79,91.44,91.54,22194579.0,86.24,1.0561618984493921,EVALUATION,0.0014183201236478427
LQD,2023-05-22T00:00:00Z,91.6,91.81,91.44,91.5,15526846.0,86.08,1.058910782230349,EVALUATION,0.0004501086801957932
LQD,2023-05-23T00:00:00Z,91.4,91.78,91.26,91.69,15529271.0,86.22,1.0610339736914722,EVALUATION,-0.0013746611572953427
LQD,2023-05-24T00:00:00Z,91.74,91.78,91.28,91.33,16688864.0,86.0,1.062621147172919,EVALUATION,0.002994278351696855
LQD,2023-05-25T00:00:00Z,91.44,91.5,91.0,91.03,18743442.0,85.46,1.0627945949875628,EVALUATION,0.0024120809564327494
LQD,2023-05-26T00:00:00Z,91.05,91.45,90.98,91.42,15848509.0,85.62,1.0635319305991129,EVALUATION,-0.0003870771375824589
LQD,2023-05-30T00:00:00Z,91.82,92.1,91.77,92.1,21581395.0,86.29,1.0649648723341325,EVALUATION,-0.00045840673868347004
LQD,2023-05-31T00:00:00Z,92.08,92.5,91.93,92.41,24052320.0,86.62,1.0667496552142886,EVALUATION,0.00025925241408208954
LQD,2023-06-01T00:00:00Z,92.7,92.91,92.55,92.69,26084470.0,86.86,1.0673053199515106,EVALUATION,0.005246655052617011
LQD,2023-06-02T00:00:00Z,92.77,92.83,92.36,92.44,17086644.0,86.17,1.0670980935118803,EVALUATION,-0.0018154165482610063
LQD,2023-06-05T00:00:00Z,92.15,92.59,92.01,92.24,15553464.0,86.14,1.0689087767780565,EVALUATION,0.0012548905339964112
LQD,2023-06-06T00:00:00Z,92.27,92.45,92.02,92.42,25228380.0,86.2,1.0702325325586826,EVALUATION,-0.0016721554127704374
LQD,2023-06-07T00:00:00Z,92.35,92.45,91.54,91.59,26526735.0,85.57,1.071911955883306,EVALUATION,0.00010808491633818029
LQD,2023-06-08T00:00:00Z,91.69,92.26,91.67,92.21,16579930.0,86.14,1.0711081612729483,EVALUATION,0.0007714998876867663
LQD,2023-06-09T00:00:00Z,92.01,92.1,91.81,91.96,12059963.0,85.84,1.0709920711870415,EVALUATION,0.0016313466651696196
LQD,2023-06-12T00:00:00Z,92.16,92.26,91.67,92.26,14229484.0,85.98,1.0707046247679044,EVALUATION,0.0025423211312508576
LQD,2023-06-13T00:00:00Z,92.4,92.5,91.7,91.84,19385201.0,85.37,1.0716007858088228,EVALUATION,0.0018691566613702193
LQD,2023-06-14T00:00:00Z,92.11,92.36,91.68,92.13,30280078.0,85.48,1.0733744742444633,EVALUATION,0.0009622778254629871
LQD,2023-06-15T00:00:00Z,92.61,92.95,92.4,92.93,23426243.0,86.14,1.0755413216786047,EVALUATION,0.002573607148201096
LQD,2023-06-16T00:00:00Z,92.64,92.85,92.43,92.77,13184485.0,85.77,1.0774696304832379,EVALUATION,0.00052582148720548
LQD,2023-06-20T00:00:00Z,92.9,93.2,92.9,93.1,22272709.0,86.03,1.0794115872708447,EVALUATION,-0.0020040220276368315
LQD,2023-06-21T00:00:00Z,92.71,93.11,92.44,93.0,17521727.0,86.11,1.080873140269346,EVALUATION,0.000529105682528952
LQD,2023-06-22T00:00:00Z,92.65,92.86,92.36,92.52,16007948.0,85.62,1.0812693960470332,EVALUATION,-0.0015025066267231324
LQD,2023-06-23T00:00:00Z,93.14,93.14,92.6,92.77,13102780.0,85.98,1.0809277392794254,EVALUATION,-0.0012567003268630916
LQD,2023-06-26T00:00:00Z,93.02,93.05,92.83,92.88,14642282.0,86.19,1.0798581456984886,EVALUATION,0.0022963583549714395
LQD,2023-06-27T00:00:00Z,92.97,93.15,92.57,92.77,15749308.0,85.89,1.0790599049325331,EVALUATION,0.00046098054053689275
LQD,2023-06-28T00:00:00Z,92.9,93.2,92.71,93.18,17806179.0,86.23,1.0788978413053032,EVALUATION,0.0025856041175513766
LQD,2023-06-29T00:00:00Z,92.49,92.57,92.18,92.47,25554520.0,85.35,1.079440023208431,EVALUATION,0.005244773253777479
LQD,2023-06-30T00:00:00Z,92.71,93.21,92.55,93.15,20839491.0,85.53,1.0813740210183405,EVALUATION,0.0015347705026892422
LQD,2023-07-03T00:00:00Z,93.22,93.47,92.89,92.89,11791372.0,85.16,1.0843703844167074,EVALUATION,-0.0022907112818634223
LQD,2023-07-05T00:00:00Z,92.74,92.8,92.12,92.23,21463297.0,84.75,1.0877610227743204,EVALUATION,-0.0020503186051800126
LQD,2023-07-06T00:00:00Z,91.5,91.55,91.04,91.29,35240761.0,84.06,1.0893738161826876,EVALUATION,0.00031329827238713026
LQD,2023-07-07T00:00:00Z,91.32,91.59,91.19,91.21,17148043.0,83.96,1.0883466315282095,EVALUATION,3.1457334061402165e-05
LQD,2023-07-10T00:00:00Z,91.33,91.77,91.24,91.68,16360590.0,84.39,1.0868734076821005,EVALUATION,0.0026663477782349343
LQD,2023-07-11T00:00:00Z,91.9,92.18,91.79,92.12,21694276.0,84.57,1.0862484262519445,EVALUATION,-0.0009032308779142184
LQD,2023-07-12T00:00:00Z,92.57,93.05,92.57,92.93,23217323.0,85.39,1.0873368141895121,EVALUATION,-0.0013202789608504073
LQD,2023-07-13T00:00:00Z,93.33,93.61,93.22,93.58,21637478.0,86.1,1.0879868457321453,EVALUATION,-0.0028159029185932383
LQD,2023-07-14T00:00:00Z,93.44,93.54,92.83,92.86,23783985.0,85.68,1.0881505401221236,EVALUATION,-1.865201533246541e-05
LQD,2023-07-17T00:00:00Z,92.84,93.09,92.77,93.01,12260069.0,85.82,1.0863255501442632,EVALUATION,0.0014151381521758655
LQD,2023-07-18T00:00:00Z,93.39,93.48,93.21,93.25,17440605.0,85.92,1.0848186391007992,EVALUATION,0.0022011747320282993
LQD,2023-07-19T00:00:00Z,93.56,93.78,93.4,93.77,20871577.0,86.21,1.0842973698218652,EVALUATION,0.001169149336452957
LQD,2023-07-20T00:00:00Z,93.39,93.42,92.89,93.14,37868031.0,85.53,1.0855949219272942,EVALUATION,0.0010067830790749799
LQD,2023-07-21T00:00:00Z,93.49,93.51,93.23,93.31,16517761.0,85.6,1.087326463302062,EVALUATION,0.001274404882929625
LQD,2023-07-24T00:00:00Z,93.47,93.59,93.17,93.2,17999418.0,85.39,1.0889125217669384,EVALUATION,0.0002643136490134701
LQD,2023-07-25T00:00:00Z,92.95,93.24,92.94,93.05,15029836.0,85.23,1.0901691409311938,EVALUATION,0.0011012840496142928
LQD,2023-07-26T00:00:00Z,93.39,93.55,93.07,93.48,17816824.0,85.53,1.0910948415398822,EVALUATION,-0.0012048261485771983
LQD,2023-07-27T00:00:00Z,93.37,93.45,92.23,92.34,29142590.0,84.59,1.0920547577741162,EVALUATION,0.0031876418617000635
LQD,2023-07-28T00:00:00Z,92.75,92.99,92.59,92.94,18719320.0,84.87,1.0921066557937413,EVALUATION,0.001501403848349625
LQD,2023-07-31T00:00:00Z,92.97,93.36,92.97,93.2,24906680.0,84.98,1.0932182799366268,EVALUATION,-0.003987507285228453
LQD,2023-08-01T00:00:00Z,92.61,92.76,92.2,92.28,22977747.0,84.48,1.0944778798942183,EVALUATION,-0.004164542449856201
LQD,2023-08-02T00:00:00Z,91.75,91.82,91.39,91.71,28516755.0,84.31,1.0947149301759695,EVALUATION,-0.0015874144751997221
LQD,2023-08-03T00:00:00Z,90.97,91.01,90.67,90.89,27692151.0,83.69,1.0922765025386878,EVALUATION,-0.00029231255064954276
LQD,2023-08-04T00:00:00Z,91.22,91.95,91.21,91.83,19998883.0,84.58,1.088710883182425,EVALUATION,8.71252247365284e-05
LQD,2023-08-07T00:00:00Z,91.76,91.8,91.48,91.61,10726335.0,84.37,1.086506922614342,EVALUATION,-0.0011668963193387505
LQD,2023-08-08T00:00:00Z,92.03,92.18,91.85,91.97,17616242.0,84.8,1.0858539801023601,EVALUATION,0.0003889573302204852
LQD,2023-08-09T00:00:00Z,92.09,92.19,91.97,92.06,11514151.0,84.85,1.0853606810449674,EVALUATION,0.0005999648457596374
LQD,2023-08-10T00:00:00Z,92.17,92.4,91.38,91.41,22056382.0,84.2,1.085112620666996,EVALUATION,0.0018343393460228397
LQD,2023-08-11T00:00:00Z,91.09,91.41,91.04,91.1,12803159.0,83.76,1.0850516076968484,EVALUATION,0.0011129755498174854
LQD,2023-08-14T00:00:00Z,91.07,91.31,90.8,91.06,9829320.0,83.63,1.086078087966922,EVALUATION,-0.003358060678463115
LQD,2023-08-15T00:00:00Z,90.85,91.01,90.58,90.58,17279943.0,83.47,1.0873681658847028,EVALUATION,-0.0004624696354679214
LQD,2023-08-16T00:00:00Z,90.51,90.76,90.06,90.18,20773783.0,83.14,1.0872184494244481,EVALUATION,-0.0015694428372561298
LQD,2023-08-17T00:00:00Z,90.06,90.14,89.67,89.93,29797481.0,83.04,1.0862334900110637,EVALUATION,0.0007701210339789988
LQD,2023-08-18T00:00:00Z,89.95,90.37,89.86,90.27,17884061.0,83.29,1.0842762717735002,EVALUATION,0.0002611926496894901
LQD,2023-08-21T00:00:00Z,89.87,89.93,89.54,89.73,19065251.0,82.77,1.0838173629600139,EVALUATION,0.002637205644560492
LQD,2023-08-22T00:00:00Z,89.82,90.07,89.69,90.01,18361542.0,82.81,1.0836213591191057,EVALUATION,0.003241290757574067
LQD,2023-08-23T00:00:00Z,90.6,91.3,90.6,91.28,22620400.0,83.71,1.084946012237413,EVALUATION,0.0004265775661580484
LQD,2023-08-24T00:00:00Z,91.12,91.24,90.94,90.97,20129921.0,83.39,1.0871552365327926,EVALUATION,0.0007894686576302989
LQD,2023-08-25T00:00:00Z,90.93,91.3,90.63,91.02,18521446.0,83.37,1.089425153663301,EVALUATION,0.0003174608445850602
LQD,2023-08-28T00:00:00Z,91.43,91.44,91.09,91.3,15210272.0,83.6,1.0910296885808706,EVALUATION,0.0009382025710498176
LQD,2023-08-29T00:00:00Z,91.25,92.06,91.18,92.03,21843261.0,84.19,1.0915876927179602,EVALUATION,-0.0014125828534172769
LQD,2023-08-30T00:00:00Z,92.08,92.15,91.87,91.9,21533561.0,84.19,1.0923291958601187,EVALUATION,-0.0002782193393588983
LQD,2023-08-31T00:00:00Z,92.06,92.27,91.98,92.06,20534833.0,84.36,1.0922688446975617,EVALUATION,-0.0010051786581967148
LQD,2023-09-01T00:00:00Z,92.06,92.08,91.3,91.4,16514228.0,83.84,1.0919922523157062,EVALUATION,-0.0010285821070039614
LQD,2023-09-05T00:00:00Z,91.13,91.16,90.73,90.75,16272782.0,83.33,1.0910086046715037,EVALUATION,0.001528365266841969
LQD,2023-09-06T00:00:00Z,90.87,90.9,90.46,90.66,17733843.0,83.12,1.0901636011599962,EVALUATION,0.0010434654475881544
LQD,2023-09-07T00:00:00Z,90.78,91.07,90.69,91.06,17295620.0,83.4,1.0899758469197625,EVALUATION,0.000528915764818505
LQD,2023-09-08T00:00:00Z,91.3,91.53,91.13,91.13,18608841.0,83.42,1.0905341026052902,EVALUATION,-0.00018721230019536073
LQD,2023-09-11T00:00:00Z,91.02,91.06,90.84,90.96,13686285.0,83.28,1.0916608750796895,EVALUATION,-0.0016506606444481875
LQD,2023-09-12T00:00:00Z,90.97,90.99,90.78,90.93,15894129.0,83.39,1.0921631407067842,EVALUATION,0.0010003095618500435
LQD,2023-09-13T00:00:00Z,90.84,91.22,90.79,91.13,19975313.0,83.49,1.0916871382493667,EVALUATION,0.0005199880758794961
LQD,2023-09-14T00:00:00Z,91.2,91.29,90.92,90.97,16820958.0,83.3,1.0913818335360612,EVALUATION,0.0014622315893488835
LQD,2023-09-15T00:00:00Z,90.88,90.93,90.64,90.83,21796374.0,83.05,1.0913344370558553,EVALUATION,0.0009083531811751033
LQD,2023-09-18T00:00:00Z,90.66,91.03,90.66,91.0,12182228.0,83.13,1.0924211008938614,EVALUATION,0.00043239570486053314
LQD,2023-09-19T00:00:00Z,90.79,90.88,90.66,90.7,14577789.0,82.82,1.0934754449630273,EVALUATION,0.001055223439895614
LQD,2023-09-20T00:00:00Z,90.99,91.19,90.72,90.73,23736838.0,82.76,1.09449853471088,EVALUATION,-0.0025382168168538444
LQD,2023-09-21T00:00:00Z,89.99,90.01,89.75,89.82,30183779.0,82.14,1.0953732196110246,EVALUATION,0.002105826782206721
LQD,2023-09-22T00:00:00Z,90.03,90.46,89.92,90.37,21849142.0,82.47,1.0949825219698466,EVALUATION,-0.002341115749583067
LQD,2023-09-25T00:00:00Z,89.69,89.95,89.46,89.49,25968614.0,81.86,1.0951979584315559,EVALUATION,-0.0024271288693862303
LQD,2023-09-26T00:00:00Z,89.68,89.74,89.12,89.24,38946540.0,81.83,1.0941664098749209,EVALUATION,-0.0003070451455233769
LQD,2023-09-27T00:00:00Z,89.65,89.73,88.51,88.82,35741205.0,81.47,1.0931846373397303,EVALUATION,-0.0008989844261988456
LQD,2023-09-28T00:00:00Z,88.44,88.99,88.16,88.98,34650088.0,81.69,1.0913262535148498,EVALUATION,-0.0024925241198098247
LQD,2023-09-29T00:00:00Z,89.45,89.57,88.58,88.78,28143009.0,81.71,1.0900035512082116,EVALUATION,-0.0009239457486076574
LQD,2023-10-02T00:00:00Z,88.36,88.5,87.89,87.97,18787795.0,81.04,1.0886608613310218,EVALUATION,-0.003213664556962814
LQD,2023-10-03T00:00:00Z,87.69,87.83,86.84,86.96,30830270.0,80.37,1.0870928842863161,EVALUATION,0.002393999051534923
LQD,2023-10-04T00:00:00Z,87.45,87.76,87.08,87.72,25863629.0,80.88,1.0846782044635177,EVALUATION,-0.003232229335043857
LQD,2023-10-05T00:00:00Z,87.84,88.02,87.47,87.61,21155708.0,81.04,1.084026276418555,EVALUATION,0.002955303235768647
LQD,2023-10-06T00:00:00Z,86.77,87.54,86.64,87.35,21668018.0,80.56,1.0825455261717634,EVALUATION,-0.00042144882786709914
LQD,2023-10-09T00:00:00Z,87.79,88.46,87.64,88.43,6398571.0,81.59,1.0833086046382583,EVALUATION,0.0024133598157404235
LQD,2023-10-10T00:00:00Z,88.03,88.82,87.87,88.47,23168143.0,81.43,1.0830632947130805,EVALUATION,0.0005775451495266815
LQD,2023-10-11T00:00:00Z,88.99,89.06,88.61,89.01,22655869.0,81.88,1.08485781057683,EVALUATION,-0.0007999984852101738
LQD,2023-10-12T00:00:00Z,88.88,88.97,87.89,88.08,27899886.0,81.09,1.0857890261502134,EVALUATION,-0.0008495035119251426
LQD,2023-10-13T00:00:00Z,88.81,88.88,88.4,88.57,20716420.0,81.61,1.0865779310771713,EVALUATION,-0.0008830417020830872
LQD,2023-10-16T00:00:00Z,88.08,88.2,87.92,87.96,25991987.0,81.12,1.0861876119485983,EVALUATION,0.001780495975847285
LQD,2023-10-17T00:00:00Z,87.19,87.56,86.98,87.26,24273488.0,80.33,1.0852679035958734,EVALUATION,-0.003291516466612854
LQD,2023-10-18T00:00:00Z,86.94,86.99,86.45,86.56,31790818.0,79.95,1.085290777547642,EVALUATION,-0.0030933005725620744
LQD,2023-10-19T00:00:00Z,86.42,86.7,85.86,85.87,41211753.0,79.56,1.0844217797820421,EVALUATION,-0.001822326276528674
LQD,2023-10-20T00:00:00Z,85.94,86.28,85.94,86.21,27130835.0,80.02,1.08275234146102,EVALUATION,0.0030229074212713147
LQD,2023-10-23T00:00:00Z,85.95,87.11,85.83,86.88,21103097.0,80.4,1.079781181889819,EVALUATION,0.00389866963524943
LQD,2023-10-24T00:00:00Z,87.01,87.42,86.86,87.37,24517558.0,80.54,1.079087962558085,EVALUATION,-0.00046512752893024256
LQD,2023-10-25T00:00:00Z,86.88,86.93,86.37,86.57,20957053.0,79.84,1.0809184195259232,EVALUATION,-0.0002376822490999242
LQD,2023-10-26T00:00:00Z,86.65,87.25,86.52,87.2,28046133.0,80.44,1.0832310615557965,EVALUATION,-0.003565652671773112
LQD,2023-10-27T00:00:00Z,87.1,87.21,86.77,87.03,21362859.0,80.57,1.0843779872950765,EVALUATION,0.0003636476637337571
LQD,2023-10-30T00:00:00Z,86.78,86.96,86.5,86.77,20961735.0,80.3,1.0828367019635758,EVALUATION,0.0006188473528521143
LQD,2023-10-31T00:00:00Z,86.88,87.28,86.62,86.64,28805715.0,80.13,1.0815964568407024,EVALUATION,0.0028307532116267353
LQD,2023-11-01T00:00:00Z,87.05,87.92,87.01,87.88,32111812.0,81.05,1.0806648528453797,EVALUATION,0.0056556989692355675
LQD,2023-11-02T00:00:00Z,88.74,89.0,88.59,88.93,31295479.0,81.56,1.0820282672449062,EVALUATION,-0.002654053888011987
LQD,2023-11-03T00:00:00Z,89.95,90.23,89.33,89.37,38496180.0,82.18,1.0852916243101538,EVALUATION,0.00034822323637906383
LQD,2023-11-06T00:00:00Z,89.21,89.21,88.79,88.89,17827753.0,81.71,1.087374255488371,EVALUATION,0.0022353502248091406
LQD,2023-11-07T00:00:00Z,89.22,89.79,89.16,89.6,25518156.0,82.18,1.0885751794060907,EVALUATION,0.0011183530055975943
LQD,2023-11-08T00:00:00Z,89.74,90.13,89.73,90.06,26997081.0,82.51,1.0885507411313242,EVALUATION,-0.00016618555081693298
LQD,2023-11-09T00:00:00Z,89.94,89.94,88.99,89.15,23864124.0,81.69,1.0898884699386675,EVALUATION,0.0038337759255251402
LQD,2023-11-10T00:00:00Z,89.72,89.74,89.42,89.59,18498890.0,81.78,1.0910381717986688,EVALUATION,0.0006007367439575528
LQD,2023-11-13T00:00:00Z,89.3,89.66,89.14,89.6,21439195.0,81.74,1.092775009832707,EVALUATION,0.0006888948844769871
LQD,2023-11-14T00:00:00Z,91.03,91.24,90.9,91.01,28387852.0,82.97,1.0943265069629886,EVALUATION,0.002560011225914538
LQD,2023-11-15T00:00:00Z,90.69,90.72,90.29,90.53,23895027.0,82.32,1.0961870562205747,EVALUATION,0.0007529624969553339
LQD,2023-11-16T00:00:00Z,91.0,91.32,90.93,91.28,21223007.0,82.94,1.097597932208464,EVALUATION,0.002245533184818127
LQD,2023-11-17T00:00:00Z,91.59,91.7,91.33,91.54,25810183.0,82.99,1.0990632876388726,EVALUATION,0.0025959915305502346
LQD,2023-11-20T00:00:00Z,91.43,91.97,91.41,91.91,18529499.0,83.11,1.1011039429391196,EVALUATION,-0.0011059429282442856
LQD,2023-11-21T00:00:00Z,91.93,92.05,91.68,91.93,20273258.0,83.22,1.1031542823579945,EVALUATION,0.004385291746149211
LQD,2023-11-22T00:00:00Z,92.29,92.4,91.94,92.3,18587992.0,83.19,1.1045235233538173,EVALUATION,7.67994840616959e-05
LQD,2023-11-24T00:00:00Z,91.95,92.09,91.81,91.83,6391351.0,82.76,1.10668482121752,EVALUATION,0.00044599559770297503
LQD,2023-11-27T00:00:00Z,92.13,92.59,91.97,92.57,17919475.0,83.39,1.1079215673065117,EVALUATION,-0.0003200891342465262
LQD,2023-11-28T00:00:00Z,92.42,92.98,92.32,92.94,21320767.0,83.75,1.1097291677464798,EVALUATION,0.0029235873569530835
LQD,2023-11-29T00:00:00Z,93.43,93.75,93.3,93.7,20661847.0,84.19,1.109803497384502,EVALUATION,-0.0003595186625566793
LQD,2023-11-30T00:00:00Z,93.49,93.51,93.02,93.21,41950881.0,83.78,1.1109250896968266,EVALUATION,0.00258642002010534
LQD,2023-12-01T00:00:00Z,93.33,94.37,93.21,94.33,27733665.0,84.57,1.1117489410319887,EVALUATION,-0.0004198815414089285
LQD,2023-12-04T00:00:00Z,94.01,94.13,93.69,93.9,28914318.0,84.22,1.1136409448887836,EVALUATION,0.0008752622891159412
LQD,2023-12-05T00:00:00Z,94.32,94.77,94.2,94.64,33315192.0,84.81,1.1143003735141652,EVALUATION,-0.00044089403562619367
LQD,2023-12-06T00:00:00Z,94.93,95.23,94.81,95.0,22544326.0,85.17,1.1154168558590456,EVALUATION,0.0016316222045074102
LQD,2023-12-07T00:00:00Z,94.87,95.26,94.78,95.01,20253370.0,85.04,1.115419813031319,EVALUATION,0.0010996886696980068
LQD,2023-12-08T00:00:00Z,94.47,94.73,94.34,94.5,21624193.0,84.49,1.1161871052974865,EVALUATION,-0.0004358175194961733
LQD,2023-12-11T00:00:00Z,94.37,94.5,93.98,94.47,17714571.0,84.5,1.1170435773289142,EVALUATION,0.003585922834524302
LQD,2023-12-12T00:00:00Z,94.46,95.04,94.3,95.01,22111087.0,84.68,1.1179008904321426,EVALUATION,0.0018555339897343703
LQD,2023-12-13T00:00:00Z,95.37,96.77,95.17,96.6,33623567.0,85.94,1.1194841293736328,EVALUATION,0.0024009480349089785
LQD,2023-12-14T00:00:00Z,97.38,97.93,97.27,97.63,28202255.0,86.65,1.1213389522698596,EVALUATION,-0.0007285653247988133
LQD,2023-12-15T00:00:00Z,97.54,97.67,97.29,97.48,17904113.0,86.58,1.1242484558043353,EVALUATION,-0.0019089036323342023
LQD,2023-12-18T00:00:00Z,97.2,97.3,97.02,97.08,19714482.0,86.39,1.1255506100351622,EVALUATION,-0.0006159722682272939
LQD,2023-12-19T00:00:00Z,97.26,97.49,97.13,97.2,18086971.0,86.55,1.1254509919753293,EVALUATION,-0.0022933293393530008
LQD,2023-12-20T00:00:00Z,97.39,97.54,97.08,97.46,23942016.0,86.98,1.1242288532024751,EVALUATION,0.0011991406276801175
LQD,2023-12-21T00:00:00Z,97.69,97.79,97.19,97.42,24168326.0,86.84,1.122426300698612,EVALUATION,-0.0008237871019800558
LQD,2023-12-22T00:00:00Z,97.56,97.61,97.11,97.25,11037070.0,86.76,1.1217903283042234,EVALUATION,0.0014678201011923964
LQD,2023-12-26T00:00:00Z,97.29,97.52,97.25,97.46,5815964.0,86.82,1.1210763258661076,EVALUATION,0.0016200480927845984
LQD,2023-12-27T00:00:00Z,97.95,98.4,97.8,98.37,13646463.0,87.49,1.121764638831405,EVALUATION,0.00112877740058126
LQD,2023-12-28T00:00:00Z,98.24,98.39,97.97,98.11,14288798.0,87.16,1.122605909769926,EVALUATION,-0.0011452571078468532
LQD,2023-12-29T00:00:00Z,97.78,98.06,97.66,97.75,17956653.0,86.94,1.1241801666880062,EVALUATION,-0.0030712188256946105
LQD,2024-01-02T00:00:00Z,97.11,97.31,96.98,97.09,20621993.0,86.62,1.1247755723744046,EVALUATION,-0.004574874400348983
LQD,2024-01-03T00:00:00Z,96.37,96.96,96.21,96.87,35384946.0,86.82,1.1236141417977865,EVALUATION,0.000414922099731152
LQD,2024-01-04T00:00:00Z,96.28,96.5,96.17,96.33,43111289.0,86.3,1.1203227133556373,EVALUATION,-4.1223204465978824e-05
LQD,2024-01-05T00:00:00Z,96.04,96.79,95.91,95.98,24385518.0,85.99,1.1176173318167293,EVALUATION,0.0044537469902112825
LQD,2024-01-08T00:00:00Z,96.07,96.76,96.05,96.72,29182274.0,86.27,1.1160518391234673,EVALUATION,0.0020020051691062024
LQD,2024-01-09T00:00:00Z,96.57,96.98,96.52,96.88,55126300.0,86.24,1.1178433703855644,EVALUATION,0.0003847308760605017
LQD,2024-01-10T00:00:00Z,97.21,97.31,96.7,96.76,32323509.0,86.1,1.1202280849371384,EVALUATION,0.0006515876296775414
LQD,2024-01-11T00:00:00Z,96.93,97.47,96.63,97.34,50960894.0,86.56,1.122772493017074,EVALUATION,-0.0005125240833148137
LQD,2024-01-12T00:00:00Z,97.65,97.92,97.28,97.56,30478998.0,86.8,1.1239080133257584,EVALUATION,-0.0019678779737107854
LQD,2024-01-16T00:00:00Z,97.03,97.16,96.37,96.57,27124579.0,86.09,1.1241035167470683,EVALUATION,0.0010778218868390255
LQD,2024-01-17T00:00:00Z,96.35,96.5,96.02,96.36,34413972.0,85.81,1.123411365491553,EVALUATION,0.0003461991311861645
LQD,2024-01-18T00:00:00Z,96.51,96.57,96.07,96.18,28325149.0,85.62,1.1228807490893982,EVALUATION,0.0008189503359079531
LQD,2024-01-19T00:00:00Z,96.14,96.3,95.8,96.27,25621460.0,85.63,1.122671594287934,EVALUATION,-0.0003484885202036381
LQD,2024-01-22T00:00:00Z,96.72,96.79,96.42,96.54,17679886.0,85.9,1.123512410248928,EVALUATION,-0.0010643226534485795
LQD,2024-01-23T00:00:00Z,96.32,96.32,95.99,96.19,25439515.0,85.68,1.123818715472356,EVALUATION,0.0008258631449253873
LQD,2024-01-24T00:00:00Z,96.63,96.68,95.92,96.0,26791870.0,85.44,1.1235954033802529,EVALUATION,0.0024531835205992003
LQD,2024-01-25T00:00:00Z,96.51,96.67,96.32,96.64,39484055.0,85.8,1.123375399277592,EVALUATION,-0.0011490992451258508
LQD,2024-01-26T00:00:00Z,96.67,96.68,96.33,96.36,26542316.0,85.65,1.1242005216393849,EVALUATION,-0.0019201200402167995
LQD,2024-01-29T00:00:00Z,96.75,96.97,96.57,96.76,26937649.0,86.17,1.1249932049318108,EVALUATION,0.0019272568626298447
LQD,2024-01-30T00:00:00Z,97.01,97.09,96.58,97.07,30459195.0,86.28,1.1247602363073816,EVALUATION,-0.005769462497347444
LQD,2024-01-31T00:00:00Z,97.48,97.73,97.05,97.32,44733049.0,87.0,1.1243327778131638,EVALUATION,0.001499638590076069
LQD,2024-02-01T00:00:00Z,97.96,98.32,97.6,98.07,42478592.0,87.54,1.122191746752512,EVALUATION,0.0038454998468384627
LQD,2024-02-02T00:00:00Z,97.04,97.25,96.81,97.17,39604957.0,86.4,1.12132216963862,EVALUATION,0.00015136701999929336
LQD,2024-02-05T00:00:00Z,96.49,96.5,96.02,96.24,39266789.0,85.56,1.1211871119453218,EVALUATION,0.0002346284825571754
LQD,2024-02-06T00:00:00Z,96.4,96.94,96.38,96.78,26095192.0,86.02,1.123255110204257,EVALUATION,-0.0011493792275897308
LQD,2024-02-07T00:00:00Z,96.55,96.89,96.41,96.5,23574230.0,85.87,1.1248548837451877,EVALUATION,-0.001920604166679274
LQD,2024-02-08T00:00:00Z,96.22,96.25,95.91,96.0,26063944.0,85.59,1.1245678839090874,EVALUATION,0.0005025411847178196
LQD,2024-02-09T00:00:00Z,95.76,95.95,95.74,95.88,19029163.0,85.44,1.1235017751715677,EVALUATION,-0.0008320325500508208
LQD,2024-02-12T00:00:00Z,95.93,95.97,95.61,95.89,30378950.0,85.52,1.12253638257495,EVALUATION,-6.275217325446558e-05
LQD,2024-02-13T00:00:00Z,95.03,95.19,94.73,94.83,41494173.0,84.58,1.1216918515584016,EVALUATION,0.0010801646844385004
LQD,2024-02-14T00:00:00Z,94.94,95.31,94.92,95.28,41932191.0,84.89,1.1215454127698843,EVALUATION,0.0007412417650383141
LQD,2024-02-15T00:00:00Z,95.81,95.83,95.4,95.62,33255171.0,85.13,1.121612971006739,EVALUATION,0.0007905524267630692
LQD,2024-02-16T00:00:00Z,95.17,95.37,95.06,95.28,26190027.0,84.76,1.1222680111110332,EVALUATION,0.0017067997395916468
LQD,2024-02-20T00:00:00Z,95.6,95.69,95.4,95.6,22386700.0,84.9,1.12324404671142,EVALUATION,0.0006697517630884775
LQD,2024-02-21T00:00:00Z,95.66,95.67,95.22,95.36,23606159.0,84.63,1.1244563594838601,EVALUATION,0.0014548251686972158
LQD,2024-02-22T00:00:00Z,95.5,95.68,95.38,95.51,28705855.0,84.64,1.1256443214073952,EVALUATION,-0.0016761202767987537
LQD,2024-02-23T00:00:00Z,95.55,95.93,95.5,95.79,29856382.0,85.03,1.1270813638531996,EVALUATION,-0.001602978761130136
LQD,2024-02-26T00:00:00Z,95.82,95.82,95.28,95.49,26696254.0,84.9,1.127252346717466,EVALUATION,0.0008765278735274329
LQD,2024-02-27T00:00:00Z,95.43,95.6,95.3,95.36,33453787.0,84.71,1.1265682770604108,EVALUATION,-0.003764410099518445
LQD,2024-02-28T00:00:00Z,95.24,95.41,95.2,95.35,32713529.0,85.02,1.125667203439353,EVALUATION,-0.0010556385943059077
LQD,2024-02-29T00:00:00Z,95.49,95.87,95.31,95.44,45656382.0,85.19,1.1239862869323687,EVALUATION,0.0014991144000684464
LQD,2024-03-01T00:00:00Z,95.23,96.12,94.98,96.02,42971624.0,85.58,1.1225143882553865,EVALUATION,0.00034553543730353464
LQD,2024-03-04T00:00:00Z,95.76,95.97,95.68,95.84,31472003.0,85.39,1.1212704096857733,EVALUATION,-0.0007811062705322946
LQD,2024-03-05T00:00:00Z,96.35,96.62,96.21,96.36,33394272.0,85.92,1.1215633584907303,EVALUATION,0.0002540809487701079
LQD,2024-03-06T00:00:00Z,96.58,96.94,96.55,96.62,33176944.0,86.13,1.12195972301975,EVALUATION,0.0008585078714058447
LQD,2024-03-07T00:00:00Z,96.97,97.0,96.62,96.86,22875723.0,86.27,1.1218935628909477,EVALUATION,0.0007498941912245094
LQD,2024-03-08T00:00:00Z,97.06,97.25,96.91,97.0,29591108.0,86.33,1.1220183876296344,EVALUATION,0.0012614386655855903
LQD,2024-03-11T00:00:00Z,97.01,97.24,96.86,97.01,25360230.0,86.23,1.122714096206204,EVALUATION,0.0009793342810164862
LQD,2024-03-12T00:00:00Z,96.86,96.94,96.61,96.7,30852137.0,85.87,1.123788048566545,EVALUATION,0.001178520861179977
LQD,2024-03-13T00:00:00Z,96.73,96.92,96.57,96.6,30789913.0,85.68,1.1249102940445415,EVALUATION,3.0446961394314798e-06
LQD,2024-03-14T00:00:00Z,96.31,96.31,95.82,95.89,48815400.0,85.05,1.126195452302601,EVALUATION,0.002076526914014165
LQD,2024-03-15T00:00:00Z,95.94,96.05,95.75,95.92,34525581.0,84.9,1.1270087664527706,EVALUATION,-0.0004902004123968906
LQD,2024-03-18T00:00:00Z,95.97,96.02,95.74,95.76,18279958.0,84.8,1.1282350611288152,EVALUATION,-2.4136599359847466e-05
LQD,2024-03-19T00:00:00Z,95.92,96.25,95.86,96.04,22720981.0,85.05,1.1288331620043859,EVALUATION,-0.0005814621136941422
LQD,2024-03-20T00:00:00Z,96.07,96.38,95.67,96.21,41915439.0,85.25,1.1294210514811642,EVALUATION,0.0014417874389507368
LQD,2024-03-21T00:00:00Z,96.51,96.57,96.2,96.36,26546665.0,85.26,1.129008813289375,EVALUATION,-0.001487940046547065
LQD,2024-03-22T00:00:00Z,96.88,96.91,96.64,96.68,20877585.0,85.67,1.1293237212955183,EVALUATION,-0.0007418948279808157
LQD,2024-03-25T00:00:00Z,96.68,96.68,96.3,96.36,23291096.0,85.45,1.1290898190102474,EVALUATION,-0.0017156625206672382
LQD,2024-03-26T00:00:00Z,96.52,96.52,96.2,96.33,27266674.0,85.57,1.1287944704244441,EVALUATION,0.003098766206272252
LQD,2024-03-27T00:00:00Z,96.46,97.0,96.4,97.0,30600504.0,85.9,1.1273128027754178,EVALUATION,3.480431573610332e-06
LQD,2024-03-28T00:00:00Z,96.88,97.15,96.8,96.91,23066240.0,85.82,1.1275473438230226,EVALUATION,-0.0005077423738185649
LQD,2024-04-01T00:00:00Z,96.47,96.47,95.9,95.98,20817224.0,85.04,1.128062994830886,EVALUATION,0.0006580137716838408
LQD,2024-04-02T00:00:00Z,95.5,95.88,95.27,95.84,32433906.0,84.86,1.1290297745900888,EVALUATION,-0.0005523680956200927
LQD,2024-04-03T00:00:00Z,95.49,96.06,95.33,95.9,25198652.0,84.96,1.129086294443236,EVALUATION,-0.0022663428437894595
LQD,2024-04-04T00:00:00Z,96.26,96.26,95.82,96.01,31423843.0,85.25,1.1289338015176351,EVALUATION,0.0021943706377115513
LQD,2024-04-05T00:00:00Z,95.63,95.9,95.54,95.59,25134883.0,84.69,1.1281243566609107,EVALUATION,0.0021388627540542826
LQD,2024-04-08T00:00:00Z,95.5,95.76,95.43,95.58,37054451.0,84.5,1.1278960582749666,EVALUATION,0.0012212700782887609
LQD,2024-04-09T00:00:00Z,95.96,96.12,95.91,96.07,21967289.0,84.83,1.1286819856123933,EVALUATION,-0.0009396759340170036
LQD,2024-04-10T00:00:00Z,95.33,95.33,94.56,94.7,45351668.0,83.7,1.1307764142488623,EVALUATION,-0.0006921183540048448
LQD,2024-04-11T00:00:00Z,94.94,95.02,94.32,94.51,38047922.0,83.59,1.131682099795687,EVALUATION,-0.001845485094355226
LQD,2024-04-12T00:00:00Z,94.92,94.96,94.68,94.72,35119673.0,83.93,1.1315198917043008,EVALUATION,-0.004651371014616323
LQD,2024-04-15T00:00:00Z,94.21,94.21,93.55,93.67,27018476.0,83.39,1.1302062980954852,EVALUATION,0.0005278998089562892
LQD,2024-04-16T00:00:00Z,93.29,93.47,93.04,93.36,34191583.0,83.07,1.1274911073881293,EVALUATION,-0.0007970559719356896
LQD,2024-04-17T00:00:00Z,93.81,94.02,93.6,93.87,26726269.0,83.59,1.1252357066047018,EVALUATION,0.0014452386617260782
LQD,2024-04-18T00:00:00Z,93.93,93.96,93.53,93.68,25998033.0,83.3,1.123376274594172,EVALUATION,-0.00025306450505047096
LQD,2024-04-19T00:00:00Z,94.01,94.03,93.69,93.78,20265571.0,83.41,1.123820831839063,EVALUATION,0.002332658816333044
LQD,2024-04-22T00:00:00Z,93.75,94.05,93.7,94.01,26642442.0,83.42,1.1239722274052684,EVALUATION,0.0003833179751966398
LQD,2024-04-23T00:00:00Z,93.92,94.55,93.79,94.17,26338808.0,83.53,1.1252944794912363,EVALUATION,-0.0008299368571407229
LQD,2024-04-24T00:00:00Z,93.97,94.02,93.54,93.81,24538378.0,83.28,1.1262176597294518,EVALUATION,0.000857702751315137
LQD,2024-04-25T00:00:00Z,93.15,93.58,93.0,93.53,29826535.0,82.96,1.1269227603164504,EVALUATION,0.001076611952435469
LQD,2024-04-26T00:00:00Z,93.89,94.06,93.83,93.89,11784062.0,83.19,1.127077035742717,EVALUATION,0.00018697406103629355
LQD,2024-04-29T00:00:00Z,94.16,94.37,94.04,94.28,18052124.0,83.52,1.127490983696324,EVALUATION,-0.0008459455571322438
LQD,2024-04-30T00:00:00Z,93.9,94.13,93.68,93.76,26008075.0,83.13,1.1282878155077638,EVALUATION,0.0001898702800704477
LQD,2024-05-01T00:00:00Z,94.04,94.64,93.83,94.15,30342950.0,83.46,1.1284415512787829,EVALUATION,0.001593698661412013
LQD,2024-05-02T00:00:00Z,94.23,94.79,94.08,94.74,28044339.0,83.85,1.1282629118838692,EVALUATION,0.0013611869864724735
LQD,2024-05-03T00:00:00Z,95.43,95.75,95.04,95.4,24166830.0,84.32,1.12861069813783,EVALUATION,0.002000017901256479
LQD,2024-05-06T00:00:00Z,95.51,95.67,95.45,95.67,18519817.0,84.39,1.1297880870959203,EVALUATION,-0.0021888400518863538
LQD,2024-05-07T00:00:00Z,95.94,96.08,95.62,95.71,28680400.0,84.61,1.1316480257197488,EVALUATION,0.0003289691776748871
LQD,2024-05-08T00:00:00Z,95.49,95.62,95.41,95.47,19757591.0,84.37,1.1320864891399367,EVALUATION,-0.0015104899077678091
LQD,2024-05-09T00:00:00Z,95.4,95.73,95.3,95.62,25443671.0,84.63,1.1321395482496968,EVALUATION,0.0001711004875410982
LQD,2024-05-10T00:00:00Z,95.44,95.5,95.21,95.32,16291464.0,84.35,1.1308709688244025,EVALUATION,-0.0007658973448807505
LQD,2024-05-13T00:00:00Z,95.54,95.62,95.33,95.36,20464158.0,84.45,1.130492029655575,EVALUATION,-0.0001289557182082568
LQD,2024-05-14T00:00:00Z,95.61,95.74,95.49,95.63,25440420.0,84.7,1.1297005354059118,EVALUATION,0.0014369135470349015
LQD,2024-05-15T00:00:00Z,96.39,96.64,96.16,96.49,33780939.0,85.34,1.1294286339609896,EVALUATION,0.000333828949927395
LQD,2024-05-16T00:00:00Z,96.62,96.63,96.29,96.33,23586569.0,85.17,1.1296288026366827,EVALUATION,0.0007689020442271932
LQD,2024-05-17T00:00:00Z,96.16,96.34,96.08,96.11,21862769.0,84.91,1.1302431974322273,EVALUATION,0.001010795630144501
LQD,2024-05-20T00:00:00Z,96.04,96.14,95.99,96.06,17885197.0,84.78,1.1311967593465926,EVALUATION,-0.0008252243857378438
LQD,2024-05-21T00:00:00Z,96.33,96.37,96.17,96.23,17412027.0,85.0,1.1319955568573807,EVALUATION,-0.0002646478106986816
LQD,2024-05-22T00:00:00Z,95.95,96.23,95.94,96.08,26735598.0,84.89,1.1323574213636622,EVALUATION,-0.0008373720450690625
LQD,2024-05-23T00:00:00Z,96.21,96.24,95.55,95.66,24876093.0,84.59,1.1323285137082129,EVALUATION,0.0014175693226470276
LQD,2024-05-24T00:00:00Z,95.67,95.93,95.6,95.92,11189545.0,84.7,1.1316006087039294,EVALUATION,-0.0003934555852821431
LQD,2024-05-28T00:00:00Z,96.05,96.05,95.28,95.35,15989604.0,84.23,1.131717237173499,EVALUATION,-0.00048109089770342894
LQD,2024-05-29T00:00:00Z,95.0,95.01,94.64,94.84,30016076.0,83.82,1.1317845118840195,EVALUATION,0.0011048257593619937
LQD,2024-05-30T00:00:00Z,95.22,95.45,95.16,95.42,21036461.0,84.24,1.1319864017677748,EVALUATION,-0.00022803667217830004
LQD,2024-05-31T00:00:00Z,95.79,95.96,95.64,95.84,19901445.0,84.63,1.1320692407395025,EVALUATION,0.00038759999581783333
LQD,2024-06-03T00:00:00Z,96.13,96.52,96.09,96.5,20154861.0,85.18,1.1322157302105376,EVALUATION,-0.0015799033318044664
LQD,2024-06-04T00:00:00Z,96.77,97.02,96.62,96.88,24545216.0,85.65,1.1326900113595546,EVALUATION,-0.0003163258763916321
LQD,2024-06-05T00:00:00Z,97.04,97.23,96.69,97.2,26584737.0,85.96,1.1321563292049344,EVALUATION,-0.0001519512377277099
LQD,2024-06-06T00:00:00Z,97.05,97.23,97.01,97.14,22687053.0,85.92,1.1315895136754206,EVALUATION,0.0015187145662023394
LQD,2024-06-07T00:00:00Z,96.33,96.48,96.19,96.27,26228653.0,85.02,1.1308200291398791,EVALUATION,0.00015727789820718652
LQD,2024-06-10T00:00:00Z,96.08,96.16,95.99,96.07,19537935.0,84.83,1.1312222970448382,EVALUATION,-0.0010370056481541212
LQD,2024-06-11T00:00:00Z,96.12,96.55,96.06,96.48,19042639.0,85.28,1.131802897839855,EVALUATION,0.0005903876489969928
LQD,2024-06-12T00:00:00Z,97.45,97.71,97.04,97.08,27209394.0,85.76,1.1320513946307964,EVALUATION,-0.0019080951085117537
LQD,2024-06-13T00:00:00Z,97.52,97.7,97.25,97.54,26782664.0,86.33,1.1319428819717907,EVALUATION,-0.0014965154262482905
LQD,2024-06-14T00:00:00Z,97.59,97.72,97.43,97.62,28561920.0,86.53,1.131059641529841,EVALUATION,2.6091922695870018e-05
LQD,2024-06-17T00:00:00Z,97.04,97.21,96.96,97.16,24678709.0,86.12,1.130003494901737,EVALUATION,0.00021908786403335156
LQD,2024-06-18T00:00:00Z,97.36,97.7,97.33,97.61,25576574.0,86.5,1.1287358116043364,EVALUATION,-0.0008374485462674386
LQD,2024-06-20T00:00:00Z,97.06,97.3,97.0,97.28,21206307.0,86.28,1.128265389263393,EVALUATION,7.658472720395437e-05
LQD,2024-06-21T00:00:00Z,97.37,97.51,97.08,97.31,20988198.0,86.3,1.1280414706676074,EVALUATION,0.00021651962709978712
LQD,2024-06-24T00:00:00Z,97.41,97.58,97.36,97.41,18597580.0,86.37,1.1278364695885126,EVALUATION,-0.0012211020555696894
LQD,2024-06-25T00:00:00Z,97.34,97.46,97.22,97.37,16359902.0,86.44,1.127630754293181,EVALUATION,0.0005725784808676693
LQD,2024-06-26T00:00:00Z,96.75,96.93,96.66,96.84,26381309.0,85.92,1.1272821552576233,EVALUATION,-0.0003657475672596
LQD,2024-06-27T00:00:00Z,97.14,97.18,97.0,97.03,19939415.0,86.12,1.1271210741042261,EVALUATION,-0.0010483922426393066
LQD,2024-06-28T00:00:00Z,97.27,97.3,96.38,96.41,27363297.0,85.66,1.1267415863356787,EVALUATION,0.0015591487857948838
LQD,2024-07-01T00:00:00Z,96.05,96.37,95.79,95.84,22429123.0,85.02,1.1264249389313015,EVALUATION,0.0026009543467921947
LQD,2024-07-02T00:00:00Z,96.33,96.47,96.1,96.45,19845728.0,85.34,1.1264813392875328,EVALUATION,0.0007858420858695148
LQD,2024-07-03T00:00:00Z,96.78,97.17,96.68,97.17,14318907.0,85.91,1.1276484874938841,EVALUATION,-0.00044162138657877215
LQD,2024-07-05T00:00:00Z,97.54,97.72,97.27,97.67,18800324.0,86.39,1.1295055703445804,EVALUATION,-0.00033389386053062076
LQD,2024-07-08T00:00:00Z,97.74,97.82,97.53,97.66,18136674.0,86.41,1.130607735266462,EVALUATION,-0.0005701284137463736
LQD,2024-07-09T00:00:00Z,97.5,97.65,97.27,97.48,20384666.0,86.3,1.1306104428940096,EVALUATION,0.001535044654850326
LQD,2024-07-10T00:00:00Z,97.6,97.73,97.45,97.72,17263192.0,86.38,1.1301040068782362,EVALUATION,-0.0010458883947852549
LQD,2024-07-11T00:00:00Z,98.32,98.46,98.16,98.24,31412714.0,86.93,1.1303405805707538,EVALUATION,0.0015938635713861338
LQD,2024-07-12T00:00:00Z,98.29,98.6,98.2,98.6,20301345.0,87.11,1.1303110529906029,EVALUATION,-0.0023771440972606417
LQD,2024-07-15T00:00:00Z,98.27,98.41,98.04,98.06,18291452.0,86.84,1.1310957545123088,EVALUATION,0.0014369040359480945
LQD,2024-07-16T00:00:00Z,98.29,98.65,98.21,98.63,20090699.0,87.22,1.1304033355850465,EVALUATION,-0.0005116647020846354
LQD,2024-07-17T00:00:00Z,98.36,98.72,98.3,98.67,21313527.0,87.3,1.1306413148032721,EVALUATION,-0.0013929245215663633
LQD,2024-07-18T00:00:00Z,98.44,98.66,98.21,98.25,28091702.0,87.05,1.1300874338693292,EVALUATION,-0.0004475799202878772
LQD,2024-07-19T00:00:00Z,98.06,98.07,97.82,97.89,16576793.0,86.77,1.1299069526985024,EVALUATION,0.0003090447581929334
LQD,2024-07-22T00:00:00Z,98.2,98.23,97.73,97.83,22556791.0,86.69,1.1290190435855687,EVALUATION,-0.0014076482864218143
LQD,2024-07-23T00:00:00Z,97.96,98.06,97.76,97.76,24425743.0,86.75,1.1284401484242474,EVALUATION,-0.0038449864869327666
LQD,2024-07-24T00:00:00Z,97.88,97.97,97.17,97.17,27876352.0,86.56,1.1278583943670155,EVALUATION,0.0017156627759684628
LQD,2024-07-25T00:00:00Z,97.36,97.79,97.34,97.55,29760448.0,86.75,1.1259980760035344,EVALUATION,0.0007966357310296157
LQD,2024-07-26T00:00:00Z,98.1,98.14,97.86,98.1,21119897.0,87.17,1.1246620136332723,EVALUATION,0.0004326788539437132
LQD,2024-07-29T00:00:00Z,98.38,98.42,98.1,98.3,24734555.0,87.31,1.1241522629578282,EVALUATION,-0.001362318735884882
LQD,2024-07-30T00:00:00Z,98.38,98.44,98.16,98.38,14952038.0,87.5,1.1252520588847357,EVALUATION,-0.0015204251735254637
LQD,2024-07-31T00:00:00Z,98.8,98.98,98.53,98.95,29226938.0,88.14,1.125201118854545,EVALUATION,-0.0009763052096938285
LQD,2024-08-01T00:00:00Z,99.31,99.56,99.21,99.28,34564676.0,88.52,1.1242873242881277,EVALUATION,-0.0057063819281930606
LQD,2024-08-02T00:00:00Z,99.81,100.33,99.81,100.25,46697930.0,89.89,1.1228476996339243,EVALUATION,-0.0034949893039122326
LQD,2024-08-05T00:00:00Z,100.22,100.31,99.72,100.0,56991106.0,89.98,1.1198174054648604,EVALUATION,0.0023908646365857766
LQD,2024-08-06T00:00:00Z,99.89,99.92,99.33,99.35,47432503.0,89.18,1.1160548350601454,EVALUATION,-0.0010418471353321745
LQD,2024-08-07T00:00:00Z,99.29,99.5,98.75,98.89,46819003.0,88.86,1.1135496921370638,EVALUATION,0.0035440998049312
LQD,2024-08-08T00:00:00Z,98.84,99.0,98.66,98.94,23536781.0,88.59,1.1127570952951205,EVALUATION,0.0010909751048209237
LQD,2024-08-09T00:00:00Z,99.61,99.63,99.36,99.45,23199741.0,88.95,1.1145811827790608,EVALUATION,-0.0007995069000921173
LQD,2024-08-12T00:00:00Z,99.4,99.76,99.3,99.65,24281810.0,89.2,1.115916123663852,EVALUATION,0.0026523887417619907
LQD,2024-08-13T00:00:00Z,100.13,100.35,99.98,100.35,31245031.0,89.59,1.1173422177498111,EVALUATION,0.003144869727913502
LQD,2024-08-14T00:00:00Z,100.47,100.92,100.46,100.8,28985604.0,89.71,1.1184330004189145,EVALUATION,0.003166939591947804
LQD,2024-08-15T00:00:00Z,100.17,100.62,100.11,100.49,29441628.0,89.15,1.1202919038407142,EVALUATION,0.000966302693917287
LQD,2024-08-16T00:00:00Z,100.6,100.85,100.09,100.79,21411551.0,89.33,1.1236415304001397,EVALUATION,0.0009386387114167505
LQD,2024-08-19T00:00:00Z,100.77,101.13,100.75,101.02,16004099.0,89.45,1.1263700900456806,EVALUATION,-0.0012400623755079998
LQD,2024-08-20T00:00:00Z,101.2,101.34,101.02,101.29,27114144.0,89.8,1.1282785727896034,EVALUATION,5.6168521836763574e-05
LQD,2024-08-21T00:00:00Z,101.37,101.78,101.22,101.51,23819078.0,89.99,1.1285284581833308,EVALUATION,0.000628174307921392
LQD,2024-08-22T00:00:00Z,101.29,101.35,100.87,101.1,17926327.0,89.57,1.1284370764612153,EVALUATION,0.001047824163077582
LQD,2024-08-23T00:00:00Z,101.39,101.79,101.26,101.68,22650181.0,89.99,1.1282304540042822,EVALUATION,-5.616280994247269e-05
LQD,2024-08-26T00:00:00Z,101.88,101.88,101.51,101.55,15312661.0,89.88,1.1288812274590247,EVALUATION,-0.00034275143815598597
LQD,2024-08-27T00:00:00Z,101.14,101.51,101.1,101.47,15922739.0,89.84,1.1294897483187574,EVALUATION,-0.001624341239873428
LQD,2024-08-28T00:00:00Z,101.4,101.49,101.2,101.26,21724815.0,89.8,1.1297318229079698,EVALUATION,0.00010289066008817294
LQD,2024-08-29T00:00:00Z,101.06,101.19,100.92,101.09,20079395.0,89.64,1.128969690878617,EVALUATION,0.000688468473646231
LQD,2024-08-30T00:00:00Z,101.21,101.35,100.76,100.81,25275521.0,89.33,1.128267480365199,EVALUATION,-0.0035168843328403643
LQD,2024-09-03T00:00:00Z,101.25,101.46,100.95,101.11,27734581.0,89.91,1.1279541130883337,EVALUATION,0.000336054028951871
LQD,2024-09-04T00:00:00Z,101.17,101.77,101.16,101.74,31897861.0,90.44,1.1269381420731877,EVALUATION,0.0025925064862111213
LQD,2024-09-05T00:00:00Z,102.04,102.27,101.66,102.24,35538517.0,90.65,1.1260086620353233,EVALUATION,-0.0019231325317844439
LQD,2024-09-06T00:00:00Z,102.26,102.85,102.01,102.19,42004643.0,90.78,1.125789371061047,EVALUATION,0.0008186759752133455
LQD,2024-09-09T00:00:00Z,102.17,102.52,102.06,102.42,35440327.0,90.91,1.1261625257878283,EVALUATION,-0.0015561160537582719
LQD,2024-09-10T00:00:00Z,102.47,102.72,102.36,102.7,30489502.0,91.3,1.1267171988493832,EVALUATION,0.0012535580935761903
LQD,2024-09-11T00:00:00Z,102.49,102.9,102.41,102.75,36948020.0,91.23,1.1257201000898058,EVALUATION,0.000853317715471813
LQD,2024-09-12T00:00:00Z,102.68,102.76,102.4,102.68,30368279.0,91.09,1.125915358173999,EVALUATION,0.0011528023393942988
LQD,2024-09-13T00:00:00Z,103.0,103.14,102.89,102.99,25536631.0,91.26,1.1261247131265941,EVALUATION,0.0018366042699997642
LQD,2024-09-16T00:00:00Z,103.12,103.52,103.0,103.45,25464786.0,91.5,1.127348303321454,EVALUATION,0.0018452989353636706
LQD,2024-09-17T00:00:00Z,103.62,103.64,103.29,103.46,31732768.0,91.34,1.1287905836565706,EVALUATION,0.00022304675990469924
LQD,2024-09-18T00:00:00Z,103.2,103.78,103.0,103.03,35015472.0,90.94,1.130608665549525,EVALUATION,0.0016432702699581414
LQD,2024-09-19T00:00:00Z,103.08,103.31,102.93,103.12,31099065.0,90.87,1.1320789787046346,EVALUATION,0.0012029115498717324
LQD,2024-09-20T00:00:00Z,102.97,103.26,102.79,103.21,29958880.0,90.84,1.133481270214574,EVALUATION,-0.0006959557260804994
LQD,2024-09-23T00:00:00Z,102.89,103.28,102.76,103.07,22635557.0,90.78,1.1346420860160735,EVALUATION,0.0005478002883625432
LQD,2024-09-24T00:00:00Z,102.8,103.32,102.71,103.24,24719872.0,90.88,1.1354545673548522,EVALUATION,-0.0018372597557450021
LQD,2024-09-25T00:00:00Z,102.95,102.98,102.6,102.63,32881289.0,90.51,1.1358530852551079,EVALUATION,0.0006629101756712164
LQD,2024-09-26T00:00:00Z,102.81,102.88,102.36,102.63,20877082.0,90.45,1.1350978731323653,EVALUATION,1.4833752896015184e-05
LQD,2024-09-27T00:00:00Z,102.92,103.12,102.85,103.04,25231961.0,90.81,1.1348571365932794,EVALUATION,0.00022970884537432124
LQD,2024-09-30T00:00:00Z,102.98,103.09,102.64,102.78,22731245.0,90.56,1.1344148954541937,EVALUATION,0.0012207667480095274
LQD,2024-10-01T00:00:00Z,103.27,103.44,103.06,103.28,36591428.0,90.89,1.1347583311403897,EVALUATION,0.0006336448779727943
LQD,2024-10-02T00:00:00Z,102.67,103.07,102.62,103.05,29446703.0,90.63,1.1353111957217747,EVALUATION,-0.0014261161679018919
LQD,2024-10-03T00:00:00Z,102.79,102.84,102.38,102.38,24163168.0,90.17,1.1360991681502852,EVALUATION,0.004276298835416026
LQD,2024-10-04T00:00:00Z,101.85,101.94,101.71,101.83,33856635.0,89.3,1.1362567441489257,EVALUATION,-0.0014111413979714937
LQD,2024-10-07T00:00:00Z,101.46,101.65,101.24,101.31,27106315.0,88.97,1.137588385122384,EVALUATION,0.0010749592832488553
LQD,2024-10-08T00:00:00Z,101.19,101.51,101.05,101.51,27315986.0,89.05,1.1381409593492462,EVALUATION,0.0017355340312985579
LQD,2024-10-09T00:00:00Z,101.29,101.41,101.12,101.31,29951942.0,88.72,1.139644459994595,EVALUATION,-0.00097306217317783
LQD,2024-10-10T00:00:00Z,101.11,101.25,100.9,101.2,25932549.0,88.71,1.1401756512288248,EVALUATION,-0.0004230821841210153
LQD,2024-10-11T00:00:00Z,101.05,101.37,100.96,101.18,20078969.0,88.73,1.1408747892207673,EVALUATION,0.001789355569344231
LQD,2024-10-14T00:00:00Z,100.9,101.2,100.78,101.19,4335426.0,88.58,1.141005428409288,EVALUATION,-0.0002377778047020218
LQD,2024-10-15T00:00:00Z,101.4,101.78,101.4,101.68,28275244.0,89.03,1.1411554509775685,EVALUATION,0.0015746245950212234
LQD,2024-10-16T00:00:00Z,101.96,102.07,101.8,102.0,20474307.0,89.17,1.141585812756263,EVALUATION,-0.002292294735545819
LQD,2024-10-17T00:00:00Z,101.61,101.64,101.2,101.24,31367343.0,88.71,1.1427755333034637,EVALUATION,-0.002312570880188214
LQD,2024-10-18T00:00:00Z,101.41,101.49,101.11,101.12,27372431.0,88.81,1.1424053892578427,EVALUATION,-0.002416522383156261
LQD,2024-10-21T00:00:00Z,100.63,100.69,100.06,100.09,28320420.0,88.12,1.1412465825398952,EVALUATION,0.0008079428468984462
LQD,2024-10-22T00:00:00Z,100.18,100.2,99.85,100.08,26001166.0,88.04,1.1385649234207678,EVALUATION,-0.0011255874900261142
LQD,2024-10-23T00:00:00Z,99.74,99.95,99.6,99.74,25425832.0,87.84,1.1370680103835074,EVALUATION,0.0009450573312106414
LQD,2024-10-24T00:00:00Z,99.9,100.23,99.77,100.05,21021139.0,88.03,1.136022367553091,EVALUATION,-0.00024044549348634092
LQD,2024-10-25T00:00:00Z,100.33,100.38,99.75,99.81,16041032.0,87.84,1.136257989403556,EVALUATION,0.0015891874890160418
LQD,2024-10-28T00:00:00Z,99.92,99.97,99.5,99.73,20935192.0,87.63,1.1360961466743447,EVALUATION,0.0007467840906381085
LQD,2024-10-29T00:00:00Z,99.29,99.87,99.22,99.85,24075751.0,87.67,1.136965139232266,EVALUATION,0.00018088042294994722
LQD,2024-10-30T00:00:00Z,100.15,100.39,99.67,99.72,25259113.0,87.54,1.1377603788412383,EVALUATION,-0.0014344482577260953
LQD,2024-10-31T00:00:00Z,99.55,99.81,99.27,99.52,29424395.0,87.49,1.1387156798371296,EVALUATION,0.0004170090729708198
LQD,2024-11-01T00:00:00Z,99.79,99.94,98.93,98.97,25142224.0,86.97,1.1385226340766323,EVALUATION,0.0019718101620893602
LQD,2024-11-04T00:00:00Z,99.79,99.95,99.44,99.7,24713536.0,87.44,1.138205478946867,EVALUATION,0.0042426226529543865
LQD,2024-11-05T00:00:00Z,99.66,100.2,99.42,100.18,23732497.0,87.49,1.138563490686266,EVALUATION,1.987507182454884e-05
LQD,2024-11-06T00:00:00Z,99.03,99.56,98.88,99.14,38097908.0,86.58,1.141078063780334,EVALUATION,0.0037164847534021384
LQD,2024-11-07T00:00:00Z,99.72,100.42,99.62,100.31,24596653.0,87.28,1.1434412410314037,EVALUATION,0.0013122816062141052
LQD,2024-11-08T00:00:00Z,100.53,100.87,100.42,100.66,21113584.0,87.47,1.1464676452049503,EVALUATION,0.0008562556522174747
LQD,2024-11-11T00:00:00Z,100.47,100.55,100.3,100.47,7971121.0,87.23,1.1483841152440506,EVALUATION,-0.0027522598390339326
LQD,2024-11-12T00:00:00Z,100.03,100.25,99.48,99.56,36203321.0,86.68,1.150622281416643,EVALUATION,-0.003124592693314332
LQD,2024-11-13T00:00:00Z,100.1,100.11,99.12,99.18,22942486.0,86.62,1.1503899086490605,EVALUATION,-0.00018703355974303282
LQD,2024-11-14T00:00:00Z,99.45,99.62,99.05,99.15,26889138.0,86.61,1.1484587740935848,EVALUATION,4.2446000564799746e-05
LQD,2024-11-15T00:00:00Z,98.88,99.44,98.6,99.2,27296423.0,86.65,1.1461268849315298,EVALUATION,-0.0003782132420007134
LQD,2024-11-18T00:00:00Z,99.08,99.54,98.99,99.38,19399072.0,86.84,1.1448745586215734,EVALUATION,-7.48306010391886e-05
LQD,2024-11-19T00:00:00Z,99.62,99.79,99.52,99.59,21473203.0,87.03,1.144675340695952,EVALUATION,-0.0008157310306049492
LQD,2024-11-20T00:00:00Z,99.25,99.51,99.21,99.36,24792093.0,86.9,1.1445190324115984,EVALUATION,-0.0006323554755034433
LQD,2024-11-21T00:00:00Z,99.39,99.65,99.15,99.24,22507415.0,86.85,1.1440349170056745,EVALUATION,0.00021604609540282205
LQD,2024-11-22T00:00:00Z,99.4,99.5,99.16,99.33,13812969.0,86.91,1.143453669509966,EVALUATION,0.0016678539448684582
LQD,2024-11-25T00:00:00Z,100.39,100.62,100.26,100.57,21678022.0,87.85,1.1429831374122004,EVALUATION,-0.0004224865336448502
LQD,2024-11-26T00:00:00Z,100.33,100.35,99.98,100.31,25005440.0,87.66,1.143452824230165,EVALUATION,-0.00030413361745385004
LQD,2024-11-27T00:00:00Z,100.6,100.78,100.39,100.68,23583976.0,88.01,1.144002088797261,EVALUATION,0.0018404335802306715
LQD,2024-11-29T00:00:00Z,101.11,101.32,101.06,101.3,11838905.0,88.39,1.144353574990312,EVALUATION,0.0016926018999304793
LQD,2024-12-02T00:00:00Z,101.47,101.54,100.97,101.46,33409424.0,88.38,1.1447752372441569,EVALUATION,-0.0007195020588076639
LQD,2024-12-03T00:00:00Z,101.57,101.64,101.04,101.1,27394750.0,88.13,1.1460051480936262,EVALUATION,0.0011022180501043533
LQD,2024-12-04T00:00:00Z,100.92,101.69,100.87,101.59,22704098.0,88.46,1.1470744952337455,EVALUATION,-0.00018225921170156312
LQD,2024-12-05T00:00:00Z,101.34,101.64,101.3,101.56,16792679.0,88.45,1.147864969243691,EVALUATION,-0.000900959169237936
LQD,2024-12-06T00:00:00Z,101.99,102.0,101.55,101.79,16668798.0,88.73,1.14793898541135,EVALUATION,0.0008267651991151759
LQD,2024-12-09T00:00:00Z,101.64,101.7,101.45,101.53,21149331.0,88.43,1.1479453666692043,EVALUATION,0.0003319448778816847
LQD,2024-12-10T00:00:00Z,101.3,101.51,101.24,101.38,19497647.0,88.27,1.1478490677512265,EVALUATION,0.0001836221265822946
LQD,2024-12-11T00:00:00Z,101.56,101.69,101.08,101.1,24516499.0,88.01,1.1479498172694933,EVALUATION,-0.001774784831909737
LQD,2024-12-12T00:00:00Z,100.86,100.89,100.46,100.53,24747647.0,87.67,1.1484648171978462,EVALUATION,-0.0008938482095992573
LQD,2024-12-13T00:00:00Z,100.39,100.4,99.9,99.97,13195029.0,87.26,1.1479803726002789,EVALUATION,0.0009565899795149768
LQD,2024-12-16T00:00:00Z,100.25,100.28,99.95,100.1,18893014.0,87.29,1.147025398184076,EVALUATION,9.990009990024085e-05
LQD,2024-12-17T00:00:00Z,100.08,100.24,100.0,100.11,29945779.0,87.29,1.1463651004444657,EVALUATION,-0.004596250116394418
LQD,2024-12-18T00:00:00Z,99.99,100.2,98.78,98.87,36753889.0,86.61,1.1464252098359793,EVALUATION,-0.000958773173928229
LQD,2024-12-19T00:00:00Z,98.61,98.73,98.12,98.33,40480347.0,86.22,1.1450576881020404,EVALUATION,0.00025480028184898806
LQD,2024-12-20T00:00:00Z,98.82,99.17,98.56,98.72,27608255.0,86.54,1.1429585033021612,EVALUATION,0.001453431751705092
LQD,2024-12-23T00:00:00Z,98.75,98.81,98.32,98.43,13091761.0,86.16,1.1409176361673659,EVALUATION,0.0026851937536309656
LQD,2024-12-24T00:00:00Z,98.24,98.75,98.2,98.74,6215326.0,86.2,1.1412027620644463,EVALUATION,9.94197421151366e-05
LQD,2024-12-26T00:00:00Z,98.28,98.87,98.28,98.83,12454764.0,86.27,1.1428764244504397,EVALUATION,-0.0015836732918770302
LQD,2024-12-27T00:00:00Z,98.65,98.77,98.38,98.41,13908392.0,86.04,1.1444915124471478,EVALUATION,-0.0015580009458617816
LQD,2024-12-30T00:00:00Z,98.76,98.9,98.7,98.84,9141366.0,86.55,1.1449451353221292,EVALUATION,-0.0006806979448020778
LQD,2024-12-31T00:00:00Z,99.0,99.09,98.43,98.59,10768679.0,86.39,1.1437862041712805,EVALUATION,-0.0004773405257212371
LQD,2025-01-02T00:00:00Z,98.85,99.02,98.38,98.6,19098639.0,86.44,1.1423297441974232,EVALUATION,-0.0007130366547677403
LQD,2025-01-03T00:00:00Z,98.74,98.79,98.31,98.37,22610546.0,86.3,1.1412981687857666,EVALUATION,-0.0014985515348617806
LQD,2025-01-06T00:00:00Z,98.29,98.36,98.06,98.12,24302201.0,86.21,1.1405855373108713,EVALUATION,-6.238381207113175e-05
LQD,2025-01-07T00:00:00Z,97.99,98.1,97.51,97.67,25115671.0,85.82,1.1395625299596401,EVALUATION,-0.00021206056368594517
LQD,2025-01-08T00:00:00Z,97.55,97.92,97.47,97.82,30143773.0,85.97,1.1386972261460304,EVALUATION,0.0016033370681984849
LQD,2025-01-10T00:00:00Z,97.21,97.57,97.1,97.26,24613503.0,85.34,1.138023169744795,EVALUATION,-0.0011212061673350204
LQD,2025-01-13T00:00:00Z,97.21,97.23,96.92,96.98,18873295.0,85.19,1.1385316901459739,EVALUATION,0.0007821004767745166
LQD,2025-01-14T00:00:00Z,97.08,97.15,96.84,97.09,27585227.0,85.22,1.138637298050156,EVALUATION,0.0014897734348828795
LQD,2025-01-15T00:00:00Z,98.2,98.4,98.02,98.26,32123637.0,86.12,1.1391198885442793,EVALUATION,-0.000388695489156321
LQD,2025-01-16T00:00:00Z,98.21,98.65,98.0,98.45,24583448.0,86.32,1.1395497238962768,EVALUATION,1.6591741029969853e-06
LQD,2025-01-17T00:00:00Z,98.72,98.75,98.47,98.53,18912033.0,86.39,1.1402587597561873,EVALUATION,0.00252966201260163
LQD,2025-01-21T00:00:00Z,98.95,99.12,98.84,99.11,20670588.0,86.68,1.140671750201187,EVALUATION,-0.0006906646821684959
LQD,2025-01-22T00:00:00Z,99.11,99.21,98.78,98.79,18418873.0,86.46,1.1414833906698048,EVALUATION,0.0012430421985271112
LQD,2025-01-23T00:00:00Z,98.36,98.66,98.34,98.65,18118253.0,86.23,1.1421786127045837,EVALUATION,-6.007107783934096e-05
LQD,2025-01-24T00:00:00Z,98.62,98.96,98.52,98.85,13020323.0,86.41,1.1433479044584434,EVALUATION,0.00039837836543688
LQD,2025-01-27T00:00:00Z,99.34,99.56,99.2,99.53,18954317.0,86.97,1.143535839011202,EVALUATION,-0.0015215932498009455
LQD,2025-01-28T00:00:00Z,99.27,99.45,99.18,99.39,22253058.0,86.98,1.1441386110684635,EVALUATION,-0.0001582890860738484
LQD,2025-01-29T00:00:00Z,99.56,99.59,98.95,99.26,24969094.0,86.88,1.143686303835817,EVALUATION,0.00014457816571922244
LQD,2025-01-30T00:00:00Z,99.53,99.66,99.35,99.48,22709263.0,87.06,1.1431964961897279,EVALUATION,-0.0016086406030865197
LQD,2025-01-31T00:00:00Z,99.57,99.68,98.96,99.16,28454647.0,86.92,1.142610702540236,EVALUATION,0.0009232639305927215
LQD,2025-02-03T00:00:00Z,99.43,99.73,99.11,99.32,21103911.0,86.98,1.1419915914366965,EVALUATION,-0.0006163086268760054
LQD,2025-02-04T00:00:00Z,99.08,99.62,99.04,99.51,25030535.0,87.2,1.141783691001367,EVALUATION,0.0011858450443871238
LQD,2025-02-05T00:00:00Z,100.06,100.42,99.81,100.21,30119235.0,87.71,1.1412868544845285,EVALUATION,-0.0006418854233495308
LQD,2025-02-06T00:00:00Z,100.14,100.29,99.92,100.02,22557697.0,87.6,1.1418521753381294,EVALUATION,-0.0009886378888606107
LQD,2025-02-07T00:00:00Z,99.69,99.76,99.47,99.59,23799199.0,87.31,1.1418218844299168,EVALUATION,0.0004298922110257397
LQD,2025-02-10T00:00:00Z,99.68,99.88,99.51,99.61,15301585.0,87.29,1.1416480644408937,EVALUATION,0.0003117209241142449
LQD,2025-02-11T00:00:00Z,99.31,99.47,99.28,99.39,19478771.0,87.07,1.1411892732268278,EVALUATION,0.0014578650683374494
LQD,2025-02-12T00:00:00Z,98.7,98.98,98.5,98.85,31480571.0,86.47,1.1410941154442638,EVALUATION,0.0002725222328081589
LQD,2025-02-13T00:00:00Z,99.39,99.8,99.35,99.62,20735519.0,87.12,1.1419350411696982,EVALUATION,-0.0002173548741417619
LQD,2025-02-14T00:00:00Z,100.14,100.34,100.01,100.01,14409430.0,87.48,1.1427155492222048,EVALUATION,0.001273066566228498
LQD,2025-02-18T00:00:00Z,99.88,99.98,99.53,99.6,17639982.0,87.01,1.1432946793360832,EVALUATION,-0.0010066008200138032
LQD,2025-02-19T00:00:00Z,99.57,99.81,99.47,99.66,25984526.0,87.15,1.1438030026603403,EVALUATION,0.0003427833636084898
LQD,2025-02-20T00:00:00Z,99.82,99.97,99.75,99.9,23814790.0,87.33,1.143824787293297,EVALUATION,-0.002450922237937192
LQD,2025-02-21T00:00:00Z,100.04,100.56,100.01,100.25,30130768.0,87.85,1.1440594714829102,EVALUATION,0.0005445691406089637
LQD,2025-02-24T00:00:00Z,100.31,100.65,100.19,100.51,23399527.0,88.03,1.1428773631541673,EVALUATION,-0.0002909053410702356
LQD,2025-02-25T00:00:00Z,101.14,101.32,101.0,101.28,26835200.0,88.73,1.142285443211369,EVALUATION,-0.0006313751767301756
LQD,2025-02-26T00:00:00Z,101.32,101.54,101.12,101.49,22983146.0,88.97,1.1414532875779007,EVALUATION,-0.003014364379202328
LQD,2025-02-27T00:00:00Z,101.21,101.36,101.01,101.07,27258151.0,88.87,1.1413105891049984,EVALUATION,-0.0011602532323513604
LQD,2025-02-28T00:00:00Z,101.42,101.56,101.09,101.51,29596094.0,89.36,1.1398136959839709,EVALUATION,-0.00042862181242298014
LQD,2025-03-03T00:00:00Z,101.28,101.83,101.21,101.83,42545338.0,89.68,1.1379892129770866,EVALUATION,-0.00011848296600402985
LQD,2025-03-04T00:00:00Z,101.67,101.84,101.38,101.5,46053345.0,89.4,1.136242586713338,EVALUATION,0.0023416096362173233
LQD,2025-03-05T00:00:00Z,101.64,101.75,101.08,101.17,45483508.0,88.9,1.1355984481560422,EVALUATION,-0.0025017197551303605
LQD,2025-03-06T00:00:00Z,101.04,101.18,100.67,100.86,40519993.0,88.85,1.1362829054592196,EVALUATION,-0.0003483156837689183
LQD,2025-03-07T00:00:00Z,101.36,101.36,100.59,100.7,30747145.0,88.74,1.1361795470708793,EVALUATION,-0.003610337285161025
LQD,2025-03-10T00:00:00Z,101.16,101.39,100.91,101.04,34294776.0,89.36,1.1359892114802415,EVALUATION,-0.0029510459174453274
LQD,2025-03-11T00:00:00Z,100.97,101.03,100.36,100.38,42262556.0,89.04,1.1335515461794516,EVALUATION,3.1014221430369915e-05
LQD,2025-03-12T00:00:00Z,100.43,100.46,100.05,100.09,35875691.0,88.78,1.1309471638376487,EVALUATION,-0.0009577548262433844
LQD,2025-03-13T00:00:00Z,99.74,100.43,99.64,100.4,43907986.0,89.14,1.1284864330800637,EVALUATION,0.0030792691920225046
LQD,2025-03-14T00:00:00Z,100.4,100.6,100.28,100.36,31358135.0,88.83,1.1270233996320966,EVALUATION,0.001204803762404838
LQD,2025-03-17T00:00:00Z,100.72,100.92,100.51,100.56,17561383.0,88.9,1.127836733276957,EVALUATION,0.0012617754522927793
LQD,2025-03-18T00:00:00Z,100.53,101.02,100.42,100.8,27948148.0,89.0,1.129091749299256,EVALUATION,0.0028063135366505065
LQD,2025-03-19T00:00:00Z,100.82,101.49,100.66,101.4,27469802.0,89.28,1.1311804554459646,EVALUATION,-0.002935383130792557
LQD,2025-03-20T00:00:00Z,101.93,101.94,101.24,101.25,26937327.0,89.41,1.1331651876697724,EVALUATION,-0.00048796154764907396
LQD,2025-03-21T00:00:00Z,101.31,101.42,101.04,101.11,26447414.0,89.33,1.1335868746971784,EVALUATION,0.0013574720800613171
LQD,2025-03-24T00:00:00Z,101.0,101.0,100.59,100.67,25243281.0,88.82,1.1333489822049632,EVALUATION,-0.0006954642356022944
LQD,2025-03-25T00:00:00Z,100.67,100.98,100.58,100.77,22743989.0,88.97,1.13257005192109,EVALUATION,-0.001708325047410364
LQD,2025-03-26T00:00:00Z,100.61,100.61,100.32,100.36,17115590.0,88.76,1.1326384885220149,EVALUATION,-0.0002943886012160002
LQD,2025-03-27T00:00:00Z,100.19,100.28,100.07,100.24,22028929.0,88.68,1.1322447910514808,EVALUATION,-0.0020336847857427287
LQD,2025-03-28T00:00:00Z,100.68,100.89,100.54,100.85,27257043.0,89.4,1.1312249377422974,EVALUATION,-0.0010242912869244947
LQD,2025-03-31T00:00:00Z,101.1,101.16,100.68,101.04,29834513.0,89.66,1.129707299935789,EVALUATION,-6.093222058911607e-06
LQD,2025-04-01T00:00:00Z,101.28,101.63,101.24,101.4,22059217.0,89.98,1.12845211163258,EVALUATION,0.0033670861769413696
LQD,2025-04-02T00:00:00Z,101.73,101.73,101.11,101.64,24768960.0,89.89,1.1273056967307102,EVALUATION,-0.010444364880089263
LQD,2025-04-03T00:00:00Z,101.82,102.23,101.48,101.63,41675721.0,90.82,1.1281854487583978,EVALUATION,-0.0038350552152740525
LQD,2025-04-04T00:00:00Z,101.84,102.16,101.25,101.52,60793779.0,91.07,1.125553019174446,EVALUATION,-0.007644536546199676
LQD,2025-04-07T00:00:00Z,100.57,101.04,99.26,99.54,62583300.0,89.99,1.121496287608877,EVALUATION,-0.007546548772648598
LQD,2025-04-08T00:00:00Z,99.71,99.77,97.96,98.28,56743365.0,89.53,1.1132988155494916,EVALUATION,0.019814460002106737
LQD,2025-04-09T00:00:00Z,97.14,99.96,96.84,99.92,77378151.0,89.25,1.1062008013772813,EVALUATION,-0.01073910108478937
LQD,2025-04-10T00:00:00Z,98.88,99.25,98.04,98.22,55825045.0,88.69,1.1078024422898594,EVALUATION,0.0054339896452949565
LQD,2025-04-11T00:00:00Z,97.55,98.39,96.54,98.2,41686886.0,88.19,1.1082457834155337,EVALUATION,-0.0018389867830728157
LQD,2025-04-14T00:00:00Z,98.91,99.01,98.44,98.81,28111924.0,88.9,1.1135032263940248,EVALUATION,0.0023267092119505506
LQD,2025-04-15T00:00:00Z,98.86,99.49,98.8,99.34,20502638.0,89.17,1.110810474752686,EVALUATION,-3.361876621643667e-05
LQD,2025-04-16T00:00:00Z,99.43,99.77,99.18,99.76,24639810.0,89.55,1.1130101031611848,EVALUATION,0.0013883683766779953
LQD,2025-04-17T00:00:00Z,99.77,99.85,99.45,99.62,11483596.0,89.3,1.1131799646603713,EVALUATION,-0.005365675119766489
LQD,2025-04-21T00:00:00Z,99.12,99.28,98.46,98.55,23506711.0,88.82,1.1145439458984387,EVALUATION,0.0017597884936169095
LQD,2025-04-22T00:00:00Z,99.09,99.14,98.75,98.79,20939647.0,88.88,1.1130424752608254,EVALUATION,0.003328779583090302
LQD,2025-04-23T00:00:00Z,100.37,100.48,99.21,99.23,31155877.0,88.98,1.1122038528726235,EVALUATION,0.0048846787832050875
LQD,2025-04-24T00:00:00Z,99.91,100.3,99.73,100.25,23838676.0,89.46,1.1120801582710123,EVALUATION,0.0014862017770238545
LQD,2025-04-25T00:00:00Z,100.63,100.82,100.46,100.78,14575339.0,89.8,1.115768546617722,EVALUATION,-0.0017267098369906364
LQD,2025-04-28T00:00:00Z,100.69,101.11,100.68,101.01,18297965.0,90.16,1.1193595683034097,EVALUATION,-0.0010623294784788406
LQD,2025-04-29T00:00:00Z,100.84,101.25,100.83,101.25,19346195.0,90.47,1.1210752980344727,EVALUATION,-0.0062882150416140314
LQD,2025-04-30T00:00:00Z,100.91,101.06,100.61,100.77,35129283.0,90.61,1.1205896169987064,EVALUATION,0.0009412678539029162
LQD,2025-05-01T00:00:00Z,100.97,100.97,100.34,100.42,28056353.0,90.21,1.1172086800561802,EVALUATION,0.004161603407358494
LQD,2025-05-02T00:00:00Z,100.11,100.29,99.97,100.17,20302141.0,89.61,1.1148215940688717,EVALUATION,0.0003878909703520783
LQD,2025-05-05T00:00:00Z,99.92,100.08,99.6,100.03,20005777.0,89.45,1.1143844172218078,EVALUATION,-0.0005718686853417587
LQD,2025-05-06T00:00:00Z,99.75,100.24,99.67,100.23,29906476.0,89.68,1.1164342384580648,EVALUATION,-0.0005692638421370688
LQD,2025-05-07T00:00:00Z,100.43,100.54,100.26,100.43,19892885.0,89.91,1.117920952661086,EVALUATION,0.0028069712869518426
LQD,2025-05-08T00:00:00Z,100.58,100.66,99.93,99.93,25149707.0,89.21,1.1176415873802947,EVALUATION,-0.0011849455923935714
LQD,2025-05-09T00:00:00Z,100.19,100.28,99.86,99.89,18254752.0,89.28,1.1182707650071408,EVALUATION,0.006184188359884213
LQD,2025-05-12T00:00:00Z,99.87,100.1,99.77,99.87,28270873.0,88.71,1.1186704670674066,EVALUATION,0.0016902595626596684
LQD,2025-05-13T00:00:00Z,99.97,100.09,99.76,99.96,32005730.0,88.64,1.1216028951053596,EVALUATION,-0.0013791166286009071
LQD,2025-05-14T00:00:00Z,99.86,99.98,99.41,99.45,25340651.0,88.31,1.1241167886199117,EVALUATION,0.0005714933436129499
LQD,2025-05-15T00:00:00Z,99.68,100.22,99.62,100.16,30008273.0,88.89,1.1265524297989504,EVALUATION,0.001559469074927211
LQD,2025-05-16T00:00:00Z,100.62,100.63,100.2,100.35,21888743.0,88.92,1.1268800085584598,EVALUATION,0.000661954414609478
LQD,2025-05-19T00:00:00Z,99.47,100.42,99.38,100.36,33615569.0,88.87,1.1271583181898002,EVALUATION,-0.0011536279677845096
LQD,2025-05-20T00:00:00Z,100.07,100.23,99.89,100.12,23036242.0,88.76,1.128206133139006,EVALUATION,-0.004201447672437131
LQD,2025-05-21T00:00:00Z,99.66,99.82,98.92,99.0,35452810.0,88.14,1.1286060211102127,EVALUATION,0.0014074715844627494
LQD,2025-05-22T00:00:00Z,98.89,99.55,98.75,99.51,34010718.0,88.47,1.1268295411083018,EVALUATION,-0.0022354024376958215
LQD,2025-05-23T00:00:00Z,99.7,99.85,99.4,99.58,21447156.0,88.73,1.1253289043186097,EVALUATION,0.004868005637200579
LQD,2025-05-27T00:00:00Z,100.18,100.57,99.81,100.48,29208425.0,89.1,1.1234274037640157,EVALUATION,0.00041730110732229875
LQD,2025-05-28T00:00:00Z,100.28,100.35,99.95,100.24,29079845.0,88.85,1.1249302674104389,EVALUATION,0.0003249039671135989
LQD,2025-05-29T00:00:00Z,100.57,100.78,100.44,100.69,31012833.0,89.22,1.1260654410580655,EVALUATION,-0.0001461001804428097
LQD,2025-05-30T00:00:00Z,100.68,100.98,100.58,100.98,29890796.0,89.49,1.128157954963996,EVALUATION,0.0005922183852019591
LQD,2025-06-02T00:00:00Z,100.62,100.7,100.33,100.69,24225876.0,89.18,1.128382145943206,EVALUATION,0.0013936357634232177
LQD,2025-06-03T00:00:00Z,100.85,101.01,100.62,100.74,24079999.0,89.1,1.1286725552915324,EVALUATION,-4.8797150246526755e-05
LQD,2025-06-04T00:00:00Z,101.22,101.61,101.11,101.47,28006467.0,89.75,1.1293662591235458,EVALUATION,-0.00015815424128817757
LQD,2025-06-05T00:00:00Z,101.51,101.55,101.1,101.16,29760773.0,89.49,1.130096500531761,EVALUATION,0.002015540282504946
LQD,2025-06-06T00:00:00Z,100.83,100.96,100.54,100.55,31093073.0,88.77,1.1305434402570604,EVALUATION,0.0010685288589897812
LQD,2025-06-09T00:00:00Z,100.62,100.98,100.57,100.85,18850014.0,88.94,1.1312310265704213,EVALUATION,0.0007923988575184726
LQD,2025-06-10T00:00:00Z,101.24,101.27,100.87,101.1,20359002.0,89.09,1.1323395409852177,EVALUATION,-0.000987920615956428
LQD,2025-06-11T00:00:00Z,101.27,101.54,101.15,101.42,20584733.0,89.46,1.1338068296923889,EVALUATION,0.0011621030991046943
LQD,2025-06-12T00:00:00Z,101.78,101.98,101.64,101.98,26497297.0,89.85,1.1341363448656132,EVALUATION,-0.0021974804273275916
LQD,2025-06-13T00:00:00Z,101.68,101.75,101.1,101.37,34794500.0,89.51,1.1345004385167723,EVALUATION,0.0010173107480141441
LQD,2025-06-16T00:00:00Z,101.38,101.68,101.17,101.19,21285982.0,89.26,1.1337309932064719,EVALUATION,-0.0013585476012680786
LQD,2025-06-17T00:00:00Z,101.45,101.6,101.24,101.54,27241594.0,89.69,1.1337188123379225,EVALUATION,2.0412594423646624e-05
LQD,2025-06-18T00:00:00Z,101.77,101.96,101.42,101.61,29762358.0,89.75,1.1327584691007961,EVALUATION,0.00021721591567969156
LQD,2025-06-20T00:00:00Z,101.43,101.86,101.3,101.7,20437544.0,89.81,1.1326403639980842,EVALUATION,-0.0009935210102132164
LQD,2025-06-23T00:00:00Z,101.93,102.22,101.86,101.95,34072446.0,90.12,1.1322190672944077,EVALUATION,0.001157369161971955
LQD,2025-06-24T00:00:00Z,101.83,102.53,101.82,102.43,38185303.0,90.44,1.1319349559108351,EVALUATION,-0.0015032434098206648
LQD,2025-06-25T00:00:00Z,102.23,102.37,102.06,102.31,30675214.0,90.47,1.1320780344001111,EVALUATION,6.658394037928339e-05
LQD,2025-06-26T00:00:00Z,102.42,102.69,102.21,102.69,31026053.0,90.8,1.1315718710399818,EVALUATION,0.0009877038930307114
LQD,2025-06-27T00:00:00Z,102.51,102.88,102.39,102.52,24704784.0,90.56,1.1314644437102608,EVALUATION,0.0014870837923204316
LQD,2025-06-30T00:00:00Z,102.85,103.18,102.73,103.08,40575029.0,90.92,1.1312954622251616,EVALUATION,0.0030339199808246953
LQD,2025-07-01T00:00:00Z,103.12,103.27,102.91,103.2,28691295.0,90.75,1.1322527416996588,EVALUATION,0.001996764687039465
LQD,2025-07-02T00:00:00Z,102.87,103.19,102.78,103.19,24284510.0,90.56,1.134333723726576,EVALUATION,0.0010004294969279126
LQD,2025-07-03T00:00:00Z,103.03,103.15,102.87,102.94,17340488.0,90.25,1.136799860357907,EVALUATION,-0.0027124856100452233
LQD,2025-07-07T00:00:00Z,102.75,102.75,102.21,102.33,18303340.0,89.96,1.1390883495434523,EVALUATION,-0.0014866048808428456
LQD,2025-07-08T00:00:00Z,102.09,102.11,101.94,102.03,29375104.0,89.83,1.1391935080038393,EVALUATION,0.0006618292544242621
LQD,2025-07-09T00:00:00Z,102.27,102.64,102.17,102.62,33183211.0,90.29,1.137975688603577,EVALUATION,0.0006379107282866725
LQD,2025-07-10T00:00:00Z,102.58,102.73,102.38,102.64,29758961.0,90.25,1.1366258736490555,EVALUATION,-0.0013867903956058525
LQD,2025-07-11T00:00:00Z,102.19,102.21,101.94,102.02,23776027.0,89.83,1.1365524604936446,EVALUATION,0.00015122555111435343
LQD,2025-07-14T00:00:00Z,101.96,102.12,101.81,101.99,18216459.0,89.79,1.1365153533653651,EVALUATION,0.0002701775376109383
LQD,2025-07-15T00:00:00Z,102.2,102.2,101.58,101.62,31329432.0,89.44,1.1362862260932467,EVALUATION,-0.0011088699384815826
LQD,2025-07-16T00:00:00Z,101.86,102.03,101.32,101.78,41789698.0,89.68,1.135918013168505,EVALUATION,0.002679293412231054
LQD,2025-07-17T00:00:00Z,101.98,102.14,101.89,102.03,19396900.0,89.66,1.1356591487439496,EVALUATION,-0.0009125919388501824
LQD,2025-07-18T00:00:00Z,102.31,102.35,102.09,102.21,17446165.0,89.9,1.1363568342109298,EVALUATION,0.0003540008308049458
LQD,2025-07-21T00:00:00Z,102.75,102.87,102.58,102.61,17147056.0,90.22,1.1366065816610549,EVALUATION,-0.0003345945052701804
LQD,2025-07-22T00:00:00Z,102.66,102.91,102.62,102.86,19568714.0,90.47,1.137408846294116,EVALUATION,0.0019815717694023904
LQD,2025-07-23T00:00:00Z,102.66,102.77,102.55,102.7,21020418.0,90.15,1.1370707888353528,EVALUATION,-0.00011589469244410733
LQD,2025-07-24T00:00:00Z,102.36,102.75,102.33,102.54,23064801.0,90.02,1.1378316227028555,EVALUATION,0.0008854413602124023
LQD,2025-07-25T00:00:00Z,102.59,102.92,102.5,102.87,26008690.0,90.23,1.138414701254839,EVALUATION,0.00027235626664667834
LQD,2025-07-28T00:00:00Z,102.75,102.82,102.62,102.67,21887904.0,90.03,1.1394596912956623,EVALUATION,6.979048713984248e-05
LQD,2025-07-29T00:00:00Z,102.84,103.36,102.82,103.35,26131258.0,90.62,1.1398547651260469,EVALUATION,-0.00024235559645702232
LQD,2025-07-30T00:00:00Z,102.97,103.31,102.87,102.96,23313275.0,90.3,1.1403202689786205,EVALUATION,-0.0005945604782813252
LQD,2025-07-31T00:00:00Z,103.27,103.36,102.96,102.99,31745016.0,90.38,1.1403578989114278,EVALUATION,-0.002671161266835753
LQD,2025-08-01T00:00:00Z,103.61,103.96,103.42,103.9,46073844.0,91.42,1.140066023216841,EVALUATION,0.00041981197527451997
LQD,2025-08-04T00:00:00Z,104.04,104.15,103.85,104.08,31779657.0,91.54,1.1387447172562,EVALUATION,0.0014240906769585893
LQD,2025-08-05T00:00:00Z,103.9,104.19,103.88,104.16,25922894.0,91.48,1.1376747035060006,EVALUATION,0.000477176144870195
LQD,2025-08-06T00:00:00Z,103.92,104.18,103.52,104.13,31825414.0,91.41,1.137370541503522,EVALUATION,-0.0002905912937146704
LQD,2025-08-07T00:00:00Z,104.17,104.33,103.96,104.02,29018104.0,91.34,1.1382506973142676,EVALUATION,-0.0008733645779913646
LQD,2025-08-08T00:00:00Z,103.91,103.91,103.67,103.69,16946307.0,91.13,1.1388615938140105,EVALUATION,0.0012138610034593267
LQD,2025-08-11T00:00:00Z,103.84,103.99,103.73,103.85,24444317.0,91.16,1.138600111449068,EVALUATION,0.0011823217702483513
LQD,2025-08-12T00:00:00Z,103.67,103.97,103.56,103.95,26513707.0,91.14,1.1386176202847296,EVALUATION,0.0016702021310317505
LQD,2025-08-13T00:00:00Z,104.31,104.55,104.3,104.5,27701429.0,91.47,1.139194624149697,EVALUATION,-0.00016521221955279053
LQD,2025-08-14T00:00:00Z,104.25,104.3,104.02,104.14,18817748.0,91.17,1.1407366214205155,EVALUATION,0.0007260140925791081
LQD,2025-08-15T00:00:00Z,104.1,104.19,103.9,104.01,20932192.0,90.99,1.1417552603809915,EVALUATION,-0.0008376277446504599
LQD,2025-08-18T00:00:00Z,104.08,104.1,103.72,103.82,19579899.0,90.9,1.1426018110983187,EVALUATION,-0.0009891241483999114
LQD,2025-08-19T00:00:00Z,103.95,104.04,103.88,103.98,26744245.0,91.13,1.1424961899534993,EVALUATION,-0.001151577508163193
LQD,2025-08-20T00:00:00Z,103.94,104.13,103.86,104.02,25054762.0,91.27,1.142078071033114,EVALUATION,-0.000791023260037993
LQD,2025-08-21T00:00:00Z,103.84,103.84,103.48,103.63,25158000.0,91.0,1.1409456582603437,EVALUATION,0.002211873815656462
LQD,2025-08-22T00:00:00Z,103.92,104.54,103.84,104.44,34562879.0,91.51,1.1398313233836326,EVALUATION,-0.0005089405753361254
LQD,2025-08-25T00:00:00Z,104.22,104.39,104.14,104.17,18983095.0,91.32,1.1399275504123323,EVALUATION,-0.0019561423968732505
LQD,2025-08-26T00:00:00Z,104.15,104.26,103.93,104.24,23246366.0,91.56,1.1402670716181242,EVALUATION,-0.0015821941300897535
LQD,2025-08-27T00:00:00Z,103.95,104.31,103.86,104.28,25171734.0,91.74,1.1401661429850856,EVALUATION,-0.0007547471803914796
LQD,2025-08-28T00:00:00Z,104.33,104.55,104.25,104.44,26892771.0,91.95,1.1386310144056193,EVALUATION,-0.0027684146359495676
LQD,2025-08-29T00:00:00Z,104.24,104.26,104.02,104.06,32190816.0,91.87,1.1370045877139718,EVALUATION,-0.0003284103097906943
LQD,2025-09-02T00:00:00Z,103.55,103.75,103.49,103.72,31044769.0,91.6,1.135070944482244,EVALUATION,0.002496939189655656
LQD,2025-09-03T00:00:00Z,103.91,104.45,103.9,104.33,34520896.0,91.91,1.1336121988150223,EVALUATION,0.0024402933023996987
LQD,2025-09-04T00:00:00Z,104.69,105.06,104.59,105.05,43026668.0,92.32,1.1333780327384644,EVALUATION,0.0015987579571337118
LQD,2025-09-05T00:00:00Z,105.77,105.86,105.63,105.73,35102163.0,92.77,1.1351121843418055,EVALUATION,0.00037346924329573206
LQD,2025-09-08T00:00:00Z,106.05,106.17,105.97,106.1,28998157.0,93.06,1.1375741589016057,EVALUATION,0.0005733027631277254
LQD,2025-09-09T00:00:00Z,105.99,106.09,105.69,105.91,24412518.0,92.84,1.1392383109765436,EVALUATION,0.000328628466911951
LQD,2025-09-10T00:00:00Z,106.12,106.51,106.09,106.23,30188053.0,93.09,1.1402016070667218,EVALUATION,0.0031087120294774895
LQD,2025-09-11T00:00:00Z,106.42,106.83,106.4,106.72,28402641.0,93.23,1.1406860697482444,EVALUATION,0.0010084420677144434
LQD,2025-09-12T00:00:00Z,106.49,106.56,106.24,106.53,26728497.0,92.97,1.1422098239381344,EVALUATION,0.001484295267347946
LQD,2025-09-15T00:00:00Z,106.74,106.92,106.74,106.86,21863832.0,93.12,1.1439010455554444,EVALUATION,-0.001486553366867982
LQD,2025-09-16T00:00:00Z,106.8,106.9,106.67,106.77,28232639.0,93.18,1.1460336536179225,EVALUATION,0.00036685725995921903
LQD,2025-09-17T00:00:00Z,106.96,107.12,106.35,106.58,34970042.0,92.98,1.1464172652501274,EVALUATION,0.0012698731894755788
LQD,2025-09-18T00:00:00Z,106.25,106.4,106.06,106.36,37159310.0,92.67,1.1465554364159292,EVALUATION,-0.0004145436258086166
LQD,2025-09-19T00:00:00Z,106.27,106.37,106.1,106.27,26845364.0,92.63,1.1466144206102973,EVALUATION,-0.0005449527006879951
LQD,2025-09-22T00:00:00Z,106.18,106.24,105.98,106.04,25908608.0,92.48,1.1470830078625414,EVALUATION,-0.0009253379608660239
LQD,2025-09-23T00:00:00Z,106.19,106.28,106.03,106.24,31575414.0,92.74,1.1472024355128925,EVALUATION,-0.0012576048208361446
LQD,2025-09-24T00:00:00Z,106.04,106.06,105.73,105.82,34756683.0,92.49,1.146482354300441,EVALUATION,0.0003668941391936631
LQD,2025-09-25T00:00:00Z,105.57,105.65,105.27,105.63,36991180.0,92.29,1.1454394139876074,EVALUATION,0.0018671515530648275
LQD,2025-09-26T00:00:00Z,105.71,105.94,105.56,105.77,31962180.0,92.24,1.1447454384631366,EVALUATION,0.0003819202689958612
LQD,2025-09-29T00:00:00Z,106.01,106.24,105.96,106.12,31961905.0,92.51,1.145116875755955,EVALUATION,-0.0005099437503378601
LQD,2025-09-30T00:00:00Z,106.19,106.38,105.93,106.02,34939756.0,92.47,1.1461153895246252,EVALUATION,0.0006090780662186823
LQD,2025-10-01T00:00:00Z,106.38,106.44,106.18,106.44,30262694.0,92.78,1.1467786028666793,EVALUATION,0.0005193254354878274
LQD,2025-10-02T00:00:00Z,106.42,106.65,106.34,106.61,18259449.0,92.88,1.146961082616997,EVALUATION,0.000826252496380242
LQD,2025-10-03T00:00:00Z,106.61,106.69,106.41,106.48,19971319.0,92.69,1.1471963894098811,EVALUATION,-0.0002801523120743443
LQD,2025-10-06T00:00:00Z,106.18,106.4,106.1,106.14,19553971.0,92.42,1.1479435484618221,EVALUATION,-0.0006043350730011721
LQD,2025-10-07T00:00:00Z,106.28,106.42,106.12,106.34,29459480.0,92.65,1.1483511182603077,EVALUATION,-0.0015323980418580074
LQD,2025-10-08T00:00:00Z,106.54,106.55,106.19,106.2,22462143.0,92.67,1.1483295308692962,EVALUATION,-0.0013299424054372677
LQD,2025-10-09T00:00:00Z,106.12,106.16,105.91,105.99,29660685.0,92.61,1.1474050155992115,EVALUATION,-0.0033243871861685648
LQD,2025-10-10T00:00:00Z,106.41,106.48,106.22,106.29,39146387.0,93.18,1.146079723096552,EVALUATION,0.002850364367201541
LQD,2025-10-13T00:00:00Z,106.34,106.72,106.27,106.65,11236009.0,93.23,1.1437247363113467,EVALUATION,0.0008012487604949214
LQD,2025-10-14T00:00:00Z,106.45,107.03,106.41,107.01,43968664.0,93.47,1.143039116204333,EVALUATION,0.0010698619878035664
LQD,2025-10-15T00:00:00Z,107.16,107.39,106.82,107.01,45011180.0,93.37,1.1431666078024045,EVALUATION,-0.001801857308310284
LQD,2025-10-16T00:00:00Z,106.96,107.33,106.89,107.31,39858039.0,93.8,1.1449632872092137,EVALUATION,-0.00025119023278918906
LQD,2025-10-17T00:00:00Z,107.19,107.22,107.02,107.1,35431151.0,93.64,1.1449915434395925,EVALUATION,0.0016929368928266797
LQD,2025-10-20T00:00:00Z,107.35,107.44,107.31,107.43,26361144.0,93.77,1.1446191025908268,EVALUATION,-0.0017198627028325308
LQD,2025-10-21T00:00:00Z,107.69,107.75,107.44,107.44,27353849.0,93.94,1.1444824768520705,EVALUATION,0.0008109254001738009
LQD,2025-10-22T00:00:00Z,107.44,107.56,107.3,107.55,41003685.0,93.96,1.1443754433586901,EVALUATION,0.002090536166907908
LQD,2025-10-23T00:00:00Z,107.41,107.56,107.34,107.42,27557299.0,93.65,1.1446734515998112,EVALUATION,0.000714640518185039
LQD,2025-10-24T00:00:00Z,107.65,107.66,107.44,107.6,29473180.0,93.74,1.1451272016290153,EVALUATION,0.0016728624535315983
LQD,2025-10-27T00:00:00Z,107.59,107.8,107.44,107.78,23513396.0,93.74,1.1465095419677296,EVALUATION,-0.0008673208187917059
LQD,2025-10-28T00:00:00Z,107.72,107.8,107.58,107.79,34236305.0,93.83,1.148222862227212,EVALUATION,0.0008419669901599258
LQD,2025-10-29T00:00:00Z,107.73,107.76,107.09,107.18,36234650.0,93.22,1.1488038184563032,EVALUATION,-0.004016906835809908
LQD,2025-10-30T00:00:00Z,106.55,106.92,106.45,106.6,46042751.0,93.09,1.1494363186389063,EVALUATION,-0.004369654172755588
LQD,2025-10-31T00:00:00Z,106.7,106.7,106.14,106.18,57255523.0,93.13,1.1478871167356144,EVALUATION,-0.002194327225180648
LQD,2025-11-03T00:00:00Z,105.95,105.97,105.76,105.89,53372130.0,93.08,1.1450027822769286,EVALUATION,3.29131555749651e-05
LQD,2025-11-04T00:00:00Z,105.82,106.3,105.81,106.03,62636734.0,93.2,1.1409595415451432,EVALUATION,0.0019046253408724345
LQD,2025-11-05T00:00:00Z,106.01,106.07,105.7,105.72,43258251.0,92.75,1.1384703994823986,EVALUATION,2.7219334395978123e-05
LQD,2025-11-06T00:00:00Z,106.15,106.27,106.08,106.27,37815113.0,93.23,1.138374256257782,EVALUATION,-0.0022978834499390866
LQD,2025-11-07T00:00:00Z,106.01,106.19,105.95,106.06,42671621.0,93.26,1.1391227866577063,EVALUATION,0.0018524428025376016
LQD,2025-11-10T00:00:00Z,106.12,106.24,106.06,106.12,45229107.0,93.14,1.1389860375811018,EVALUATION,0.0008441911996750484
LQD,2025-11-11T00:00:00Z,106.39,106.62,106.32,106.54,11282570.0,93.43,1.1388266469604458,EVALUATION,-0.0011526786099809172
LQD,2025-11-12T00:00:00Z,106.47,106.52,106.34,106.44,39067935.0,93.45,1.1389765851381657,EVALUATION,-0.002090085492667093
LQD,2025-11-13T00:00:00Z,106.14,106.25,105.91,105.91,34125889.0,93.18,1.139561291282537,EVALUATION,-0.0010210672460015946
LQD,2025-11-14T00:00:00Z,106.0,106.08,105.61,105.62,31437629.0,93.02,1.1386470235422392,EVALUATION,-0.000519788122521847
LQD,2025-11-17T00:00:00Z,105.68,105.94,105.62,105.69,34343349.0,93.13,1.1370256187249983,EVALUATION,-0.0011375701231923774
LQD,2025-11-18T00:00:00Z,105.87,105.93,105.63,105.74,30566074.0,93.28,1.1356457609667785,EVALUATION,0.0007377962905226187
LQD,2025-11-19T00:00:00Z,105.96,106.02,105.69,105.75,29144994.0,93.22,1.1346321041272096,EVALUATION,-0.001036131513291405
LQD,2025-11-20T00:00:00Z,106.02,106.16,105.79,105.89,49362254.0,93.44,1.1342849291712518,EVALUATION,0.0001765550998256149
LQD,2025-11-21T00:00:00Z,106.24,106.3,105.97,106.26,41000506.0,93.75,1.1337433758569617,EVALUATION,0.002553344626388121
LQD,2025-11-24T00:00:00Z,106.51,106.69,106.42,106.69,28437903.0,93.89,1.133697932746613,EVALUATION,0.0001619726364379126
LQD,2025-11-25T00:00:00Z,106.75,107.2,106.72,106.98,47560984.0,94.13,1.1343367765895775,EVALUATION,0.002608701938586533
LQD,2025-11-26T00:00:00Z,106.98,107.36,106.86,107.35,24585384.0,94.21,1.1354276934006817,EVALUATION,-7.157799418167077e-05
LQD,2025-11-28T00:00:00Z,107.28,107.32,106.99,107.16,25471156.0,94.05,1.1374395732435858,EVALUATION,0.00010349859174041409
LQD,2025-12-01T00:00:00Z,106.51,106.63,106.41,106.59,24610135.0,93.54,1.138460970515915,EVALUATION,-0.00019852707234679912
LQD,2025-12-02T00:00:00Z,106.58,106.78,106.49,106.66,34955064.0,93.62,1.1394606956468707,EVALUATION,0.00022065975363583235
LQD,2025-12-03T00:00:00Z,106.73,106.99,106.69,106.9,20998021.0,93.81,1.1393976415534501,EVALUATION,0.0013139928456389338
LQD,2025-12-04T00:00:00Z,106.77,106.79,106.6,106.71,29846546.0,93.52,1.139445449340305,EVALUATION,0.001000819758931848
LQD,2025-12-05T00:00:00Z,106.75,106.76,106.45,106.6,25470026.0,93.33,1.13995439662488,EVALUATION,7.914380753482053e-05
LQD,2025-12-08T00:00:00Z,106.62,106.62,106.17,106.38,28815224.0,93.13,1.1409201206807464,EVALUATION,7.986135777582337e-05
LQD,2025-12-09T00:00:00Z,106.6,106.62,106.16,106.24,29239889.0,93.0,1.1418324131989934,EVALUATION,0.001386392343567966
LQD,2025-12-10T00:00:00Z,106.22,106.79,106.18,106.73,34019498.0,93.3,1.142274493707715,EVALUATION,-0.0015125966706466265
LQD,2025-12-11T00:00:00Z,106.92,107.03,106.53,106.58,41927196.0,93.31,1.1428613658387707,EVALUATION,-0.003325637725277164
LQD,2025-12-12T00:00:00Z,106.06,106.17,105.87,105.94,39040128.0,93.06,1.1428413273889595,EVALUATION,0.0003805137521935009
LQD,2025-12-15T00:00:00Z,106.28,106.36,105.98,106.06,22151514.0,93.13,1.14152124022124,EVALUATION,-0.000636303125211235
LQD,2025-12-16T00:00:00Z,105.95,106.34,105.88,106.3,31692622.0,93.4,1.1398192126797662,EVALUATION,-0.0008206743872639644
LQD,2025-12-17T00:00:00Z,106.19,106.33,106.11,106.19,22248040.0,93.38,1.1384530482570454,EVALUATION,0.0011966895354469376
LQD,2025-12-18T00:00:00Z,106.59,106.67,106.38,106.59,31844286.0,93.62,1.1380450747239321,EVALUATION,-0.00028996019804006234
LQD,2025-12-19T00:00:00Z,106.46,106.52,106.29,106.32,28594887.0,93.41,1.13794527158443,EVALUATION,0.000882437829809124
LQD,2025-12-22T00:00:00Z,106.37,106.39,106.2,106.3,17335283.0,93.31,1.137976027904892,EVALUATION,0.0013694123705636496
LQD,2025-12-23T00:00:00Z,106.1,106.45,106.05,106.4,16137321.0,93.27,1.1386533497305296,EVALUATION,0.0013741937668227955
LQD,2025-12-24T00:00:00Z,106.61,106.82,106.52,106.82,6400631.0,93.51,1.1393984573779268,EVALUATION,-0.0010560793354257303
LQD,2025-12-26T00:00:00Z,106.92,106.96,106.65,106.81,10589292.0,93.6,1.14077506312396,EVALUATION,-0.0001849878008477468
LQD,2025-12-29T00:00:00Z,106.86,106.95,106.76,106.95,18943860.0,93.74,1.1414147644106982,EVALUATION,-5.523917876171236e-05
LQD,2025-12-30T00:00:00Z,106.74,106.93,106.65,106.83,21486365.0,93.64,1.1414639649460334,EVALUATION,-0.0009953555339872189
LQD,2025-12-31T00:00:00Z,106.7,106.79,106.37,106.37,19124711.0,93.33,1.1409709281265623,EVALUATION,0.0006691505316824831
LQD,2026-01-02T00:00:00Z,106.5,106.57,106.23,106.35,25676222.0,93.25,1.140499860478542,EVALUATION,-0.00018180649406129845
LQD,2026-01-05T00:00:00Z,106.48,106.68,106.36,106.65,27753535.0,93.53,1.1403534856158934,EVALUATION,0.0006415053993371611
LQD,2026-01-06T00:00:00Z,106.49,106.65,106.31,106.65,31037322.0,93.47,1.140159232245558,EVALUATION,-0.001162412824179393
LQD,2026-01-07T00:00:00Z,106.92,106.96,106.7,106.72,28107442.0,93.64,1.140588743680256,EVALUATION,0.00017908068605598793
LQD,2026-01-08T00:00:00Z,106.38,106.57,106.37,106.42,26395662.0,93.36,1.140322517695088,EVALUATION,0.0024864898857528406
LQD,2026-01-09T00:00:00Z,106.5,106.85,106.4,106.81,29660295.0,93.47,1.1401934363399204,EVALUATION,6.67198829770177e-05
LQD,2026-01-12T00:00:00Z,106.55,106.82,106.5,106.68,28990065.0,93.35,1.1407640294000825,EVALUATION,0.0009642340502828972
LQD,2026-01-13T00:00:00Z,106.88,106.95,106.7,106.92,31139245.0,93.47,1.141801373909183,EVALUATION,0.0004925147484258208
LQD,2026-01-14T00:00:00Z,106.96,107.2,106.93,107.19,27251958.0,93.66,1.1431373186103055,EVALUATION,0.0007225221500447576
LQD,2026-01-15T00:00:00Z,107.33,107.35,107.0,107.05,34534790.0,93.47,1.14371701566368,EVALUATION,0.0009556600921040159
LQD,2026-01-16T00:00:00Z,106.98,107.03,106.72,106.74,38762069.0,93.11,1.1445474585454753,EVALUATION,-0.002115768988457223
LQD,2026-01-20T00:00:00Z,106.05,106.34,106.01,106.09,43500398.0,92.74,1.1453773111121508,EVALUATION,0.0034447337235670172
LQD,2026-01-21T00:00:00Z,106.32,106.83,106.22,106.73,37896550.0,92.98,1.1452080277605097,EVALUATION,0.001981437390123464
LQD,2026-01-22T00:00:00Z,106.75,107.03,106.65,106.93,36343015.0,92.97,1.1460726967086436,EVALUATION,-0.0010663513914366263
LQD,2026-01-23T00:00:00Z,106.93,107.02,106.68,107.0,30615345.0,93.13,1.1473293531186266,EVALUATION,-0.0005547767114806312
LQD,2026-01-26T00:00:00Z,107.21,107.27,107.05,107.09,23629809.0,93.26,1.1489896100218495,EVALUATION,-4.828173592441587e-05
LQD,2026-01-27T00:00:00Z,107.0,107.15,106.91,106.97,27166194.0,93.16,1.149127551425307,EVALUATION,-0.0005435246608912481
LQD,2026-01-28T00:00:00Z,106.88,106.91,106.64,106.82,31045901.0,93.08,1.1484887592640969,EVALUATION,-0.0006860639013197556
LQD,2026-01-29T00:00:00Z,106.61,106.87,106.5,106.85,45815467.0,93.17,1.1480498772273162,EVALUATION,-0.0004928271510372673
LQD,2026-01-30T00:00:00Z,106.77,106.9,106.69,106.74,39631499.0,93.12,1.147560973638929,EVALUATION,0.0011035220953120595
LQD,2026-02-02T00:00:00Z,106.73,106.89,106.61,106.64,35480376.0,92.93,1.1469020732362665,EVALUATION,-0.0004996036752649147
LQD,2026-02-03T00:00:00Z,106.62,106.72,106.49,106.69,32761707.0,93.02,1.1468738880188327,EVALUATION,-0.0010034759314804242
LQD,2026-02-04T00:00:00Z,106.56,106.63,106.42,106.56,31344403.0,93.0,1.1469169764468947,EVALUATION,-0.0011279424585877162
LQD,2026-02-05T00:00:00Z,106.77,107.11,106.7,107.07,23929703.0,93.55,1.1467648314518832,EVALUATION,0.0005603810591201519
LQD,2026-02-06T00:00:00Z,107.04,107.17,106.89,107.13,29022331.0,93.55,1.1457619137696469,EVALUATION,-0.000213789417423893
LQD,2026-02-09T00:00:00Z,106.94,107.17,106.87,107.13,27356885.0,93.57,1.1451637040740676,EVALUATION,-0.002048132919265644
LQD,2026-02-10T00:00:00Z,107.46,107.59,107.33,107.38,34509805.0,93.98,1.1448676345453037,EVALUATION,0.0017554251505941254
LQD,2026-02-11T00:00:00Z,107.2,107.47,107.16,107.26,29955341.0,93.71,1.1442215952892323,EVALUATION,-0.0014345060207230365
LQD,2026-02-12T00:00:00Z,107.54,107.83,107.52,107.77,39724173.0,94.29,1.1440322662161737,EVALUATION,-0.0005836168089237148
LQD,2026-02-13T00:00:00Z,108.09,108.13,107.96,108.13,33609892.0,94.66,1.1433805847547986,EVALUATION,0.0010304539677640223
LQD,2026-02-17T00:00:00Z,108.11,108.27,108.03,108.23,33132619.0,94.65,1.1432856597624788,EVALUATION,0.001189089834755852
LQD,2026-02-18T00:00:00Z,108.11,108.26,108.04,108.13,40087023.0,94.45,1.142912638718003,EVALUATION,-0.0002130349440661039
LQD,2026-02-19T00:00:00Z,107.95,108.21,107.94,108.21,30394457.0,94.54,1.1435377521403332,EVALUATION,-0.0007393032067276595
LQD,2026-02-20T00:00:00Z,108.15,108.22,107.94,108.13,44837430.0,94.54,1.1443031278205107,EVALUATION,-0.002579067330572782
LQD,2026-02-23T00:00:00Z,108.15,108.36,108.12,108.24,33324041.0,94.88,1.144394032397228,EVALUATION,-6.636928242653717e-05
LQD,2026-02-24T00:00:00Z,108.16,108.27,108.01,108.21,37797547.0,94.86,1.143051000596599,EVALUATION,0.0005661093894021585
LQD,2026-02-25T00:00:00Z,108.13,108.3,108.1,108.18,33682625.0,94.78,1.1417639447186327,EVALUATION,-0.002096125068178356
LQD,2026-02-26T00:00:00Z,108.17,108.27,108.08,108.25,33032297.0,95.04,1.1409743981100868,EVALUATION,-0.004367831509863751
LQD,2026-02-27T00:00:00Z,108.23,108.45,108.19,108.21,48344054.0,95.42,1.1403692861889263,EVALUATION,0.0027515258443011614
LQD,2026-03-02T00:00:00Z,107.77,107.9,107.61,107.85,54855162.0,94.84,1.1381377104214758,EVALUATION,0.0005908005616468426
LQD,2026-03-03T00:00:00Z,107.12,108.05,107.12,107.8,78775594.0,94.74,1.1367371663392356,EVALUATION,0.00294592014939421
LQD,2026-03-04T00:00:00Z,107.86,108.09,107.76,107.89,49023717.0,94.54,1.1363561172657124,EVALUATION,-0.0008253691700305099
LQD,2026-03-05T00:00:00Z,107.36,107.53,107.23,107.47,47319418.0,94.25,1.1387464786904113,EVALUATION,-0.002713167254867699
LQD,2026-03-06T00:00:00Z,106.91,107.46,106.73,107.11,58243451.0,94.19,1.1397754274415492,EVALUATION,0.0028962826088763105
LQD,2026-03-09T00:00:00Z,106.8,107.8,106.8,107.75,44312607.0,94.48,1.13954829090295,EVALUATION,-0.0036924742294369706
LQD,2026-03-10T00:00:00Z,107.34,107.63,107.0,107.01,71501660.0,94.18,1.13929593627477,EVALUATION,-0.0036578053041168568
LQD,2026-03-11T00:00:00Z,106.6,106.72,105.99,106.13,66524515.0,93.75,1.1379503518181948,EVALUATION,-0.002170771695090834
LQD,2026-03-12T00:00:00Z,105.94,105.96,105.34,105.56,72750832.0,93.45,1.1362449459600594,EVALUATION,-0.002624490323056672
LQD,2026-03-13T00:00:00Z,105.77,105.97,105.03,105.17,54605683.0,93.35,1.1326232823114237,EVALUATION,0.00035009505104577343
LQD,2026-03-16T00:00:00Z,105.88,106.01,105.55,105.68,65430458.0,93.77,1.1294205315663937,EVALUATION,0.0038765890932415115
LQD,2026-03-17T00:00:00Z,105.99,106.3,105.97,106.27,53954416.0,93.93,1.1277403884265598,EVALUATION,-0.0007858191028594641
LQD,2026-03-18T00:00:00Z,106.11,106.29,105.69,105.7,60360347.0,93.5,1.1283358593545876,EVALUATION,0.004351939451277209
LQD,2026-03-19T00:00:00Z,105.31,106.31,105.31,106.16,60271778.0,93.5,1.1296228717005496,EVALUATION,-0.003261709698608395
LQD,2026-03-20T00:00:00Z,105.68,105.78,104.76,104.86,66609737.0,92.66,1.1324189269021778,EVALUATION,0.0034504806116253395
LQD,2026-03-23T00:00:00Z,105.2,105.89,105.05,105.55,54513421.0,92.95,1.1325155004803562,EVALUATION,0.0013455480131864261
LQD,2026-03-24T00:00:00Z,105.07,105.62,104.96,105.34,46515697.0,92.64,1.1342073229866583,EVALUATION,-0.0015739805278933705
LQD,2026-03-25T00:00:00Z,105.98,106.02,105.68,105.72,48616638.0,93.12,1.1347702364861767,EVALUATION,0.00020319673442004138
LQD,2026-03-26T00:00:00Z,105.28,105.57,104.85,104.89,42073242.0,92.37,1.1359852797697176,EVALUATION,-0.0024917095855266913
LQD,2026-03-27T00:00:00Z,104.49,104.88,104.38,104.64,42579078.0,92.38,1.135980310319124,EVALUATION,-0.0007414983517752827
LQD,2026-03-30T00:00:00Z,105.43,105.58,105.2,105.31,42677450.0,93.04,1.1345212764395125,EVALUATION,0.004547520635346469
LQD,2026-03-31T00:00:00Z,105.71,106.17,105.59,105.97,57884961.0,93.2,1.133377770930298,EVALUATION,0.001896398729740123
LQD,2026-04-01T00:00:00Z,105.92,106.36,105.92,106.08,37445818.0,93.12,1.1338695458610943,EVALUATION,0.0018795384926373337
LQD,2026-04-02T00:00:00Z,105.84,106.66,105.8,106.53,27149393.0,93.34,1.136023728978935,EVALUATION,0.0011764557751446914
LQD,2026-04-06T00:00:00Z,106.29,106.67,106.28,106.37,29081069.0,93.09,1.1391679200061942,EVALUATION,-0.0015440240138557826
LQD,2026-04-07T00:00:00Z,106.28,106.56,105.7,106.48,41259431.0,93.33,1.1410480785925514,EVALUATION,0.0017075546784179885
LQD,2026-04-08T00:00:00Z,107.37,107.39,106.7,106.89,63695193.0,93.53,1.1416222890853416,EVALUATION,0.00032075269966858055
LQD,2026-04-09T00:00:00Z,106.72,107.19,106.57,106.89,39122450.0,93.5,1.1421324670901463,EVALUATION,-0.0010152373147864768
LQD,2026-04-10T00:00:00Z,106.87,106.95,106.56,106.61,22857489.0,93.35,1.1423161047597084,EVALUATION,0.0017033185194577083
LQD,2026-04-13T00:00:00Z,106.55,107.08,106.52,107.02,19905002.0,93.55,1.1426988294239318,EVALUATION,-4.331922553557632e-05
LQD,2026-04-14T00:00:00Z,107.12,107.47,107.07,107.37,29508285.0,93.86,1.143080597329229,EVALUATION,0.001864831272525569
LQD,2026-04-15T00:00:00Z,107.24,107.35,107.16,107.33,30074828.0,93.65,1.143323671836602,EVALUATION,-0.002843260147076143
LQD,2026-04-16T00:00:00Z,107.4,107.41,106.82,106.83,25833765.0,93.48,1.1446669221695405,EVALUATION,0.00016068743581088007
LQD,2026-04-17T00:00:00Z,107.52,107.67,107.36,107.43,44768214.0,93.99,1.1442749634692282,EVALUATION,0.000864464806825227
LQD,2026-04-20T00:00:00Z,107.43,107.51,107.19,107.42,19936456.0,93.9,1.1439603487536296,EVALUATION,0.0005495532847191731
LQD,2026-04-21T00:00:00Z,107.33,107.42,106.98,107.01,26008483.0,93.49,1.1432627308851508,EVALUATION,0.0008928003015962194
LQD,2026-04-22T00:00:00Z,107.35,107.49,107.18,107.22,17815544.0,93.59,1.1438637644610583,EVALUATION,-0.0011952501155038098
LQD,2026-04-23T00:00:00Z,107.2,107.34,106.66,106.92,25668965.0,93.44,1.144744191765293,EVALUATION,-0.001285167440513657
LQD,2026-04-24T00:00:00Z,106.9,107.13,106.73,107.0,23212958.0,93.63,1.144837771109879,EVALUATION,-0.000454064068050708
LQD,2026-04-27T00:00:00Z,106.92,106.99,106.61,106.7,21833707.0,93.41,1.1442316761416826,EVALUATION,0.0013250429147753096
LQD,2026-04-28T00:00:00Z,106.48,106.75,106.37,106.75,25604066.0,93.33,1.1431119328563057,EVALUATION,-0.0009061548116514606
LQD,2026-04-29T00:00:00Z,106.45,106.45,106.0,106.15,21801377.0,92.89,1.1429543165373275,EVALUATION,-0.0006996459073880246
LQD,2026-04-30T00:00:00Z,106.31,106.48,106.16,106.27,45531088.0,93.06,1.1429387752991043,EVALUATION,0.0008474960003483911
LQD,2026-05-01T00:00:00Z,106.39,106.84,106.3,106.44,34755932.0,93.13,1.1428305891670516,EVALUATION,0.0004565228330215554
LQD,2026-05-04T00:00:00Z,106.3,106.31,105.77,106.1,21930680.0,92.79,1.1425398062826773,EVALUATION,0.00216699429427214
LQD,2026-05-05T00:00:00Z,106.31,106.63,106.25,106.49,33610214.0,92.93,1.142770703825028,EVALUATION,2.7030807653094513e-05
LQD,2026-05-06T00:00:00Z,107.01,107.15,106.93,107.02,28417954.0,93.39,1.1440923211204623,EVALUATION,-0.001006123528052294
LQD,2026-05-07T00:00:00Z,107.19,107.21,106.52,106.58,24185440.0,93.1,1.1451018552951948,EVALUATION,0.001536895881501854
LQD,2026-05-08T00:00:00Z,106.98,107.12,106.92,107.03,17503795.0,93.35,1.1455513108047057,EVALUATION,0.0007981783661613617
LQD,2026-05-11T00:00:00Z,106.87,107.01,106.72,106.76,23051197.0,93.04,1.1457609703724612,EVALUATION,6.733145471071733e-05
LQD,2026-05-12T00:00:00Z,106.45,106.5,106.29,106.4,26579971.0,92.72,1.1462664213836409,EVALUATION,0.0005639097744358779
LQD,2026-05-13T00:00:00Z,106.37,106.47,106.15,106.46,19083465.0,92.72,1.1471832333198047,EVALUATION,-1.041437543636281e-05
LQD,2026-05-14T00:00:00Z,106.72,106.77,106.37,106.39,18038432.0,92.66,1.1477308444560508,EVALUATION,0.0015946079007089775
LQD,2026-05-15T00:00:00Z,105.72,105.8,105.55,105.71,49718493.0,91.92,1.1479684015231044,EVALUATION,-0.001362209154081584
LQD,2026-05-18T00:00:00Z,105.81,105.96,105.36,105.52,31145768.0,91.88,1.1487953263377448,EVALUATION,-0.0012134280036294465
LQD,2026-05-19T00:00:00Z,105.08,105.26,104.8,104.99,36966118.0,91.53,1.1488841305688957,EVALUATION,0.0009412850908361303
LQD,2026-05-20T00:00:00Z,105.04,105.92,105.03,105.8,34282089.0,92.15,1.1485106247033878,EVALUATION,0.0014282827681917354
LQD,2026-05-21T00:00:00Z,105.51,106.03,105.32,106.02,25440852.0,92.21,1.14787938938289,EVALUATION,0.0009245298346962638
LQD,2026-05-22T00:00:00Z,106.37,106.37,105.95,106.21,19669270.0,92.29,1.1483168329467137,EVALUATION,-0.0003655331368133119
LQD,2026-05-26T00:00:00Z,106.8,106.83,106.51,106.62,23731137.0,92.68,1.1495745991772959,EVALUATION,0.0008814818934730351
LQD,2026-05-27T00:00:00Z,106.74,106.9,106.66,106.76,16209265.0,92.72,1.1503352527968933,EVALUATION,0.0007183102188519364
LQD,2026-05-28T00:00:00Z,106.82,107.23,106.7,107.09,24177247.0,92.94,1.1508875209639553,EVALUATION,-0.00023554838233508235
LQD,2026-05-29T00:00:00Z,107.21,107.42,107.12,107.18,26551722.0,93.04,1.1513608055534101,EVALUATION,0.0016263894667275514
LQD,2026-06-01T00:00:00Z,106.8,107.19,106.68,107.17,19298650.0,92.88,1.1518833492455096,EVALUATION,-0.0008469703322590005
LQD,2026-06-02T00:00:00Z,107.3,107.37,107.13,107.16,14395528.0,92.95,1.1526936141659403,EVALUATION,-0.00032510344337366437
LQD,2026-06-03T00:00:00Z,106.83,106.94,106.72,106.86,24019134.0,92.72,1.1529033237315618,EVALUATION,0.0008581297132337351
LQD,2026-06-04T00:00:00Z,107.12,107.21,107.04,107.09,17882158.0,92.84,1.1530781614008447,EVALUATION,-0.0008708101827721304
LQD,2026-06-05T00:00:00Z,106.66,106.71,106.39,106.42,30790850.0,92.34,1.1529566411417367,EVALUATION,4.9314006150713574e-05
LQD,2026-06-08T00:00:00Z,106.68,106.74,106.28,106.31,21944761.0,92.24,1.1528239991437477,EVALUATION,0.00047352475124884386
LQD,2026-06-09T00:00:00Z,106.57,106.69,106.3,106.66,37868332.0,92.5,1.1528355669211952,EVALUATION,-0.0013709235205577874
LQD,2026-06-10T00:00:00Z,106.6,106.75,106.33,106.41,20870594.0,92.41,1.1526993022636036,EVALUATION,0.001626170439344099
LQD,2026-06-11T00:00:00Z,106.68,107.38,106.49,107.32,34849901.0,93.05,1.1523722323304282,EVALUATION,0.0010672507036262324
LQD,2026-06-12T00:00:00Z,107.12,107.31,106.88,107.25,23423432.0,92.89,1.1526460820280995,EVALUATION,-0.001263022333105157
LQD,2026-06-15T00:00:00Z,107.51,107.57,107.21,107.23,27041280.0,92.99,1.153149539086191,EVALUATION,-0.0014618328729012475
LQD,2026-06-16T00:00:00Z,107.35,107.56,107.29,107.35,24497524.0,93.23,1.1536948691280715,EVALUATION,0.0020886088818510284
LQD,2026-06-17T00:00:00Z,107.32,107.54,106.95,107.01,31080051.0,92.74,1.153059864252308,EVALUATION,-0.0007548588198471595
LQD,2026-06-18T00:00:00Z,107.67,107.68,107.27,107.31,42808215.0,93.07,1.1528197259367243,EVALUATION,0.001058159449976448
LQD,2026-06-22T00:00:00Z,106.97,107.05,106.83,107.02,22557988.0,92.72,1.1527758493576128,EVALUATION,-7.949293504516675e-05
LQD,2026-06-23T00:00:00Z,107.02,107.35,106.96,107.15,27509754.0,92.84,1.1537006452713434,EVALUATION,-0.0018897031164459843
LQD,2026-06-24T00:00:00Z,107.62,107.83,107.54,107.64,31463246.0,93.44,1.1537890155724675,EVALUATION,0.00019399711366663297
LQD,2026-06-25T00:00:00Z,107.81,107.94,107.65,107.73,33772961.0,93.5,1.153444369621784,EVALUATION,-0.0024598930481283254
LQD,2026-06-26T00:00:00Z,107.52,107.87,107.49,107.73,26033900.0,93.73,1.1527659465543845,EVALUATION,0.0015364248033298278
LQD,2026-06-29T00:00:00Z,107.85,107.96,107.77,107.93,43883942.0,93.76,1.1511756297866877,EVALUATION,-0.0006250100795326397
LQD,2026-06-30T00:00:00Z,107.73,107.79,107.29,107.31,32665832.0,93.28,1.150896085784319,EVALUATION,0.00032237160001813425
LQD,2026-07-01T00:00:00Z,106.96,107.27,106.88,107.08,25563804.0,93.05,1.1503010398757325,EVALUATION,0.0007137642548611378
LQD,2026-07-02T00:00:00Z,107.19,107.33,107.04,107.26,18406487.0,93.14,1.1507723575707998,EVALUATION,-0.00036449733861099176
LQD,2026-07-06T00:00:00Z,107.23,107.3,107.06,107.29,17472285.0,93.2,1.1509287563202326,EVALUATION,-0.0022270973899707336
LQD,2026-07-07T00:00:00Z,106.91,106.96,106.4,106.51,32025609.0,92.73,1.151186383609401,EVALUATION,7.731348948358807e-05
LQD,2026-07-08T00:00:00Z,106.31,106.38,106.02,106.3,31081491.0,92.54,1.150461157427001,EVALUATION,-0.0017849340683266934
LQD,2026-07-09T00:00:00Z,106.34,106.64,106.27,106.34,24613244.0,92.74,1.149492062424458,EVALUATION,-0.0014883230854163543
LQD,2026-07-10T00:00:00Z,106.35,106.35,105.95,106.09,34114446.0,92.66,1.147980822824339,EVALUATION,-0.0009493912260699622
LQD,2026-07-13T00:00:00Z,105.98,106.06,105.58,105.6,29936757.0,92.32,1.1467591602697356,EVALUATION,-0.0004488669187543426
LQD,2026-07-14T00:00:00Z,105.8,106.02,105.65,105.85,33689602.0,92.58,1.1451441701650615,EVALUATION,0.0010247160264715838
LQD,2026-07-15T00:00:00Z,105.91,106.29,105.91,106.21,27179191.0,92.8,1.144040488470648,EVALUATION,-0.00021443163998446924
LQD,2026-07-16T00:00:00Z,105.98,106.2,105.9,106.13,33414435.0,92.75,1.1438957636578981,EVALUATION,-0.0006206394385361858
LQD,2026-07-17T00:00:00Z,106.3,106.42,106.16,106.19,25761973.0,92.86,1.1440328546932592,EVALUATION,-0.000643852203766504
LQD,2026-07-20T00:00:00Z,106.16,106.19,105.74,105.79,29445078.0,92.57,1.1441041665669918,EVALUATION,-0.0003512005431075549
LQD,2026-07-21T00:00:00Z,105.65,105.69,105.41,105.49,26032556.0,92.34,1.1435396784008447,EVALUATION,0.0005678811543841089
LQD,2026-07-22T00:00:00Z,105.4,105.47,105.26,105.31,20115853.0,92.13,1.1429229218188082,EVALUATION,-0.0010847528217359237
LQD,2026-07-23T00:00:00Z,104.78,104.96,104.72,104.91,35688782.0,91.88,1.1427593525266893,EVALUATION,-0.0022450364507971
LQD,2026-07-24T00:00:00Z,104.73,105.14,104.73,104.88,27978590.0,92.06,1.1424275410466211,EVALUATION,-0.0001412495382824286
LQD,2026-07-27T00:00:00Z,105.2,105.26,105.08,105.15,33698533.0,92.31,1.1413770463594652,EVALUATION,1.0014014984793818e-05
LQD,2026-07-28T00:00:00Z,105.26,105.58,105.21,105.47,23348042.0,92.59,1.1400563134311188,EVALUATION,-0.0014767035265172979
LQD,2026-07-29T00:00:00Z,105.36,105.44,104.8,104.87,44523610.0,92.2,1.1391538079694117,EVALUATION,0.0013779274701639643
LQD,2026-07-30T00:00:00Z,105.0,105.19,104.94,105.06,30975878.0,92.24,1.1385410242352032,EVALUATION,0.001295794465278055
LQD,2026-07-31T00:00:00Z,104.89,104.99,104.65,104.9,40895560.0,91.98,1.1385039353243227,EVALUATION,0.0008895289749855095
LQD,2026-08-03T00:00:00Z,105.11,105.35,105.06,105.21,30003713.0,92.17,1.1389564098331393,EVALUATION,0.0015128275560867266
LQD,2026-08-04T00:00:00Z,105.63,105.88,105.58,105.86,30073533.0,92.6,1.140309426214655,EVALUATION,-0.0008368769379990537
LQD,2026-08-05T00:00:00Z,105.86,106.03,105.72,105.84,24601622.0,92.66,1.1417131890220433,EVALUATION,0.0002948465761821728
LQD,2026-08-06T00:00:00Z,105.52,105.61,105.35,105.46,32080479.0,92.3,1.1423048991572604,EVALUATION,-0.0005819010108734091
LQD,2026-08-07T00:00:00Z,105.8,105.83,105.51,105.65,22802854.0,92.52,1.1426718471473236,EVALUATION,-0.0011530027710205948
LQD,2026-08-10T00:00:00Z,105.37,105.43,105.03,105.06,26019608.0,92.11,1.1422447529101933,EVALUATION,-0.0009086731833869433
LQD,2026-08-11T00:00:00Z,105.27,105.38,105.06,105.09,24717226.0,92.22,1.1416955264307096,EVALUATION,0.0002611077916729876
LQD,2026-08-12T00:00:00Z,105.45,105.49,105.19,105.22,23025916.0,92.31,1.1406885369268311,EVALUATION,0.00040343428466815823
LQD,2026-08-13T00:00:00Z,105.7,105.95,105.6,105.65,25738639.0,92.65,1.1400017287259452,EVALUATION,-0.0012637824747426807
LQD,2026-08-14T00:00:00Z,105.49,105.54,105.12,105.22,29528801.0,92.39,1.139908474199815,EVALUATION,-0.001731861161680004
LQD,2026-08-17T00:00:00Z,105.06,105.12,104.78,104.81,25576928.0,92.19,1.1396785619129544,EVALUATION,0.0003595056934877494
LQD,2026-08-18T00:00:00Z,104.6,105.01,104.53,104.95,33960139.0,92.28,1.1386906839089608,EVALUATION,0.0019839467800319976
LQD,2026-08-19T00:00:00Z,105.64,105.73,105.39,105.67,37260109.0,92.73,1.1376861896602843,EVALUATION,-0.0007284274833789794
LQD,2026-08-20T00:00:00Z,105.13,105.4,105.06,105.16,26598688.0,92.35,1.1379118804954487,EVALUATION,0.0006178019808626978
LQD,2026-08-21T00:00:00Z,105.07,105.12,104.92,105.02,24264222.0,92.17,1.1385186208222053,EVALUATION,0.00041431064335162304
LQD,2026-08-24T00:00:00Z,105.22,105.43,105.2,105.28,23582376.0,92.36,1.1392242117503848,EVALUATION,0.001153639583972188
LQD,2026-08-25T00:00:00Z,105.71,105.98,105.61,105.96,30966272.0,92.85,1.1393383723490491,EVALUATION,0.001183608774853906
LQD,2026-08-26T00:00:00Z,105.8,105.9,105.69,105.88,19196100.0,92.67,1.1401663898971899,EVALUATION,0.00049895537047695
LQD,2026-08-27T00:00:00Z,105.88,105.95,105.72,105.83,21804836.0,92.58,1.1412105676318491,EVALUATION,0.0005138939470273884
LQD,2026-08-28T00:00:00Z,105.85,106.05,105.41,105.45,26992258.0,92.2,1.1422879233336884,EVALUATION,-0.0001345848645768477
LQD,2026-08-31T00:00:00Z,105.3,105.34,105.11,105.31,29396058.0,92.09,1.1431258736582504,EVALUATION,-0.0017614460403214682
LQD,2026-09-01T00:00:00Z,105.07,105.26,104.76,104.77,34356821.0,91.78,1.1434613365059128,EVALUATION,0.0003691636130263021
LQD,2026-09-02T00:00:00Z,104.93,104.97,104.75,104.9,26669980.0,91.86,1.1429328828536927,EVALUATION,0.0003413201628790219
LQD,2026-09-03T00:00:00Z,105.25,105.31,105.01,105.05,16256435.0,91.96,1.1423481567174223,EVALUATION,0.0001358432644286145
LQD,2026-09-04T00:00:00Z,105.11,105.23,105.02,105.03,20423610.0,91.93,1.1419445833460429,EVALUATION,0.0009790057652562245
LQD,2026-09-08T00:00:00Z,105.28,105.28,104.87,105.03,19458336.0,91.84,1.1422664582672017,EVALUATION,0.0012124252868187524
LQD,2026-09-09T00:00:00Z,104.97,105.08,104.63,104.86,34097986.0,91.58,1.1428211878802346,EVALUATION,-0.001306914195060127
LQD,2026-09-10T00:00:00Z,104.29,104.38,103.88,103.91,35640486.0,90.87,1.1437096311687651,EVALUATION,0.0014858559327755039
LQD,2026-09-11T00:00:00Z,104.35,104.41,103.86,103.87,27913689.0,90.7,1.1440436237286022,EVALUATION,0.0006894802881516338
LQD,2026-09-14T00:00:00Z,103.8,104.2,103.6,103.85,30824475.0,90.62,1.144571834111903,EVALUATION,0.0010212746152409302
LQD,2026-09-15T00:00:00Z,103.75,103.89,103.7,103.83,30860573.0,90.51,1.1448999788716117,EVALUATION,0.0026316569903680476
LQD,2026-09-16T00:00:00Z,104.16,104.62,103.94,104.0,39004623.0,90.42,1.146121429960125,EVALUATION,0.0010759830194138065
LQD,2026-09-17T00:00:00Z,104.56,104.71,104.44,104.71,29620454.0,90.94,1.1477827774177527,EVALUATION,0.0005552319068551359
LQD,2026-09-18T00:00:00Z,104.34,104.37,104.09,104.25,29095263.0,90.49,1.1495908627349554,EVALUATION,-0.00012682350528048225
LQD,2026-09-21T00:00:00Z,104.59,104.66,104.44,104.64,23057363.0,90.84,1.1512225101404883,EVALUATION,-0.00011008366358411514
LQD,2026-09-22T00:00:00Z,104.67,104.73,104.43,104.64,23609800.0,90.85,1.1517983248886505,EVALUATION,-0.0007909498972497042
LQD,2026-09-23T00:00:00Z,104.41,104.46,103.23,103.44,35071643.0,89.88,1.1519217065308938,EVALUATION,-0.0014942583924738573
LQD,2026-09-24T00:00:00Z,103.4,103.54,102.67,102.71,40034765.0,89.38,1.1515239807140325,EVALUATION,-0.0028841684160982872
LQD,2026-09-25T00:00:00Z,102.73,102.83,102.29,102.77,43868161.0,89.69,1.1505983320431505,EVALUATION,-0.001960272857935097
LQD,2026-09-28T00:00:00Z,102.1,102.26,101.75,102.03,44500228.0,89.22,1.1486139965492328,EVALUATION,0.00030859760710955086
LQD,2026-09-29T00:00:00Z,102.16,102.16,101.6,101.97,55436785.0,89.14,1.1461839463500434,EVALUATION,-0.0006850022032858227
LQD,2026-09-30T00:00:00Z,102.08,102.12,101.62,101.74,46000056.0,89.0,1.144448074845803,EVALUATION,-0.000520383528845203
LQD,2026-10-01T00:00:00Z,101.43,102.225,101.195,102.03,48177905.0,89.3,1.1435515452680607,SUPPORT_FORWARD_RETURN,
