instrument,timestamp,open,high,low,close,volume,sma_close_3,row_role,forward_return_1d
XYLD,2016-01-04T00:00:00Z,17.35,17.35,17.31,17.31,650.0,,SUPPORT_SMA3_WARMUP,
XYLD,2016-01-05T00:00:00Z,17.24,17.28,17.23,17.28,1603.0,,SUPPORT_SMA3_WARMUP,
XYLD,2016-01-06T00:00:00Z,16.82,17.12,16.82,17.05,4086.0,17.213333333333335,EVALUATION,-0.02404692082111437
XYLD,2016-01-07T00:00:00Z,16.95,16.95,16.64,16.64,2628.0,16.990000000000002,EVALUATION,-0.0030048076923077094
XYLD,2016-01-08T00:00:00Z,16.76,16.79,16.54,16.59,7319.0,16.76,EVALUATION,-0.008438818565400852
XYLD,2016-01-11T00:00:00Z,16.45,16.45,16.45,16.45,544.0,16.560000000000002,EVALUATION,0.0006079027355623268
XYLD,2016-01-12T00:00:00Z,16.46,16.46,16.46,16.46,628.0,16.5,EVALUATION,-0.017010935601458166
XYLD,2016-01-13T00:00:00Z,16.63,16.63,16.18,16.18,15784.0,16.363333333333333,EVALUATION,0.019159456118664986
XYLD,2016-01-14T00:00:00Z,16.11,16.52,16.11,16.49,3095.0,16.376666666666665,EVALUATION,-0.029714978775015055
XYLD,2016-01-15T00:00:00Z,16.18,16.19,15.83,16.0,50834.0,16.223333333333333,EVALUATION,-0.0050000000000000044
XYLD,2016-01-19T00:00:00Z,16.19,16.24,15.92,15.92,22551.0,16.136666666666667,EVALUATION,0.003140703517587884
XYLD,2016-01-20T00:00:00Z,15.89,15.97,15.55,15.97,40698.0,15.963333333333333,EVALUATION,0.007514088916718897
XYLD,2016-01-21T00:00:00Z,16.09,16.09,16.05,16.09,1651.0,15.993333333333332,EVALUATION,0.008701056556867703
XYLD,2016-01-22T00:00:00Z,16.1,16.27,16.1,16.23,739.0,16.096666666666668,EVALUATION,0.0
XYLD,2016-01-25T00:00:00Z,16.23,16.23,16.23,16.23,0.0,16.183333333333334,EVALUATION,-0.0049291435613063594
XYLD,2016-01-26T00:00:00Z,16.19,16.22,16.08,16.15,188232.0,16.203333333333333,EVALUATION,-0.00804953560371513
XYLD,2016-01-27T00:00:00Z,16.21,16.21,16.01,16.02,2865.0,16.133333333333333,EVALUATION,0.010611735330836591
XYLD,2016-01-28T00:00:00Z,16.18,16.19,16.18,16.19,467.0,16.12,EVALUATION,0.0
XYLD,2016-01-29T00:00:00Z,16.19,16.19,16.19,16.19,0.0,16.133333333333333,EVALUATION,0.021618282890673024
XYLD,2016-02-01T00:00:00Z,16.47,16.54,16.47,16.54,1897.0,16.30666666666667,EVALUATION,-0.012696493349455884
XYLD,2016-02-02T00:00:00Z,16.41,16.41,16.33,16.33,5332.0,16.35333333333333,EVALUATION,-0.004898958971218503
XYLD,2016-02-03T00:00:00Z,16.33,16.33,16.25,16.25,2761.0,16.37333333333333,EVALUATION,0.007384615384615545
XYLD,2016-02-04T00:00:00Z,16.43,16.45,16.35,16.37,7074.0,16.316666666666666,EVALUATION,-0.01221747098350634
XYLD,2016-02-05T00:00:00Z,16.28,16.28,16.17,16.17,510.0,16.263333333333335,EVALUATION,-0.01546072974644419
XYLD,2016-02-08T00:00:00Z,16.01,16.01,15.85,15.92,2799.0,16.153333333333336,EVALUATION,0.0
XYLD,2016-02-09T00:00:00Z,15.92,15.92,15.92,15.92,0.0,16.003333333333334,EVALUATION,0.00816582914572872
XYLD,2016-02-10T00:00:00Z,16.06,16.07,16.03,16.05,1791.0,15.963333333333335,EVALUATION,-0.016199376947040545
XYLD,2016-02-11T00:00:00Z,15.8,15.8,15.74,15.79,1945.0,15.92,EVALUATION,0.016466117796073654
XYLD,2016-02-12T00:00:00Z,16.04,16.05,15.99,16.05,931.0,15.963333333333335,EVALUATION,0.023676012461059104
XYLD,2016-02-16T00:00:00Z,16.29,16.43,16.29,16.43,2231.0,16.09,EVALUATION,0.0036518563603165077
XYLD,2016-02-17T00:00:00Z,16.36,16.52,16.36,16.49,9643.0,16.323333333333334,EVALUATION,0.0
XYLD,2016-02-18T00:00:00Z,16.53,16.53,16.49,16.49,480.0,16.47,EVALUATION,0.0
XYLD,2016-02-19T00:00:00Z,16.49,16.49,16.49,16.49,0.0,16.49,EVALUATION,0.009096422073984423
XYLD,2016-02-22T00:00:00Z,16.52,16.67,16.52,16.64,1774.0,16.54,EVALUATION,-0.006610576923076872
XYLD,2016-02-23T00:00:00Z,16.55,16.61,16.53,16.53,5987.0,16.553333333333335,EVALUATION,-0.012099213551119314
XYLD,2016-02-24T00:00:00Z,16.32,16.33,16.32,16.33,495.0,16.5,EVALUATION,0.015921616656460635
XYLD,2016-02-25T00:00:00Z,16.54,16.59,16.54,16.59,750.0,16.483333333333334,EVALUATION,0.009644364074743894
XYLD,2016-02-26T00:00:00Z,16.87,16.87,16.74,16.75,1388.0,16.556666666666665,EVALUATION,-0.004776119402984946
XYLD,2016-02-29T00:00:00Z,16.76,16.76,16.67,16.67,276.0,16.67,EVALUATION,0.011997600479904058
XYLD,2016-03-01T00:00:00Z,16.74,16.88,16.74,16.87,2801.0,16.763333333333335,EVALUATION,0.005334914048606976
XYLD,2016-03-02T00:00:00Z,16.92,16.98,16.89,16.96,3503.0,16.833333333333336,EVALUATION,0.004127358490566113
XYLD,2016-03-03T00:00:00Z,17.03,17.03,17.03,17.03,1467.0,16.953333333333333,EVALUATION,0.0035231943628888374
XYLD,2016-03-04T00:00:00Z,17.13,17.13,17.02,17.09,1894.0,17.026666666666667,EVALUATION,-0.0017554125219427785
XYLD,2016-03-07T00:00:00Z,17.03,17.06,17.03,17.06,314.0,17.06,EVALUATION,-0.003516998827666984
XYLD,2016-03-08T00:00:00Z,17.0,17.0,16.99,17.0,893.0,17.05,EVALUATION,0.0
XYLD,2016-03-09T00:00:00Z,17.0,17.0,17.0,17.0,632.0,17.02,EVALUATION,0.0
XYLD,2016-03-10T00:00:00Z,17.0,17.0,17.0,17.0,0.0,17.0,EVALUATION,0.012352941176470678
XYLD,2016-03-11T00:00:00Z,17.13,17.21,17.13,17.21,1753.0,17.07,EVALUATION,0.0
XYLD,2016-03-14T00:00:00Z,17.21,17.21,17.21,17.21,0.0,17.14,EVALUATION,-0.0023242300987796893
XYLD,2016-03-15T00:00:00Z,17.17,17.17,17.17,17.17,741.0,17.19666666666667,EVALUATION,0.005241700640652214
XYLD,2016-03-16T00:00:00Z,17.2,17.26,17.2,17.26,521.0,17.213333333333335,EVALUATION,0.002317497103128563
XYLD,2016-03-17T00:00:00Z,17.22,17.3,17.22,17.3,3245.0,17.243333333333332,EVALUATION,0.0
XYLD,2016-03-18T00:00:00Z,17.24,17.39,17.24,17.3,3643.0,17.28666666666667,EVALUATION,0.0023121387283235872
XYLD,2016-03-21T00:00:00Z,17.34,17.35,17.28,17.34,4238.0,17.313333333333333,EVALUATION,-0.0005767012687428741
XYLD,2016-03-22T00:00:00Z,17.3,17.36,17.28,17.33,4428.0,17.323333333333334,EVALUATION,-0.004616272360069118
XYLD,2016-03-23T00:00:00Z,17.29,17.29,17.23,17.25,1153.0,17.306666666666665,EVALUATION,-0.002318840579710102
XYLD,2016-03-24T00:00:00Z,17.18,17.24,17.18,17.21,3736.0,17.263333333333335,EVALUATION,0.004067402672864651
XYLD,2016-03-28T00:00:00Z,17.35,17.35,17.28,17.28,581.0,17.24666666666667,EVALUATION,0.0057870370370369795
XYLD,2016-03-29T00:00:00Z,17.24,17.38,17.24,17.38,2095.0,17.29,EVALUATION,0.004027617951668505
XYLD,2016-03-30T00:00:00Z,17.43,17.45,17.43,17.45,1780.0,17.37,EVALUATION,-0.0011461318051575464
XYLD,2016-03-31T00:00:00Z,17.46,17.46,17.43,17.43,807.0,17.419999999999998,EVALUATION,-0.0005737234652896106
XYLD,2016-04-01T00:00:00Z,17.42,17.44,16.99,17.42,26517.0,17.433333333333334,EVALUATION,0.0022962112514350874
XYLD,2016-04-04T00:00:00Z,17.48,17.48,17.45,17.46,2062.0,17.436666666666667,EVALUATION,-0.005154639175257714
XYLD,2016-04-05T00:00:00Z,17.34,17.37,17.34,17.37,700.0,17.416666666666668,EVALUATION,0.0017271157167528806
XYLD,2016-04-06T00:00:00Z,17.32,17.4,17.31,17.4,16084.0,17.41,EVALUATION,-0.002873563218390607
XYLD,2016-04-07T00:00:00Z,17.42,17.42,17.35,17.35,735.0,17.373333333333335,EVALUATION,-0.0011527377521615145
XYLD,2016-04-08T00:00:00Z,17.37,17.37,17.33,17.33,1033.0,17.36,EVALUATION,0.005193306405078202
XYLD,2016-04-11T00:00:00Z,17.42,17.42,17.42,17.42,812.0,17.366666666666667,EVALUATION,0.0022962112514350874
XYLD,2016-04-12T00:00:00Z,17.37,17.46,17.33,17.46,3067.0,17.403333333333336,EVALUATION,0.00859106529209619
XYLD,2016-04-13T00:00:00Z,17.56,17.61,17.53,17.61,4950.0,17.49666666666667,EVALUATION,-0.0005678591709254999
XYLD,2016-04-14T00:00:00Z,17.6,17.62,17.6,17.6,1700.0,17.55666666666667,EVALUATION,-0.001136363636363824
XYLD,2016-04-15T00:00:00Z,17.62,17.62,17.55,17.58,14062.0,17.596666666666668,EVALUATION,0.006257110352673623
XYLD,2016-04-18T00:00:00Z,17.65,17.7,17.65,17.69,2316.0,17.623333333333335,EVALUATION,0.0016958733747878263
XYLD,2016-04-19T00:00:00Z,17.7,17.74,17.7,17.72,4589.0,17.663333333333334,EVALUATION,0.0011286681715574343
XYLD,2016-04-20T00:00:00Z,17.73,17.78,17.73,17.74,1757.0,17.71666666666667,EVALUATION,-0.004509582863585049
XYLD,2016-04-21T00:00:00Z,17.72,17.74,17.66,17.66,2518.0,17.706666666666667,EVALUATION,-0.0011325028312570984
XYLD,2016-04-22T00:00:00Z,17.64,17.64,17.64,17.64,380.0,17.68,EVALUATION,-0.0011337868480725266
XYLD,2016-04-25T00:00:00Z,17.58,17.62,17.58,17.62,359.0,17.64,EVALUATION,0.0
XYLD,2016-04-26T00:00:00Z,17.64,17.64,17.62,17.62,1479.0,17.62666666666667,EVALUATION,0.0039727582292850006
XYLD,2016-04-27T00:00:00Z,17.64,17.69,17.58,17.69,2257.0,17.643333333333334,EVALUATION,-0.009044657998869443
XYLD,2016-04-28T00:00:00Z,17.66,17.66,17.52,17.53,1400.0,17.613333333333337,EVALUATION,-0.0028522532800913103
XYLD,2016-04-29T00:00:00Z,17.43,17.48,17.43,17.48,1456.0,17.56666666666667,EVALUATION,0.0062929061784897655
XYLD,2016-05-02T00:00:00Z,17.52,17.59,17.52,17.59,775.0,17.533333333333335,EVALUATION,-0.007390562819783897
XYLD,2016-05-03T00:00:00Z,17.49,17.53,17.46,17.46,5140.0,17.51,EVALUATION,-0.001718213058419349
XYLD,2016-05-04T00:00:00Z,17.42,17.43,17.4,17.43,2213.0,17.493333333333332,EVALUATION,-0.0022948938611588865
XYLD,2016-05-05T00:00:00Z,17.41,17.44,17.37,17.39,2881.0,17.426666666666666,EVALUATION,0.0034502587694076325
XYLD,2016-05-06T00:00:00Z,17.35,17.46,17.35,17.45,4725.0,17.423333333333332,EVALUATION,0.002292263610315093
XYLD,2016-05-09T00:00:00Z,17.48,17.49,17.47,17.49,1316.0,17.44333333333333,EVALUATION,0.008004574042310031
XYLD,2016-05-10T00:00:00Z,17.61,17.63,17.61,17.63,731.0,17.523333333333333,EVALUATION,-0.004537719795802531
XYLD,2016-05-11T00:00:00Z,17.61,17.61,17.55,17.55,2010.0,17.556666666666665,EVALUATION,-0.002279202279202197
XYLD,2016-05-12T00:00:00Z,17.55,17.55,17.5,17.51,870.0,17.563333333333333,EVALUATION,-0.006853226727584261
XYLD,2016-05-13T00:00:00Z,17.51,17.51,17.38,17.39,3563.0,17.483333333333334,EVALUATION,0.008625646923519081
XYLD,2016-05-16T00:00:00Z,17.43,17.57,17.42,17.54,5233.0,17.48,EVALUATION,-0.006841505131128689
XYLD,2016-05-17T00:00:00Z,17.51,17.52,17.42,17.42,6030.0,17.450000000000003,EVALUATION,-0.0011481056257177658
XYLD,2016-05-18T00:00:00Z,17.8,17.8,17.39,17.4,7727.0,17.453333333333333,EVALUATION,-0.0022988505747125743
XYLD,2016-05-19T00:00:00Z,17.49,17.49,17.3,17.36,2790.0,17.393333333333334,EVALUATION,0.004608294930875667
XYLD,2016-05-20T00:00:00Z,17.49,17.49,17.44,17.44,1616.0,17.4,EVALUATION,0.0005733944954127157
XYLD,2016-05-23T00:00:00Z,17.38,17.48,17.38,17.45,666.0,17.416666666666664,EVALUATION,0.010888252148997246
XYLD,2016-05-24T00:00:00Z,17.62,17.64,17.62,17.64,1065.0,17.509999999999998,EVALUATION,0.006802721088435382
XYLD,2016-05-25T00:00:00Z,17.71,17.78,17.71,17.76,10095.0,17.616666666666667,EVALUATION,-0.0016891891891892552
XYLD,2016-05-26T00:00:00Z,17.72,17.73,17.72,17.73,348.0,17.71,EVALUATION,0.0028200789622110367
XYLD,2016-05-27T00:00:00Z,17.8,17.8,17.76,17.78,5129.0,17.756666666666668,EVALUATION,0.0
XYLD,2016-05-31T00:00:00Z,17.8,17.8,17.73,17.78,3747.0,17.763333333333335,EVALUATION,0.003937007874015741
XYLD,2016-06-01T00:00:00Z,18.13,18.13,17.77,17.85,17357.0,17.803333333333335,EVALUATION,-0.0005602240896359634
XYLD,2016-06-02T00:00:00Z,17.9,17.9,17.78,17.84,11402.0,17.823333333333334,EVALUATION,0.0
XYLD,2016-06-03T00:00:00Z,17.87,17.87,17.76,17.84,10056.0,17.843333333333334,EVALUATION,0.002802690582959677
XYLD,2016-06-06T00:00:00Z,17.94,17.94,17.86,17.89,2925.0,17.856666666666666,EVALUATION,0.001676914477361624
XYLD,2016-06-07T00:00:00Z,17.92,17.94,17.92,17.92,1890.0,17.883333333333333,EVALUATION,0.0016741071428569843
XYLD,2016-06-08T00:00:00Z,18.0,18.0,17.92,17.95,6234.0,17.92,EVALUATION,-0.003899721448467952
XYLD,2016-06-09T00:00:00Z,17.88,17.88,17.88,17.88,400.0,17.916666666666668,EVALUATION,-0.005033557046979831
XYLD,2016-06-10T00:00:00Z,17.69,17.81,17.69,17.79,1966.0,17.873333333333335,EVALUATION,-0.00393479482855541
XYLD,2016-06-13T00:00:00Z,17.78,17.79,17.72,17.72,2651.0,17.796666666666667,EVALUATION,-0.004514672686230181
XYLD,2016-06-14T00:00:00Z,17.62,17.65,17.62,17.64,1605.0,17.716666666666665,EVALUATION,0.005668934240362633
XYLD,2016-06-15T00:00:00Z,17.73,17.74,17.71,17.74,2531.0,17.7,EVALUATION,-0.002818489289740489
XYLD,2016-06-16T00:00:00Z,17.6,17.7,17.56,17.69,2592.0,17.69,EVALUATION,-0.0028264556246467842
XYLD,2016-06-17T00:00:00Z,17.63,17.67,17.63,17.64,2167.0,17.69,EVALUATION,0.009070294784580435
XYLD,2016-06-20T00:00:00Z,17.83,17.85,17.8,17.8,2849.0,17.71,EVALUATION,0.0
XYLD,2016-06-21T00:00:00Z,17.8,17.82,17.77,17.8,2896.0,17.746666666666666,EVALUATION,-0.0016853932584269815
XYLD,2016-06-22T00:00:00Z,17.82,17.92,17.77,17.77,4490.0,17.79,EVALUATION,0.017445132245357264
XYLD,2016-06-23T00:00:00Z,18.01,18.08,17.96,18.08,4683.0,17.883333333333333,EVALUATION,-0.027654867256637128
XYLD,2016-06-24T00:00:00Z,17.18,17.79,17.18,17.58,5459.0,17.81,EVALUATION,-0.019340159271899915
XYLD,2016-06-27T00:00:00Z,17.3,17.3,17.1,17.24,8236.0,17.633333333333333,EVALUATION,0.009860788863109038
XYLD,2016-06-28T00:00:00Z,17.52,17.52,17.31,17.41,4313.0,17.41,EVALUATION,0.016657093624353747
XYLD,2016-06-29T00:00:00Z,17.7,17.7,17.7,17.7,388.0,17.45,EVALUATION,0.006779661016949268
XYLD,2016-06-30T00:00:00Z,17.71,17.82,17.68,17.82,6311.0,17.643333333333334,EVALUATION,0.004489337822671136
XYLD,2016-07-01T00:00:00Z,17.92,17.92,17.87,17.9,2947.0,17.806666666666665,EVALUATION,-0.006703910614525022
XYLD,2016-07-05T00:00:00Z,17.78,17.94,17.78,17.78,3811.0,17.833333333333332,EVALUATION,0.010686164229471107
XYLD,2016-07-06T00:00:00Z,17.81,17.97,17.77,17.97,3522.0,17.883333333333333,EVALUATION,-0.006677796327211882
XYLD,2016-07-07T00:00:00Z,18.07,18.07,17.83,17.85,4948.0,17.866666666666667,EVALUATION,0.011204481792717047
XYLD,2016-07-08T00:00:00Z,18.01,18.05,17.98,18.05,5124.0,17.956666666666667,EVALUATION,0.005540166204986097
XYLD,2016-07-11T00:00:00Z,18.14,18.15,18.11,18.15,1596.0,18.016666666666666,EVALUATION,0.006060606060606322
XYLD,2016-07-12T00:00:00Z,18.24,18.31,18.19,18.26,6074.0,18.153333333333332,EVALUATION,-0.0010952902519169028
XYLD,2016-07-13T00:00:00Z,18.38,18.38,18.21,18.24,5421.0,18.216666666666665,EVALUATION,0.0027412280701755165
XYLD,2016-07-14T00:00:00Z,18.28,18.33,18.27,18.29,7066.0,18.263333333333332,EVALUATION,0.0027337342810278553
XYLD,2016-07-15T00:00:00Z,18.33,18.34,18.33,18.34,400.0,18.29,EVALUATION,0.0005452562704471031
XYLD,2016-07-18T00:00:00Z,18.48,18.68,18.35,18.35,3053.0,18.326666666666668,EVALUATION,-0.0027247956403270157
XYLD,2016-07-19T00:00:00Z,18.31,18.31,18.27,18.3,1294.0,18.330000000000002,EVALUATION,0.0043715846994534235
XYLD,2016-07-20T00:00:00Z,18.42,18.42,18.34,18.38,2301.0,18.343333333333334,EVALUATION,-0.002720348204570233
XYLD,2016-07-21T00:00:00Z,18.43,18.43,18.3,18.33,4279.0,18.336666666666666,EVALUATION,0.0005455537370431252
XYLD,2016-07-22T00:00:00Z,18.37,18.37,18.34,18.34,466.0,18.349999999999998,EVALUATION,-0.004362050163576825
XYLD,2016-07-25T00:00:00Z,18.34,18.34,18.26,18.26,613.0,18.31,EVALUATION,0.006024096385542244
XYLD,2016-07-26T00:00:00Z,18.42,18.42,18.37,18.37,2114.0,18.323333333333334,EVALUATION,-0.0010887316276537717
XYLD,2016-07-27T00:00:00Z,18.37,18.38,18.3,18.35,6999.0,18.326666666666668,EVALUATION,-0.0010899182561309173
XYLD,2016-07-28T00:00:00Z,18.32,18.33,18.3,18.33,1804.0,18.35,EVALUATION,0.0005455537370431252
XYLD,2016-07-29T00:00:00Z,18.36,18.36,18.34,18.34,3335.0,18.34,EVALUATION,-0.0010905125408942062
XYLD,2016-08-01T00:00:00Z,18.26,18.33,18.26,18.32,3562.0,18.33,EVALUATION,-0.006004366812227047
XYLD,2016-08-02T00:00:00Z,18.36,18.36,18.18,18.21,3384.0,18.29,EVALUATION,0.0038440417353102774
XYLD,2016-08-03T00:00:00Z,18.28,18.28,18.28,18.28,678.0,18.27,EVALUATION,0.002735229759299518
XYLD,2016-08-04T00:00:00Z,18.33,18.33,18.31,18.33,2457.0,18.273333333333333,EVALUATION,0.0054555373704310295
XYLD,2016-08-05T00:00:00Z,18.43,18.43,18.43,18.43,244.0,18.346666666666668,EVALUATION,-0.005425935973955576
XYLD,2016-08-08T00:00:00Z,18.4,18.4,18.33,18.33,1698.0,18.363333333333333,EVALUATION,0.0054555373704310295
XYLD,2016-08-09T00:00:00Z,18.46,18.46,18.43,18.43,2011.0,18.39666666666667,EVALUATION,-0.0021703743895821193
XYLD,2016-08-10T00:00:00Z,18.45,18.45,18.39,18.39,1157.0,18.383333333333333,EVALUATION,0.0038064165307232223
XYLD,2016-08-11T00:00:00Z,18.45,18.46,18.45,18.46,2224.0,18.426666666666666,EVALUATION,-0.0010834236186348933
XYLD,2016-08-12T00:00:00Z,18.52,18.52,18.44,18.44,842.0,18.43,EVALUATION,0.0048806941431669415
XYLD,2016-08-15T00:00:00Z,18.52,18.53,18.52,18.53,1368.0,18.476666666666667,EVALUATION,-0.0037776578521316884
XYLD,2016-08-16T00:00:00Z,18.57,18.57,18.46,18.46,3702.0,18.476666666666667,EVALUATION,-0.0010834236186348933
XYLD,2016-08-17T00:00:00Z,18.38,18.45,18.37,18.44,3370.0,18.476666666666667,EVALUATION,0.002169197396963085
XYLD,2016-08-18T00:00:00Z,18.48,18.48,18.47,18.48,2600.0,18.46,EVALUATION,-0.0016233766233766378
XYLD,2016-08-19T00:00:00Z,18.45,18.45,18.45,18.45,1293.0,18.456666666666667,EVALUATION,0.0
XYLD,2016-08-22T00:00:00Z,18.47,18.47,18.44,18.45,741.0,18.46,EVALUATION,0.004878048780487809
XYLD,2016-08-23T00:00:00Z,18.49,18.55,18.49,18.54,7773.0,18.479999999999997,EVALUATION,-0.004854368932038833
XYLD,2016-08-24T00:00:00Z,18.48,18.48,18.45,18.45,1003.0,18.479999999999997,EVALUATION,0.0021680216802166807
XYLD,2016-08-25T00:00:00Z,18.48,18.54,18.21,18.49,25848.0,18.493333333333332,EVALUATION,-0.007571660356949561
XYLD,2016-08-26T00:00:00Z,18.45,18.45,18.35,18.35,895.0,18.43,EVALUATION,0.0010899182561308063
XYLD,2016-08-29T00:00:00Z,18.35,18.37,18.35,18.37,412.0,18.403333333333336,EVALUATION,0.003266194882961315
XYLD,2016-08-30T00:00:00Z,18.42,18.43,18.39,18.43,2271.0,18.383333333333333,EVALUATION,-0.0043407487791643495
XYLD,2016-08-31T00:00:00Z,18.51,18.51,18.29,18.35,8158.0,18.383333333333333,EVALUATION,0.0021798365122616126
XYLD,2016-09-01T00:00:00Z,18.33,18.39,18.33,18.39,711.0,18.39,EVALUATION,0.0032626427406199365
XYLD,2016-09-02T00:00:00Z,18.49,18.49,18.41,18.45,3225.0,18.39666666666667,EVALUATION,-0.0005420054200541147
XYLD,2016-09-06T00:00:00Z,18.44,18.45,18.4,18.44,5362.0,18.426666666666666,EVALUATION,0.0010845986984815426
XYLD,2016-09-07T00:00:00Z,18.46,18.48,18.44,18.46,1241.0,18.45,EVALUATION,0.003791982665222182
XYLD,2016-09-08T00:00:00Z,18.47,18.53,18.46,18.53,7644.0,18.476666666666667,EVALUATION,-0.017269293038316258
XYLD,2016-09-09T00:00:00Z,18.51,18.51,18.21,18.21,3874.0,18.4,EVALUATION,0.007688083470620555
XYLD,2016-09-12T00:00:00Z,18.11,18.36,18.11,18.35,3152.0,18.363333333333333,EVALUATION,-0.011444141689373355
XYLD,2016-09-13T00:00:00Z,18.16,18.16,18.12,18.14,3871.0,18.233333333333334,EVALUATION,0.0
XYLD,2016-09-14T00:00:00Z,18.14,18.14,18.14,18.14,0.0,18.21,EVALUATION,0.006615214994487362
XYLD,2016-09-15T00:00:00Z,18.13,18.26,18.08,18.26,2334.0,18.18,EVALUATION,-0.00383351588170866
XYLD,2016-09-16T00:00:00Z,18.19,18.21,18.18,18.19,782.0,18.196666666666665,EVALUATION,0.0005497526113247275
XYLD,2016-09-19T00:00:00Z,18.32,18.32,18.17,18.2,2967.0,18.21666666666667,EVALUATION,0.00219780219780219
XYLD,2016-09-20T00:00:00Z,18.27,18.34,18.21,18.24,11413.0,18.21,EVALUATION,0.0010964912280704286
XYLD,2016-09-21T00:00:00Z,18.26,18.26,18.26,18.26,3742.0,18.233333333333334,EVALUATION,0.013691128148959564
XYLD,2016-09-22T00:00:00Z,18.39,18.51,18.39,18.51,5812.0,18.336666666666666,EVALUATION,-0.004321988114532771
XYLD,2016-09-23T00:00:00Z,18.46,18.48,18.37,18.43,2580.0,18.400000000000002,EVALUATION,-0.005968529571351078
XYLD,2016-09-26T00:00:00Z,18.42,18.42,18.29,18.32,7901.0,18.42,EVALUATION,0.0010917030567685337
XYLD,2016-09-27T00:00:00Z,18.39,18.39,18.34,18.34,1267.0,18.363333333333333,EVALUATION,0.005452562704471253
XYLD,2016-09-28T00:00:00Z,18.42,18.47,18.36,18.44,3677.0,18.366666666666667,EVALUATION,-0.005965292841648706
XYLD,2016-09-29T00:00:00Z,18.54,18.54,18.32,18.33,5949.0,18.37,EVALUATION,0.0027277686852156258
XYLD,2016-09-30T00:00:00Z,18.31,18.42,18.3,18.38,3402.0,18.383333333333333,EVALUATION,-0.006528835690968293
XYLD,2016-10-03T00:00:00Z,18.29,18.29,18.19,18.26,4529.0,18.32333333333333,EVALUATION,0.0010952902519167917
XYLD,2016-10-04T00:00:00Z,18.35,18.35,18.26,18.28,2612.0,18.306666666666665,EVALUATION,0.007111597374179324
XYLD,2016-10-05T00:00:00Z,18.28,18.44,18.28,18.41,2679.0,18.316666666666666,EVALUATION,-0.007061379684953795
XYLD,2016-10-06T00:00:00Z,18.21,18.31,18.21,18.28,5815.0,18.323333333333334,EVALUATION,0.002188183807439792
XYLD,2016-10-07T00:00:00Z,18.32,18.35,18.32,18.32,741.0,18.336666666666666,EVALUATION,0.0065502183406114245
XYLD,2016-10-10T00:00:00Z,18.46,18.46,18.44,18.44,1060.0,18.346666666666668,EVALUATION,0.0
XYLD,2016-10-11T00:00:00Z,18.44,18.44,18.44,18.44,0.0,18.400000000000002,EVALUATION,-0.010303687635574876
XYLD,2016-10-12T00:00:00Z,18.2,18.25,18.2,18.25,1785.0,18.37666666666667,EVALUATION,-0.0021917808219177326
XYLD,2016-10-13T00:00:00Z,18.17,18.24,18.17,18.21,1288.0,18.3,EVALUATION,0.0016474464579900872
XYLD,2016-10-14T00:00:00Z,18.21,18.24,18.21,18.24,1010.0,18.233333333333334,EVALUATION,-0.0016447368421050879
XYLD,2016-10-17T00:00:00Z,18.19,18.21,18.15,18.21,2494.0,18.22,EVALUATION,0.0038440417353102774
XYLD,2016-10-18T00:00:00Z,18.3,18.3,18.28,18.28,546.0,18.243333333333332,EVALUATION,0.0
XYLD,2016-10-19T00:00:00Z,18.28,18.28,18.28,18.28,0.0,18.256666666666668,EVALUATION,-0.001094091903719896
XYLD,2016-10-20T00:00:00Z,18.26,18.26,18.26,18.26,131.0,18.273333333333333,EVALUATION,-0.0010952902519169028
XYLD,2016-10-21T00:00:00Z,18.24,18.24,18.24,18.24,227.0,18.259999999999998,EVALUATION,0.004934210526315708
XYLD,2016-10-24T00:00:00Z,18.34,18.35,18.31,18.33,3733.0,18.276666666666664,EVALUATION,-0.004909983633387904
XYLD,2016-10-25T00:00:00Z,18.22,18.24,18.22,18.24,540.0,18.269999999999996,EVALUATION,0.0027412280701755165
XYLD,2016-10-26T00:00:00Z,18.28,18.29,18.28,18.29,1139.0,18.286666666666665,EVALUATION,-0.0027337342810279663
XYLD,2016-10-27T00:00:00Z,18.46,18.46,18.21,18.24,873.0,18.256666666666664,EVALUATION,-0.005482456140350811
XYLD,2016-10-28T00:00:00Z,18.24,18.27,18.14,18.14,3469.0,18.223333333333333,EVALUATION,0.0011025358324145973
XYLD,2016-10-31T00:00:00Z,18.2,18.2,18.15,18.16,1527.0,18.18,EVALUATION,-0.00440528634361248
XYLD,2016-11-01T00:00:00Z,18.18,18.18,18.06,18.08,36439.0,18.126666666666665,EVALUATION,-0.0038716814159289736
XYLD,2016-11-02T00:00:00Z,18.11,18.11,17.97,18.01,3237.0,18.083333333333336,EVALUATION,-0.006107717934481061
XYLD,2016-11-03T00:00:00Z,18.0,18.0,17.9,17.9,3761.0,17.996666666666666,EVALUATION,-0.0027932960893852776
XYLD,2016-11-04T00:00:00Z,17.89,17.97,17.85,17.85,4933.0,17.92,EVALUATION,0.019607843137254832
XYLD,2016-11-07T00:00:00Z,18.03,18.22,18.03,18.2,1830.0,17.983333333333334,EVALUATION,0.00659340659340657
XYLD,2016-11-08T00:00:00Z,17.93,18.32,17.87,18.32,10315.0,18.123333333333335,EVALUATION,0.003820960698689868
XYLD,2016-11-09T00:00:00Z,18.22,18.43,18.22,18.39,1956.0,18.303333333333335,EVALUATION,0.0016313213703100793
XYLD,2016-11-10T00:00:00Z,18.45,18.45,18.34,18.42,3099.0,18.376666666666665,EVALUATION,-0.006514657980456029
XYLD,2016-11-11T00:00:00Z,18.32,18.37,18.25,18.3,6741.0,18.37,EVALUATION,-0.0021857923497267118
XYLD,2016-11-14T00:00:00Z,18.23,18.27,18.23,18.26,1394.0,18.326666666666668,EVALUATION,0.004381161007666945
XYLD,2016-11-15T00:00:00Z,18.33,18.38,18.32,18.34,6006.0,18.3,EVALUATION,0.0021810250817884125
XYLD,2016-11-16T00:00:00Z,18.43,18.43,18.38,18.38,3178.0,18.326666666666668,EVALUATION,0.0032644178454843686
XYLD,2016-11-17T00:00:00Z,18.4,18.45,18.4,18.44,992.0,18.386666666666667,EVALUATION,0.0
XYLD,2016-11-18T00:00:00Z,18.5,18.5,18.44,18.44,1349.0,18.42,EVALUATION,0.002169197396963085
XYLD,2016-11-21T00:00:00Z,18.5,18.58,18.46,18.48,2812.0,18.453333333333333,EVALUATION,0.005411255411255311
XYLD,2016-11-22T00:00:00Z,18.53,18.58,18.52,18.58,1645.0,18.5,EVALUATION,-0.0005382131324003225
XYLD,2016-11-23T00:00:00Z,18.55,18.57,18.53,18.57,1410.0,18.543333333333333,EVALUATION,0.003231017770597644
XYLD,2016-11-25T00:00:00Z,18.62,18.63,18.59,18.63,1628.0,18.593333333333334,EVALUATION,-0.0005367686527105731
XYLD,2016-11-28T00:00:00Z,18.64,18.68,18.59,18.62,2524.0,18.60666666666667,EVALUATION,-0.003759398496240629
XYLD,2016-11-29T00:00:00Z,18.57,18.63,18.55,18.55,5005.0,18.6,EVALUATION,0.000539083557951292
XYLD,2016-11-30T00:00:00Z,18.57,18.61,18.56,18.56,996.0,18.576666666666668,EVALUATION,-0.004849137931034475
XYLD,2016-12-01T00:00:00Z,18.48,18.5,18.43,18.47,3912.0,18.526666666666667,EVALUATION,0.0005414185165133478
XYLD,2016-12-02T00:00:00Z,18.48,18.48,18.43,18.48,13085.0,18.503333333333334,EVALUATION,0.0037878787878788955
XYLD,2016-12-05T00:00:00Z,18.48,18.62,18.48,18.55,11794.0,18.5,EVALUATION,0.0021563342318058343
XYLD,2016-12-06T00:00:00Z,18.58,18.62,18.54,18.59,7971.0,18.54,EVALUATION,0.008068854222700317
XYLD,2016-12-07T00:00:00Z,18.74,18.77,18.71,18.74,1914.0,18.626666666666665,EVALUATION,0.0032017075773747017
XYLD,2016-12-08T00:00:00Z,18.79,18.8,18.77,18.8,3414.0,18.71,EVALUATION,0.005851063829787284
XYLD,2016-12-09T00:00:00Z,18.85,18.91,18.84,18.91,7017.0,18.816666666666666,EVALUATION,0.0
XYLD,2016-12-12T00:00:00Z,19.06,19.06,18.9,18.91,2750.0,18.873333333333335,EVALUATION,0.004759386567953383
XYLD,2016-12-13T00:00:00Z,19.07,19.07,18.96,19.0,5175.0,18.94,EVALUATION,-0.004210526315789331
XYLD,2016-12-14T00:00:00Z,19.0,19.0,18.9,18.92,3840.0,18.943333333333335,EVALUATION,0.0021141649048626032
XYLD,2016-12-15T00:00:00Z,19.07,19.07,18.91,18.96,4466.0,18.96,EVALUATION,-0.002109704641350185
XYLD,2016-12-16T00:00:00Z,18.91,18.98,18.91,18.92,5487.0,18.933333333333337,EVALUATION,0.0021141649048626032
XYLD,2016-12-19T00:00:00Z,18.97,18.99,18.96,18.96,9967.0,18.94666666666667,EVALUATION,0.0005274261603374075
XYLD,2016-12-20T00:00:00Z,19.01,19.01,18.95,18.97,65000.0,18.950000000000003,EVALUATION,0.001581444385872599
XYLD,2016-12-21T00:00:00Z,18.98,19.01,18.97,19.0,162745.0,18.976666666666667,EVALUATION,-0.004210526315789331
XYLD,2016-12-22T00:00:00Z,18.93,18.95,18.9,18.92,13924.0,18.963333333333335,EVALUATION,0.0005285412262154843
XYLD,2016-12-23T00:00:00Z,18.96,18.96,18.93,18.93,10662.0,18.95,EVALUATION,0.005282620179609232
XYLD,2016-12-27T00:00:00Z,18.98,19.05,18.97,19.03,3800.0,18.96,EVALUATION,-0.0078822911192854
XYLD,2016-12-28T00:00:00Z,18.96,18.96,18.88,18.88,2019.0,18.946666666666665,EVALUATION,0.0015889830508475367
XYLD,2016-12-29T00:00:00Z,18.91,18.93,18.88,18.91,3351.0,18.94,EVALUATION,-0.0031729243786355887
XYLD,2016-12-30T00:00:00Z,18.91,18.91,18.83,18.85,4104.0,18.880000000000003,EVALUATION,0.003713527851458842
XYLD,2017-01-03T00:00:00Z,18.87,18.94,18.87,18.92,25569.0,18.893333333333334,EVALUATION,0.006871035940803294
XYLD,2017-01-04T00:00:00Z,19.06,19.09,19.02,19.05,8782.0,18.94,EVALUATION,-0.0005249343832022246
XYLD,2017-01-05T00:00:00Z,19.09,19.09,19.01,19.04,3449.0,19.003333333333334,EVALUATION,0.004201680672269115
XYLD,2017-01-06T00:00:00Z,19.13,19.13,19.12,19.12,1207.0,19.07,EVALUATION,-0.0036610878661087476
XYLD,2017-01-09T00:00:00Z,19.06,19.1,19.05,19.05,1159.0,19.07,EVALUATION,0.0010498687664042272
XYLD,2017-01-10T00:00:00Z,19.16,19.16,19.06,19.07,3782.0,19.080000000000002,EVALUATION,0.001048767697954922
XYLD,2017-01-11T00:00:00Z,19.01,19.09,19.01,19.09,1393.0,19.07,EVALUATION,0.0
XYLD,2017-01-12T00:00:00Z,19.13,19.13,19.0,19.09,3915.0,19.083333333333332,EVALUATION,0.002095337873232017
XYLD,2017-01-13T00:00:00Z,19.12,19.16,19.12,19.13,3640.0,19.10333333333333,EVALUATION,-0.00261369576581294
XYLD,2017-01-17T00:00:00Z,19.16,19.16,19.08,19.08,944.0,19.099999999999998,EVALUATION,0.0005241090146750338
XYLD,2017-01-18T00:00:00Z,19.11,19.11,19.08,19.09,1474.0,19.099999999999998,EVALUATION,-0.0015715034049240684
XYLD,2017-01-19T00:00:00Z,19.13,19.13,19.06,19.06,1941.0,19.076666666666664,EVALUATION,0.0031479538300105414
XYLD,2017-01-20T00:00:00Z,19.14,19.16,19.12,19.12,5723.0,19.09,EVALUATION,-0.0010460251046024993
XYLD,2017-01-23T00:00:00Z,19.12,19.14,19.05,19.1,7212.0,19.093333333333334,EVALUATION,0.004188481675392541
XYLD,2017-01-24T00:00:00Z,19.09,19.18,19.09,19.18,3644.0,19.133333333333333,EVALUATION,0.005213764337852034
XYLD,2017-01-25T00:00:00Z,19.24,19.3,19.23,19.28,2337.0,19.186666666666667,EVALUATION,0.0
XYLD,2017-01-26T00:00:00Z,19.26,19.28,19.26,19.28,1825.0,19.246666666666666,EVALUATION,-0.0010373443983402453
XYLD,2017-01-27T00:00:00Z,19.29,19.29,19.26,19.26,1766.0,19.273333333333333,EVALUATION,-0.005192107995846351
XYLD,2017-01-30T00:00:00Z,19.16,19.17,19.15,19.16,1711.0,19.233333333333334,EVALUATION,0.0020876826722338038
XYLD,2017-01-31T00:00:00Z,19.16,19.2,19.13,19.2,5463.0,19.206666666666667,EVALUATION,-0.0015624999999999112
XYLD,2017-02-01T00:00:00Z,19.16,19.18,19.16,19.17,1635.0,19.176666666666666,EVALUATION,0.0
XYLD,2017-02-02T00:00:00Z,19.29,19.29,19.15,19.17,4038.0,19.18,EVALUATION,0.008346374543557467
XYLD,2017-02-03T00:00:00Z,19.21,19.33,19.21,19.33,3450.0,19.223333333333333,EVALUATION,-0.0015519917227106994
XYLD,2017-02-06T00:00:00Z,19.29,19.31,19.28,19.3,3906.0,19.266666666666666,EVALUATION,-0.0005181347150260418
XYLD,2017-02-07T00:00:00Z,19.33,19.33,19.29,19.29,1511.0,19.306666666666665,EVALUATION,0.0015552099533437946
XYLD,2017-02-08T00:00:00Z,19.29,19.32,19.29,19.32,3417.0,19.303333333333335,EVALUATION,0.006728778467908869
XYLD,2017-02-09T00:00:00Z,19.36,19.46,19.35,19.45,5308.0,19.35333333333333,EVALUATION,0.0020565552699227663
XYLD,2017-02-10T00:00:00Z,19.52,19.52,19.44,19.49,1867.0,19.42,EVALUATION,0.004104669061057109
XYLD,2017-02-13T00:00:00Z,19.52,19.58,19.52,19.57,4969.0,19.503333333333334,EVALUATION,0.0020439448134899063
XYLD,2017-02-14T00:00:00Z,19.55,19.61,19.54,19.61,3887.0,19.556666666666665,EVALUATION,0.0010198878123406363
XYLD,2017-02-15T00:00:00Z,19.66,19.66,19.62,19.63,484.0,19.60333333333333,EVALUATION,-0.0010188487009679115
XYLD,2017-02-16T00:00:00Z,19.68,19.68,19.61,19.61,4621.0,19.616666666666667,EVALUATION,0.0025497195308517018
XYLD,2017-02-17T00:00:00Z,19.64,19.66,19.59,19.66,5021.0,19.633333333333333,EVALUATION,0.003560528992879064
XYLD,2017-02-21T00:00:00Z,19.64,19.73,19.64,19.73,1573.0,19.666666666666668,EVALUATION,-0.0025342118601114905
XYLD,2017-02-22T00:00:00Z,19.66,19.68,19.66,19.68,524.0,19.69,EVALUATION,0.0035569105691057867
XYLD,2017-02-23T00:00:00Z,19.8,19.8,19.69,19.75,5414.0,19.72,EVALUATION,0.0010126582278480178
XYLD,2017-02-24T00:00:00Z,19.74,19.77,19.69,19.77,4055.0,19.733333333333334,EVALUATION,0.0005058168942844166
XYLD,2017-02-27T00:00:00Z,19.76,19.8,19.76,19.78,3061.0,19.766666666666666,EVALUATION,-0.0025278058645096246
XYLD,2017-02-28T00:00:00Z,19.79,19.79,19.73,19.73,1909.0,19.76,EVALUATION,0.013177901672579706
XYLD,2017-03-01T00:00:00Z,19.85,19.99,19.85,19.99,1650.0,19.833333333333336,EVALUATION,-0.00500250125062518
XYLD,2017-03-02T00:00:00Z,19.93,19.94,19.87,19.89,6045.0,19.87,EVALUATION,-0.0005027652086476708
XYLD,2017-03-03T00:00:00Z,19.89,19.9,19.85,19.88,5041.0,19.919999999999998,EVALUATION,0.004024144869215318
XYLD,2017-03-06T00:00:00Z,19.89,19.96,19.82,19.96,4283.0,19.91,EVALUATION,-0.007515030060120331
XYLD,2017-03-07T00:00:00Z,19.83,19.84,19.76,19.81,5643.0,19.883333333333333,EVALUATION,-0.0005047955577990315
XYLD,2017-03-08T00:00:00Z,19.85,19.85,19.75,19.8,5566.0,19.856666666666666,EVALUATION,-0.002020202020201922
XYLD,2017-03-09T00:00:00Z,19.76,19.8,19.73,19.76,7633.0,19.79,EVALUATION,0.002024291497975561
XYLD,2017-03-10T00:00:00Z,19.88,19.88,19.77,19.8,4682.0,19.78666666666667,EVALUATION,0.0005050505050503418
XYLD,2017-03-13T00:00:00Z,19.85,19.85,19.81,19.81,370.0,19.79,EVALUATION,0.0
XYLD,2017-03-14T00:00:00Z,19.89,19.89,19.72,19.81,1627.0,19.806666666666665,EVALUATION,0.004543160020191728
XYLD,2017-03-15T00:00:00Z,19.85,19.91,19.85,19.9,1144.0,19.839999999999996,EVALUATION,-0.0010050251256281673
XYLD,2017-03-16T00:00:00Z,19.99,19.99,19.88,19.88,2377.0,19.86333333333333,EVALUATION,0.0
XYLD,2017-03-17T00:00:00Z,19.89,19.93,19.88,19.88,1780.0,19.886666666666663,EVALUATION,0.0005030181086520535
XYLD,2017-03-20T00:00:00Z,19.87,19.9,19.87,19.89,7412.0,19.883333333333333,EVALUATION,-0.007541478129713508
XYLD,2017-03-21T00:00:00Z,19.89,19.89,19.74,19.74,7102.0,19.836666666666666,EVALUATION,-0.006079027355622935
XYLD,2017-03-22T00:00:00Z,19.62,19.62,19.62,19.62,2735.0,19.75,EVALUATION,0.0025484199796126372
XYLD,2017-03-23T00:00:00Z,19.72,19.72,19.66,19.67,2924.0,19.676666666666666,EVALUATION,-0.0030503304524658326
XYLD,2017-03-24T00:00:00Z,19.7,19.7,19.57,19.61,2099.0,19.633333333333333,EVALUATION,-0.0005099439061702071
XYLD,2017-03-27T00:00:00Z,19.5,19.65,19.5,19.6,1782.0,19.62666666666667,EVALUATION,0.006632653061224403
XYLD,2017-03-28T00:00:00Z,19.6,19.78,19.6,19.73,18500.0,19.64666666666667,EVALUATION,0.0005068423720222537
XYLD,2017-03-29T00:00:00Z,19.81,19.81,19.66,19.74,8710.0,19.69,EVALUATION,0.004052684903748771
XYLD,2017-03-30T00:00:00Z,19.72,19.84,19.72,19.82,2791.0,19.763333333333332,EVALUATION,-0.00403632694248246
XYLD,2017-03-31T00:00:00Z,19.83,19.85,19.74,19.74,14170.0,19.766666666666666,EVALUATION,-0.0010131712259371373
XYLD,2017-04-03T00:00:00Z,19.8,19.81,19.66,19.72,3229.0,19.759999999999998,EVALUATION,0.0005070993914808586
XYLD,2017-04-04T00:00:00Z,19.75,19.75,19.73,19.73,800.0,19.73,EVALUATION,-0.003041054232133744
XYLD,2017-04-05T00:00:00Z,19.9,19.9,19.67,19.67,3531.0,19.706666666666667,EVALUATION,0.004575495678698527
XYLD,2017-04-06T00:00:00Z,19.75,19.78,19.67,19.76,3474.0,19.720000000000002,EVALUATION,0.0010121457489877805
XYLD,2017-04-07T00:00:00Z,19.78,19.81,19.74,19.78,6030.0,19.736666666666668,EVALUATION,-0.0005055611729020137
XYLD,2017-04-10T00:00:00Z,19.86,19.86,19.74,19.77,1752.0,19.77,EVALUATION,-0.0025290844714214167
XYLD,2017-04-11T00:00:00Z,19.78,19.78,19.65,19.72,2156.0,19.756666666666668,EVALUATION,-0.0040567951318457585
XYLD,2017-04-12T00:00:00Z,19.72,19.72,19.64,19.64,3065.0,19.71,EVALUATION,0.0
XYLD,2017-04-13T00:00:00Z,19.7,19.7,19.62,19.64,3099.0,19.666666666666668,EVALUATION,0.006109979633401208
XYLD,2017-04-17T00:00:00Z,19.66,19.76,19.66,19.76,4644.0,19.68,EVALUATION,-0.0045546558704453455
XYLD,2017-04-18T00:00:00Z,19.66,19.68,19.6,19.67,2110.0,19.69,EVALUATION,-0.0020335536349772587
XYLD,2017-04-19T00:00:00Z,19.68,19.76,19.63,19.63,5387.0,19.686666666666667,EVALUATION,0.011207335710647026
XYLD,2017-04-20T00:00:00Z,19.71,19.85,19.67,19.85,1509.0,19.71666666666667,EVALUATION,-0.0025188916876575096
XYLD,2017-04-21T00:00:00Z,19.86,19.86,19.75,19.8,7354.0,19.76,EVALUATION,0.006565656565656441
XYLD,2017-04-24T00:00:00Z,19.99,19.99,19.84,19.93,10303.0,19.86,EVALUATION,0.006522829904666239
XYLD,2017-04-25T00:00:00Z,20.02,20.08,20.02,20.06,3043.0,19.93,EVALUATION,-0.0009970089730807485
XYLD,2017-04-26T00:00:00Z,20.05,20.1,20.03,20.04,8311.0,20.009999999999998,EVALUATION,0.0004990019960080527
XYLD,2017-04-27T00:00:00Z,20.08,20.08,20.03,20.05,2655.0,20.05,EVALUATION,-0.0014962593516210099
XYLD,2017-04-28T00:00:00Z,20.01,20.02,20.01,20.02,1328.0,20.036666666666665,EVALUATION,0.0009990009990010762
XYLD,2017-05-01T00:00:00Z,20.13,20.13,20.04,20.04,28352.0,20.036666666666665,EVALUATION,0.0
XYLD,2017-05-02T00:00:00Z,20.04,20.08,20.03,20.04,2592.0,20.03333333333333,EVALUATION,0.0
XYLD,2017-05-03T00:00:00Z,20.01,20.05,20.01,20.04,1303.0,20.04,EVALUATION,-0.0004990019960078307
XYLD,2017-05-04T00:00:00Z,20.06,20.15,20.0,20.03,2802.0,20.036666666666665,EVALUATION,0.001997004493260013
XYLD,2017-05-05T00:00:00Z,20.05,20.09,19.99,20.07,3716.0,20.046666666666667,EVALUATION,0.0
XYLD,2017-05-08T00:00:00Z,20.11,20.11,20.06,20.07,2050.0,20.05666666666667,EVALUATION,-0.001494768310911887
XYLD,2017-05-09T00:00:00Z,20.08,20.17,19.66,20.04,7604.0,20.060000000000002,EVALUATION,0.0009980039920158834
XYLD,2017-05-10T00:00:00Z,20.11,20.11,19.66,20.06,8985.0,20.056666666666665,EVALUATION,-0.0034895314057826754
XYLD,2017-05-11T00:00:00Z,20.01,20.05,19.99,19.99,5736.0,20.03,EVALUATION,0.002001000500250205
XYLD,2017-05-12T00:00:00Z,19.97,20.03,19.97,20.03,1393.0,20.026666666666667,EVALUATION,0.0004992511233148367
XYLD,2017-05-15T00:00:00Z,20.08,20.13,20.03,20.04,3928.0,20.02,EVALUATION,-0.0004990019960078307
XYLD,2017-05-16T00:00:00Z,20.06,20.11,20.03,20.03,2430.0,20.03333333333333,EVALUATION,-0.010983524712930737
XYLD,2017-05-17T00:00:00Z,20.06,20.06,19.81,19.81,6117.0,19.96,EVALUATION,0.0005047955577992536
XYLD,2017-05-18T00:00:00Z,19.74,19.88,19.74,19.82,6264.0,19.886666666666667,EVALUATION,0.006054490413723634
XYLD,2017-05-19T00:00:00Z,19.91,20.0,19.91,19.94,4430.0,19.856666666666666,EVALUATION,0.0020060180541623396
XYLD,2017-05-22T00:00:00Z,19.99,20.03,19.97,19.98,5214.0,19.913333333333334,EVALUATION,0.006006006006006093
XYLD,2017-05-23T00:00:00Z,20.11,20.11,20.09,20.1,3301.0,20.006666666666668,EVALUATION,-0.0004975124378110429
XYLD,2017-05-24T00:00:00Z,20.19,20.19,20.07,20.09,4199.0,20.056666666666665,EVALUATION,0.006968641114982521
XYLD,2017-05-25T00:00:00Z,20.18,20.26,20.16,20.23,14488.0,20.14,EVALUATION,-0.001977261492832394
XYLD,2017-05-26T00:00:00Z,20.21,20.3,20.19,20.19,4507.0,20.17,EVALUATION,-0.0014858841010402246
XYLD,2017-05-30T00:00:00Z,20.23,20.24,20.16,20.16,216321.0,20.193333333333335,EVALUATION,0.004960317460317443
XYLD,2017-05-31T00:00:00Z,20.17,20.26,20.1,20.26,11042.0,20.203333333333333,EVALUATION,0.0
XYLD,2017-06-01T00:00:00Z,20.36,20.36,20.19,20.26,2342.0,20.226666666666667,EVALUATION,0.000987166831194486
XYLD,2017-06-02T00:00:00Z,20.3,20.33,20.28,20.28,5087.0,20.26666666666667,EVALUATION,0.0014792899408282434
XYLD,2017-06-05T00:00:00Z,20.3,20.31,20.3,20.31,935.0,20.283333333333335,EVALUATION,0.0
XYLD,2017-06-06T00:00:00Z,20.32,20.34,20.29,20.31,7889.0,20.3,EVALUATION,0.002461841457410241
XYLD,2017-06-07T00:00:00Z,20.34,20.37,20.33,20.36,5034.0,20.326666666666664,EVALUATION,-0.0024557956777996326
XYLD,2017-06-08T00:00:00Z,20.52,20.52,20.31,20.31,2364.0,20.326666666666664,EVALUATION,0.001477104874446189
XYLD,2017-06-09T00:00:00Z,20.42,20.43,20.31,20.34,2148.0,20.336666666666666,EVALUATION,-0.002458210422812246
XYLD,2017-06-12T00:00:00Z,20.34,20.36,20.29,20.29,2186.0,20.313333333333333,EVALUATION,0.005914243469689495
XYLD,2017-06-13T00:00:00Z,20.43,20.44,20.35,20.41,4619.0,20.346666666666668,EVALUATION,0.0014698677119060477
XYLD,2017-06-14T00:00:00Z,20.45,20.54,20.39,20.44,5375.0,20.38,EVALUATION,-0.005870841487279899
XYLD,2017-06-15T00:00:00Z,20.31,20.36,20.3,20.32,8579.0,20.39,EVALUATION,0.0
XYLD,2017-06-16T00:00:00Z,20.77,20.77,20.3,20.32,3000.0,20.36,EVALUATION,0.0034448818897638844
XYLD,2017-06-19T00:00:00Z,20.37,20.39,20.37,20.39,2221.0,20.343333333333334,EVALUATION,-0.0004904364884747991
XYLD,2017-06-20T00:00:00Z,20.4,20.42,20.38,20.38,5714.0,20.363333333333333,EVALUATION,-0.0029440628066731422
XYLD,2017-06-21T00:00:00Z,20.37,20.37,20.31,20.32,1647.0,20.363333333333333,EVALUATION,0.0009842519685039353
XYLD,2017-06-22T00:00:00Z,20.31,20.35,20.31,20.34,1889.0,20.346666666666668,EVALUATION,-0.000491642084562538
XYLD,2017-06-23T00:00:00Z,20.34,20.34,20.33,20.33,743.0,20.33,EVALUATION,0.0014756517461880225
XYLD,2017-06-26T00:00:00Z,20.43,20.43,20.36,20.36,1462.0,20.343333333333334,EVALUATION,-0.0019646365422396617
XYLD,2017-06-27T00:00:00Z,20.38,20.38,20.22,20.32,8410.0,20.336666666666666,EVALUATION,0.006397637795275468
XYLD,2017-06-28T00:00:00Z,20.4,20.46,20.37,20.45,3175.0,20.376666666666665,EVALUATION,-0.012713936430317707
XYLD,2017-06-29T00:00:00Z,20.54,20.54,20.19,20.19,1294.0,20.32,EVALUATION,0.006934125804853641
XYLD,2017-06-30T00:00:00Z,20.33,20.33,20.17,20.33,6133.0,20.323333333333334,EVALUATION,0.0024594195769798155
XYLD,2017-07-03T00:00:00Z,20.4,20.4,20.38,20.38,446.0,20.3,EVALUATION,-0.0009813542688910104
XYLD,2017-07-05T00:00:00Z,20.28,20.36,20.28,20.36,492.0,20.356666666666666,EVALUATION,-0.006876227897838927
XYLD,2017-07-06T00:00:00Z,20.31,20.31,20.21,20.22,3344.0,20.32,EVALUATION,0.005934718100890191
XYLD,2017-07-07T00:00:00Z,20.25,20.34,20.25,20.34,1075.0,20.306666666666665,EVALUATION,0.0
XYLD,2017-07-10T00:00:00Z,20.3,20.37,20.3,20.34,2939.0,20.3,EVALUATION,-0.005408062930186808
XYLD,2017-07-11T00:00:00Z,20.08,20.23,20.06,20.23,6752.0,20.303333333333335,EVALUATION,0.009886307464162192
XYLD,2017-07-12T00:00:00Z,20.41,20.43,20.4,20.43,3967.0,20.333333333333332,EVALUATION,0.001468428781204123
XYLD,2017-07-13T00:00:00Z,20.42,20.46,20.42,20.46,2313.0,20.373333333333335,EVALUATION,0.003421309872922773
XYLD,2017-07-14T00:00:00Z,20.47,20.53,20.47,20.53,2877.0,20.473333333333333,EVALUATION,0.001461276181198068
XYLD,2017-07-17T00:00:00Z,20.61,20.61,20.51,20.56,9024.0,20.516666666666666,EVALUATION,-0.0019455252918287869
XYLD,2017-07-18T00:00:00Z,20.46,20.71,20.46,20.52,10160.0,20.536666666666665,EVALUATION,0.003898635477582957
XYLD,2017-07-19T00:00:00Z,20.68,20.68,20.59,20.6,2708.0,20.56,EVALUATION,0.0033980582524271163
XYLD,2017-07-20T00:00:00Z,20.66,20.67,20.66,20.67,2690.0,20.596666666666668,EVALUATION,-0.0019351717464926033
XYLD,2017-07-21T00:00:00Z,20.63,20.63,20.63,20.63,414.0,20.633333333333333,EVALUATION,-0.0009694619486184664
XYLD,2017-07-24T00:00:00Z,20.61,20.61,20.61,20.61,254.0,20.636666666666667,EVALUATION,0.0029112081513829047
XYLD,2017-07-25T00:00:00Z,20.67,20.67,20.67,20.67,637.0,20.636666666666667,EVALUATION,0.0
XYLD,2017-07-26T00:00:00Z,20.67,20.67,20.67,20.67,278.0,20.650000000000002,EVALUATION,-0.002902757619738905
XYLD,2017-07-27T00:00:00Z,20.7,20.7,20.58,20.61,1388.0,20.650000000000002,EVALUATION,0.0014556040756914523
XYLD,2017-07-28T00:00:00Z,20.64,20.64,20.64,20.64,168.0,20.64,EVALUATION,-0.0014534883720930258
XYLD,2017-07-31T00:00:00Z,20.67,20.67,20.61,20.61,935.0,20.62,EVALUATION,0.0019408054342551218
XYLD,2017-08-01T00:00:00Z,20.67,20.67,20.65,20.65,2313.0,20.633333333333333,EVALUATION,-0.0014527845036318432
XYLD,2017-08-02T00:00:00Z,20.72,20.72,20.62,20.62,1142.0,20.626666666666665,EVALUATION,-0.0004849660523763566
XYLD,2017-08-03T00:00:00Z,20.67,20.67,20.61,20.61,1263.0,20.626666666666665,EVALUATION,0.002426006792819013
XYLD,2017-08-04T00:00:00Z,20.62,20.69,20.62,20.66,1391.0,20.630000000000003,EVALUATION,0.0019361084220717029
XYLD,2017-08-07T00:00:00Z,20.7,20.7,20.7,20.7,489.0,20.656666666666666,EVALUATION,-0.0024154589371980784
XYLD,2017-08-08T00:00:00Z,20.7,20.76,20.65,20.65,1698.0,20.669999999999998,EVALUATION,-0.0014527845036318432
XYLD,2017-08-09T00:00:00Z,20.67,20.67,20.62,20.62,5173.0,20.656666666666666,EVALUATION,-0.007274490785645127
XYLD,2017-08-10T00:00:00Z,20.53,20.53,20.47,20.47,4131.0,20.58,EVALUATION,-0.0009770395701025336
XYLD,2017-08-11T00:00:00Z,20.45,20.49,20.42,20.45,2979.0,20.513333333333335,EVALUATION,0.008312958435207962
XYLD,2017-08-14T00:00:00Z,20.62,20.64,20.6,20.62,2677.0,20.513333333333335,EVALUATION,0.0009699321047527132
XYLD,2017-08-15T00:00:00Z,20.64,20.67,20.62,20.64,2617.0,20.57,EVALUATION,0.002422480620155154
XYLD,2017-08-16T00:00:00Z,20.7,20.71,20.64,20.69,4850.0,20.650000000000002,EVALUATION,-0.009183180280328718
XYLD,2017-08-17T00:00:00Z,20.62,20.62,20.49,20.5,1496.0,20.61,EVALUATION,-0.008780487804878057
XYLD,2017-08-18T00:00:00Z,20.42,20.42,20.32,20.32,9704.0,20.503333333333334,EVALUATION,0.0034448818897638844
XYLD,2017-08-21T00:00:00Z,20.36,20.39,20.32,20.39,3878.0,20.403333333333332,EVALUATION,0.007846983815595898
XYLD,2017-08-22T00:00:00Z,20.38,20.56,20.38,20.55,6888.0,20.42,EVALUATION,-0.0048661800486619056
XYLD,2017-08-23T00:00:00Z,20.4,20.45,20.4,20.45,8341.0,20.463333333333335,EVALUATION,0.0024449877750611915
XYLD,2017-08-24T00:00:00Z,20.48,20.5,20.48,20.5,350.0,20.5,EVALUATION,0.0004878048780487809
XYLD,2017-08-25T00:00:00Z,20.57,20.57,20.48,20.51,802.0,20.486666666666665,EVALUATION,-0.0004875670404681509
XYLD,2017-08-28T00:00:00Z,20.52,20.52,20.46,20.5,10866.0,20.503333333333334,EVALUATION,0.0009756097560975618
XYLD,2017-08-29T00:00:00Z,20.4,20.53,20.4,20.52,2995.0,20.509999999999998,EVALUATION,0.004873294346978696
XYLD,2017-08-30T00:00:00Z,20.55,20.62,20.54,20.62,519.0,20.546666666666667,EVALUATION,0.0019398642095052043
XYLD,2017-08-31T00:00:00Z,20.66,20.68,20.64,20.66,5118.0,20.6,EVALUATION,0.0014520813165537216
XYLD,2017-09-01T00:00:00Z,20.68,20.73,20.68,20.69,2838.0,20.656666666666666,EVALUATION,-0.003866602223296378
XYLD,2017-09-05T00:00:00Z,20.71,20.71,20.61,20.61,1660.0,20.653333333333336,EVALUATION,0.0029112081513829047
XYLD,2017-09-06T00:00:00Z,20.62,20.67,20.59,20.67,4049.0,20.656666666666666,EVALUATION,-0.002418964683115643
XYLD,2017-09-07T00:00:00Z,20.74,20.74,20.62,20.62,432.0,20.633333333333333,EVALUATION,0.0009699321047527132
XYLD,2017-09-08T00:00:00Z,20.64,20.64,20.64,20.64,270.0,20.643333333333334,EVALUATION,0.005813953488372103
XYLD,2017-09-11T00:00:00Z,20.76,20.76,20.76,20.76,444.0,20.673333333333336,EVALUATION,0.0028901734104045396
XYLD,2017-09-12T00:00:00Z,20.83,20.83,20.79,20.82,365.0,20.740000000000002,EVALUATION,0.0
XYLD,2017-09-13T00:00:00Z,20.84,20.84,20.82,20.82,640.0,20.8,EVALUATION,-0.0024015369836696276
XYLD,2017-09-14T00:00:00Z,20.77,20.77,20.77,20.77,122.0,20.803333333333335,EVALUATION,0.004333172845450095
XYLD,2017-09-15T00:00:00Z,20.8,20.86,20.8,20.86,801.0,20.816666666666666,EVALUATION,0.0019175455417066445
XYLD,2017-09-18T00:00:00Z,21.55,21.55,20.9,20.9,6270.0,20.843333333333334,EVALUATION,-0.00047846889952141147
XYLD,2017-09-19T00:00:00Z,20.97,20.97,20.89,20.89,1478.0,20.883333333333333,EVALUATION,-0.002872187649593183
XYLD,2017-09-20T00:00:00Z,20.89,20.89,20.83,20.83,4808.0,20.87333333333333,EVALUATION,0.001440230436869916
XYLD,2017-09-21T00:00:00Z,20.79,20.86,20.79,20.86,279.0,20.86,EVALUATION,-0.0014381591562799834
XYLD,2017-09-22T00:00:00Z,20.84,20.85,20.83,20.83,622.0,20.839999999999996,EVALUATION,0.001920307249160036
XYLD,2017-09-25T00:00:00Z,20.81,20.94,20.81,20.87,6026.0,20.85333333333333,EVALUATION,-0.00191662673694315
XYLD,2017-09-26T00:00:00Z,20.82,20.84,20.82,20.83,797.0,20.843333333333334,EVALUATION,0.00336053768602973
XYLD,2017-09-27T00:00:00Z,20.78,20.9,20.78,20.9,1660.0,20.866666666666667,EVALUATION,-0.00047846889952141147
XYLD,2017-09-28T00:00:00Z,20.83,20.92,20.83,20.89,2912.0,20.87333333333333,EVALUATION,0.0019147917663953073
XYLD,2017-09-29T00:00:00Z,20.86,20.95,20.86,20.93,1219.0,20.906666666666666,EVALUATION,0.0023889154323937234
XYLD,2017-10-02T00:00:00Z,20.98,20.98,20.98,20.98,480.0,20.933333333333334,EVALUATION,0.0004766444232602307
XYLD,2017-10-03T00:00:00Z,20.97,21.04,20.75,20.99,3615.0,20.966666666666665,EVALUATION,0.0004764173415912065
XYLD,2017-10-04T00:00:00Z,21.06,21.06,21.0,21.0,733.0,20.99,EVALUATION,0.005238095238095264
XYLD,2017-10-05T00:00:00Z,21.11,21.11,21.09,21.11,753.0,21.03333333333333,EVALUATION,0.0
XYLD,2017-10-06T00:00:00Z,21.13,21.13,21.08,21.11,1633.0,21.07333333333333,EVALUATION,0.0
XYLD,2017-10-09T00:00:00Z,21.13,21.13,21.11,21.11,426.0,21.11,EVALUATION,0.0
XYLD,2017-10-10T00:00:00Z,21.12,21.14,21.11,21.11,1691.0,21.11,EVALUATION,0.002842254855518922
XYLD,2017-10-11T00:00:00Z,21.15,21.17,21.13,21.17,2595.0,21.13,EVALUATION,-0.0014170996693434468
XYLD,2017-10-12T00:00:00Z,21.14,21.17,21.13,21.14,5009.0,21.14,EVALUATION,-0.00047303689687805406
XYLD,2017-10-13T00:00:00Z,21.14,21.16,21.1,21.13,3632.0,21.14666666666667,EVALUATION,0.003312825366777128
XYLD,2017-10-16T00:00:00Z,21.18,21.2,21.16,21.2,2336.0,21.156666666666666,EVALUATION,0.0009433962264151496
XYLD,2017-10-17T00:00:00Z,21.19,21.22,21.19,21.22,734.0,21.183333333333334,EVALUATION,0.0
XYLD,2017-10-18T00:00:00Z,21.26,21.26,21.22,21.22,746.0,21.21333333333333,EVALUATION,-0.0037700282752120007
XYLD,2017-10-19T00:00:00Z,21.19,21.2,20.67,21.14,18563.0,21.193333333333335,EVALUATION,0.0052034058656575954
XYLD,2017-10-20T00:00:00Z,21.21,21.25,21.21,21.25,6508.0,21.203333333333333,EVALUATION,-0.0023529411764706687
XYLD,2017-10-23T00:00:00Z,21.26,21.26,21.2,21.2,761.0,21.196666666666665,EVALUATION,0.0
XYLD,2017-10-24T00:00:00Z,21.28,21.28,21.18,21.2,2129.0,21.216666666666665,EVALUATION,0.0004716981132075748
XYLD,2017-10-25T00:00:00Z,21.18,21.38,21.13,21.21,6796.0,21.203333333333333,EVALUATION,0.0009429514380008275
XYLD,2017-10-26T00:00:00Z,21.22,21.25,21.19,21.23,3007.0,21.213333333333335,EVALUATION,0.0037682524729156786
XYLD,2017-10-27T00:00:00Z,21.23,21.44,21.23,21.31,3416.0,21.25,EVALUATION,0.0
XYLD,2017-10-30T00:00:00Z,21.31,21.31,21.31,21.31,0.0,21.28333333333333,EVALUATION,-0.0018770530267480101
XYLD,2017-10-31T00:00:00Z,21.24,21.28,21.24,21.27,3697.0,21.296666666666667,EVALUATION,0.0014104372355430161
XYLD,2017-11-01T00:00:00Z,21.3,21.3,21.28,21.3,1630.0,21.293333333333333,EVALUATION,-0.005633802816901401
XYLD,2017-11-02T00:00:00Z,21.24,21.28,20.78,21.18,11151.0,21.25,EVALUATION,0.005193578847969782
XYLD,2017-11-03T00:00:00Z,21.19,21.51,21.19,21.29,11253.0,21.256666666666668,EVALUATION,0.00046970408642565964
XYLD,2017-11-06T00:00:00Z,21.27,21.3,21.26,21.3,2467.0,21.256666666666668,EVALUATION,-0.0014084507042253502
XYLD,2017-11-07T00:00:00Z,21.28,21.31,21.27,21.27,2225.0,21.28666666666667,EVALUATION,0.0032910202162670377
XYLD,2017-11-08T00:00:00Z,21.28,21.36,21.28,21.34,1531.0,21.303333333333335,EVALUATION,-0.004686035613870709
XYLD,2017-11-09T00:00:00Z,21.31,21.31,21.23,21.24,7916.0,21.28333333333333,EVALUATION,0.002354048964218425
XYLD,2017-11-10T00:00:00Z,21.26,21.29,21.24,21.29,6844.0,21.29,EVALUATION,0.0018788163457021945
XYLD,2017-11-13T00:00:00Z,21.26,21.62,21.26,21.33,5193.0,21.286666666666665,EVALUATION,-0.0014064697608999754
XYLD,2017-11-14T00:00:00Z,21.18,21.32,21.18,21.3,2321.0,21.306666666666665,EVALUATION,-0.0028169014084508115
XYLD,2017-11-15T00:00:00Z,21.35,21.35,21.24,21.24,3823.0,21.29,EVALUATION,0.008003766478342778
XYLD,2017-11-16T00:00:00Z,21.34,21.41,21.34,21.41,3245.0,21.316666666666666,EVALUATION,-0.0004670714619336991
XYLD,2017-11-17T00:00:00Z,21.49,21.49,21.37,21.4,24904.0,21.349999999999998,EVALUATION,0.0014018691588786325
XYLD,2017-11-20T00:00:00Z,21.43,21.44,21.43,21.43,1718.0,21.413333333333334,EVALUATION,0.003266448903406438
XYLD,2017-11-21T00:00:00Z,21.48,21.5,21.48,21.5,4643.0,21.443333333333335,EVALUATION,0.00046511627906986597
XYLD,2017-11-22T00:00:00Z,21.58,21.58,21.51,21.51,7428.0,21.48,EVALUATION,0.001394700139469851
XYLD,2017-11-24T00:00:00Z,21.54,21.54,21.54,21.54,556.0,21.516666666666666,EVALUATION,0.0
XYLD,2017-11-27T00:00:00Z,21.54,21.55,21.54,21.54,2418.0,21.53,EVALUATION,0.0032497678737233304
XYLD,2017-11-28T00:00:00Z,21.54,21.61,21.53,21.61,13249.0,21.563333333333333,EVALUATION,0.0009254974548820183
XYLD,2017-11-29T00:00:00Z,21.63,21.65,21.61,21.63,1580.0,21.593333333333334,EVALUATION,0.00277392510402219
XYLD,2017-11-30T00:00:00Z,21.64,21.73,21.64,21.69,16007.0,21.643333333333334,EVALUATION,-0.0018441678192716582
XYLD,2017-12-01T00:00:00Z,21.77,21.8,21.56,21.65,12477.0,21.656666666666666,EVALUATION,0.001385681293302632
XYLD,2017-12-04T00:00:00Z,21.79,21.79,21.68,21.68,2524.0,21.673333333333332,EVALUATION,-0.005535055350553542
XYLD,2017-12-05T00:00:00Z,21.69,21.69,21.55,21.56,4842.0,21.63,EVALUATION,0.004638218923933346
XYLD,2017-12-06T00:00:00Z,21.6,21.66,21.6,21.66,441.0,21.633333333333333,EVALUATION,0.00046168051708228575
XYLD,2017-12-07T00:00:00Z,21.66,21.68,21.66,21.67,5122.0,21.63,EVALUATION,0.004153207198892561
XYLD,2017-12-08T00:00:00Z,21.75,21.78,21.74,21.76,1895.0,21.696666666666665,EVALUATION,0.0013786764705880916
XYLD,2017-12-11T00:00:00Z,21.74,21.8,21.74,21.79,1793.0,21.740000000000002,EVALUATION,0.0022946305644790943
XYLD,2017-12-12T00:00:00Z,21.79,21.86,21.79,21.84,3880.0,21.796666666666667,EVALUATION,0.0009157509157509125
XYLD,2017-12-13T00:00:00Z,21.86,22.06,21.86,21.86,1544.0,21.83,EVALUATION,-0.0013723696248857387
XYLD,2017-12-14T00:00:00Z,21.87,21.87,21.82,21.83,3079.0,21.843333333333334,EVALUATION,0.005497022446175004
XYLD,2017-12-15T00:00:00Z,21.94,22.0,21.94,21.95,3288.0,21.88,EVALUATION,0.006378132118451063
XYLD,2017-12-18T00:00:00Z,22.11,22.11,22.09,22.09,810.0,21.956666666666667,EVALUATION,-0.0031688546853779753
XYLD,2017-12-19T00:00:00Z,22.14,22.14,21.99,22.02,4232.0,22.02,EVALUATION,-0.0009082652134423386
XYLD,2017-12-20T00:00:00Z,22.1,22.1,21.99,22.0,1595.0,22.036666666666665,EVALUATION,0.0013636363636364557
XYLD,2017-12-21T00:00:00Z,22.07,22.08,22.03,22.03,4839.0,22.016666666666666,EVALUATION,0.0036314117113027677
XYLD,2017-12-22T00:00:00Z,22.05,22.12,22.05,22.11,6692.0,22.046666666666667,EVALUATION,-0.0009045680687471691
XYLD,2017-12-26T00:00:00Z,22.1,22.12,22.06,22.09,2148.0,22.076666666666668,EVALUATION,0.0009053870529651675
XYLD,2017-12-27T00:00:00Z,22.11,22.15,22.0,22.11,11466.0,22.10333333333333,EVALUATION,0.0027137042062417294
XYLD,2017-12-28T00:00:00Z,22.15,22.17,22.09,22.17,20530.0,22.123333333333335,EVALUATION,-0.009472259810554884
XYLD,2017-12-29T00:00:00Z,22.04,22.14,21.96,21.96,14739.0,22.080000000000002,EVALUATION,0.012750455373406133
XYLD,2018-01-02T00:00:00Z,22.04,22.24,21.81,22.24,22192.0,22.123333333333335,EVALUATION,0.0053956834532373765
XYLD,2018-01-03T00:00:00Z,22.28,22.36,22.2,22.36,2324.0,22.186666666666667,EVALUATION,0.0008944543828264262
XYLD,2018-01-04T00:00:00Z,22.26,22.4,22.26,22.38,8365.0,22.326666666666668,EVALUATION,0.0035746201966042612
XYLD,2018-01-05T00:00:00Z,22.38,22.46,22.38,22.46,9942.0,22.4,EVALUATION,-0.0017809439002670624
XYLD,2018-01-08T00:00:00Z,22.46,22.46,22.35,22.42,5368.0,22.42,EVALUATION,0.0
XYLD,2018-01-09T00:00:00Z,22.42,22.42,22.42,22.42,4505.0,22.433333333333334,EVALUATION,-0.002230151650312262
XYLD,2018-01-10T00:00:00Z,22.35,22.39,22.35,22.37,4856.0,22.403333333333336,EVALUATION,0.003129190880643673
XYLD,2018-01-11T00:00:00Z,22.37,22.46,22.36,22.44,7133.0,22.41,EVALUATION,0.002673796791443861
XYLD,2018-01-12T00:00:00Z,22.44,22.52,22.44,22.5,9811.0,22.436666666666667,EVALUATION,-0.0013333333333334085
XYLD,2018-01-16T00:00:00Z,22.49,22.53,22.45,22.47,4215.0,22.47,EVALUATION,0.0017801513128616886
XYLD,2018-01-17T00:00:00Z,22.41,22.52,22.41,22.51,10286.0,22.493333333333332,EVALUATION,0.0
XYLD,2018-01-18T00:00:00Z,22.45,22.53,22.4,22.51,3591.0,22.496666666666666,EVALUATION,0.004886717014660036
XYLD,2018-01-19T00:00:00Z,22.49,22.62,22.45,22.62,21641.0,22.546666666666667,EVALUATION,0.0017683465959328348
XYLD,2018-01-22T00:00:00Z,22.59,22.69,22.5,22.66,5808.0,22.596666666666668,EVALUATION,-0.00044130626654903526
XYLD,2018-01-23T00:00:00Z,22.8,23.12,22.48,22.65,14842.0,22.643333333333334,EVALUATION,0.0008830022075057009
XYLD,2018-01-24T00:00:00Z,23.08,23.08,22.53,22.67,11732.0,22.66,EVALUATION,0.00044111160123505577
XYLD,2018-01-25T00:00:00Z,22.63,22.77,22.63,22.68,5840.0,22.666666666666668,EVALUATION,0.005291005291005346
XYLD,2018-01-26T00:00:00Z,22.74,22.85,22.74,22.8,12193.0,22.71666666666667,EVALUATION,-0.004385964912280715
XYLD,2018-01-29T00:00:00Z,22.81,22.81,22.64,22.7,3805.0,22.726666666666667,EVALUATION,-0.011453744493391982
XYLD,2018-01-30T00:00:00Z,22.49,22.54,22.41,22.44,14328.0,22.64666666666667,EVALUATION,0.004456327985739694
XYLD,2018-01-31T00:00:00Z,22.69,22.69,22.46,22.54,5921.0,22.56,EVALUATION,0.0
XYLD,2018-02-01T00:00:00Z,22.54,22.54,22.54,22.54,0.0,22.506666666666668,EVALUATION,-0.015971606033717833
XYLD,2018-02-02T00:00:00Z,22.5,22.5,22.18,22.18,4759.0,22.419999999999998,EVALUATION,-0.0392245266005411
XYLD,2018-02-05T00:00:00Z,21.4,22.08,21.06,21.31,11483.0,22.009999999999998,EVALUATION,0.011731581417175008
XYLD,2018-02-06T00:00:00Z,21.07,21.59,20.41,21.56,24970.0,21.683333333333334,EVALUATION,0.0009276437847867136
XYLD,2018-02-07T00:00:00Z,21.97,21.97,21.52,21.58,6077.0,21.48333333333333,EVALUATION,-0.03938832252085256
XYLD,2018-02-08T00:00:00Z,21.58,21.58,20.73,20.73,6240.0,21.29,EVALUATION,0.021225277375783946
XYLD,2018-02-09T00:00:00Z,20.99,21.17,20.34,21.17,12113.0,21.16,EVALUATION,0.008030231459612569
XYLD,2018-02-12T00:00:00Z,21.52,21.52,21.18,21.34,4018.0,21.080000000000002,EVALUATION,0.0
XYLD,2018-02-13T00:00:00Z,21.65,21.65,21.25,21.34,1500.0,21.283333333333335,EVALUATION,0.014995313964386137
XYLD,2018-02-14T00:00:00Z,21.38,21.66,21.38,21.66,4105.0,21.446666666666665,EVALUATION,0.004616805170821747
XYLD,2018-02-15T00:00:00Z,21.58,21.79,21.58,21.76,4140.0,21.586666666666666,EVALUATION,0.007352941176470562
XYLD,2018-02-16T00:00:00Z,21.95,21.96,21.88,21.92,1410.0,21.78,EVALUATION,-0.0018248175182482562
XYLD,2018-02-20T00:00:00Z,21.86,21.97,21.76,21.88,3830.0,21.853333333333335,EVALUATION,-0.005027422303473417
XYLD,2018-02-21T00:00:00Z,21.84,21.96,21.77,21.77,4077.0,21.85666666666667,EVALUATION,0.006430868167202508
XYLD,2018-02-22T00:00:00Z,22.1,22.1,21.85,21.91,2591.0,21.85333333333333,EVALUATION,0.010497489730716625
XYLD,2018-02-23T00:00:00Z,21.92,22.18,21.92,22.14,1312.0,21.94,EVALUATION,0.009936766034327027
XYLD,2018-02-26T00:00:00Z,22.24,22.36,22.23,22.36,2365.0,22.136666666666667,EVALUATION,-0.008944543828264706
XYLD,2018-02-27T00:00:00Z,22.33,22.33,22.09,22.16,2497.0,22.22,EVALUATION,-0.006317689530685899
XYLD,2018-02-28T00:00:00Z,22.22,22.29,22.02,22.02,1976.0,22.18,EVALUATION,-0.0172570390554041
XYLD,2018-03-01T00:00:00Z,21.9,21.9,21.53,21.64,4245.0,21.94,EVALUATION,-0.003696857670979714
XYLD,2018-03-02T00:00:00Z,21.55,21.65,21.43,21.56,3204.0,21.740000000000002,EVALUATION,0.01994434137291279
XYLD,2018-03-05T00:00:00Z,21.67,22.01,21.63,21.99,4265.0,21.73,EVALUATION,0.0004547521600728466
XYLD,2018-03-06T00:00:00Z,21.93,22.0,21.93,22.0,1353.0,21.849999999999998,EVALUATION,-0.00045454545454548523
XYLD,2018-03-07T00:00:00Z,21.65,21.99,21.65,21.99,7030.0,21.993333333333332,EVALUATION,0.004547521600727578
XYLD,2018-03-08T00:00:00Z,22.16,22.16,22.01,22.09,2598.0,22.026666666666664,EVALUATION,0.012675418741512123
XYLD,2018-03-09T00:00:00Z,22.24,22.47,22.24,22.37,10721.0,22.15,EVALUATION,0.0040232454179705
XYLD,2018-03-12T00:00:00Z,22.38,22.52,22.27,22.46,11830.0,22.30666666666667,EVALUATION,-0.01024042742653608
XYLD,2018-03-13T00:00:00Z,22.49,22.61,22.21,22.23,7333.0,22.353333333333335,EVALUATION,0.0013495276653172628
XYLD,2018-03-14T00:00:00Z,22.38,22.38,22.16,22.26,4851.0,22.31666666666667,EVALUATION,0.0008984725965857088
XYLD,2018-03-15T00:00:00Z,22.29,22.38,22.26,22.28,1693.0,22.256666666666668,EVALUATION,-0.002244165170556589
XYLD,2018-03-16T00:00:00Z,22.18,22.34,22.18,22.23,2709.0,22.256666666666668,EVALUATION,-0.007647323436797193
XYLD,2018-03-19T00:00:00Z,22.18,22.22,21.9,22.06,10322.0,22.189999999999998,EVALUATION,-0.002266545784224694
XYLD,2018-03-20T00:00:00Z,22.1,22.17,22.01,22.01,7289.0,22.1,EVALUATION,0.002271694684234271
XYLD,2018-03-21T00:00:00Z,22.09,22.09,22.06,22.06,906.0,22.043333333333333,EVALUATION,-0.01949229374433359
XYLD,2018-03-22T00:00:00Z,21.71,21.86,21.63,21.63,1703.0,21.9,EVALUATION,-0.029588534442903436
XYLD,2018-03-23T00:00:00Z,21.64,21.64,20.98,20.99,3235.0,21.56,EVALUATION,0.02096236303001442
XYLD,2018-03-26T00:00:00Z,21.34,21.46,21.18,21.43,15208.0,21.35,EVALUATION,0.0037330844610359293
XYLD,2018-03-27T00:00:00Z,21.63,21.63,21.48,21.51,1631.0,21.310000000000002,EVALUATION,-0.017201301720130235
XYLD,2018-03-28T00:00:00Z,21.23,21.31,21.14,21.14,5127.0,21.36,EVALUATION,0.009460737937559083
XYLD,2018-03-29T00:00:00Z,21.24,21.59,21.24,21.34,5552.0,21.330000000000002,EVALUATION,-0.02389878163074044
XYLD,2018-04-02T00:00:00Z,21.34,21.38,20.73,20.83,13844.0,21.10333333333333,EVALUATION,0.018242918867018787
XYLD,2018-04-03T00:00:00Z,21.09,21.21,20.8,21.21,15182.0,21.126666666666665,EVALUATION,0.005657708628005631
XYLD,2018-04-04T00:00:00Z,20.91,21.33,20.91,21.33,11130.0,21.12333333333333,EVALUATION,0.015939990623535127
XYLD,2018-04-05T00:00:00Z,21.49,21.67,21.46,21.67,9408.0,21.403333333333332,EVALUATION,-0.023996308260267774
XYLD,2018-04-06T00:00:00Z,21.62,21.62,21.08,21.15,8102.0,21.383333333333333,EVALUATION,0.003309692671394915
XYLD,2018-04-09T00:00:00Z,21.27,21.55,21.21,21.22,7447.0,21.346666666666668,EVALUATION,0.019792648444863392
XYLD,2018-04-10T00:00:00Z,21.6,21.64,21.45,21.64,2567.0,21.336666666666666,EVALUATION,-0.007855822550831837
XYLD,2018-04-11T00:00:00Z,21.42,21.58,21.42,21.47,3449.0,21.443333333333335,EVALUATION,0.010712622263623572
XYLD,2018-04-12T00:00:00Z,21.93,21.93,21.62,21.7,2137.0,21.60333333333333,EVALUATION,-0.0055299539170506895
XYLD,2018-04-13T00:00:00Z,21.69,21.69,21.58,21.58,3173.0,21.583333333333332,EVALUATION,0.011121408711770142
XYLD,2018-04-16T00:00:00Z,22.03,22.03,21.75,21.82,9665.0,21.7,EVALUATION,0.010082493125572745
XYLD,2018-04-17T00:00:00Z,22.01,22.1,22.0,22.04,6613.0,21.813333333333333,EVALUATION,0.002268602540834941
XYLD,2018-04-18T00:00:00Z,22.11,22.11,22.06,22.09,2799.0,21.983333333333334,EVALUATION,-0.006790402897238534
XYLD,2018-04-19T00:00:00Z,22.09,22.09,21.43,21.94,7546.0,22.023333333333333,EVALUATION,-0.010938924339106704
XYLD,2018-04-20T00:00:00Z,21.9,21.9,21.7,21.7,5963.0,21.91,EVALUATION,0.003225806451612856
XYLD,2018-04-23T00:00:00Z,21.79,21.83,21.66,21.77,6445.0,21.803333333333335,EVALUATION,-0.017914561322921463
XYLD,2018-04-24T00:00:00Z,21.98,21.98,21.37,21.38,6815.0,21.616666666666667,EVALUATION,-0.002806361085126219
XYLD,2018-04-25T00:00:00Z,21.4,21.4,21.24,21.32,2495.0,21.49,EVALUATION,0.020637898686679312
XYLD,2018-04-26T00:00:00Z,21.36,21.78,21.36,21.76,1451.0,21.486666666666665,EVALUATION,0.0018382352941175295
XYLD,2018-04-27T00:00:00Z,21.77,21.83,21.75,21.8,2255.0,21.626666666666665,EVALUATION,-0.002293577981651418
XYLD,2018-04-30T00:00:00Z,21.89,21.89,21.7,21.75,2352.0,21.77,EVALUATION,-0.012413793103448256
XYLD,2018-05-01T00:00:00Z,21.75,21.75,21.46,21.48,1616.0,21.676666666666666,EVALUATION,0.008379888268156499
XYLD,2018-05-02T00:00:00Z,21.69,21.75,21.63,21.66,4931.0,21.63,EVALUATION,-0.00969529085872578
XYLD,2018-05-03T00:00:00Z,21.32,21.52,20.95,21.45,15964.0,21.53,EVALUATION,0.018648018648018683
XYLD,2018-05-04T00:00:00Z,21.49,21.85,21.49,21.85,3133.0,21.653333333333332,EVALUATION,-0.0018306636155607237
XYLD,2018-05-07T00:00:00Z,21.8,21.93,21.8,21.81,4763.0,21.703333333333333,EVALUATION,0.0013755158184318717
XYLD,2018-05-08T00:00:00Z,21.87,21.87,21.76,21.84,2632.0,21.833333333333336,EVALUATION,0.010073260073260037
XYLD,2018-05-09T00:00:00Z,21.96,22.09,21.87,22.06,10962.0,21.903333333333332,EVALUATION,0.0072529465095194645
XYLD,2018-05-10T00:00:00Z,22.14,22.24,22.13,22.22,21691.0,22.04,EVALUATION,0.0013501350135014523
XYLD,2018-05-11T00:00:00Z,22.24,22.25,22.17,22.25,2885.0,22.176666666666666,EVALUATION,-0.0004494382022472987
XYLD,2018-05-14T00:00:00Z,22.31,22.35,22.24,22.24,24095.0,22.236666666666665,EVALUATION,-0.0022482014388487404
XYLD,2018-05-15T00:00:00Z,22.22,22.23,22.09,22.19,13239.0,22.226666666666667,EVALUATION,0.007210455159982088
XYLD,2018-05-16T00:00:00Z,22.17,22.36,22.17,22.35,8869.0,22.26,EVALUATION,-0.0031319910514541194
XYLD,2018-05-17T00:00:00Z,22.36,22.41,22.26,22.28,3712.0,22.273333333333333,EVALUATION,-0.0008976660682226134
XYLD,2018-05-18T00:00:00Z,22.1,22.34,22.1,22.26,4771.0,22.296666666666667,EVALUATION,0.0040431266846361336
XYLD,2018-05-21T00:00:00Z,22.46,22.52,22.35,22.35,7963.0,22.296666666666667,EVALUATION,-0.0022371364653244186
XYLD,2018-05-22T00:00:00Z,22.46,22.46,22.3,22.3,6551.0,22.303333333333335,EVALUATION,0.0017937219730941312
XYLD,2018-05-23T00:00:00Z,22.26,22.34,22.23,22.34,12491.0,22.33,EVALUATION,-0.004028648164726922
XYLD,2018-05-24T00:00:00Z,22.37,22.37,22.13,22.25,12234.0,22.296666666666667,EVALUATION,-0.0004494382022472987
XYLD,2018-05-25T00:00:00Z,22.25,22.25,22.24,22.24,828.0,22.276666666666667,EVALUATION,-0.010341726618704916
XYLD,2018-05-29T00:00:00Z,22.05,22.05,21.87,22.01,6173.0,22.166666666666668,EVALUATION,0.012721490231712762
XYLD,2018-05-30T00:00:00Z,22.47,22.47,22.16,22.29,3505.0,22.18,EVALUATION,-0.003140421713773045
XYLD,2018-05-31T00:00:00Z,22.38,22.38,22.13,22.22,4513.0,22.173333333333332,EVALUATION,0.010801080108010952
XYLD,2018-06-01T00:00:00Z,22.31,22.56,22.31,22.46,8089.0,22.323333333333334,EVALUATION,-0.0013357079252004356
XYLD,2018-06-04T00:00:00Z,22.73,22.73,22.43,22.43,1093.0,22.37,EVALUATION,0.00356665180561766
XYLD,2018-06-05T00:00:00Z,22.5,22.51,22.43,22.51,2479.0,22.46666666666667,EVALUATION,0.005775211017325699
XYLD,2018-06-06T00:00:00Z,22.49,22.64,22.49,22.64,2810.0,22.526666666666667,EVALUATION,-0.0013250883392226243
XYLD,2018-06-07T00:00:00Z,22.65,22.66,22.55,22.61,9452.0,22.586666666666666,EVALUATION,0.0035382574082265528
XYLD,2018-06-08T00:00:00Z,22.63,22.69,22.59,22.69,6943.0,22.64666666666667,EVALUATION,0.001322168356103992
XYLD,2018-06-11T00:00:00Z,22.69,22.77,22.68,22.72,3470.0,22.673333333333332,EVALUATION,0.0
XYLD,2018-06-12T00:00:00Z,22.7,22.72,22.7,22.72,672.0,22.71,EVALUATION,0.002640845070422726
XYLD,2018-06-13T00:00:00Z,22.74,22.8,22.69,22.78,8625.0,22.740000000000002,EVALUATION,-0.0004389815627744431
XYLD,2018-06-14T00:00:00Z,22.84,22.88,22.75,22.77,4897.0,22.756666666666668,EVALUATION,-0.0030742204655248573
XYLD,2018-06-15T00:00:00Z,22.67,22.75,22.66,22.7,5393.0,22.75,EVALUATION,0.004405286343612369
XYLD,2018-06-18T00:00:00Z,22.73,22.81,22.73,22.8,3619.0,22.756666666666668,EVALUATION,-0.0061403508771930015
XYLD,2018-06-19T00:00:00Z,22.83,22.83,22.56,22.66,3612.0,22.72,EVALUATION,0.005736981465136681
XYLD,2018-06-20T00:00:00Z,22.66,22.79,22.66,22.79,5897.0,22.75,EVALUATION,-0.009214567792891648
XYLD,2018-06-21T00:00:00Z,22.74,22.74,22.58,22.58,4504.0,22.676666666666666,EVALUATION,0.005314437555358875
XYLD,2018-06-22T00:00:00Z,22.59,22.74,22.59,22.7,5200.0,22.689999999999998,EVALUATION,-0.01585903083700435
XYLD,2018-06-25T00:00:00Z,22.54,22.54,22.28,22.34,3561.0,22.54,EVALUATION,0.006266786034019756
XYLD,2018-06-26T00:00:00Z,22.47,22.54,22.44,22.48,5267.0,22.506666666666668,EVALUATION,-0.00934163701067614
XYLD,2018-06-27T00:00:00Z,22.36,22.54,22.26,22.27,5823.0,22.363333333333333,EVALUATION,0.004490345756623215
XYLD,2018-06-28T00:00:00Z,22.17,22.37,22.17,22.37,2228.0,22.373333333333335,EVALUATION,0.0058113544926239324
XYLD,2018-06-29T00:00:00Z,22.45,22.51,22.45,22.5,1314.0,22.38,EVALUATION,-0.005333333333333412
XYLD,2018-07-02T00:00:00Z,22.25,22.38,22.25,22.38,2840.0,22.416666666666668,EVALUATION,-0.0017873100983020196
XYLD,2018-07-03T00:00:00Z,22.42,22.42,22.34,22.34,702.0,22.406666666666666,EVALUATION,0.006714413607878278
XYLD,2018-07-05T00:00:00Z,22.49,22.49,22.38,22.49,2240.0,22.403333333333332,EVALUATION,0.008448199199644346
XYLD,2018-07-06T00:00:00Z,22.5,22.68,22.5,22.68,531.0,22.50333333333333,EVALUATION,0.010141093474426821
XYLD,2018-07-09T00:00:00Z,22.94,22.94,22.84,22.91,5143.0,22.69333333333333,EVALUATION,0.0008729812309036244
XYLD,2018-07-10T00:00:00Z,22.91,22.99,22.91,22.93,1177.0,22.84,EVALUATION,-0.004361098996947255
XYLD,2018-07-11T00:00:00Z,22.88,22.88,22.81,22.83,2392.0,22.89,EVALUATION,0.007884362680683488
XYLD,2018-07-12T00:00:00Z,22.82,23.01,22.82,23.01,2497.0,22.923333333333332,EVALUATION,0.0008691873098651826
XYLD,2018-07-13T00:00:00Z,23.41,23.41,22.97,23.03,7357.0,22.956666666666667,EVALUATION,-0.0017368649587495844
XYLD,2018-07-16T00:00:00Z,23.03,23.03,22.98,22.99,6039.0,23.01,EVALUATION,0.005654632448890862
XYLD,2018-07-17T00:00:00Z,23.07,23.12,23.07,23.12,2284.0,23.046666666666667,EVALUATION,0.0008650519031141446
XYLD,2018-07-18T00:00:00Z,23.31,23.31,23.08,23.14,7065.0,23.083333333333336,EVALUATION,-0.0030250648228176136
XYLD,2018-07-19T00:00:00Z,22.97,23.12,22.97,23.07,3261.0,23.11,EVALUATION,-0.0004334633723450665
XYLD,2018-07-20T00:00:00Z,23.06,23.11,23.06,23.06,2989.0,23.09,EVALUATION,0.002168256721595929
XYLD,2018-07-23T00:00:00Z,23.06,23.12,23.04,23.11,10638.0,23.08,EVALUATION,0.0025962786672437677
XYLD,2018-07-24T00:00:00Z,23.2,23.28,23.14,23.17,13224.0,23.113333333333333,EVALUATION,0.005610703495899871
XYLD,2018-07-25T00:00:00Z,23.26,23.31,23.16,23.3,6851.0,23.193333333333335,EVALUATION,-0.00042918454935625405
XYLD,2018-07-26T00:00:00Z,23.32,23.33,23.25,23.29,5976.0,23.253333333333334,EVALUATION,-0.006011163589523472
XYLD,2018-07-27T00:00:00Z,23.25,23.31,23.15,23.15,8588.0,23.246666666666666,EVALUATION,-0.00345572354211654
XYLD,2018-07-30T00:00:00Z,23.18,23.18,23.06,23.07,20926.0,23.169999999999998,EVALUATION,0.007802340702210753
XYLD,2018-07-31T00:00:00Z,23.21,23.29,23.19,23.25,10291.0,23.156666666666666,EVALUATION,-0.004301075268817289
XYLD,2018-08-01T00:00:00Z,23.28,23.28,23.13,23.15,18600.0,23.156666666666666,EVALUATION,0.006047516198704139
XYLD,2018-08-02T00:00:00Z,23.58,23.58,23.09,23.29,11857.0,23.229999999999997,EVALUATION,0.0038643194504079936
XYLD,2018-08-03T00:00:00Z,23.38,23.42,23.28,23.38,14944.0,23.273333333333333,EVALUATION,0.0038494439692045024
XYLD,2018-08-06T00:00:00Z,23.42,23.52,23.4,23.47,6823.0,23.38,EVALUATION,0.004260758414997845
XYLD,2018-08-07T00:00:00Z,23.47,23.58,23.47,23.57,4249.0,23.473333333333333,EVALUATION,-0.0008485362749257597
XYLD,2018-08-08T00:00:00Z,24.0,24.03,23.48,23.55,6107.0,23.53,EVALUATION,-0.001698513800424628
XYLD,2018-08-09T00:00:00Z,23.74,23.74,23.51,23.51,5061.0,23.543333333333333,EVALUATION,-0.008081667375584911
XYLD,2018-08-10T00:00:00Z,23.33,23.44,23.32,23.32,3403.0,23.46,EVALUATION,0.0004288164665522398
XYLD,2018-08-13T00:00:00Z,23.56,23.56,23.3,23.33,3761.0,23.386666666666667,EVALUATION,0.0047149592798971796
XYLD,2018-08-14T00:00:00Z,23.36,23.47,23.36,23.44,173687.0,23.363333333333333,EVALUATION,-0.007252559726962482
XYLD,2018-08-15T00:00:00Z,23.28,23.28,23.16,23.27,6123.0,23.346666666666668,EVALUATION,0.010313708637731178
XYLD,2018-08-16T00:00:00Z,23.44,23.54,23.42,23.51,3817.0,23.406666666666666,EVALUATION,0.0012760527435133895
XYLD,2018-08-17T00:00:00Z,23.57,23.91,23.41,23.54,9835.0,23.44,EVALUATION,0.005522514868309347
XYLD,2018-08-20T00:00:00Z,23.48,23.73,23.48,23.67,26324.0,23.573333333333334,EVALUATION,0.0008449514152935045
XYLD,2018-08-21T00:00:00Z,23.67,23.72,23.64,23.69,17387.0,23.633333333333333,EVALUATION,-0.0008442380751371159
XYLD,2018-08-22T00:00:00Z,23.86,23.86,23.61,23.67,5757.0,23.67666666666667,EVALUATION,-0.0012674271229404788
XYLD,2018-08-23T00:00:00Z,23.86,23.86,23.58,23.64,15114.0,23.666666666666668,EVALUATION,0.004653130287648022
XYLD,2018-08-24T00:00:00Z,23.61,23.76,23.61,23.75,29842.0,23.686666666666667,EVALUATION,0.005473684210526297
XYLD,2018-08-27T00:00:00Z,23.69,23.88,23.69,23.88,23331.0,23.756666666666668,EVALUATION,-0.0041876046901171415
XYLD,2018-08-28T00:00:00Z,23.85,23.85,23.64,23.78,56164.0,23.803333333333335,EVALUATION,0.003364171572750152
XYLD,2018-08-29T00:00:00Z,23.58,23.91,23.58,23.86,20489.0,23.84,EVALUATION,-0.002933780385582563
XYLD,2018-08-30T00:00:00Z,24.05,24.05,23.71,23.79,130291.0,23.81,EVALUATION,0.0012610340479193294
XYLD,2018-08-31T00:00:00Z,23.71,23.83,23.71,23.82,10669.0,23.823333333333334,EVALUATION,0.0012594458438288658
XYLD,2018-09-04T00:00:00Z,23.81,23.86,23.77,23.85,15720.0,23.82,EVALUATION,-0.0016771488469602414
XYLD,2018-09-05T00:00:00Z,23.85,23.85,23.74,23.81,13810.0,23.826666666666668,EVALUATION,-0.0012599748005038824
XYLD,2018-09-06T00:00:00Z,23.88,23.88,23.68,23.78,17135.0,23.813333333333333,EVALUATION,-0.004205214465937801
XYLD,2018-09-07T00:00:00Z,23.67,23.77,23.67,23.68,4054.0,23.756666666666668,EVALUATION,0.0025337837837837718
XYLD,2018-09-10T00:00:00Z,23.71,23.81,23.71,23.74,13894.0,23.733333333333334,EVALUATION,0.0037910699241785473
XYLD,2018-09-11T00:00:00Z,23.69,23.89,23.69,23.83,7421.0,23.75,EVALUATION,0.0008392782207302663
XYLD,2018-09-12T00:00:00Z,23.91,23.91,23.8,23.85,6102.0,23.806666666666665,EVALUATION,0.00419287211740027
XYLD,2018-09-13T00:00:00Z,23.97,24.0,23.9,23.95,9493.0,23.876666666666665,EVALUATION,0.0
XYLD,2018-09-14T00:00:00Z,24.09,24.09,23.89,23.95,7289.0,23.916666666666668,EVALUATION,-0.003757828810020847
XYLD,2018-09-17T00:00:00Z,24.0,24.0,23.86,23.86,8024.0,23.92,EVALUATION,0.005867560771165126
XYLD,2018-09-18T00:00:00Z,24.04,24.05,23.95,24.0,18095.0,23.936666666666667,EVALUATION,0.0012499999999999734
XYLD,2018-09-19T00:00:00Z,24.23,24.23,23.98,24.03,14968.0,23.96333333333333,EVALUATION,0.0012484394506866447
XYLD,2018-09-20T00:00:00Z,24.22,24.22,23.99,24.06,36130.0,24.03,EVALUATION,-0.0020781379883623163
XYLD,2018-09-21T00:00:00Z,24.04,24.05,23.98,24.01,7605.0,24.03333333333333,EVALUATION,-0.006247396917950954
XYLD,2018-09-24T00:00:00Z,24.01,24.01,23.67,23.86,12695.0,23.976666666666667,EVALUATION,-0.002095557418273275
XYLD,2018-09-25T00:00:00Z,23.92,23.92,23.78,23.81,11159.0,23.893333333333334,EVALUATION,-0.0008399832003359586
XYLD,2018-09-26T00:00:00Z,23.78,23.97,23.75,23.79,29825.0,23.82,EVALUATION,0.002942412778478287
XYLD,2018-09-27T00:00:00Z,24.07,24.07,23.75,23.86,10661.0,23.82,EVALUATION,-0.003352891869237151
XYLD,2018-09-28T00:00:00Z,23.89,23.92,23.78,23.78,5303.0,23.81,EVALUATION,0.004625735912531459
XYLD,2018-10-01T00:00:00Z,23.95,24.01,23.86,23.89,13671.0,23.843333333333334,EVALUATION,0.00041858518208437445
XYLD,2018-10-02T00:00:00Z,24.08,24.08,23.85,23.9,9162.0,23.856666666666666,EVALUATION,-0.0004184100418409553
XYLD,2018-10-03T00:00:00Z,23.95,24.04,23.89,23.89,8774.0,23.893333333333334,EVALUATION,-0.005023022185014714
XYLD,2018-10-04T00:00:00Z,24.08,24.08,23.63,23.77,12010.0,23.85333333333333,EVALUATION,-0.005889777029869592
XYLD,2018-10-05T00:00:00Z,23.85,23.85,23.5,23.63,7962.0,23.763333333333332,EVALUATION,0.00042319085907749354
XYLD,2018-10-08T00:00:00Z,23.63,23.68,23.49,23.64,16581.0,23.68,EVALUATION,-0.0016920473773265332
XYLD,2018-10-09T00:00:00Z,23.56,23.74,23.56,23.6,17286.0,23.623333333333335,EVALUATION,-0.03050847457627126
XYLD,2018-10-10T00:00:00Z,23.81,23.81,22.87,22.88,51379.0,23.373333333333335,EVALUATION,-0.021853146853146876
XYLD,2018-10-11T00:00:00Z,22.82,22.82,22.38,22.38,11597.0,22.953333333333333,EVALUATION,0.014298480786416379
XYLD,2018-10-12T00:00:00Z,22.83,22.83,22.43,22.7,15240.0,22.653333333333332,EVALUATION,-0.0017621145374449032
XYLD,2018-10-15T00:00:00Z,22.55,22.7,22.54,22.66,6797.0,22.58,EVALUATION,0.014121800529567574
XYLD,2018-10-16T00:00:00Z,22.71,22.98,22.71,22.98,10038.0,22.78,EVALUATION,0.0013054830287206887
XYLD,2018-10-17T00:00:00Z,23.04,23.05,22.76,23.01,8538.0,22.883333333333333,EVALUATION,-0.016514558887440356
XYLD,2018-10-18T00:00:00Z,22.82,22.86,22.59,22.63,19101.0,22.873333333333335,EVALUATION,0.003977021652673329
XYLD,2018-10-19T00:00:00Z,22.86,22.88,22.63,22.72,5288.0,22.78666666666667,EVALUATION,-0.0035211267605632646
XYLD,2018-10-22T00:00:00Z,22.72,22.72,22.57,22.64,8561.0,22.663333333333334,EVALUATION,-0.005742049469964594
XYLD,2018-10-23T00:00:00Z,22.11,22.54,21.92,22.51,8351.0,22.623333333333335,EVALUATION,-0.024433585073300734
XYLD,2018-10-24T00:00:00Z,22.41,22.49,21.96,21.96,7789.0,22.37,EVALUATION,0.014116575591985425
XYLD,2018-10-25T00:00:00Z,22.15,22.38,21.95,22.27,18406.0,22.246666666666666,EVALUATION,-0.022002694207453932
XYLD,2018-10-26T00:00:00Z,21.89,22.13,21.66,21.78,10806.0,22.003333333333334,EVALUATION,-0.01423324150596883
XYLD,2018-10-29T00:00:00Z,22.15,22.21,21.47,21.47,16330.0,21.84,EVALUATION,0.027945971122496527
XYLD,2018-10-30T00:00:00Z,21.59,22.08,21.59,22.07,11563.0,21.773333333333333,EVALUATION,0.03307657453556856
XYLD,2018-10-31T00:00:00Z,22.23,22.8,22.23,22.8,10772.0,22.113333333333333,EVALUATION,-0.012719298245614019
XYLD,2018-11-01T00:00:00Z,22.41,22.51,22.3,22.51,12173.0,22.46,EVALUATION,-0.004886717014660258
XYLD,2018-11-02T00:00:00Z,22.67,22.67,22.28,22.4,9555.0,22.57,EVALUATION,0.006250000000000089
XYLD,2018-11-05T00:00:00Z,22.72,22.72,22.37,22.54,15717.0,22.483333333333334,EVALUATION,0.0053238686779060185
XYLD,2018-11-06T00:00:00Z,22.49,22.67,22.49,22.66,17553.0,22.53333333333333,EVALUATION,0.02206531332744932
XYLD,2018-11-07T00:00:00Z,23.2,23.2,22.85,23.16,11982.0,22.786666666666665,EVALUATION,-0.005181347150259086
XYLD,2018-11-08T00:00:00Z,23.01,23.14,22.99,23.04,17420.0,22.953333333333333,EVALUATION,-0.005208333333333259
XYLD,2018-11-09T00:00:00Z,23.05,23.05,22.76,22.92,11029.0,23.04,EVALUATION,-0.01963350785340323
XYLD,2018-11-12T00:00:00Z,23.6,23.6,22.46,22.47,13251.0,22.81,EVALUATION,-0.0004450378282152556
XYLD,2018-11-13T00:00:00Z,22.52,22.94,22.39,22.46,12401.0,22.616666666666667,EVALUATION,-0.007123775601068583
XYLD,2018-11-14T00:00:00Z,22.6,22.63,22.21,22.3,17710.0,22.41,EVALUATION,0.008520179372197179
XYLD,2018-11-15T00:00:00Z,22.29,22.57,22.14,22.49,24145.0,22.416666666666668,EVALUATION,0.0040017785682524565
XYLD,2018-11-16T00:00:00Z,22.68,22.68,22.46,22.58,25842.0,22.456666666666667,EVALUATION,-0.014171833480956408
XYLD,2018-11-19T00:00:00Z,22.44,22.45,22.24,22.26,8547.0,22.443333333333335,EVALUATION,-0.011230907457322581
XYLD,2018-11-20T00:00:00Z,21.96,22.2,21.87,22.01,33063.0,22.283333333333335,EVALUATION,-0.00045433893684698745
XYLD,2018-11-21T00:00:00Z,22.14,22.17,21.94,22.0,16073.0,22.09,EVALUATION,0.00045454545454548523
XYLD,2018-11-23T00:00:00Z,21.99,22.05,21.91,22.01,9080.0,22.006666666666668,EVALUATION,0.008178100863243998
XYLD,2018-11-26T00:00:00Z,22.14,22.33,22.13,22.19,16299.0,22.066666666666666,EVALUATION,0.007210455159982088
XYLD,2018-11-27T00:00:00Z,22.14,22.39,22.12,22.35,15579.0,22.183333333333334,EVALUATION,0.01744966442953011
XYLD,2018-11-28T00:00:00Z,22.43,23.06,22.32,22.74,35558.0,22.426666666666666,EVALUATION,-0.004397537379067673
XYLD,2018-11-29T00:00:00Z,22.69,23.0,22.46,22.64,19991.0,22.576666666666668,EVALUATION,0.0030918727915194566
XYLD,2018-11-30T00:00:00Z,22.63,22.76,22.5,22.71,21122.0,22.696666666666665,EVALUATION,0.006164685160722216
XYLD,2018-12-03T00:00:00Z,23.06,23.06,22.75,22.85,22462.0,22.733333333333334,EVALUATION,-0.012691466083151082
XYLD,2018-12-04T00:00:00Z,22.73,22.83,22.35,22.56,40019.0,22.706666666666667,EVALUATION,-0.007978723404255317
XYLD,2018-12-06T00:00:00Z,22.39,22.39,21.68,22.38,18231.0,22.596666666666668,EVALUATION,-0.013851653261840902
XYLD,2018-12-07T00:00:00Z,22.48,22.48,21.92,22.07,11090.0,22.336666666666666,EVALUATION,-0.002265518803806099
XYLD,2018-12-10T00:00:00Z,22.06,22.12,21.39,22.02,24411.0,22.156666666666666,EVALUATION,0.005903723887375145
XYLD,2018-12-11T00:00:00Z,22.19,22.37,21.74,22.15,26158.0,22.08,EVALUATION,-0.0004514672686228849
XYLD,2018-12-12T00:00:00Z,22.18,22.62,22.14,22.14,16370.0,22.10333333333333,EVALUATION,-0.0018066847335139746
XYLD,2018-12-13T00:00:00Z,22.13,22.17,22.0,22.1,16319.0,22.13,EVALUATION,-0.01990950226244348
XYLD,2018-12-14T00:00:00Z,22.07,22.07,21.66,21.66,17122.0,21.96666666666667,EVALUATION,-0.018928901200369386
XYLD,2018-12-17T00:00:00Z,21.66,21.69,21.13,21.25,162005.0,21.67,EVALUATION,0.0037647058823528923
XYLD,2018-12-18T00:00:00Z,21.51,21.51,21.11,21.33,22354.0,21.413333333333334,EVALUATION,-0.015939990623534905
XYLD,2018-12-19T00:00:00Z,21.33,21.55,20.84,20.99,22332.0,21.189999999999998,EVALUATION,-0.017151024297284434
XYLD,2018-12-20T00:00:00Z,20.89,20.97,20.39,20.63,57452.0,20.98333333333333,EVALUATION,-0.01696558410082394
XYLD,2018-12-21T00:00:00Z,20.56,20.77,20.2,20.28,53005.0,20.633333333333333,EVALUATION,-0.029585798816568087
XYLD,2018-12-24T00:00:00Z,19.69,20.12,19.34,19.68,8328.0,20.196666666666665,EVALUATION,0.037093495934959364
XYLD,2018-12-26T00:00:00Z,19.78,20.41,19.46,20.41,33895.0,20.123333333333335,EVALUATION,-0.0039196472317492015
XYLD,2018-12-27T00:00:00Z,20.04,20.33,19.76,20.33,14151.0,20.14,EVALUATION,0.0054107230693558606
XYLD,2018-12-28T00:00:00Z,20.75,21.46,20.26,20.44,42061.0,20.393333333333334,EVALUATION,0.008806262230919737
XYLD,2018-12-31T00:00:00Z,20.8,20.83,20.55,20.62,44603.0,20.463333333333335,EVALUATION,0.003394762366634385
XYLD,2019-01-02T00:00:00Z,20.57,20.87,20.5,20.69,12350.0,20.583333333333336,EVALUATION,-0.017883035282745374
XYLD,2019-01-03T00:00:00Z,20.59,20.67,20.32,20.32,21683.0,20.543333333333337,EVALUATION,0.048720472440944906
XYLD,2019-01-04T00:00:00Z,20.71,21.31,20.71,21.31,29265.0,20.773333333333333,EVALUATION,-0.002346316283434846
XYLD,2019-01-07T00:00:00Z,21.07,21.33,20.96,21.26,9413.0,20.96333333333333,EVALUATION,-0.008466603951082008
XYLD,2019-01-08T00:00:00Z,21.32,21.32,20.95,21.08,10996.0,21.216666666666665,EVALUATION,0.006166982922201303
XYLD,2019-01-09T00:00:00Z,21.12,21.26,21.12,21.21,12256.0,21.183333333333334,EVALUATION,0.009429514380009385
XYLD,2019-01-10T00:00:00Z,21.22,21.41,21.13,21.41,37781.0,21.233333333333334,EVALUATION,-0.011209715086408112
XYLD,2019-01-11T00:00:00Z,21.13,21.32,20.9,21.17,12508.0,21.263333333333335,EVALUATION,0.005668398677373565
XYLD,2019-01-14T00:00:00Z,21.01,21.32,21.01,21.29,4775.0,21.29,EVALUATION,0.0009394081728510972
XYLD,2019-01-15T00:00:00Z,21.33,21.53,21.25,21.31,89289.0,21.256666666666668,EVALUATION,-0.001407789770060841
XYLD,2019-01-16T00:00:00Z,21.25,21.36,21.25,21.28,11943.0,21.293333333333333,EVALUATION,0.009398496240601517
XYLD,2019-01-17T00:00:00Z,21.27,21.48,21.18,21.48,33554.0,21.356666666666666,EVALUATION,-0.0032588454376164533
XYLD,2019-01-18T00:00:00Z,21.54,21.62,21.28,21.41,13428.0,21.39,EVALUATION,-0.010742643624474524
XYLD,2019-01-22T00:00:00Z,21.53,21.53,21.07,21.18,41328.0,21.356666666666666,EVALUATION,0.0047214353163362865
XYLD,2019-01-23T00:00:00Z,21.43,21.43,21.01,21.28,20749.0,21.29,EVALUATION,0.0004699248120298982
XYLD,2019-01-24T00:00:00Z,21.15,21.3,21.13,21.29,23701.0,21.25,EVALUATION,0.0028182245185535137
XYLD,2019-01-25T00:00:00Z,21.3,21.49,21.3,21.35,15279.0,21.30666666666667,EVALUATION,-0.0023419203747072626
XYLD,2019-01-28T00:00:00Z,21.14,21.3,21.06,21.3,6405.0,21.313333333333333,EVALUATION,0.0004694835680749687
XYLD,2019-01-29T00:00:00Z,21.32,21.32,21.19,21.31,8405.0,21.32,EVALUATION,0.007038948850305093
XYLD,2019-01-30T00:00:00Z,21.28,21.54,21.28,21.46,26055.0,21.356666666666666,EVALUATION,0.007921714818266423
XYLD,2019-01-31T00:00:00Z,21.56,21.67,21.51,21.63,9883.0,21.466666666666665,EVALUATION,0.005085529357373941
XYLD,2019-02-01T00:00:00Z,21.55,21.8,21.55,21.74,8265.0,21.61,EVALUATION,0.002759889604415866
XYLD,2019-02-04T00:00:00Z,21.74,21.82,21.67,21.8,10745.0,21.723333333333333,EVALUATION,0.0032110091743118296
XYLD,2019-02-05T00:00:00Z,21.95,21.96,21.74,21.87,13341.0,21.803333333333335,EVALUATION,-0.006858710562414383
XYLD,2019-02-06T00:00:00Z,21.73,21.87,21.7,21.72,10702.0,21.796666666666667,EVALUATION,-0.007826887661141702
XYLD,2019-02-07T00:00:00Z,21.72,21.72,21.45,21.55,23094.0,21.71333333333333,EVALUATION,0.007888631090487097
XYLD,2019-02-08T00:00:00Z,21.51,21.72,21.51,21.72,5169.0,21.663333333333334,EVALUATION,0.002302025782688899
XYLD,2019-02-11T00:00:00Z,21.7,21.77,21.7,21.77,4554.0,21.68,EVALUATION,0.005971520440973821
XYLD,2019-02-12T00:00:00Z,21.82,22.03,21.82,21.9,43474.0,21.796666666666667,EVALUATION,0.0004566210045662267
XYLD,2019-02-13T00:00:00Z,21.98,21.98,21.91,21.91,8582.0,21.86,EVALUATION,0.001369237790963096
XYLD,2019-02-14T00:00:00Z,21.86,21.96,21.71,21.94,14559.0,21.916666666666668,EVALUATION,0.002278942570647091
XYLD,2019-02-15T00:00:00Z,22.04,22.05,21.75,21.99,34773.0,21.946666666666665,EVALUATION,0.002273760800363789
XYLD,2019-02-19T00:00:00Z,22.03,22.45,21.86,22.04,11189.0,21.99,EVALUATION,0.00453720508166966
XYLD,2019-02-20T00:00:00Z,22.23,22.23,21.93,22.14,22462.0,22.056666666666665,EVALUATION,-0.006323396567299078
XYLD,2019-02-21T00:00:00Z,22.04,22.07,21.89,22.0,11105.0,22.06,EVALUATION,0.0031818181818181746
XYLD,2019-02-22T00:00:00Z,22.04,22.15,22.0,22.07,12749.0,22.07,EVALUATION,0.0036248300860897142
XYLD,2019-02-25T00:00:00Z,22.16,22.21,22.11,22.15,5300.0,22.07333333333333,EVALUATION,-0.0009029345372459918
XYLD,2019-02-26T00:00:00Z,22.07,22.15,22.07,22.13,6687.0,22.116666666666667,EVALUATION,-0.004066877541798464
XYLD,2019-02-27T00:00:00Z,22.11,22.14,21.94,22.04,6703.0,22.106666666666666,EVALUATION,0.0013611615245010533
XYLD,2019-02-28T00:00:00Z,22.11,22.14,22.05,22.07,4634.0,22.08,EVALUATION,0.006796556411418075
XYLD,2019-03-01T00:00:00Z,22.15,22.27,22.14,22.22,7824.0,22.11,EVALUATION,-0.004500450045004434
XYLD,2019-03-04T00:00:00Z,22.31,22.31,21.99,22.12,30685.0,22.136666666666667,EVALUATION,0.0009041591320071429
XYLD,2019-03-05T00:00:00Z,22.17,22.2,22.02,22.14,7155.0,22.16,EVALUATION,-0.004065040650406471
XYLD,2019-03-06T00:00:00Z,22.18,22.18,22.02,22.05,7599.0,22.103333333333335,EVALUATION,-0.007256235827664437
XYLD,2019-03-07T00:00:00Z,22.04,22.04,21.8,21.89,139499.0,22.026666666666667,EVALUATION,-0.005481955230698943
XYLD,2019-03-08T00:00:00Z,21.74,21.79,21.62,21.77,7076.0,21.903333333333336,EVALUATION,0.017455213596692554
XYLD,2019-03-11T00:00:00Z,21.88,22.15,21.88,22.15,8031.0,21.936666666666667,EVALUATION,0.00045146726862310693
XYLD,2019-03-12T00:00:00Z,22.1,22.26,22.1,22.16,4835.0,22.026666666666667,EVALUATION,0.01037906137184108
XYLD,2019-03-13T00:00:00Z,22.37,22.44,22.21,22.39,12591.0,22.233333333333334,EVALUATION,-0.00044662795891026175
XYLD,2019-03-14T00:00:00Z,22.37,22.4,22.27,22.38,7755.0,22.310000000000002,EVALUATION,0.0035746201966042612
XYLD,2019-03-15T00:00:00Z,22.44,22.53,22.43,22.46,17771.0,22.41,EVALUATION,0.003116651825467498
XYLD,2019-03-18T00:00:00Z,22.49,22.55,22.43,22.53,10580.0,22.456666666666667,EVALUATION,-0.0031069684864625247
XYLD,2019-03-19T00:00:00Z,22.46,22.6,22.46,22.46,7682.0,22.483333333333334,EVALUATION,-0.0022261798753339113
XYLD,2019-03-20T00:00:00Z,22.47,22.54,22.33,22.41,8004.0,22.46666666666667,EVALUATION,0.010709504685408211
XYLD,2019-03-21T00:00:00Z,22.53,22.66,22.47,22.65,18109.0,22.506666666666668,EVALUATION,-0.016777041942604765
XYLD,2019-03-22T00:00:00Z,22.58,22.58,22.27,22.27,41022.0,22.44333333333333,EVALUATION,0.0013471037269869868
XYLD,2019-03-25T00:00:00Z,22.2,22.33,22.2,22.3,15687.0,22.406666666666666,EVALUATION,0.007174887892376747
XYLD,2019-03-26T00:00:00Z,22.36,22.49,22.32,22.46,21596.0,22.343333333333334,EVALUATION,-0.003561887800534347
XYLD,2019-03-27T00:00:00Z,22.48,22.48,22.24,22.38,28451.0,22.380000000000003,EVALUATION,0.0035746201966042612
XYLD,2019-03-28T00:00:00Z,22.38,22.46,22.32,22.46,7356.0,22.433333333333334,EVALUATION,0.0044523597506678225
XYLD,2019-03-29T00:00:00Z,22.57,22.57,22.52,22.56,3802.0,22.46666666666667,EVALUATION,0.009308510638297962
XYLD,2019-04-01T00:00:00Z,22.67,22.82,22.67,22.77,29588.0,22.596666666666668,EVALUATION,-0.0004391743522177416
XYLD,2019-04-02T00:00:00Z,22.7,22.77,22.7,22.76,10654.0,22.696666666666665,EVALUATION,0.0013181019332160204
XYLD,2019-04-03T00:00:00Z,22.92,22.92,22.74,22.79,6660.0,22.773333333333333,EVALUATION,0.0004387889425188085
XYLD,2019-04-04T00:00:00Z,22.76,22.85,22.71,22.8,46906.0,22.783333333333335,EVALUATION,0.0017543859649122862
XYLD,2019-04-05T00:00:00Z,22.87,22.89,22.8,22.84,14253.0,22.810000000000002,EVALUATION,0.003502626970227851
XYLD,2019-04-08T00:00:00Z,22.89,22.95,22.84,22.92,42944.0,22.853333333333335,EVALUATION,-0.003054101221640515
XYLD,2019-04-09T00:00:00Z,22.89,22.94,22.78,22.85,7142.0,22.87,EVALUATION,0.004376367614879584
XYLD,2019-04-10T00:00:00Z,22.89,23.01,22.87,22.95,11193.0,22.906666666666666,EVALUATION,-0.002614379084967311
XYLD,2019-04-11T00:00:00Z,23.01,23.01,22.84,22.89,37259.0,22.89666666666667,EVALUATION,0.004805591961555278
XYLD,2019-04-12T00:00:00Z,22.93,23.06,22.92,23.0,21741.0,22.946666666666665,EVALUATION,-0.0008695652173912327
XYLD,2019-04-15T00:00:00Z,22.87,23.03,22.87,22.98,6243.0,22.956666666666667,EVALUATION,-0.0004351610095736369
XYLD,2019-04-16T00:00:00Z,23.05,23.11,22.89,22.97,34955.0,22.983333333333334,EVALUATION,-0.0008707009142359112
XYLD,2019-04-17T00:00:00Z,22.93,23.03,22.92,22.95,31143.0,22.966666666666665,EVALUATION,0.002178649237472907
XYLD,2019-04-18T00:00:00Z,23.01,23.03,22.85,23.0,26767.0,22.973333333333333,EVALUATION,-0.0017391304347825765
XYLD,2019-04-22T00:00:00Z,22.96,23.05,22.89,22.96,4567.0,22.97,EVALUATION,0.007404181184669012
XYLD,2019-04-23T00:00:00Z,23.04,23.21,23.03,23.13,23554.0,23.03,EVALUATION,0.0017293558149591437
XYLD,2019-04-24T00:00:00Z,23.1,23.18,23.05,23.17,15116.0,23.086666666666666,EVALUATION,-0.0038843331894692357
XYLD,2019-04-25T00:00:00Z,23.03,23.17,23.02,23.08,28682.0,23.126666666666665,EVALUATION,0.0038994800693241682
XYLD,2019-04-26T00:00:00Z,23.09,23.17,23.04,23.17,21129.0,23.14,EVALUATION,0.0030211480362536403
XYLD,2019-04-29T00:00:00Z,23.19,23.26,23.19,23.24,7135.0,23.163333333333334,EVALUATION,-0.00043029259896720795
XYLD,2019-04-30T00:00:00Z,23.15,23.24,23.07,23.23,14173.0,23.21333333333333,EVALUATION,-0.005596211795092509
XYLD,2019-05-01T00:00:00Z,23.3,23.3,23.06,23.1,34918.0,23.189999999999998,EVALUATION,-0.0034632034632035014
XYLD,2019-05-02T00:00:00Z,23.09,23.2,22.91,23.02,51433.0,23.116666666666667,EVALUATION,0.011294526498696777
XYLD,2019-05-03T00:00:00Z,23.13,23.29,23.13,23.28,21748.0,23.133333333333333,EVALUATION,-0.007302405498281872
XYLD,2019-05-06T00:00:00Z,23.1,23.11,22.95,23.11,8024.0,23.136666666666667,EVALUATION,-0.017308524448290674
XYLD,2019-05-07T00:00:00Z,22.94,22.94,22.7,22.71,9685.0,23.033333333333335,EVALUATION,0.005284015852047519
XYLD,2019-05-08T00:00:00Z,22.82,22.95,22.76,22.83,9472.0,22.883333333333333,EVALUATION,-0.0013140604467803962
XYLD,2019-05-09T00:00:00Z,22.67,22.83,22.53,22.8,15319.0,22.78,EVALUATION,0.0
XYLD,2019-05-10T00:00:00Z,22.63,22.8,22.45,22.8,4664.0,22.810000000000002,EVALUATION,-0.019298245614035148
XYLD,2019-05-13T00:00:00Z,22.72,22.72,22.25,22.36,14213.0,22.653333333333336,EVALUATION,0.00939177101967803
XYLD,2019-05-14T00:00:00Z,22.47,22.65,22.46,22.57,9883.0,22.576666666666668,EVALUATION,0.003987594151528606
XYLD,2019-05-15T00:00:00Z,22.41,22.73,22.37,22.66,11352.0,22.53,EVALUATION,0.00838481906443067
XYLD,2019-05-16T00:00:00Z,22.83,22.95,22.8,22.85,8312.0,22.693333333333335,EVALUATION,-0.004376367614879695
XYLD,2019-05-17T00:00:00Z,22.91,22.91,22.7,22.75,9812.0,22.753333333333334,EVALUATION,-0.004395604395604491
XYLD,2019-05-20T00:00:00Z,22.84,22.84,22.58,22.65,5015.0,22.75,EVALUATION,0.007505518763796903
XYLD,2019-05-21T00:00:00Z,22.88,22.88,22.74,22.82,8057.0,22.74,EVALUATION,-0.002191060473269113
XYLD,2019-05-22T00:00:00Z,22.74,22.79,22.7,22.77,9373.0,22.746666666666666,EVALUATION,-0.01449275362318836
XYLD,2019-05-23T00:00:00Z,22.56,22.56,22.39,22.44,11736.0,22.676666666666666,EVALUATION,0.0053475935828875
XYLD,2019-05-24T00:00:00Z,22.61,22.62,22.55,22.56,5734.0,22.59,EVALUATION,-0.007978723404255317
XYLD,2019-05-28T00:00:00Z,22.59,22.62,22.37,22.38,14206.0,22.46,EVALUATION,-0.00848972296693462
XYLD,2019-05-29T00:00:00Z,22.31,22.31,22.08,22.19,12216.0,22.376666666666665,EVALUATION,0.0013519603424965165
XYLD,2019-05-30T00:00:00Z,22.2,22.3,22.2,22.22,14074.0,22.263333333333335,EVALUATION,-0.01035103510351032
XYLD,2019-05-31T00:00:00Z,22.11,22.11,21.98,21.99,5630.0,22.133333333333333,EVALUATION,-0.005002273760800313
XYLD,2019-06-03T00:00:00Z,21.95,22.02,21.79,21.88,7917.0,22.029999999999998,EVALUATION,0.02239488117001831
XYLD,2019-06-04T00:00:00Z,22.02,22.37,22.02,22.37,9137.0,22.08,EVALUATION,0.007599463567277587
XYLD,2019-06-05T00:00:00Z,22.42,22.54,22.36,22.54,9155.0,22.263333333333332,EVALUATION,0.006211180124223725
XYLD,2019-06-06T00:00:00Z,22.57,22.68,22.55,22.68,1557.0,22.53,EVALUATION,0.011904761904761862
XYLD,2019-06-07T00:00:00Z,22.82,22.97,22.82,22.95,8247.0,22.723333333333333,EVALUATION,0.0034858387799565627
XYLD,2019-06-10T00:00:00Z,23.02,23.13,22.95,23.03,6185.0,22.886666666666667,EVALUATION,-0.002171081198436897
XYLD,2019-06-11T00:00:00Z,23.13,23.14,22.96,22.98,6612.0,22.986666666666665,EVALUATION,-0.0004351610095736369
XYLD,2019-06-12T00:00:00Z,23.01,23.01,22.92,22.97,8327.0,22.993333333333332,EVALUATION,0.0017414018284720445
XYLD,2019-06-13T00:00:00Z,23.07,23.07,23.01,23.01,6070.0,22.986666666666668,EVALUATION,0.0008691873098651826
XYLD,2019-06-14T00:00:00Z,23.02,23.06,23.01,23.03,3635.0,23.003333333333334,EVALUATION,0.0034737299174989467
XYLD,2019-06-17T00:00:00Z,23.04,23.14,23.03,23.11,5097.0,23.05,EVALUATION,0.005192557334487313
XYLD,2019-06-18T00:00:00Z,23.14,23.35,23.14,23.23,43159.0,23.123333333333335,EVALUATION,0.0034438226431336982
XYLD,2019-06-19T00:00:00Z,23.3,23.36,23.23,23.31,9763.0,23.216666666666665,EVALUATION,0.00815100815100811
XYLD,2019-06-20T00:00:00Z,23.48,23.56,23.4,23.5,10452.0,23.346666666666664,EVALUATION,-0.001276595744680864
XYLD,2019-06-21T00:00:00Z,23.47,23.54,23.38,23.47,19736.0,23.426666666666666,EVALUATION,-0.000852151682999569
XYLD,2019-06-24T00:00:00Z,23.55,23.55,23.44,23.45,7996.0,23.473333333333333,EVALUATION,-0.004690831556503183
XYLD,2019-06-25T00:00:00Z,23.44,23.47,23.29,23.34,51934.0,23.42,EVALUATION,-0.001713796058269046
XYLD,2019-06-26T00:00:00Z,23.34,23.39,23.21,23.3,5269.0,23.363333333333333,EVALUATION,0.0038626609442060644
XYLD,2019-06-27T00:00:00Z,23.34,23.41,23.3,23.39,5580.0,23.343333333333334,EVALUATION,0.002565198802907176
XYLD,2019-06-28T00:00:00Z,23.44,23.47,23.36,23.45,5513.0,23.38,EVALUATION,0.008955223880596996
XYLD,2019-07-01T00:00:00Z,23.6,23.81,23.56,23.66,13914.0,23.5,EVALUATION,0.0008453085376161074
XYLD,2019-07-02T00:00:00Z,24.11,24.11,23.58,23.68,34566.0,23.596666666666668,EVALUATION,0.008868243243243201
XYLD,2019-07-03T00:00:00Z,23.85,23.9,23.78,23.89,5510.0,23.743333333333332,EVALUATION,-0.0012557555462536785
XYLD,2019-07-05T00:00:00Z,23.85,23.88,23.64,23.86,11177.0,23.810000000000002,EVALUATION,-0.003352891869237151
XYLD,2019-07-08T00:00:00Z,23.77,23.79,23.69,23.78,8186.0,23.843333333333334,EVALUATION,0.001261564339781307
XYLD,2019-07-09T00:00:00Z,23.81,23.81,23.67,23.81,7331.0,23.816666666666666,EVALUATION,0.005039899202015974
XYLD,2019-07-10T00:00:00Z,23.97,24.0,23.86,23.93,13836.0,23.84,EVALUATION,0.0
XYLD,2019-07-11T00:00:00Z,24.08,24.08,23.86,23.93,31832.0,23.89,EVALUATION,0.005850396991224471
XYLD,2019-07-12T00:00:00Z,24.22,24.22,23.94,24.07,19021.0,23.976666666666667,EVALUATION,-0.0008309098462816467
XYLD,2019-07-15T00:00:00Z,24.19,24.19,24.0,24.05,17977.0,24.016666666666666,EVALUATION,-0.00041580041580047133
XYLD,2019-07-16T00:00:00Z,24.33,24.33,23.92,24.04,8393.0,24.053333333333335,EVALUATION,-0.004159733777038155
XYLD,2019-07-17T00:00:00Z,24.1,24.1,23.92,23.94,24051.0,24.01,EVALUATION,0.0008354218880535225
XYLD,2019-07-18T00:00:00Z,23.94,24.01,23.83,23.96,28635.0,23.98,EVALUATION,-0.0025041736227046085
XYLD,2019-07-19T00:00:00Z,24.15,24.15,23.9,23.9,11524.0,23.933333333333334,EVALUATION,0.0016736401673640433
XYLD,2019-07-22T00:00:00Z,23.97,24.0,23.9,23.94,19463.0,23.933333333333334,EVALUATION,0.006683375104427736
XYLD,2019-07-23T00:00:00Z,24.14,24.79,23.95,24.1,46917.0,23.98,EVALUATION,0.0020746887966804906
XYLD,2019-07-24T00:00:00Z,24.11,24.17,24.04,24.15,6732.0,24.063333333333333,EVALUATION,-0.004554865424430621
XYLD,2019-07-25T00:00:00Z,24.19,24.19,24.03,24.04,6463.0,24.096666666666664,EVALUATION,0.0074875207986688785
XYLD,2019-07-26T00:00:00Z,24.14,24.22,24.12,24.22,8920.0,24.136666666666663,EVALUATION,-0.00041288191577204536
XYLD,2019-07-29T00:00:00Z,24.27,24.27,24.15,24.21,10002.0,24.156666666666666,EVALUATION,-0.00330441966129702
XYLD,2019-07-30T00:00:00Z,24.11,24.2,24.02,24.13,11599.0,24.186666666666667,EVALUATION,-0.009117281392457488
XYLD,2019-07-31T00:00:00Z,24.24,24.24,23.81,23.91,18896.0,24.083333333333332,EVALUATION,-0.007528230865746499
XYLD,2019-08-01T00:00:00Z,23.99,24.82,23.66,23.73,19756.0,23.923333333333332,EVALUATION,-0.006742520016856268
XYLD,2019-08-02T00:00:00Z,23.7,23.7,23.41,23.57,11480.0,23.736666666666665,EVALUATION,-0.031820110309715766
XYLD,2019-08-05T00:00:00Z,23.42,23.42,22.71,22.82,35613.0,23.373333333333335,EVALUATION,0.01446099912357579
XYLD,2019-08-06T00:00:00Z,22.99,23.17,22.93,23.15,33478.0,23.18,EVALUATION,0.0008639308855293848
XYLD,2019-08-07T00:00:00Z,23.02,23.36,22.76,23.17,35775.0,23.046666666666667,EVALUATION,0.021579628830384223
XYLD,2019-08-08T00:00:00Z,23.63,23.71,23.29,23.67,52484.0,23.33,EVALUATION,-0.008027038445289403
XYLD,2019-08-09T00:00:00Z,23.64,23.64,23.3,23.48,7461.0,23.44,EVALUATION,-0.013628620102214661
XYLD,2019-08-12T00:00:00Z,23.46,24.01,22.87,23.16,12428.0,23.436666666666667,EVALUATION,0.015112262521588926
XYLD,2019-08-13T00:00:00Z,23.2,23.64,23.16,23.51,10457.0,23.383333333333333,EVALUATION,-0.028498511271799254
XYLD,2019-08-14T00:00:00Z,23.32,23.32,22.83,22.84,18107.0,23.17,EVALUATION,0.0004378283712784814
XYLD,2019-08-15T00:00:00Z,23.01,23.01,22.7,22.85,27521.0,23.066666666666666,EVALUATION,0.01663019693654255
XYLD,2019-08-16T00:00:00Z,23.12,23.24,22.98,23.23,12041.0,22.973333333333333,EVALUATION,0.012914334911751979
XYLD,2019-08-19T00:00:00Z,23.69,23.69,23.32,23.53,38401.0,23.203333333333333,EVALUATION,-0.00849978750531244
XYLD,2019-08-20T00:00:00Z,23.61,23.61,23.27,23.33,26755.0,23.363333333333333,EVALUATION,0.0047149592798971796
XYLD,2019-08-21T00:00:00Z,23.52,23.58,23.32,23.44,10043.0,23.433333333333334,EVALUATION,0.0
XYLD,2019-08-22T00:00:00Z,23.56,23.56,23.28,23.44,53399.0,23.403333333333332,EVALUATION,-0.019197952218430125
XYLD,2019-08-23T00:00:00Z,23.42,23.42,22.96,22.99,29280.0,23.29,EVALUATION,0.012614180078295067
XYLD,2019-08-26T00:00:00Z,23.19,23.88,23.11,23.28,14106.0,23.236666666666668,EVALUATION,-0.005584192439862634
XYLD,2019-08-27T00:00:00Z,23.43,23.43,23.08,23.15,7225.0,23.14,EVALUATION,0.003455723542116651
XYLD,2019-08-28T00:00:00Z,23.2,23.35,23.17,23.23,13077.0,23.22,EVALUATION,0.01248385708136035
XYLD,2019-08-29T00:00:00Z,23.49,23.64,23.35,23.52,29813.0,23.299999999999997,EVALUATION,-0.00170068027210879
XYLD,2019-08-30T00:00:00Z,23.69,23.69,23.44,23.48,11640.0,23.41,EVALUATION,-0.006814310051107331
XYLD,2019-09-03T00:00:00Z,23.38,23.38,23.25,23.32,17479.0,23.44,EVALUATION,0.011578044596912473
XYLD,2019-09-04T00:00:00Z,23.53,23.59,23.49,23.59,15010.0,23.463333333333335,EVALUATION,0.005086901229334417
XYLD,2019-09-05T00:00:00Z,23.73,23.75,23.64,23.71,70956.0,23.54,EVALUATION,0.003795866722901664
XYLD,2019-09-06T00:00:00Z,23.83,23.83,23.72,23.8,26956.0,23.7,EVALUATION,-0.0008403361344537785
XYLD,2019-09-09T00:00:00Z,23.9,23.9,23.73,23.78,22365.0,23.763333333333335,EVALUATION,-0.00042052144659388
XYLD,2019-09-10T00:00:00Z,23.78,23.78,23.7,23.77,15594.0,23.78333333333333,EVALUATION,0.0025241901556583013
XYLD,2019-09-11T00:00:00Z,23.9,23.9,23.8,23.83,8624.0,23.793333333333333,EVALUATION,0.0016785564414605325
XYLD,2019-09-12T00:00:00Z,23.85,23.91,23.85,23.87,20293.0,23.82333333333333,EVALUATION,0.0008378718056136769
XYLD,2019-09-13T00:00:00Z,23.95,23.95,23.88,23.89,24667.0,23.863333333333333,EVALUATION,0.00041858518208437445
XYLD,2019-09-16T00:00:00Z,23.91,23.91,23.87,23.9,6084.0,23.886666666666667,EVALUATION,0.0008368200836821327
XYLD,2019-09-17T00:00:00Z,23.9,23.92,23.86,23.92,10295.0,23.903333333333332,EVALUATION,0.0004180602006689238
XYLD,2019-09-18T00:00:00Z,23.94,23.94,23.86,23.93,24110.0,23.916666666666664,EVALUATION,0.0004178854993732717
XYLD,2019-09-19T00:00:00Z,23.93,23.95,23.93,23.94,16301.0,23.93,EVALUATION,-0.005430242272347674
XYLD,2019-09-20T00:00:00Z,24.01,24.01,23.78,23.81,18903.0,23.893333333333334,EVALUATION,-0.0008399832003359586
XYLD,2019-09-23T00:00:00Z,23.8,23.85,23.74,23.79,19991.0,23.846666666666668,EVALUATION,-0.007145859604875904
XYLD,2019-09-24T00:00:00Z,23.88,23.93,23.58,23.62,26394.0,23.740000000000002,EVALUATION,0.0071972904318373665
XYLD,2019-09-25T00:00:00Z,23.78,23.86,23.58,23.79,15337.0,23.733333333333334,EVALUATION,-0.0021017234131988083
XYLD,2019-09-26T00:00:00Z,23.7,23.79,23.59,23.74,10839.0,23.71666666666667,EVALUATION,-0.00716090985678175
XYLD,2019-09-27T00:00:00Z,23.87,23.87,23.49,23.57,43479.0,23.7,EVALUATION,0.005515485787017438
XYLD,2019-09-30T00:00:00Z,23.75,23.75,23.67,23.7,12591.0,23.669999999999998,EVALUATION,-0.011392405063291089
XYLD,2019-10-01T00:00:00Z,23.75,23.84,23.39,23.43,81354.0,23.566666666666666,EVALUATION,-0.016218523260776774
XYLD,2019-10-02T00:00:00Z,23.34,23.34,22.91,23.05,50869.0,23.39333333333333,EVALUATION,0.00433839479392617
XYLD,2019-10-03T00:00:00Z,23.07,23.16,22.74,23.15,45873.0,23.21,EVALUATION,0.01555075593952493
XYLD,2019-10-04T00:00:00Z,23.25,23.52,23.25,23.51,24002.0,23.236666666666665,EVALUATION,-0.004678860059549206
XYLD,2019-10-07T00:00:00Z,23.44,23.63,23.4,23.4,5236.0,23.35333333333333,EVALUATION,-0.01538461538461533
XYLD,2019-10-08T00:00:00Z,23.24,23.31,23.04,23.04,10668.0,23.316666666666666,EVALUATION,0.012152777777777901
XYLD,2019-10-09T00:00:00Z,23.14,23.32,23.14,23.32,6737.0,23.253333333333334,EVALUATION,0.0034305317324183626
XYLD,2019-10-10T00:00:00Z,23.2,23.54,23.2,23.4,11770.0,23.253333333333334,EVALUATION,0.011965811965811923
XYLD,2019-10-11T00:00:00Z,23.78,23.8,23.68,23.68,10640.0,23.46666666666667,EVALUATION,-0.002956081081081141
XYLD,2019-10-14T00:00:00Z,23.62,23.65,23.59,23.61,4818.0,23.563333333333333,EVALUATION,0.01058873358746304
XYLD,2019-10-15T00:00:00Z,23.66,23.92,23.66,23.86,24194.0,23.71666666666667,EVALUATION,-0.0012573344509639872
XYLD,2019-10-16T00:00:00Z,23.9,23.9,23.81,23.83,15322.0,23.766666666666666,EVALUATION,0.0025178346621905767
XYLD,2019-10-17T00:00:00Z,23.95,23.96,23.87,23.89,22567.0,23.86,EVALUATION,-0.0020929259104227604
XYLD,2019-10-18T00:00:00Z,23.92,23.92,23.74,23.84,12355.0,23.85333333333333,EVALUATION,0.003775167785234901
XYLD,2019-10-21T00:00:00Z,24.01,24.01,23.84,23.93,10542.0,23.886666666666667,EVALUATION,-0.00041788549937304964
XYLD,2019-10-22T00:00:00Z,23.99,24.03,23.9,23.92,7646.0,23.89666666666667,EVALUATION,0.0004180602006689238
XYLD,2019-10-23T00:00:00Z,23.93,23.95,23.84,23.93,21602.0,23.926666666666666,EVALUATION,0.0016715419974926427
XYLD,2019-10-24T00:00:00Z,24.01,24.01,23.91,23.97,8194.0,23.939999999999998,EVALUATION,0.003337505214851877
XYLD,2019-10-25T00:00:00Z,23.97,24.08,23.92,24.05,7212.0,23.983333333333334,EVALUATION,0.00457380457380463
XYLD,2019-10-28T00:00:00Z,24.19,24.2,24.16,24.16,7194.0,24.06,EVALUATION,0.00041390728476820016
XYLD,2019-10-29T00:00:00Z,24.11,24.22,24.07,24.17,15024.0,24.126666666666665,EVALUATION,0.0024824162184524656
XYLD,2019-10-30T00:00:00Z,24.14,24.25,24.14,24.23,14747.0,24.186666666666667,EVALUATION,-0.0024762690879075455
XYLD,2019-10-31T00:00:00Z,24.23,24.23,24.12,24.17,5878.0,24.189999999999998,EVALUATION,0.0037236243276790315
XYLD,2019-11-01T00:00:00Z,24.37,24.5,24.16,24.26,45998.0,24.22,EVALUATION,0.002885408079142504
XYLD,2019-11-04T00:00:00Z,24.47,24.47,24.32,24.33,9877.0,24.253333333333334,EVALUATION,0.0008220304151254076
XYLD,2019-11-05T00:00:00Z,24.38,24.44,24.34,24.35,16672.0,24.313333333333333,EVALUATION,0.000821355236139576
XYLD,2019-11-06T00:00:00Z,24.37,24.39,24.33,24.37,29658.0,24.35,EVALUATION,0.0024620434961017956
XYLD,2019-11-07T00:00:00Z,24.5,24.5,24.39,24.43,67835.0,24.383333333333333,EVALUATION,0.00040933278755628244
XYLD,2019-11-08T00:00:00Z,24.43,24.46,24.32,24.44,13021.0,24.413333333333334,EVALUATION,0.00040916530278223284
XYLD,2019-11-11T00:00:00Z,24.43,24.46,24.38,24.45,15103.0,24.439999999999998,EVALUATION,0.0008179959100205192
XYLD,2019-11-12T00:00:00Z,24.45,24.51,24.43,24.47,19910.0,24.453333333333333,EVALUATION,-0.000408663669799636
XYLD,2019-11-13T00:00:00Z,24.44,24.48,24.42,24.46,9191.0,24.46,EVALUATION,0.0008176614881438837
XYLD,2019-11-14T00:00:00Z,24.44,24.51,24.42,24.48,13364.0,24.47,EVALUATION,0.0028594771241829964
XYLD,2019-11-15T00:00:00Z,24.54,24.55,24.44,24.55,63582.0,24.49666666666667,EVALUATION,-0.0012219959266802638
XYLD,2019-11-18T00:00:00Z,24.61,24.61,24.43,24.52,11378.0,24.516666666666666,EVALUATION,0.0012234910277324484
XYLD,2019-11-19T00:00:00Z,24.85,24.85,24.49,24.55,11215.0,24.54,EVALUATION,-0.006109979633401319
XYLD,2019-11-20T00:00:00Z,24.51,24.51,24.26,24.4,14994.0,24.490000000000002,EVALUATION,0.0012295081967212962
XYLD,2019-11-21T00:00:00Z,24.41,24.47,24.39,24.43,10249.0,24.46,EVALUATION,0.002046663937781412
XYLD,2019-11-22T00:00:00Z,24.45,24.57,24.41,24.48,18695.0,24.436666666666667,EVALUATION,0.0077614379084967045
XYLD,2019-11-25T00:00:00Z,24.52,24.67,24.52,24.67,9600.0,24.526666666666667,EVALUATION,0.0016214025131737753
XYLD,2019-11-26T00:00:00Z,24.65,24.71,24.64,24.71,12433.0,24.62,EVALUATION,0.0016187778227438887
XYLD,2019-11-27T00:00:00Z,24.81,24.81,24.7,24.75,13322.0,24.71,EVALUATION,-0.0028282828282828465
XYLD,2019-11-29T00:00:00Z,24.71,24.75,24.65,24.68,7448.0,24.71333333333333,EVALUATION,-0.004862236628849326
XYLD,2019-12-02T00:00:00Z,24.68,24.68,24.5,24.56,12462.0,24.663333333333334,EVALUATION,-0.006921824104234475
XYLD,2019-12-03T00:00:00Z,24.41,24.41,24.19,24.39,26361.0,24.543333333333333,EVALUATION,0.005740057400573928
XYLD,2019-12-04T00:00:00Z,24.44,24.6,24.44,24.53,19489.0,24.493333333333332,EVALUATION,0.0008153281695881809
XYLD,2019-12-05T00:00:00Z,24.63,24.63,24.51,24.55,14892.0,24.490000000000002,EVALUATION,0.008961303462321712
XYLD,2019-12-06T00:00:00Z,24.75,24.82,24.71,24.77,11282.0,24.616666666666667,EVALUATION,-0.002422285022204207
XYLD,2019-12-09T00:00:00Z,24.81,24.81,24.71,24.71,45072.0,24.676666666666666,EVALUATION,-0.001214083367057972
XYLD,2019-12-10T00:00:00Z,24.68,24.74,24.67,24.68,16445.0,24.72,EVALUATION,0.00364667747163705
XYLD,2019-12-11T00:00:00Z,24.76,24.79,24.71,24.77,16365.0,24.72,EVALUATION,0.004844570044408636
XYLD,2019-12-12T00:00:00Z,24.73,25.07,24.73,24.89,18622.0,24.78,EVALUATION,0.0016070711128968185
XYLD,2019-12-13T00:00:00Z,24.84,24.97,24.84,24.93,18757.0,24.863333333333333,EVALUATION,0.004412354592860046
XYLD,2019-12-16T00:00:00Z,25.07,25.18,25.02,25.04,209634.0,24.953333333333333,EVALUATION,0.0007987220447285281
XYLD,2019-12-17T00:00:00Z,25.06,25.06,25.05,25.06,24588.0,25.009999999999998,EVALUATION,0.0
XYLD,2019-12-18T00:00:00Z,25.12,25.12,25.06,25.06,34741.0,25.053333333333335,EVALUATION,0.0007980845969672856
XYLD,2019-12-19T00:00:00Z,25.05,25.1,25.05,25.08,30798.0,25.066666666666666,EVALUATION,-0.00039872408293450956
XYLD,2019-12-20T00:00:00Z,25.21,25.21,25.05,25.07,82257.0,25.07,EVALUATION,-0.001994415636218605
XYLD,2019-12-23T00:00:00Z,25.13,25.13,24.98,25.02,20128.0,25.056666666666665,EVALUATION,0.0
XYLD,2019-12-24T00:00:00Z,25.07,25.07,25.02,25.02,3616.0,25.03666666666667,EVALUATION,0.00399680255795376
XYLD,2019-12-26T00:00:00Z,25.03,25.12,25.03,25.12,21005.0,25.053333333333335,EVALUATION,-0.0015923566878981443
XYLD,2019-12-27T00:00:00Z,25.2,25.2,25.07,25.08,9674.0,25.07333333333333,EVALUATION,-0.005582137161084466
XYLD,2019-12-30T00:00:00Z,25.1,25.1,24.87,24.94,62954.0,25.046666666666667,EVALUATION,0.001202886928628688
XYLD,2019-12-31T00:00:00Z,24.98,25.03,24.9,24.97,11060.0,24.996666666666666,EVALUATION,0.012014417300761027
XYLD,2020-01-02T00:00:00Z,25.17,25.27,25.14,25.27,9750.0,25.060000000000002,EVALUATION,-0.005540166204986208
XYLD,2020-01-03T00:00:00Z,25.19,25.19,25.08,25.13,33618.0,25.123333333333335,EVALUATION,0.0035813768404298063
XYLD,2020-01-06T00:00:00Z,25.03,25.22,25.03,25.22,30415.0,25.206666666666667,EVALUATION,-0.0007930214115781098
XYLD,2020-01-07T00:00:00Z,25.2,25.2,25.12,25.2,10758.0,25.183333333333334,EVALUATION,0.003968253968253954
XYLD,2020-01-08T00:00:00Z,25.22,25.4,25.22,25.3,19389.0,25.240000000000002,EVALUATION,0.004347826086956497
XYLD,2020-01-09T00:00:00Z,25.46,25.46,25.36,25.41,19989.0,25.303333333333335,EVALUATION,-0.0027548209366391463
XYLD,2020-01-10T00:00:00Z,25.48,25.48,25.34,25.34,15307.0,25.35,EVALUATION,0.008681925808997626
XYLD,2020-01-13T00:00:00Z,25.43,25.59,25.42,25.56,13586.0,25.436666666666667,EVALUATION,-0.0023474178403755097
XYLD,2020-01-14T00:00:00Z,25.51,25.53,25.43,25.5,7868.0,25.46666666666667,EVALUATION,0.0015686274509802978
XYLD,2020-01-15T00:00:00Z,25.51,25.57,25.48,25.54,10282.0,25.53333333333333,EVALUATION,0.00469851213782313
XYLD,2020-01-16T00:00:00Z,25.62,25.73,25.53,25.66,14536.0,25.566666666666666,EVALUATION,-0.000779423226812126
XYLD,2020-01-17T00:00:00Z,25.75,25.75,25.58,25.64,13457.0,25.613333333333333,EVALUATION,-0.0035101404056162577
XYLD,2020-01-21T00:00:00Z,25.78,25.78,25.38,25.55,43479.0,25.616666666666667,EVALUATION,0.00273972602739736
XYLD,2020-01-22T00:00:00Z,25.66,25.7,25.54,25.62,26523.0,25.603333333333335,EVALUATION,0.0
XYLD,2020-01-23T00:00:00Z,25.52,25.66,25.45,25.62,17237.0,25.59666666666667,EVALUATION,-0.006635441061670688
XYLD,2020-01-24T00:00:00Z,25.67,25.67,25.35,25.45,16033.0,25.563333333333333,EVALUATION,-0.014538310412573696
XYLD,2020-01-27T00:00:00Z,25.1,25.17,24.83,25.08,15618.0,25.383333333333333,EVALUATION,0.010366826156299913
XYLD,2020-01-28T00:00:00Z,25.21,25.39,25.06,25.34,51523.0,25.29,EVALUATION,-0.002762430939226568
XYLD,2020-01-29T00:00:00Z,25.42,25.45,25.27,25.27,25146.0,25.23,EVALUATION,0.003957261574990101
XYLD,2020-01-30T00:00:00Z,25.2,25.37,25.09,25.37,27900.0,25.326666666666668,EVALUATION,-0.015766653527788832
XYLD,2020-01-31T00:00:00Z,25.26,25.26,24.87,24.97,24146.0,25.203333333333333,EVALUATION,0.004805766920304322
XYLD,2020-02-03T00:00:00Z,24.95,25.24,24.95,25.09,19753.0,25.14333333333333,EVALUATION,0.013152650458350124
XYLD,2020-02-04T00:00:00Z,25.4,25.57,25.28,25.42,27544.0,25.16,EVALUATION,0.012588512981903888
XYLD,2020-02-05T00:00:00Z,25.72,25.77,25.63,25.74,41724.0,25.416666666666668,EVALUATION,0.002719502719502831
XYLD,2020-02-06T00:00:00Z,25.86,25.86,25.77,25.81,94706.0,25.656666666666666,EVALUATION,-0.0046493607129018955
XYLD,2020-02-07T00:00:00Z,25.74,25.82,25.66,25.69,17794.0,25.74666666666667,EVALUATION,0.006228104320747274
XYLD,2020-02-10T00:00:00Z,25.67,25.85,25.67,25.85,11681.0,25.783333333333335,EVALUATION,0.000773694390715729
XYLD,2020-02-11T00:00:00Z,25.97,26.0,25.87,25.87,40046.0,25.803333333333335,EVALUATION,0.007730962504831851
XYLD,2020-02-12T00:00:00Z,26.05,26.08,25.99,26.07,18848.0,25.93,EVALUATION,-0.001917913310318431
XYLD,2020-02-13T00:00:00Z,25.95,26.1,25.95,26.02,45127.0,25.986666666666665,EVALUATION,-0.0003843197540353005
XYLD,2020-02-14T00:00:00Z,26.07,26.09,25.99,26.01,14863.0,26.03333333333333,EVALUATION,0.0007689350249904248
XYLD,2020-02-18T00:00:00Z,26.04,26.07,25.9,26.03,58214.0,26.020000000000003,EVALUATION,0.0015366884364194089
XYLD,2020-02-19T00:00:00Z,26.12,26.26,26.0,26.07,25970.0,26.03666666666667,EVALUATION,-0.0011507479861910808
XYLD,2020-02-20T00:00:00Z,26.1,26.16,25.86,26.04,54958.0,26.046666666666667,EVALUATION,-0.011136712749615918
XYLD,2020-02-21T00:00:00Z,25.88,25.92,25.62,25.75,25705.0,25.953333333333333,EVALUATION,-0.026407766990291237
XYLD,2020-02-24T00:00:00Z,25.2,25.39,24.87,25.07,70762.0,25.62,EVALUATION,-0.030714000797766206
XYLD,2020-02-25T00:00:00Z,25.2,25.2,24.2,24.3,52301.0,25.04,EVALUATION,-0.004938271604938316
XYLD,2020-02-26T00:00:00Z,24.34,24.73,24.15,24.18,52541.0,24.516666666666666,EVALUATION,-0.047559966914805574
XYLD,2020-02-27T00:00:00Z,23.94,23.97,23.0,23.03,120912.0,23.836666666666666,EVALUATION,-0.005644811115935844
XYLD,2020-02-28T00:00:00Z,22.71,22.96,21.77,22.9,105431.0,23.37,EVALUATION,0.0471615720524019
XYLD,2020-03-02T00:00:00Z,22.97,23.99,22.81,23.98,312668.0,23.303333333333335,EVALUATION,-0.025020850708924125
XYLD,2020-03-03T00:00:00Z,24.02,24.41,23.16,23.38,60537.0,23.419999999999998,EVALUATION,0.038922155688622784
XYLD,2020-03-04T00:00:00Z,23.72,24.38,23.62,24.29,19610.0,23.883333333333333,EVALUATION,-0.030053519967064624
XYLD,2020-03-05T00:00:00Z,23.93,23.98,23.35,23.56,30632.0,23.743333333333332,EVALUATION,-0.024193548387096753
XYLD,2020-03-06T00:00:00Z,22.85,23.13,22.49,22.99,57891.0,23.61333333333333,EVALUATION,-0.07220530665506741
XYLD,2020-03-09T00:00:00Z,20.46,22.17,20.46,21.33,72827.0,22.626666666666665,EVALUATION,0.048757618377871736
XYLD,2020-03-10T00:00:00Z,21.98,22.48,21.29,22.37,27592.0,22.23,EVALUATION,-0.04649083594099257
XYLD,2020-03-11T00:00:00Z,21.82,21.88,21.14,21.33,35151.0,21.676666666666666,EVALUATION,-0.08766994842944198
XYLD,2020-03-12T00:00:00Z,19.86,21.25,19.03,19.46,121257.0,21.053333333333335,EVALUATION,0.058581706063720373
XYLD,2020-03-13T00:00:00Z,20.2,21.28,18.9,20.6,183327.0,20.463333333333335,EVALUATION,-0.11747572815533991
XYLD,2020-03-16T00:00:00Z,18.48,19.77,17.02,18.18,48127.0,19.413333333333334,EVALUATION,0.08800880088008811
XYLD,2020-03-17T00:00:00Z,18.64,19.87,17.96,19.78,128892.0,19.52,EVALUATION,-0.08543983822042478
XYLD,2020-03-18T00:00:00Z,18.52,19.3,17.6,18.09,66811.0,18.683333333333334,EVALUATION,0.004422332780541938
XYLD,2020-03-19T00:00:00Z,17.6,18.62,17.47,18.17,49033.0,18.68,EVALUATION,-0.033021463951568575
XYLD,2020-03-20T00:00:00Z,18.49,18.83,17.57,17.57,32494.0,17.943333333333335,EVALUATION,-0.01252134319863396
XYLD,2020-03-23T00:00:00Z,17.23,18.25,17.02,17.35,52835.0,17.69666666666667,EVALUATION,0.06628242074927937
XYLD,2020-03-24T00:00:00Z,17.88,19.07,17.79,18.5,30010.0,17.80666666666667,EVALUATION,0.00108108108108107
XYLD,2020-03-25T00:00:00Z,18.5,19.38,18.15,18.52,33838.0,18.123333333333335,EVALUATION,0.024838012958963374
XYLD,2020-03-26T00:00:00Z,18.74,19.76,18.74,18.98,31080.0,18.666666666666668,EVALUATION,-0.021074815595363616
XYLD,2020-03-27T00:00:00Z,18.56,20.42,18.5,18.58,36739.0,18.69333333333333,EVALUATION,0.04251883745963414
XYLD,2020-03-30T00:00:00Z,18.81,19.44,18.81,19.37,29526.0,18.976666666666667,EVALUATION,-0.010325245224574009
XYLD,2020-03-31T00:00:00Z,19.39,19.59,19.07,19.17,22712.0,19.04,EVALUATION,-0.008346374543557689
XYLD,2020-04-01T00:00:00Z,18.69,19.24,18.69,19.01,27729.0,19.183333333333334,EVALUATION,0.031036296685954756
XYLD,2020-04-02T00:00:00Z,19.29,19.62,19.07,19.6,19809.0,19.26,EVALUATION,-0.013265306122449028
XYLD,2020-04-03T00:00:00Z,19.49,20.17,19.15,19.34,33478.0,19.316666666666666,EVALUATION,0.03360910031023767
XYLD,2020-04-06T00:00:00Z,19.91,20.33,19.48,19.99,22438.0,19.643333333333334,EVALUATION,0.005002501250625402
XYLD,2020-04-07T00:00:00Z,20.52,20.52,20.05,20.09,48251.0,19.806666666666665,EVALUATION,0.0034843205574912606
XYLD,2020-04-08T00:00:00Z,20.43,20.43,19.98,20.16,23033.0,20.08,EVALUATION,0.003472222222222321
XYLD,2020-04-09T00:00:00Z,20.29,20.35,20.11,20.23,14331.0,20.16,EVALUATION,0.009391992090953982
XYLD,2020-04-13T00:00:00Z,20.29,20.42,20.21,20.42,13110.0,20.27,EVALUATION,-0.004407443682664214
XYLD,2020-04-14T00:00:00Z,20.67,20.67,20.26,20.33,26877.0,20.326666666666668,EVALUATION,0.00196753566158403
XYLD,2020-04-15T00:00:00Z,20.02,20.4,20.02,20.37,13684.0,20.373333333333335,EVALUATION,0.003927344133529687
XYLD,2020-04-16T00:00:00Z,20.37,20.85,20.27,20.45,52948.0,20.383333333333333,EVALUATION,-0.0014669926650365817
XYLD,2020-04-17T00:00:00Z,20.72,20.92,20.07,20.42,108592.0,20.413333333333334,EVALUATION,-0.022526934378060748
XYLD,2020-04-20T00:00:00Z,20.27,20.74,19.95,19.96,64048.0,20.276666666666667,EVALUATION,-0.019539078156312617
XYLD,2020-04-21T00:00:00Z,19.58,20.11,19.57,19.57,34427.0,19.983333333333334,EVALUATION,0.017884517118037957
XYLD,2020-04-22T00:00:00Z,20.02,20.16,19.92,19.92,8016.0,19.816666666666666,EVALUATION,0.009538152610441664
XYLD,2020-04-23T00:00:00Z,20.09,20.36,20.09,20.11,88710.0,19.866666666666667,EVALUATION,0.012928891098955786
XYLD,2020-04-24T00:00:00Z,20.13,20.43,20.13,20.37,21970.0,20.133333333333333,EVALUATION,0.0009818360333824216
XYLD,2020-04-27T00:00:00Z,20.51,20.64,20.15,20.39,24023.0,20.29,EVALUATION,0.005885237861696924
XYLD,2020-04-28T00:00:00Z,20.67,20.67,20.35,20.51,7592.0,20.423333333333332,EVALUATION,0.016577279375914244
XYLD,2020-04-29T00:00:00Z,20.68,21.27,20.62,20.85,19149.0,20.583333333333336,EVALUATION,-0.008633093525179825
XYLD,2020-04-30T00:00:00Z,20.72,21.27,20.5,20.67,23587.0,20.67666666666667,EVALUATION,-0.021770682148040787
XYLD,2020-05-01T00:00:00Z,20.56,20.56,20.2,20.22,11043.0,20.58,EVALUATION,0.011374876360039643
XYLD,2020-05-04T00:00:00Z,19.95,20.45,19.95,20.45,41434.0,20.446666666666665,EVALUATION,-0.0009779951100243878
XYLD,2020-05-05T00:00:00Z,20.67,20.77,20.43,20.43,197749.0,20.366666666666667,EVALUATION,0.0009789525208028227
XYLD,2020-05-06T00:00:00Z,20.71,20.78,20.23,20.45,30550.0,20.44333333333333,EVALUATION,0.0034229828850855792
XYLD,2020-05-07T00:00:00Z,20.55,20.83,20.52,20.52,15409.0,20.466666666666665,EVALUATION,0.01803118908382073
XYLD,2020-05-08T00:00:00Z,20.59,20.98,20.59,20.89,16313.0,20.62,EVALUATION,0.00957395883197698
XYLD,2020-05-11T00:00:00Z,20.79,21.1,20.79,21.09,61103.0,20.833333333333336,EVALUATION,-0.018966334755808334
XYLD,2020-05-12T00:00:00Z,21.35,21.35,20.69,20.69,18825.0,20.89,EVALUATION,-0.014499758337361057
XYLD,2020-05-13T00:00:00Z,20.49,20.7,20.23,20.39,13596.0,20.723333333333336,EVALUATION,0.008827856792545274
XYLD,2020-05-14T00:00:00Z,20.96,20.96,20.22,20.57,20145.0,20.55,EVALUATION,0.017501215362177858
XYLD,2020-05-15T00:00:00Z,20.41,20.93,20.41,20.93,11829.0,20.63,EVALUATION,0.000955566172957445
XYLD,2020-05-18T00:00:00Z,21.0,21.19,20.95,20.95,5695.0,20.816666666666666,EVALUATION,0.007159904534606243
XYLD,2020-05-19T00:00:00Z,21.19,21.62,20.67,21.1,19089.0,20.993333333333332,EVALUATION,0.0004739336492889379
XYLD,2020-05-20T00:00:00Z,21.29,21.63,21.03,21.11,80535.0,21.053333333333335,EVALUATION,-0.001421127427759461
XYLD,2020-05-21T00:00:00Z,21.21,21.21,21.0,21.08,8761.0,21.096666666666668,EVALUATION,0.00379506641366234
XYLD,2020-05-22T00:00:00Z,21.25,21.25,20.9,21.16,27009.0,21.116666666666667,EVALUATION,0.0061436672967862815
XYLD,2020-05-26T00:00:00Z,21.4,21.4,21.09,21.29,24273.0,21.176666666666666,EVALUATION,-0.0018788163457021945
XYLD,2020-05-27T00:00:00Z,21.45,21.45,20.99,21.25,18394.0,21.233333333333334,EVALUATION,0.0
XYLD,2020-05-28T00:00:00Z,21.25,21.48,21.12,21.25,209429.0,21.263333333333332,EVALUATION,0.004235294117647115
XYLD,2020-05-29T00:00:00Z,21.25,21.35,21.08,21.34,29588.0,21.28,EVALUATION,0.005154639175257714
XYLD,2020-06-01T00:00:00Z,21.28,21.45,21.28,21.45,5721.0,21.346666666666664,EVALUATION,0.00046620046620060585
XYLD,2020-06-02T00:00:00Z,21.47,21.49,21.39,21.46,6630.0,21.416666666666664,EVALUATION,0.009785647716682222
XYLD,2020-06-03T00:00:00Z,21.63,21.69,21.43,21.67,124637.0,21.526666666666667,EVALUATION,0.0004614674665435192
XYLD,2020-06-04T00:00:00Z,21.71,22.04,21.54,21.68,38279.0,21.60333333333333,EVALUATION,-0.0013837638376383854
XYLD,2020-06-05T00:00:00Z,22.01,22.8,21.54,21.65,43995.0,21.666666666666664,EVALUATION,0.002771362586605264
XYLD,2020-06-08T00:00:00Z,21.88,22.43,21.59,21.71,7352.0,21.68,EVALUATION,-0.0004606172270843478
XYLD,2020-06-09T00:00:00Z,21.59,22.3,21.59,21.7,31985.0,21.686666666666667,EVALUATION,-0.0013824884792625891
XYLD,2020-06-10T00:00:00Z,21.76,21.78,21.64,21.67,19151.0,21.693333333333335,EVALUATION,-0.008306414397785122
XYLD,2020-06-11T00:00:00Z,21.59,21.72,21.44,21.49,14936.0,21.62,EVALUATION,0.013029315960912058
XYLD,2020-06-12T00:00:00Z,22.12,22.81,21.69,21.77,12833.0,21.643333333333334,EVALUATION,-0.00826825907211759
XYLD,2020-06-15T00:00:00Z,21.54,21.65,21.44,21.59,25756.0,21.616666666666667,EVALUATION,0.007410838351088467
XYLD,2020-06-16T00:00:00Z,22.03,22.11,21.7,21.75,9862.0,21.703333333333333,EVALUATION,0.005057471264367841
XYLD,2020-06-17T00:00:00Z,21.69,22.03,21.69,21.86,15885.0,21.733333333333334,EVALUATION,0.00045745654162865357
XYLD,2020-06-18T00:00:00Z,21.79,22.19,21.45,21.87,9213.0,21.826666666666668,EVALUATION,-0.021033379058070456
XYLD,2020-06-19T00:00:00Z,22.06,22.06,21.38,21.41,34331.0,21.71333333333333,EVALUATION,-0.0028024287716019725
XYLD,2020-06-22T00:00:00Z,21.29,21.53,21.09,21.35,12820.0,21.543333333333333,EVALUATION,0.0018735362997657212
XYLD,2020-06-23T00:00:00Z,21.7,21.82,21.38,21.39,15343.0,21.383333333333333,EVALUATION,-0.021972884525479186
XYLD,2020-06-24T00:00:00Z,21.26,21.39,20.85,20.92,46375.0,21.22,EVALUATION,0.018164435946462776
XYLD,2020-06-25T00:00:00Z,20.98,21.31,20.9,21.3,19195.0,21.203333333333333,EVALUATION,-0.014084507042253502
XYLD,2020-06-26T00:00:00Z,21.09,21.15,20.86,21.0,8489.0,21.073333333333334,EVALUATION,0.017142857142857126
XYLD,2020-06-29T00:00:00Z,21.15,21.36,20.87,21.36,11527.0,21.22,EVALUATION,0.012640449438202195
XYLD,2020-06-30T00:00:00Z,21.34,21.63,21.01,21.63,9236.0,21.33,EVALUATION,-0.002311604253351862
XYLD,2020-07-01T00:00:00Z,21.32,21.67,21.32,21.58,15245.0,21.523333333333333,EVALUATION,0.004633920296571059
XYLD,2020-07-02T00:00:00Z,22.15,22.15,21.58,21.68,6999.0,21.63,EVALUATION,0.009686346863468698
XYLD,2020-07-06T00:00:00Z,21.73,21.94,21.55,21.89,34733.0,21.716666666666665,EVALUATION,-0.014161717679305741
XYLD,2020-07-07T00:00:00Z,21.9,21.9,21.53,21.58,33611.0,21.716666666666665,EVALUATION,0.008804448563484835
XYLD,2020-07-08T00:00:00Z,21.59,21.89,21.49,21.77,25701.0,21.746666666666666,EVALUATION,0.0018373909049149706
XYLD,2020-07-09T00:00:00Z,21.8,21.85,21.31,21.81,25873.0,21.72,EVALUATION,0.0027510316368639653
XYLD,2020-07-10T00:00:00Z,21.59,21.96,21.59,21.87,4281.0,21.816666666666666,EVALUATION,-0.014174668495656295
XYLD,2020-07-13T00:00:00Z,21.9,22.21,21.56,21.56,14758.0,21.746666666666666,EVALUATION,0.026901669758812696
XYLD,2020-07-14T00:00:00Z,21.63,22.14,21.51,22.14,13155.0,21.856666666666666,EVALUATION,-0.010388437217705548
XYLD,2020-07-15T00:00:00Z,22.04,22.21,21.91,21.91,9540.0,21.87,EVALUATION,-0.003651300775901478
XYLD,2020-07-16T00:00:00Z,21.63,21.91,21.63,21.83,8056.0,21.96,EVALUATION,0.005497022446175004
XYLD,2020-07-17T00:00:00Z,21.79,22.17,21.79,21.95,9320.0,21.89666666666667,EVALUATION,0.005922551252847352
XYLD,2020-07-20T00:00:00Z,22.28,22.45,22.06,22.08,6457.0,21.953333333333333,EVALUATION,0.004981884057971175
XYLD,2020-07-21T00:00:00Z,21.75,22.24,21.75,22.19,12812.0,22.073333333333334,EVALUATION,0.0018026137899953554
XYLD,2020-07-22T00:00:00Z,22.02,22.3,22.02,22.23,20028.0,22.166666666666668,EVALUATION,-0.0062977957714800414
XYLD,2020-07-23T00:00:00Z,22.16,22.33,21.86,22.09,20324.0,22.17,EVALUATION,0.0009053870529651675
XYLD,2020-07-24T00:00:00Z,22.09,22.11,21.91,22.11,10835.0,22.143333333333334,EVALUATION,0.013116236996834063
XYLD,2020-07-27T00:00:00Z,22.27,22.4,22.05,22.4,14503.0,22.2,EVALUATION,-0.011160714285714302
XYLD,2020-07-28T00:00:00Z,22.39,22.39,22.15,22.15,13619.0,22.22,EVALUATION,0.00496613995485351
XYLD,2020-07-29T00:00:00Z,22.14,22.42,22.14,22.26,16229.0,22.27,EVALUATION,0.0004492362982928544
XYLD,2020-07-30T00:00:00Z,22.13,22.37,21.98,22.27,11605.0,22.226666666666667,EVALUATION,0.009878760664571162
XYLD,2020-07-31T00:00:00Z,22.38,22.49,22.02,22.49,22369.0,22.34,EVALUATION,0.009337483325922769
XYLD,2020-08-03T00:00:00Z,22.42,22.7,22.39,22.7,23191.0,22.486666666666665,EVALUATION,0.0
XYLD,2020-08-04T00:00:00Z,22.65,22.7,22.47,22.7,23625.0,22.63,EVALUATION,0.006607929515418665
XYLD,2020-08-05T00:00:00Z,22.72,23.07,22.56,22.85,29571.0,22.75,EVALUATION,-0.0035010940919038003
XYLD,2020-08-06T00:00:00Z,22.75,22.94,22.72,22.77,14374.0,22.773333333333333,EVALUATION,0.004391743522178304
XYLD,2020-08-07T00:00:00Z,22.69,22.87,22.67,22.87,5336.0,22.830000000000002,EVALUATION,0.0021862702229995534
XYLD,2020-08-10T00:00:00Z,22.9,23.15,22.62,22.92,27059.0,22.853333333333335,EVALUATION,0.0008726003490400203
XYLD,2020-08-11T00:00:00Z,23.04,23.2,22.92,22.94,18451.0,22.910000000000004,EVALUATION,0.010026155187445429
XYLD,2020-08-12T00:00:00Z,22.86,23.36,22.86,23.17,9936.0,23.01,EVALUATION,-0.009495036685369107
XYLD,2020-08-13T00:00:00Z,23.4,23.4,22.9,22.95,12449.0,23.02,EVALUATION,-0.0004357298474945148
XYLD,2020-08-14T00:00:00Z,23.03,23.05,22.63,22.94,12435.0,23.02,EVALUATION,0.0008718395815170421
XYLD,2020-08-17T00:00:00Z,22.93,23.01,22.93,22.96,18964.0,22.95,EVALUATION,0.0
XYLD,2020-08-18T00:00:00Z,22.95,23.13,22.92,22.96,8172.0,22.953333333333333,EVALUATION,0.0
XYLD,2020-08-19T00:00:00Z,23.13,23.13,22.88,22.96,5274.0,22.96,EVALUATION,0.0
XYLD,2020-08-20T00:00:00Z,22.95,23.1,22.94,22.96,7667.0,22.96,EVALUATION,-0.006968641114982632
XYLD,2020-08-21T00:00:00Z,22.86,22.91,22.5,22.8,17614.0,22.906666666666666,EVALUATION,0.004385964912280604
XYLD,2020-08-24T00:00:00Z,22.78,22.98,22.78,22.9,5601.0,22.886666666666667,EVALUATION,0.003930131004366899
XYLD,2020-08-25T00:00:00Z,22.73,23.06,22.73,22.99,5643.0,22.89666666666667,EVALUATION,0.0008699434536756367
XYLD,2020-08-26T00:00:00Z,22.87,23.23,22.87,23.01,6789.0,22.96666666666667,EVALUATION,0.006084311169056722
XYLD,2020-08-27T00:00:00Z,22.99,23.24,22.98,23.15,34597.0,23.05,EVALUATION,-0.001295896328293633
XYLD,2020-08-28T00:00:00Z,23.24,23.24,22.96,23.12,4190.0,23.093333333333334,EVALUATION,0.004325259515570945
XYLD,2020-08-31T00:00:00Z,22.97,23.31,22.97,23.22,10685.0,23.163333333333334,EVALUATION,0.003014642549526325
XYLD,2020-09-01T00:00:00Z,23.34,23.34,22.95,23.29,14855.0,23.21,EVALUATION,0.0025762129669386624
XYLD,2020-09-02T00:00:00Z,23.42,23.44,23.29,23.35,10470.0,23.286666666666665,EVALUATION,-0.014989293361884481
XYLD,2020-09-03T00:00:00Z,23.21,23.31,22.94,23.0,27584.0,23.213333333333335,EVALUATION,0.003043478260869481
XYLD,2020-09-04T00:00:00Z,23.26,23.26,22.88,23.07,4296.0,23.14,EVALUATION,-0.01257043779800604
XYLD,2020-09-08T00:00:00Z,23.11,23.18,22.77,22.78,6893.0,22.950000000000003,EVALUATION,0.023705004389815487
XYLD,2020-09-09T00:00:00Z,22.78,23.34,22.78,23.32,10525.0,23.05666666666667,EVALUATION,-0.020154373927958824
XYLD,2020-09-10T00:00:00Z,23.34,23.34,22.71,22.85,18117.0,22.983333333333334,EVALUATION,0.0026258205689277947
XYLD,2020-09-11T00:00:00Z,22.8,23.29,22.8,22.91,5885.0,23.026666666666667,EVALUATION,0.016586643387167088
XYLD,2020-09-14T00:00:00Z,22.99,23.32,22.99,23.29,6332.0,23.016666666666666,EVALUATION,-0.003434950622584698
XYLD,2020-09-15T00:00:00Z,23.34,23.34,23.19,23.21,6252.0,23.136666666666667,EVALUATION,0.007324429125376897
XYLD,2020-09-16T00:00:00Z,23.23,23.39,23.23,23.38,4315.0,23.293333333333333,EVALUATION,-0.001283147989734723
XYLD,2020-09-17T00:00:00Z,23.23,23.44,23.01,23.35,10500.0,23.313333333333333,EVALUATION,0.0059957173447535705
XYLD,2020-09-18T00:00:00Z,23.32,23.6,23.32,23.49,8030.0,23.406666666666666,EVALUATION,-0.02852277564921235
XYLD,2020-09-21T00:00:00Z,23.41,23.41,22.57,22.82,12934.0,23.22,EVALUATION,0.0118317265556529
XYLD,2020-09-22T00:00:00Z,22.87,23.09,22.81,23.09,9883.0,23.133333333333333,EVALUATION,-0.012559549588566421
XYLD,2020-09-23T00:00:00Z,22.97,23.0,22.8,22.8,32661.0,22.903333333333332,EVALUATION,0.0
XYLD,2020-09-24T00:00:00Z,22.71,23.01,22.6,22.8,9073.0,22.89666666666667,EVALUATION,0.025877192982456165
XYLD,2020-09-25T00:00:00Z,23.13,23.39,23.01,23.39,8267.0,22.99666666666667,EVALUATION,0.0021376656690894613
XYLD,2020-09-28T00:00:00Z,23.36,23.47,23.33,23.44,12252.0,23.21,EVALUATION,0.00042662116040936837
XYLD,2020-09-29T00:00:00Z,23.59,23.59,23.1,23.45,15375.0,23.426666666666666,EVALUATION,-0.007675906183368886
XYLD,2020-09-30T00:00:00Z,23.5,23.66,23.15,23.27,10625.0,23.386666666666667,EVALUATION,0.003008165019338316
XYLD,2020-10-01T00:00:00Z,23.99,23.99,23.24,23.34,10348.0,23.35333333333333,EVALUATION,-0.0025706940874035134
XYLD,2020-10-02T00:00:00Z,23.41,23.41,23.21,23.28,8586.0,23.296666666666667,EVALUATION,0.006013745704467333
XYLD,2020-10-05T00:00:00Z,23.22,23.45,23.22,23.42,17167.0,23.346666666666668,EVALUATION,-0.004269854824936026
XYLD,2020-10-06T00:00:00Z,23.69,23.69,23.31,23.32,8986.0,23.340000000000003,EVALUATION,0.0064322469982847075
XYLD,2020-10-07T00:00:00Z,23.91,23.91,23.42,23.47,23829.0,23.403333333333336,EVALUATION,0.0029825308904984915
XYLD,2020-10-08T00:00:00Z,23.69,23.69,23.5,23.54,10122.0,23.443333333333335,EVALUATION,0.0021240441801189114
XYLD,2020-10-09T00:00:00Z,23.54,23.6,23.54,23.59,9465.0,23.53333333333333,EVALUATION,0.0012717253073337709
XYLD,2020-10-12T00:00:00Z,23.63,23.65,23.6,23.62,7957.0,23.583333333333336,EVALUATION,-0.0016934801016089684
XYLD,2020-10-13T00:00:00Z,23.6,23.63,23.57,23.58,7661.0,23.596666666666668,EVALUATION,0.0008481764206955678
XYLD,2020-10-14T00:00:00Z,23.52,23.63,23.52,23.6,8279.0,23.6,EVALUATION,-0.0004237288135593431
XYLD,2020-10-15T00:00:00Z,23.57,23.61,23.57,23.59,11599.0,23.59,EVALUATION,-0.0004239084357778866
XYLD,2020-10-16T00:00:00Z,23.54,23.93,23.54,23.58,36507.0,23.59,EVALUATION,-0.009754028837998141
XYLD,2020-10-19T00:00:00Z,23.77,23.77,23.34,23.35,15099.0,23.506666666666668,EVALUATION,0.003854389721627438
XYLD,2020-10-20T00:00:00Z,23.77,23.77,23.4,23.44,11924.0,23.456666666666667,EVALUATION,0.0
XYLD,2020-10-21T00:00:00Z,23.41,23.77,23.38,23.44,13348.0,23.41,EVALUATION,0.0038395904436860917
XYLD,2020-10-22T00:00:00Z,23.44,23.59,23.35,23.53,11485.0,23.47,EVALUATION,0.0012749681257968604
XYLD,2020-10-23T00:00:00Z,23.71,23.71,23.49,23.56,15579.0,23.509999999999998,EVALUATION,-0.013157894736842035
XYLD,2020-10-26T00:00:00Z,23.71,23.73,23.13,23.25,41816.0,23.446666666666665,EVALUATION,0.0008602150537633246
XYLD,2020-10-27T00:00:00Z,23.1,23.34,23.1,23.27,24988.0,23.36,EVALUATION,-0.03051138805328757
XYLD,2020-10-28T00:00:00Z,22.87,23.1,22.56,22.56,21786.0,23.026666666666667,EVALUATION,0.014184397163120588
XYLD,2020-10-29T00:00:00Z,22.61,22.89,22.54,22.88,10366.0,22.903333333333332,EVALUATION,-0.013111888111888126
XYLD,2020-10-30T00:00:00Z,22.84,22.84,22.37,22.58,16129.0,22.673333333333332,EVALUATION,0.010186005314437585
XYLD,2020-11-02T00:00:00Z,22.66,22.93,22.62,22.81,9431.0,22.756666666666664,EVALUATION,0.014028934677772886
XYLD,2020-11-03T00:00:00Z,23.1,23.25,23.08,23.13,3085.0,22.84,EVALUATION,0.023778642455685395
XYLD,2020-11-04T00:00:00Z,23.37,23.8,23.37,23.68,12153.0,23.206666666666667,EVALUATION,0.008445945945945832
XYLD,2020-11-05T00:00:00Z,23.71,24.13,23.71,23.88,13110.0,23.563333333333333,EVALUATION,0.002512562814070529
XYLD,2020-11-06T00:00:00Z,24.01,24.01,23.86,23.94,5092.0,23.833333333333336,EVALUATION,0.013366750208855471
XYLD,2020-11-09T00:00:00Z,24.59,24.59,24.12,24.26,12147.0,24.026666666666667,EVALUATION,-0.002061005770816138
XYLD,2020-11-10T00:00:00Z,24.25,24.47,23.98,24.21,20106.0,24.13666666666667,EVALUATION,-0.0008261049153241995
XYLD,2020-11-11T00:00:00Z,24.51,24.66,24.02,24.19,71922.0,24.220000000000002,EVALUATION,-0.006614303431169866
XYLD,2020-11-12T00:00:00Z,23.95,24.2,23.95,24.03,51479.0,24.143333333333334,EVALUATION,0.010403662089055299
XYLD,2020-11-13T00:00:00Z,24.23,24.28,24.09,24.28,14349.0,24.166666666666668,EVALUATION,0.0037067545304778626
XYLD,2020-11-16T00:00:00Z,24.23,24.52,24.18,24.37,22510.0,24.226666666666667,EVALUATION,0.0
XYLD,2020-11-17T00:00:00Z,24.33,24.46,24.29,24.37,14175.0,24.34,EVALUATION,-0.0004103405826837436
XYLD,2020-11-18T00:00:00Z,24.39,24.47,24.35,24.36,17534.0,24.366666666666667,EVALUATION,0.00041050903119876914
XYLD,2020-11-19T00:00:00Z,24.24,24.62,24.24,24.37,25468.0,24.366666666666667,EVALUATION,0.0004103405826836326
XYLD,2020-11-20T00:00:00Z,24.55,24.72,24.32,24.38,15558.0,24.369999999999997,EVALUATION,0.004101722723544032
XYLD,2020-11-23T00:00:00Z,24.69,24.69,24.39,24.48,16794.0,24.41,EVALUATION,0.0028594771241829964
XYLD,2020-11-24T00:00:00Z,24.69,24.69,24.47,24.55,14402.0,24.47,EVALUATION,0.0024439918533605276
XYLD,2020-11-25T00:00:00Z,24.48,24.96,24.42,24.61,36557.0,24.546666666666667,EVALUATION,0.002031694433157316
XYLD,2020-11-27T00:00:00Z,24.44,24.66,24.44,24.66,2239.0,24.60666666666667,EVALUATION,-0.0044606650446066265
XYLD,2020-11-30T00:00:00Z,24.53,24.63,24.39,24.55,34932.0,24.60666666666667,EVALUATION,0.0032586558044804814
XYLD,2020-12-01T00:00:00Z,24.86,24.86,24.57,24.63,8671.0,24.613333333333333,EVALUATION,0.004872107186358221
XYLD,2020-12-02T00:00:00Z,24.83,24.83,24.6,24.75,24380.0,24.64333333333333,EVALUATION,-0.00121212121212122
XYLD,2020-12-03T00:00:00Z,24.85,24.85,24.65,24.72,23200.0,24.7,EVALUATION,0.0020226537216829765
XYLD,2020-12-04T00:00:00Z,24.87,24.87,24.76,24.77,26067.0,24.746666666666666,EVALUATION,-0.0004037141703673308
XYLD,2020-12-07T00:00:00Z,24.84,24.86,24.76,24.76,29148.0,24.75,EVALUATION,-0.0008077544426495775
XYLD,2020-12-08T00:00:00Z,24.99,24.99,24.7,24.74,48843.0,24.756666666666668,EVALUATION,-0.0008084074373484462
XYLD,2020-12-09T00:00:00Z,24.48,24.87,24.48,24.72,25881.0,24.740000000000002,EVALUATION,0.0008090614886731018
XYLD,2020-12-10T00:00:00Z,24.71,24.82,24.66,24.74,24703.0,24.733333333333334,EVALUATION,0.0016168148746968924
XYLD,2020-12-11T00:00:00Z,24.59,24.79,24.59,24.78,36426.0,24.746666666666666,EVALUATION,0.0016142050040355294
XYLD,2020-12-14T00:00:00Z,25.04,25.04,24.79,24.82,20536.0,24.78,EVALUATION,0.00241740531829171
XYLD,2020-12-15T00:00:00Z,24.73,24.92,24.73,24.88,21080.0,24.826666666666668,EVALUATION,0.00040192926045024
XYLD,2020-12-16T00:00:00Z,25.03,25.03,24.84,24.89,23238.0,24.863333333333333,EVALUATION,0.0
XYLD,2020-12-17T00:00:00Z,24.74,24.92,24.74,24.89,26238.0,24.886666666666667,EVALUATION,-0.004821213338690233
XYLD,2020-12-18T00:00:00Z,24.84,24.86,24.66,24.77,93186.0,24.85,EVALUATION,-0.004844570044408636
XYLD,2020-12-21T00:00:00Z,25.0,25.0,24.29,24.65,103647.0,24.77,EVALUATION,-0.0016227180527382812
XYLD,2020-12-22T00:00:00Z,24.68,24.73,24.57,24.61,36731.0,24.676666666666666,EVALUATION,0.00325071109305175
XYLD,2020-12-23T00:00:00Z,24.44,24.82,24.44,24.69,13963.0,24.65,EVALUATION,0.0028351559335764165
XYLD,2020-12-24T00:00:00Z,24.59,24.83,24.59,24.76,20458.0,24.686666666666667,EVALUATION,0.006058158319870666
XYLD,2020-12-28T00:00:00Z,25.02,25.02,24.82,24.91,41238.0,24.78666666666667,EVALUATION,-0.002810116419108777
XYLD,2020-12-29T00:00:00Z,25.02,25.02,24.78,24.84,26029.0,24.836666666666666,EVALUATION,0.0024154589371980784
XYLD,2020-12-30T00:00:00Z,25.21,25.21,24.81,24.9,27004.0,24.883333333333333,EVALUATION,0.0
XYLD,2020-12-31T00:00:00Z,25.03,25.03,24.81,24.9,25959.0,24.879999999999995,EVALUATION,-0.00200803212851397
XYLD,2021-01-04T00:00:00Z,24.9,25.02,24.55,24.85,37046.0,24.883333333333333,EVALUATION,0.004024144869215096
XYLD,2021-01-05T00:00:00Z,24.66,24.95,24.66,24.95,7910.0,24.9,EVALUATION,0.0024048096192386126
XYLD,2021-01-06T00:00:00Z,24.45,25.14,24.45,25.01,25857.0,24.936666666666667,EVALUATION,0.005997600959616101
XYLD,2021-01-07T00:00:00Z,25.09,25.21,25.03,25.16,32753.0,25.04,EVALUATION,0.0
XYLD,2021-01-08T00:00:00Z,25.24,25.24,25.11,25.16,13795.0,25.11,EVALUATION,-0.0011923688394277487
XYLD,2021-01-11T00:00:00Z,25.14,25.22,25.1,25.13,22568.0,25.15,EVALUATION,0.0023875845602865375
XYLD,2021-01-12T00:00:00Z,25.22,25.22,25.01,25.19,18810.0,25.16,EVALUATION,0.0015879317189360087
XYLD,2021-01-13T00:00:00Z,25.15,25.25,25.15,25.23,30870.0,25.183333333333334,EVALUATION,-0.0003963535473643365
XYLD,2021-01-14T00:00:00Z,25.23,25.33,25.07,25.22,36746.0,25.21333333333333,EVALUATION,-0.0027755749405233843
XYLD,2021-01-15T00:00:00Z,25.33,25.33,25.0,25.15,27099.0,25.2,EVALUATION,0.006361829025844923
XYLD,2021-01-19T00:00:00Z,25.6,25.6,25.21,25.31,47425.0,25.226666666666667,EVALUATION,0.011457921770051449
XYLD,2021-01-20T00:00:00Z,25.27,25.6,25.27,25.6,23304.0,25.35333333333333,EVALUATION,-0.005859375000000111
XYLD,2021-01-21T00:00:00Z,25.48,25.64,25.35,25.45,47472.0,25.453333333333333,EVALUATION,-0.0003929273084478657
XYLD,2021-01-22T00:00:00Z,25.51,25.51,25.36,25.44,38216.0,25.496666666666666,EVALUATION,-0.0015723270440252124
XYLD,2021-01-25T00:00:00Z,25.44,25.49,25.29,25.4,21045.0,25.43,EVALUATION,0.0015748031496063408
XYLD,2021-01-26T00:00:00Z,25.35,25.46,25.35,25.44,27274.0,25.42666666666667,EVALUATION,-0.014544025157232743
XYLD,2021-01-27T00:00:00Z,25.48,25.48,24.98,25.07,34790.0,25.303333333333335,EVALUATION,0.005584363781412138
XYLD,2021-01-28T00:00:00Z,25.29,25.41,25.2,25.21,41012.0,25.240000000000002,EVALUATION,-0.008330027766759285
XYLD,2021-01-29T00:00:00Z,25.33,25.33,24.88,25.0,39586.0,25.093333333333334,EVALUATION,0.010000000000000009
XYLD,2021-02-01T00:00:00Z,25.57,25.57,25.07,25.25,42146.0,25.153333333333336,EVALUATION,0.009504950495049513
XYLD,2021-02-02T00:00:00Z,25.56,25.56,25.41,25.49,28463.0,25.246666666666666,EVALUATION,0.001961553550412054
XYLD,2021-02-03T00:00:00Z,25.46,26.12,25.46,25.54,30191.0,25.426666666666666,EVALUATION,0.0019577133907595634
XYLD,2021-02-04T00:00:00Z,25.61,25.66,25.56,25.59,34293.0,25.54,EVALUATION,0.0023446658851113966
XYLD,2021-02-05T00:00:00Z,25.97,25.97,25.62,25.65,36150.0,25.593333333333334,EVALUATION,0.001559454191033316
XYLD,2021-02-08T00:00:00Z,25.55,25.8,25.55,25.69,42986.0,25.64333333333333,EVALUATION,-0.0011677695601401972
XYLD,2021-02-09T00:00:00Z,25.9,25.9,25.56,25.66,55271.0,25.666666666666664,EVALUATION,-0.001558846453624252
XYLD,2021-02-10T00:00:00Z,25.8,25.8,25.61,25.62,43369.0,25.656666666666666,EVALUATION,0.0019516003122561631
XYLD,2021-02-11T00:00:00Z,25.7,25.71,25.66,25.67,24415.0,25.65,EVALUATION,0.0015582391897155379
XYLD,2021-02-12T00:00:00Z,25.7,25.72,25.67,25.71,14675.0,25.666666666666668,EVALUATION,-0.000388953714508089
XYLD,2021-02-16T00:00:00Z,25.96,25.96,25.7,25.7,66673.0,25.693333333333335,EVALUATION,-0.0007782101167315147
XYLD,2021-02-17T00:00:00Z,25.7,25.72,25.61,25.68,48886.0,25.696666666666665,EVALUATION,0.001168224299065379
XYLD,2021-02-18T00:00:00Z,25.79,25.79,25.66,25.71,41639.0,25.696666666666665,EVALUATION,-0.00194476857253989
XYLD,2021-02-19T00:00:00Z,25.94,25.98,25.64,25.66,113614.0,25.683333333333334,EVALUATION,-0.003117692907248726
XYLD,2021-02-22T00:00:00Z,25.65,25.73,25.49,25.58,54336.0,25.65,EVALUATION,-0.0035183737294761652
XYLD,2021-02-23T00:00:00Z,25.44,25.64,25.2,25.49,115445.0,25.576666666666664,EVALUATION,0.006669282071400717
XYLD,2021-02-24T00:00:00Z,25.59,25.82,25.46,25.66,52457.0,25.576666666666664,EVALUATION,-0.0175370226032735
XYLD,2021-02-25T00:00:00Z,25.72,25.73,25.16,25.21,46398.0,25.453333333333333,EVALUATION,-0.0003966679888933733
XYLD,2021-02-26T00:00:00Z,25.26,25.43,25.05,25.2,51924.0,25.35666666666667,EVALUATION,0.01825396825396819
XYLD,2021-03-01T00:00:00Z,25.48,25.7,25.48,25.66,28574.0,25.35666666666667,EVALUATION,-0.005066250974279041
XYLD,2021-03-02T00:00:00Z,25.75,25.87,25.53,25.53,50400.0,25.46333333333333,EVALUATION,-0.009009009009009028
XYLD,2021-03-03T00:00:00Z,25.53,25.69,25.3,25.3,85924.0,25.496666666666666,EVALUATION,-0.007509881422924969
XYLD,2021-03-04T00:00:00Z,25.42,25.48,24.72,25.11,95473.0,25.313333333333333,EVALUATION,0.014336917562723928
XYLD,2021-03-05T00:00:00Z,25.4,25.48,24.92,25.47,71441.0,25.293333333333333,EVALUATION,-0.004318806438947775
XYLD,2021-03-08T00:00:00Z,25.66,25.66,25.36,25.36,60946.0,25.313333333333333,EVALUATION,0.011435331230283952
XYLD,2021-03-09T00:00:00Z,25.64,25.76,25.45,25.65,119459.0,25.493333333333332,EVALUATION,0.004288499025341341
XYLD,2021-03-10T00:00:00Z,25.9,25.9,25.71,25.76,46754.0,25.59,EVALUATION,0.005434782608695565
XYLD,2021-03-11T00:00:00Z,25.89,25.99,25.88,25.9,72546.0,25.77,EVALUATION,0.0038610038610038533
XYLD,2021-03-12T00:00:00Z,26.0,26.03,25.87,26.0,44188.0,25.886666666666667,EVALUATION,0.00423076923076926
XYLD,2021-03-15T00:00:00Z,26.19,26.21,25.98,26.11,53759.0,26.00333333333333,EVALUATION,-0.0011489850631942744
XYLD,2021-03-16T00:00:00Z,26.27,26.27,26.08,26.08,87108.0,26.063333333333333,EVALUATION,0.0015337423312884457
XYLD,2021-03-17T00:00:00Z,26.21,26.21,26.03,26.12,49029.0,26.10333333333333,EVALUATION,-0.0011485451761102938
XYLD,2021-03-18T00:00:00Z,26.22,26.22,26.0,26.09,73429.0,26.096666666666668,EVALUATION,-0.0019164430816405176
XYLD,2021-03-19T00:00:00Z,26.17,26.17,25.86,26.04,50933.0,26.083333333333336,EVALUATION,0.005376344086021501
XYLD,2021-03-22T00:00:00Z,26.27,26.4,26.13,26.18,60678.0,26.10333333333333,EVALUATION,0.00038197097020642445
XYLD,2021-03-23T00:00:00Z,26.27,26.29,26.09,26.19,35353.0,26.136666666666667,EVALUATION,-0.0038182512409317138
XYLD,2021-03-24T00:00:00Z,26.28,26.3,26.04,26.09,53033.0,26.153333333333336,EVALUATION,0.003832886163281035
XYLD,2021-03-25T00:00:00Z,26.04,26.24,25.93,26.19,60669.0,26.156666666666666,EVALUATION,0.0064910271095837135
XYLD,2021-03-26T00:00:00Z,26.28,26.39,26.2,26.36,69590.0,26.213333333333335,EVALUATION,-0.0011380880121396597
XYLD,2021-03-29T00:00:00Z,26.31,26.41,26.23,26.33,79402.0,26.293333333333333,EVALUATION,-0.0018989745537408842
XYLD,2021-03-30T00:00:00Z,26.4,26.4,26.25,26.28,120192.0,26.32333333333333,EVALUATION,0.0026636225266363223
XYLD,2021-03-31T00:00:00Z,26.45,26.45,26.35,26.35,47797.0,26.32,EVALUATION,0.00796963946869056
XYLD,2021-04-01T00:00:00Z,26.45,26.56,26.39,26.56,110149.0,26.39666666666667,EVALUATION,-0.0018825301204817846
XYLD,2021-04-05T00:00:00Z,26.56,26.56,26.45,26.51,85443.0,26.473333333333336,EVALUATION,0.0
XYLD,2021-04-06T00:00:00Z,26.45,26.6,26.45,26.51,63730.0,26.52666666666667,EVALUATION,0.0011316484345529343
XYLD,2021-04-07T00:00:00Z,26.56,26.59,26.49,26.54,64484.0,26.520000000000003,EVALUATION,-0.0011303692539561538
XYLD,2021-04-08T00:00:00Z,26.63,26.63,26.51,26.51,52005.0,26.520000000000003,EVALUATION,0.0011316484345529343
XYLD,2021-04-09T00:00:00Z,26.57,26.62,26.52,26.54,53784.0,26.53,EVALUATION,0.0011303692539563759
XYLD,2021-04-12T00:00:00Z,26.62,26.63,26.54,26.57,105306.0,26.54,EVALUATION,0.0022581859239743096
XYLD,2021-04-13T00:00:00Z,26.62,26.63,26.55,26.63,73048.0,26.58,EVALUATION,-0.0015020653398422068
XYLD,2021-04-14T00:00:00Z,26.71,26.71,26.56,26.59,69954.0,26.596666666666668,EVALUATION,-0.0018804061677322181
XYLD,2021-04-15T00:00:00Z,26.66,26.67,26.54,26.54,87519.0,26.586666666666666,EVALUATION,0.013187641296156905
XYLD,2021-04-16T00:00:00Z,26.65,26.89,26.54,26.89,64794.0,26.673333333333332,EVALUATION,-0.01673484566753436
XYLD,2021-04-19T00:00:00Z,26.73,26.78,26.36,26.44,113125.0,26.623333333333335,EVALUATION,-0.004160363086233132
XYLD,2021-04-20T00:00:00Z,26.48,26.5,26.23,26.33,79586.0,26.553333333333335,EVALUATION,0.0037979491074819904
XYLD,2021-04-21T00:00:00Z,26.37,26.54,26.31,26.43,55466.0,26.4,EVALUATION,-0.001513431706394175
XYLD,2021-04-22T00:00:00Z,26.52,26.53,26.26,26.39,71173.0,26.383333333333333,EVALUATION,0.0037893141341416303
XYLD,2021-04-23T00:00:00Z,26.46,26.53,26.4,26.49,45445.0,26.436666666666667,EVALUATION,0.0011325028312572094
XYLD,2021-04-26T00:00:00Z,26.61,26.61,26.51,26.52,45924.0,26.46666666666667,EVALUATION,0.002639517345399689
XYLD,2021-04-27T00:00:00Z,26.61,26.61,26.49,26.59,58523.0,26.53333333333333,EVALUATION,0.00037608123354648804
XYLD,2021-04-28T00:00:00Z,26.62,26.62,26.54,26.6,49669.0,26.57,EVALUATION,0.0003759398496239186
XYLD,2021-04-29T00:00:00Z,26.6,26.64,26.57,26.61,64567.0,26.6,EVALUATION,-0.00150319428786172
XYLD,2021-04-30T00:00:00Z,26.62,26.62,26.51,26.57,75215.0,26.593333333333334,EVALUATION,0.0011290929619871548
XYLD,2021-05-03T00:00:00Z,26.65,26.66,26.59,26.6,85335.0,26.593333333333334,EVALUATION,-0.0026315789473684292
XYLD,2021-05-04T00:00:00Z,26.57,26.63,26.37,26.53,99227.0,26.56666666666667,EVALUATION,0.0015077271013945737
XYLD,2021-05-05T00:00:00Z,26.63,26.7,26.54,26.57,109311.0,26.56666666666667,EVALUATION,0.005645464809935996
XYLD,2021-05-06T00:00:00Z,26.63,26.72,26.48,26.72,51956.0,26.60666666666667,EVALUATION,0.004491017964071808
XYLD,2021-05-07T00:00:00Z,26.76,26.84,26.69,26.84,209621.0,26.71,EVALUATION,-0.007078986587183311
XYLD,2021-05-10T00:00:00Z,26.9,26.9,26.65,26.65,77273.0,26.736666666666665,EVALUATION,-0.0033771106941838935
XYLD,2021-05-11T00:00:00Z,26.56,26.59,26.37,26.56,327313.0,26.683333333333334,EVALUATION,-0.014307228915662606
XYLD,2021-05-12T00:00:00Z,26.64,26.64,26.08,26.18,110053.0,26.46333333333333,EVALUATION,0.011077158135981646
XYLD,2021-05-13T00:00:00Z,26.29,26.51,26.26,26.47,59974.0,26.403333333333332,EVALUATION,0.007933509633547553
XYLD,2021-05-14T00:00:00Z,26.59,26.76,26.51,26.68,81063.0,26.44333333333333,EVALUATION,0.0014992503748125774
XYLD,2021-05-17T00:00:00Z,26.72,26.76,26.59,26.72,83650.0,26.62333333333333,EVALUATION,-0.004116766467065824
XYLD,2021-05-18T00:00:00Z,26.74,26.76,26.6,26.61,88597.0,26.669999999999998,EVALUATION,-0.0037579857196541333
XYLD,2021-05-19T00:00:00Z,26.57,26.57,26.13,26.51,80889.0,26.613333333333333,EVALUATION,0.01056205205582783
XYLD,2021-05-20T00:00:00Z,26.64,26.84,26.55,26.79,83674.0,26.636666666666667,EVALUATION,-0.0003732736095557465
XYLD,2021-05-21T00:00:00Z,26.87,26.96,26.76,26.78,79805.0,26.693333333333335,EVALUATION,0.006721433905899854
XYLD,2021-05-24T00:00:00Z,27.12,27.14,26.92,26.96,120954.0,26.843333333333334,EVALUATION,0.0007418397626113293
XYLD,2021-05-25T00:00:00Z,27.08,27.08,26.92,26.98,68561.0,26.906666666666666,EVALUATION,0.0
XYLD,2021-05-26T00:00:00Z,27.1,27.1,26.94,26.98,99653.0,26.973333333333336,EVALUATION,0.0018532246108229344
XYLD,2021-05-27T00:00:00Z,26.98,27.09,26.98,27.03,76698.0,26.99666666666667,EVALUATION,-0.0007399186089529497
XYLD,2021-05-28T00:00:00Z,27.12,27.14,26.99,27.01,99417.0,27.006666666666668,EVALUATION,0.004072565716401355
XYLD,2021-06-01T00:00:00Z,27.25,27.28,27.01,27.12,138390.0,27.053333333333335,EVALUATION,-0.0007374631268436405
XYLD,2021-06-02T00:00:00Z,27.12,27.25,27.04,27.1,190368.0,27.076666666666668,EVALUATION,-0.0003690036900370064
XYLD,2021-06-03T00:00:00Z,27.05,27.1,26.99,27.09,74146.0,27.10333333333333,EVALUATION,0.0029531192321889943
XYLD,2021-06-04T00:00:00Z,27.12,27.34,27.1,27.17,88004.0,27.119999999999997,EVALUATION,0.0007361059992638808
XYLD,2021-06-07T00:00:00Z,27.23,27.23,27.15,27.19,73214.0,27.15,EVALUATION,0.0
XYLD,2021-06-08T00:00:00Z,27.27,27.28,27.17,27.19,62983.0,27.183333333333337,EVALUATION,-0.0007355645457888249
XYLD,2021-06-09T00:00:00Z,27.25,27.27,27.15,27.17,105385.0,27.183333333333337,EVALUATION,0.0025763709974235827
XYLD,2021-06-10T00:00:00Z,27.22,27.27,27.19,27.24,130549.0,27.200000000000003,EVALUATION,0.001468428781204123
XYLD,2021-06-11T00:00:00Z,27.31,27.38,27.24,27.28,108089.0,27.23,EVALUATION,0.0021994134897360684
XYLD,2021-06-14T00:00:00Z,27.34,27.37,27.25,27.34,143134.0,27.28666666666667,EVALUATION,-0.001828822238478467
XYLD,2021-06-15T00:00:00Z,27.31,27.36,27.24,27.29,138712.0,27.303333333333335,EVALUATION,-0.0003664345914253797
XYLD,2021-06-16T00:00:00Z,27.33,27.34,27.22,27.28,135448.0,27.303333333333335,EVALUATION,0.0010997067448679232
XYLD,2021-06-17T00:00:00Z,27.25,27.33,27.25,27.31,97140.0,27.293333333333333,EVALUATION,0.0
XYLD,2021-06-18T00:00:00Z,27.34,27.36,27.17,27.31,214683.0,27.3,EVALUATION,0.004760161113145367
XYLD,2021-06-21T00:00:00Z,27.36,27.47,27.2,27.44,190076.0,27.35333333333333,EVALUATION,0.003279883381924087
XYLD,2021-06-22T00:00:00Z,27.47,27.53,27.43,27.53,120152.0,27.42666666666667,EVALUATION,-0.0018162005085361477
XYLD,2021-06-23T00:00:00Z,27.53,27.55,27.44,27.48,116141.0,27.483333333333334,EVALUATION,0.0032751091703056012
XYLD,2021-06-24T00:00:00Z,27.57,27.58,27.51,27.57,97593.0,27.526666666666667,EVALUATION,0.0
XYLD,2021-06-25T00:00:00Z,27.58,27.61,27.53,27.57,109277.0,27.54,EVALUATION,0.0010881392818280489
XYLD,2021-06-28T00:00:00Z,27.6,27.85,27.57,27.6,80705.0,27.58,EVALUATION,0.0021739130434781373
XYLD,2021-06-29T00:00:00Z,27.62,27.75,27.57,27.66,163767.0,27.61,EVALUATION,-0.000723065798987732
XYLD,2021-06-30T00:00:00Z,27.66,27.74,27.58,27.64,169566.0,27.633333333333333,EVALUATION,-0.0010853835021708003
XYLD,2021-07-01T00:00:00Z,27.7,27.73,27.6,27.61,130078.0,27.636666666666667,EVALUATION,0.004346251358203546
XYLD,2021-07-02T00:00:00Z,27.7,27.73,27.66,27.73,83145.0,27.66,EVALUATION,-0.0021637216011539673
XYLD,2021-07-06T00:00:00Z,27.8,27.81,27.62,27.67,161348.0,27.67,EVALUATION,0.0018070112034693775
XYLD,2021-07-07T00:00:00Z,27.71,27.8,27.67,27.72,108712.0,27.70666666666667,EVALUATION,0.0003607503607503393
XYLD,2021-07-08T00:00:00Z,27.68,27.8,27.59,27.73,306109.0,27.70666666666667,EVALUATION,-0.0010818608005770392
XYLD,2021-07-09T00:00:00Z,27.76,27.76,27.62,27.7,192035.0,27.71666666666667,EVALUATION,0.002888086642599319
XYLD,2021-07-12T00:00:00Z,27.7,27.79,27.68,27.78,229661.0,27.736666666666665,EVALUATION,-0.0017998560115191076
XYLD,2021-07-13T00:00:00Z,27.74,28.18,27.71,27.73,177193.0,27.736666666666665,EVALUATION,-0.0007212405337180261
XYLD,2021-07-14T00:00:00Z,27.74,27.83,27.69,27.71,237556.0,27.740000000000002,EVALUATION,0.0025261638397691133
XYLD,2021-07-15T00:00:00Z,27.73,27.8,27.7,27.78,173467.0,27.740000000000002,EVALUATION,-0.009719222462203025
XYLD,2021-07-16T00:00:00Z,27.83,27.83,27.45,27.51,297339.0,27.666666666666664,EVALUATION,-0.008724100327153872
XYLD,2021-07-19T00:00:00Z,27.38,27.38,26.99,27.27,248466.0,27.52,EVALUATION,0.010267693436010417
XYLD,2021-07-20T00:00:00Z,27.22,27.55,27.18,27.55,91961.0,27.443333333333335,EVALUATION,0.0007259528130671988
XYLD,2021-07-21T00:00:00Z,27.55,27.6,27.44,27.57,107582.0,27.46333333333333,EVALUATION,0.0007254261878852919
XYLD,2021-07-22T00:00:00Z,27.57,27.66,27.56,27.59,108651.0,27.57,EVALUATION,0.003986951794128224
XYLD,2021-07-23T00:00:00Z,27.69,27.71,27.65,27.7,87825.0,27.619999999999997,EVALUATION,0.0010830324909747446
XYLD,2021-07-26T00:00:00Z,27.7,27.75,27.69,27.73,95103.0,27.673333333333332,EVALUATION,-0.0014424810674359412
XYLD,2021-07-27T00:00:00Z,27.74,27.75,27.58,27.69,97580.0,27.706666666666667,EVALUATION,0.0010834236186347823
XYLD,2021-07-28T00:00:00Z,27.69,27.75,27.65,27.72,174188.0,27.713333333333335,EVALUATION,0.0028860028860029363
XYLD,2021-07-29T00:00:00Z,27.78,27.8,27.73,27.8,148550.0,27.736666666666668,EVALUATION,-0.0021582733812950394
XYLD,2021-07-30T00:00:00Z,27.66,27.79,27.66,27.74,128326.0,27.753333333333334,EVALUATION,0.00108147080028842
XYLD,2021-08-02T00:00:00Z,27.83,27.86,27.76,27.77,128440.0,27.77,EVALUATION,0.002160604969391411
XYLD,2021-08-03T00:00:00Z,27.79,27.86,27.72,27.83,109392.0,27.779999999999998,EVALUATION,0.0014372978799856995
XYLD,2021-08-04T00:00:00Z,27.82,27.9,27.8,27.87,138618.0,27.82333333333333,EVALUATION,0.0017940437746681859
XYLD,2021-08-05T00:00:00Z,27.9,27.92,27.82,27.92,130107.0,27.873333333333335,EVALUATION,-0.0014326647564470996
XYLD,2021-08-06T00:00:00Z,27.88,27.95,27.84,27.88,142388.0,27.89,EVALUATION,0.00035868005738892705
XYLD,2021-08-09T00:00:00Z,27.94,27.95,27.84,27.89,127462.0,27.89666666666667,EVALUATION,0.0007171029042667421
XYLD,2021-08-10T00:00:00Z,27.95,27.95,27.9,27.91,142819.0,27.89333333333333,EVALUATION,0.001074883554281758
XYLD,2021-08-11T00:00:00Z,27.97,28.04,27.92,27.94,124190.0,27.913333333333334,EVALUATION,0.0025053686471010472
XYLD,2021-08-12T00:00:00Z,27.97,28.07,27.96,28.01,223262.0,27.953333333333333,EVALUATION,-0.00035701535166021703
XYLD,2021-08-13T00:00:00Z,28.07,28.09,27.99,28.0,149139.0,27.983333333333334,EVALUATION,0.0014285714285713347
XYLD,2021-08-16T00:00:00Z,27.97,28.04,27.88,28.04,150762.0,28.016666666666666,EVALUATION,-0.0007132667617688604
XYLD,2021-08-17T00:00:00Z,27.94,28.09,27.94,28.02,250918.0,28.02,EVALUATION,-0.0007137758743753775
XYLD,2021-08-18T00:00:00Z,28.02,28.03,27.95,28.0,164328.0,28.02,EVALUATION,0.0017857142857142794
XYLD,2021-08-19T00:00:00Z,27.88,28.06,27.88,28.05,214227.0,28.023333333333333,EVALUATION,0.009625668449197766
XYLD,2021-08-20T00:00:00Z,28.08,28.32,28.05,28.32,145354.0,28.123333333333335,EVALUATION,0.0010593220338983578
XYLD,2021-08-23T00:00:00Z,28.5,28.55,28.26,28.35,242757.0,28.240000000000002,EVALUATION,0.00035273368606691946
XYLD,2021-08-24T00:00:00Z,28.35,28.38,28.3,28.36,154289.0,28.343333333333334,EVALUATION,0.0010578279266573176
XYLD,2021-08-25T00:00:00Z,28.36,28.4,28.34,28.39,120459.0,28.366666666666667,EVALUATION,-0.002465656921451176
XYLD,2021-08-26T00:00:00Z,28.47,28.47,28.25,28.32,156594.0,28.356666666666666,EVALUATION,0.004237288135593209
XYLD,2021-08-27T00:00:00Z,28.33,28.44,28.32,28.44,138836.0,28.383333333333333,EVALUATION,0.0017580872011251358
XYLD,2021-08-30T00:00:00Z,28.47,28.55,28.45,28.49,182663.0,28.416666666666664,EVALUATION,-0.0007020007020006602
XYLD,2021-08-31T00:00:00Z,28.49,28.59,28.44,28.47,160651.0,28.46666666666667,EVALUATION,0.0010537407797681642
XYLD,2021-09-01T00:00:00Z,28.44,28.52,28.44,28.5,204382.0,28.486666666666665,EVALUATION,-0.001052631578947416
XYLD,2021-09-02T00:00:00Z,28.56,28.56,28.45,28.47,188413.0,28.48,EVALUATION,0.0021074815595363283
XYLD,2021-09-03T00:00:00Z,28.51,28.53,28.47,28.53,146428.0,28.5,EVALUATION,-0.001051524710830698
XYLD,2021-09-07T00:00:00Z,28.55,28.63,28.46,28.5,126484.0,28.5,EVALUATION,0.00070175438596487
XYLD,2021-09-08T00:00:00Z,28.48,28.52,28.44,28.52,149210.0,28.516666666666666,EVALUATION,-0.0007012622720897754
XYLD,2021-09-09T00:00:00Z,28.53,28.56,28.47,28.5,202552.0,28.506666666666668,EVALUATION,-0.0038596491228070073
XYLD,2021-09-10T00:00:00Z,28.53,28.59,28.39,28.39,267389.0,28.47,EVALUATION,0.002465656921451176
XYLD,2021-09-13T00:00:00Z,28.49,28.53,28.41,28.46,144297.0,28.45,EVALUATION,0.00035137034434296055
XYLD,2021-09-14T00:00:00Z,28.5,28.53,28.4,28.47,245281.0,28.439999999999998,EVALUATION,0.0028099754127151044
XYLD,2021-09-15T00:00:00Z,28.51,28.59,28.45,28.55,161706.0,28.493333333333332,EVALUATION,0.0021015761821365775
XYLD,2021-09-16T00:00:00Z,28.59,28.61,28.5,28.61,203096.0,28.543333333333337,EVALUATION,-0.007689619014330629
XYLD,2021-09-17T00:00:00Z,28.63,28.63,28.35,28.39,241491.0,28.516666666666666,EVALUATION,-0.007749207467418029
XYLD,2021-09-20T00:00:00Z,28.19,28.2,27.83,28.17,382352.0,28.39,EVALUATION,0.0
XYLD,2021-09-21T00:00:00Z,28.17,28.33,28.05,28.17,242813.0,28.243333333333332,EVALUATION,0.003904863329783348
XYLD,2021-09-22T00:00:00Z,28.21,28.45,28.17,28.28,196921.0,28.20666666666667,EVALUATION,0.009193776520509234
XYLD,2021-09-23T00:00:00Z,28.4,28.6,28.4,28.54,122885.0,28.330000000000002,EVALUATION,0.0021023125437982237
XYLD,2021-09-24T00:00:00Z,28.51,28.62,28.48,28.6,200942.0,28.473333333333336,EVALUATION,0.0
XYLD,2021-09-27T00:00:00Z,28.54,28.62,28.53,28.6,130060.0,28.58,EVALUATION,-0.016433566433566527
XYLD,2021-09-28T00:00:00Z,28.41,28.45,28.11,28.13,272973.0,28.443333333333335,EVALUATION,0.003910415926057675
XYLD,2021-09-29T00:00:00Z,28.18,28.39,28.17,28.24,128582.0,28.32333333333333,EVALUATION,-0.010269121813031079
XYLD,2021-09-30T00:00:00Z,28.24,28.51,27.95,27.95,152092.0,28.106666666666666,EVALUATION,0.008228980322003698
XYLD,2021-10-01T00:00:00Z,28.01,28.35,27.82,28.18,353062.0,28.12333333333333,EVALUATION,-0.008516678495386731
XYLD,2021-10-04T00:00:00Z,28.18,28.21,27.79,27.94,257371.0,28.023333333333333,EVALUATION,0.007874015748031482
XYLD,2021-10-05T00:00:00Z,28.0,28.34,27.99,28.16,155691.0,28.093333333333334,EVALUATION,0.007102272727272707
XYLD,2021-10-06T00:00:00Z,28.13,28.36,27.86,28.36,144534.0,28.153333333333336,EVALUATION,0.006699576868829382
XYLD,2021-10-07T00:00:00Z,28.46,28.64,28.46,28.55,255366.0,28.35666666666667,EVALUATION,0.0003502626970226519
XYLD,2021-10-08T00:00:00Z,28.57,28.6,28.43,28.56,150868.0,28.490000000000002,EVALUATION,-0.00770308123249297
XYLD,2021-10-11T00:00:00Z,28.48,28.63,28.34,28.34,141935.0,28.483333333333334,EVALUATION,0.0003528581510232609
XYLD,2021-10-12T00:00:00Z,28.48,28.48,28.24,28.35,140132.0,28.416666666666668,EVALUATION,0.0031746031746031633
XYLD,2021-10-13T00:00:00Z,28.4,28.44,28.16,28.44,144738.0,28.37666666666667,EVALUATION,0.015822784810126667
XYLD,2021-10-14T00:00:00Z,28.62,28.89,28.6,28.89,170130.0,28.560000000000002,EVALUATION,0.0048459674627898686
XYLD,2021-10-15T00:00:00Z,29.01,29.03,28.9,29.03,258413.0,28.78666666666667,EVALUATION,0.004478126076472577
XYLD,2021-10-18T00:00:00Z,29.02,29.16,28.8,29.16,237516.0,29.02666666666667,EVALUATION,-0.0037722908093278384
XYLD,2021-10-19T00:00:00Z,29.06,29.13,29.01,29.05,176876.0,29.080000000000002,EVALUATION,0.0034423407917383297
XYLD,2021-10-20T00:00:00Z,29.05,29.15,29.05,29.15,203805.0,29.12,EVALUATION,-0.00034305317324179185
XYLD,2021-10-21T00:00:00Z,29.14,29.15,29.07,29.14,115232.0,29.113333333333333,EVALUATION,-0.0010295126973233204
XYLD,2021-10-22T00:00:00Z,29.1,29.23,29.07,29.11,135230.0,29.133333333333333,EVALUATION,0.0020611473720371087
XYLD,2021-10-25T00:00:00Z,29.2,29.2,29.12,29.17,185879.0,29.14,EVALUATION,0.0003428179636613127
XYLD,2021-10-26T00:00:00Z,29.24,29.27,29.16,29.18,226759.0,29.153333333333336,EVALUATION,0.0
XYLD,2021-10-27T00:00:00Z,29.26,29.31,29.11,29.18,177100.0,29.17666666666667,EVALUATION,0.0017135023989034437
XYLD,2021-10-28T00:00:00Z,29.26,29.26,29.16,29.23,228195.0,29.196666666666665,EVALUATION,0.0
XYLD,2021-10-29T00:00:00Z,29.18,29.23,29.12,29.23,153926.0,29.213333333333335,EVALUATION,0.0010263427984946727
XYLD,2021-11-01T00:00:00Z,29.26,29.28,29.2,29.26,191584.0,29.240000000000002,EVALUATION,0.0006835269993163973
XYLD,2021-11-02T00:00:00Z,29.31,29.33,29.24,29.28,152367.0,29.256666666666668,EVALUATION,-0.0003415300546448785
XYLD,2021-11-03T00:00:00Z,29.28,29.34,29.2,29.27,227301.0,29.27,EVALUATION,0.0006832934745473196
XYLD,2021-11-04T00:00:00Z,29.34,29.42,29.29,29.29,270775.0,29.28,EVALUATION,0.001024240355069983
XYLD,2021-11-05T00:00:00Z,29.34,29.37,29.29,29.32,235269.0,29.293333333333333,EVALUATION,0.0
XYLD,2021-11-08T00:00:00Z,29.33,29.39,29.32,29.32,202721.0,29.310000000000002,EVALUATION,0.0010231923601637938
XYLD,2021-11-09T00:00:00Z,29.32,29.39,29.3,29.35,273404.0,29.33,EVALUATION,-0.00034071550255543315
XYLD,2021-11-10T00:00:00Z,29.37,29.39,29.3,29.34,296066.0,29.336666666666666,EVALUATION,0.00034083162917530885
XYLD,2021-11-11T00:00:00Z,29.43,29.43,29.34,29.35,158836.0,29.346666666666664,EVALUATION,0.0010221465076660774
XYLD,2021-11-12T00:00:00Z,29.39,29.39,29.35,29.38,128863.0,29.356666666666666,EVALUATION,-0.0010211027910141945
XYLD,2021-11-15T00:00:00Z,29.45,29.45,29.35,29.35,232583.0,29.36,EVALUATION,0.0003407155025552111
XYLD,2021-11-16T00:00:00Z,29.4,29.4,29.36,29.36,219886.0,29.363333333333333,EVALUATION,0.001021798365122617
XYLD,2021-11-17T00:00:00Z,29.38,29.39,29.36,29.39,206206.0,29.366666666666667,EVALUATION,-0.0010207553589656193
XYLD,2021-11-18T00:00:00Z,29.39,29.39,29.35,29.36,253264.0,29.37,EVALUATION,-0.0023841961852860694
XYLD,2021-11-19T00:00:00Z,29.4,29.4,29.28,29.29,430945.0,29.346666666666668,EVALUATION,-0.0023898941618299974
XYLD,2021-11-22T00:00:00Z,29.34,29.47,29.22,29.22,336132.0,29.29,EVALUATION,0.0017111567419576534
XYLD,2021-11-23T00:00:00Z,29.24,29.32,29.16,29.27,176267.0,29.259999999999998,EVALUATION,0.0037581141100102577
XYLD,2021-11-24T00:00:00Z,29.29,29.38,29.18,29.38,178170.0,29.29,EVALUATION,-0.0166780122532334
XYLD,2021-11-26T00:00:00Z,29.08,29.1,28.8,28.89,287762.0,29.18,EVALUATION,0.009345794392523255
XYLD,2021-11-29T00:00:00Z,29.14,29.28,29.04,29.16,235175.0,29.143333333333334,EVALUATION,-0.01440329218107006
XYLD,2021-11-30T00:00:00Z,29.06,29.14,28.73,28.74,314659.0,28.93,EVALUATION,-0.009394572025052228
XYLD,2021-12-01T00:00:00Z,29.06,29.22,28.42,28.47,258681.0,28.79,EVALUATION,0.013347383210396968
XYLD,2021-12-02T00:00:00Z,28.49,28.92,28.48,28.85,230809.0,28.686666666666667,EVALUATION,-0.006239168110918514
XYLD,2021-12-03T00:00:00Z,28.96,29.06,28.37,28.67,355725.0,28.663333333333334,EVALUATION,0.009766306243460088
XYLD,2021-12-06T00:00:00Z,28.78,29.07,28.67,28.95,163158.0,28.823333333333334,EVALUATION,0.014162348877374775
XYLD,2021-12-07T00:00:00Z,29.27,29.44,29.23,29.36,262660.0,28.993333333333332,EVALUATION,0.005790190735694978
XYLD,2021-12-08T00:00:00Z,29.44,29.54,29.36,29.53,186827.0,29.28,EVALUATION,-0.005756857433118934
XYLD,2021-12-09T00:00:00Z,29.46,29.5,29.35,29.36,196633.0,29.416666666666668,EVALUATION,0.006811989100817373
XYLD,2021-12-10T00:00:00Z,29.5,29.56,29.41,29.56,146096.0,29.483333333333334,EVALUATION,-0.003382949932340895
XYLD,2021-12-13T00:00:00Z,29.53,29.57,29.44,29.46,326740.0,29.46,EVALUATION,-0.006449422946367966
XYLD,2021-12-14T00:00:00Z,29.29,29.4,29.12,29.27,354750.0,29.43,EVALUATION,0.012640929279125412
XYLD,2021-12-15T00:00:00Z,29.32,29.68,29.16,29.64,279540.0,29.456666666666667,EVALUATION,-0.005398110661268607
XYLD,2021-12-16T00:00:00Z,29.71,29.74,29.41,29.48,208830.0,29.46333333333333,EVALUATION,-0.004748982360922693
XYLD,2021-12-17T00:00:00Z,29.34,29.56,29.1,29.34,327550.0,29.486666666666665,EVALUATION,-0.007157464212678932
XYLD,2021-12-20T00:00:00Z,29.15,29.24,28.89,29.13,259086.0,29.316666666666663,EVALUATION,0.00995537246824596
XYLD,2021-12-21T00:00:00Z,29.23,29.43,29.16,29.42,218673.0,29.296666666666667,EVALUATION,0.007138001359619173
XYLD,2021-12-22T00:00:00Z,29.47,29.63,29.42,29.63,266893.0,29.39333333333333,EVALUATION,0.0030374620317246137
XYLD,2021-12-23T00:00:00Z,29.71,29.74,29.64,29.72,154930.0,29.59,EVALUATION,0.004037685060565233
XYLD,2021-12-27T00:00:00Z,29.77,29.84,29.74,29.84,256791.0,29.73,EVALUATION,0.0006702412868633267
XYLD,2021-12-28T00:00:00Z,29.85,29.86,29.79,29.86,430223.0,29.806666666666665,EVALUATION,0.0003348961821836305
XYLD,2021-12-29T00:00:00Z,29.87,29.89,29.81,29.87,282829.0,29.85666666666667,EVALUATION,-0.00033478406427855933
XYLD,2021-12-30T00:00:00Z,29.91,29.97,29.83,29.86,290655.0,29.863333333333333,EVALUATION,-0.003014065639651675
XYLD,2021-12-31T00:00:00Z,29.85,29.87,29.77,29.77,161517.0,29.833333333333336,EVALUATION,0.005038629492778002
XYLD,2022-01-03T00:00:00Z,29.89,29.93,29.83,29.92,349715.0,29.85,EVALUATION,0.00033422459893039935
XYLD,2022-01-04T00:00:00Z,29.97,29.97,29.86,29.93,347394.0,29.873333333333335,EVALUATION,-0.004343468092215086
XYLD,2022-01-05T00:00:00Z,29.93,29.93,29.71,29.8,284040.0,29.883333333333333,EVALUATION,-0.0030201342281879207
XYLD,2022-01-06T00:00:00Z,29.73,29.8,29.63,29.71,283852.0,29.813333333333333,EVALUATION,0.0
XYLD,2022-01-07T00:00:00Z,29.74,29.79,29.65,29.71,207305.0,29.740000000000002,EVALUATION,0.0023561090541905916
XYLD,2022-01-10T00:00:00Z,29.64,29.78,29.36,29.78,343717.0,29.733333333333334,EVALUATION,0.003022162525184724
XYLD,2022-01-11T00:00:00Z,29.75,29.87,29.62,29.87,270160.0,29.78666666666667,EVALUATION,-0.00033478406427855933
XYLD,2022-01-12T00:00:00Z,29.92,29.93,29.83,29.86,310053.0,29.836666666666666,EVALUATION,-0.0023442732752846362
XYLD,2022-01-13T00:00:00Z,29.93,29.94,29.69,29.79,292003.0,29.84,EVALUATION,0.0023497818059752262
XYLD,2022-01-14T00:00:00Z,29.64,29.86,29.6,29.86,272168.0,29.836666666666666,EVALUATION,-0.011721366376423292
XYLD,2022-01-18T00:00:00Z,29.64,29.65,29.42,29.51,636554.0,29.72,EVALUATION,-0.00914944086750269
XYLD,2022-01-19T00:00:00Z,29.54,29.66,29.18,29.24,524067.0,29.53666666666667,EVALUATION,-0.010259917920656503
XYLD,2022-01-20T00:00:00Z,29.36,29.66,28.88,28.94,456149.0,29.23,EVALUATION,-0.016240497581202606
XYLD,2022-01-21T00:00:00Z,28.84,29.02,28.42,28.47,604241.0,28.883333333333333,EVALUATION,0.0010537407797681642
XYLD,2022-01-24T00:00:00Z,28.13,28.58,27.55,28.5,999508.0,28.636666666666667,EVALUATION,-0.0052631578947367474
XYLD,2022-01-25T00:00:00Z,28.23,28.57,27.95,28.35,527709.0,28.44,EVALUATION,0.001410934744268122
XYLD,2022-01-26T00:00:00Z,28.61,28.73,28.1,28.39,364283.0,28.413333333333334,EVALUATION,-0.004931313842902463
XYLD,2022-01-27T00:00:00Z,28.57,28.67,28.14,28.25,276728.0,28.33,EVALUATION,0.018053097345132718
XYLD,2022-01-28T00:00:00Z,28.33,28.76,28.08,28.76,357929.0,28.46666666666667,EVALUATION,0.011126564673157091
XYLD,2022-01-31T00:00:00Z,28.72,29.08,28.65,29.08,300924.0,28.696666666666665,EVALUATION,0.005502063273727709
XYLD,2022-02-01T00:00:00Z,29.12,29.24,28.98,29.24,324276.0,29.026666666666667,EVALUATION,0.0030779753761969175
XYLD,2022-02-02T00:00:00Z,29.29,29.35,29.17,29.33,375734.0,29.216666666666665,EVALUATION,-0.008864643709512343
XYLD,2022-02-03T00:00:00Z,29.22,29.25,28.97,29.07,298909.0,29.21333333333333,EVALUATION,0.0013759889920881285
XYLD,2022-02-04T00:00:00Z,29.03,29.26,28.92,29.11,296026.0,29.169999999999998,EVALUATION,0.0013740982480248132
XYLD,2022-02-07T00:00:00Z,29.2,29.26,29.1,29.15,309674.0,29.11,EVALUATION,0.0037735849056603765
XYLD,2022-02-08T00:00:00Z,29.17,29.3,29.09,29.26,631416.0,29.173333333333332,EVALUATION,0.005468215994531844
XYLD,2022-02-09T00:00:00Z,29.34,29.44,29.34,29.42,428729.0,29.276666666666667,EVALUATION,-0.005438477226376581
XYLD,2022-02-10T00:00:00Z,29.29,29.44,29.16,29.26,358581.0,29.313333333333333,EVALUATION,-0.011278195488721887
XYLD,2022-02-11T00:00:00Z,29.24,29.32,28.82,28.93,330555.0,29.203333333333333,EVALUATION,-0.0003456619426200902
XYLD,2022-02-14T00:00:00Z,28.88,29.01,28.7,28.92,358032.0,29.03666666666667,EVALUATION,0.012793914246196358
XYLD,2022-02-15T00:00:00Z,29.17,29.29,29.14,29.29,252450.0,29.046666666666667,EVALUATION,0.003072721065209949
XYLD,2022-02-16T00:00:00Z,29.23,29.41,29.13,29.38,243794.0,29.196666666666665,EVALUATION,-0.01701837985023824
XYLD,2022-02-17T00:00:00Z,29.24,29.26,28.85,28.88,510181.0,29.183333333333334,EVALUATION,-0.007271468144044224
XYLD,2022-02-18T00:00:00Z,28.86,28.98,28.59,28.67,412756.0,28.976666666666667,EVALUATION,-0.003836763167073709
XYLD,2022-02-22T00:00:00Z,28.65,28.74,28.34,28.56,475388.0,28.703333333333333,EVALUATION,-0.009453781512605008
XYLD,2022-02-23T00:00:00Z,28.72,28.76,28.2,28.29,326684.0,28.506666666666668,EVALUATION,0.007423117709437932
XYLD,2022-02-24T00:00:00Z,27.67,28.57,27.58,28.5,703190.0,28.45,EVALUATION,0.015087719298245705
XYLD,2022-02-25T00:00:00Z,28.63,28.93,28.55,28.93,637140.0,28.57333333333333,EVALUATION,-0.001728309713100562
XYLD,2022-02-28T00:00:00Z,28.69,28.9,28.57,28.88,271412.0,28.77,EVALUATION,-0.010041551246537384
XYLD,2022-03-01T00:00:00Z,28.78,28.9,28.45,28.59,331016.0,28.799999999999997,EVALUATION,0.012242042672263143
XYLD,2022-03-02T00:00:00Z,28.72,28.97,28.67,28.94,620930.0,28.803333333333335,EVALUATION,-0.0020732550103663705
XYLD,2022-03-03T00:00:00Z,29.03,29.05,28.78,28.88,303196.0,28.803333333333335,EVALUATION,-0.0038088642659279692
XYLD,2022-03-04T00:00:00Z,28.72,28.8,28.54,28.77,388935.0,28.863333333333333,EVALUATION,-0.018421967327076905
XYLD,2022-03-07T00:00:00Z,28.77,28.8,28.21,28.24,404401.0,28.63,EVALUATION,-0.0031869688385268713
XYLD,2022-03-08T00:00:00Z,28.24,28.63,27.98,28.15,510382.0,28.386666666666663,EVALUATION,0.016696269982238165
XYLD,2022-03-09T00:00:00Z,28.54,28.75,28.4,28.62,303926.0,28.336666666666666,EVALUATION,0.0010482180293500676
XYLD,2022-03-10T00:00:00Z,28.48,28.68,28.36,28.65,345917.0,28.473333333333333,EVALUATION,-0.011169284467713814
XYLD,2022-03-11T00:00:00Z,28.75,28.83,28.33,28.33,260227.0,28.53333333333333,EVALUATION,-0.007059654076950195
XYLD,2022-03-14T00:00:00Z,28.39,28.62,28.03,28.13,321306.0,28.369999999999997,EVALUATION,0.019907571987202388
XYLD,2022-03-15T00:00:00Z,28.33,28.79,28.27,28.69,431452.0,28.383333333333333,EVALUATION,0.021261763680725076
XYLD,2022-03-16T00:00:00Z,28.99,29.3,28.72,29.3,295794.0,28.70666666666667,EVALUATION,0.0068259385665527805
XYLD,2022-03-17T00:00:00Z,29.23,29.55,29.22,29.5,444650.0,29.163333333333334,EVALUATION,0.0077966101694915135
XYLD,2022-03-18T00:00:00Z,29.47,29.76,29.41,29.73,419064.0,29.51,EVALUATION,0.001345442314160783
XYLD,2022-03-21T00:00:00Z,29.77,29.8,29.61,29.77,525410.0,29.666666666666668,EVALUATION,0.005038629492778002
XYLD,2022-03-22T00:00:00Z,29.8,29.92,29.8,29.92,478858.0,29.80666666666667,EVALUATION,-0.0050133689839573226
XYLD,2022-03-23T00:00:00Z,29.83,29.88,29.75,29.77,473367.0,29.82,EVALUATION,0.006046355391333469
XYLD,2022-03-24T00:00:00Z,29.85,29.97,29.78,29.95,469481.0,29.880000000000003,EVALUATION,0.002671118530884975
XYLD,2022-03-25T00:00:00Z,30.0,30.03,29.89,30.03,470194.0,29.916666666666664,EVALUATION,0.0019980019980019303
XYLD,2022-03-28T00:00:00Z,30.02,30.11,29.96,30.09,572396.0,30.023333333333333,EVALUATION,0.0036556995679628557
XYLD,2022-03-29T00:00:00Z,30.19,30.2,30.07,30.2,747572.0,30.106666666666666,EVALUATION,-0.0013245033112582183
XYLD,2022-03-30T00:00:00Z,30.17,30.19,30.12,30.16,574216.0,30.15,EVALUATION,-0.0023209549071617763
XYLD,2022-03-31T00:00:00Z,30.17,30.18,30.05,30.09,465572.0,30.15,EVALUATION,0.002658690594881996
XYLD,2022-04-01T00:00:00Z,30.11,30.17,30.06,30.17,465589.0,30.14,EVALUATION,0.002320185614849146
XYLD,2022-04-04T00:00:00Z,30.19,30.24,30.14,30.24,425559.0,30.166666666666664,EVALUATION,-0.001984126984126977
XYLD,2022-04-05T00:00:00Z,30.21,30.22,30.12,30.18,433734.0,30.196666666666665,EVALUATION,-0.0029821073558647937
XYLD,2022-04-06T00:00:00Z,30.03,30.12,29.97,30.09,439097.0,30.17,EVALUATION,0.0023263542705218576
XYLD,2022-04-07T00:00:00Z,30.08,30.17,29.98,30.16,518490.0,30.14333333333333,EVALUATION,-0.0006631299734748408
XYLD,2022-04-08T00:00:00Z,30.12,30.19,30.08,30.14,507633.0,30.13,EVALUATION,-0.00497677504976779
XYLD,2022-04-11T00:00:00Z,30.08,30.14,29.99,29.99,737621.0,30.096666666666664,EVALUATION,0.0010003334444814715
XYLD,2022-04-12T00:00:00Z,30.14,30.18,29.92,30.02,500078.0,30.049999999999997,EVALUATION,0.007328447701532292
XYLD,2022-04-13T00:00:00Z,30.03,30.25,30.03,30.24,501589.0,30.083333333333332,EVALUATION,-0.010251322751322678
XYLD,2022-04-14T00:00:00Z,30.26,30.33,29.88,29.93,963803.0,30.063333333333333,EVALUATION,0.0013364517206815307
XYLD,2022-04-18T00:00:00Z,29.93,30.0,29.83,29.97,617588.0,30.046666666666667,EVALUATION,0.007674341007674279
XYLD,2022-04-19T00:00:00Z,29.95,30.22,29.91,30.2,399032.0,30.03333333333333,EVALUATION,0.0006622516556291647
XYLD,2022-04-20T00:00:00Z,30.28,30.31,30.14,30.22,615570.0,30.13,EVALUATION,-0.00794176042356054
XYLD,2022-04-21T00:00:00Z,30.38,30.38,29.93,29.98,1289358.0,30.133333333333333,EVALUATION,-0.01867911941294187
XYLD,2022-04-22T00:00:00Z,29.95,29.97,29.38,29.42,994295.0,29.873333333333335,EVALUATION,0.004418762746430938
XYLD,2022-04-25T00:00:00Z,29.3,29.56,28.99,29.55,608650.0,29.65,EVALUATION,-0.021658206429780003
XYLD,2022-04-26T00:00:00Z,29.44,29.45,28.86,28.91,653337.0,29.293333333333333,EVALUATION,0.0010377032168800149
XYLD,2022-04-27T00:00:00Z,28.88,29.25,28.79,28.94,542713.0,29.133333333333333,EVALUATION,0.018313752591568644
XYLD,2022-04-28T00:00:00Z,29.24,29.61,28.95,29.47,452493.0,29.106666666666666,EVALUATION,-0.029182219205972193
XYLD,2022-04-29T00:00:00Z,29.32,29.44,28.54,28.61,652694.0,29.006666666666668,EVALUATION,0.005941978329255582
XYLD,2022-05-02T00:00:00Z,28.6,28.81,28.14,28.78,735658.0,28.953333333333333,EVALUATION,0.004864489228630919
XYLD,2022-05-03T00:00:00Z,28.79,29.04,28.71,28.92,505559.0,28.770000000000003,EVALUATION,0.027316735822959792
XYLD,2022-05-04T00:00:00Z,28.99,29.71,28.74,29.71,519262.0,29.13666666666667,EVALUATION,-0.0333221137664087
XYLD,2022-05-05T00:00:00Z,29.46,29.49,28.45,28.72,787753.0,29.116666666666667,EVALUATION,-0.00417827298050133
XYLD,2022-05-06T00:00:00Z,28.59,28.81,28.2,28.6,498870.0,29.009999999999998,EVALUATION,-0.030769230769230882
XYLD,2022-05-09T00:00:00Z,28.2,28.26,27.56,27.72,1048119.0,28.346666666666664,EVALUATION,-0.0007215007215006786
XYLD,2022-05-10T00:00:00Z,28.13,28.23,27.44,27.7,699021.0,28.006666666666668,EVALUATION,-0.01335740072202174
XYLD,2022-05-11T00:00:00Z,27.64,28.09,27.26,27.33,528300.0,27.583333333333332,EVALUATION,-0.004390779363336872
XYLD,2022-05-12T00:00:00Z,27.09,27.51,26.77,27.21,765069.0,27.413333333333334,EVALUATION,0.02462330025725823
XYLD,2022-05-13T00:00:00Z,27.6,28.02,27.5,27.88,560218.0,27.473333333333333,EVALUATION,-0.001076040172166337
XYLD,2022-05-16T00:00:00Z,27.83,28.1,27.62,27.85,493908.0,27.64666666666667,EVALUATION,0.019389587073608494
XYLD,2022-05-17T00:00:00Z,28.27,28.41,27.99,28.39,497079.0,28.04,EVALUATION,-0.03980274744628387
XYLD,2022-05-18T00:00:00Z,28.11,28.11,27.16,27.26,514725.0,27.833333333333336,EVALUATION,-0.005869405722670584
XYLD,2022-05-19T00:00:00Z,27.03,27.41,26.91,27.1,480783.0,27.583333333333336,EVALUATION,-0.006642066420664228
XYLD,2022-05-20T00:00:00Z,27.33,27.39,26.55,26.92,582866.0,27.093333333333334,EVALUATION,0.008172362555720625
XYLD,2022-05-23T00:00:00Z,27.06,27.18,26.9,27.14,543104.0,27.053333333333335,EVALUATION,-0.002579218865143673
XYLD,2022-05-24T00:00:00Z,26.96,27.09,26.81,27.07,431933.0,27.043333333333337,EVALUATION,0.003324713705208815
XYLD,2022-05-25T00:00:00Z,27.03,27.24,26.99,27.16,455425.0,27.123333333333335,EVALUATION,0.006627393225331346
XYLD,2022-05-26T00:00:00Z,27.25,27.42,27.22,27.34,544539.0,27.189999999999998,EVALUATION,0.00585223116313105
XYLD,2022-05-27T00:00:00Z,27.47,27.55,27.43,27.5,544053.0,27.333333333333332,EVALUATION,0.0010909090909090313
XYLD,2022-05-31T00:00:00Z,27.53,27.57,27.45,27.53,600645.0,27.456666666666667,EVALUATION,0.0007264802034143703
XYLD,2022-06-01T00:00:00Z,27.59,27.6,27.45,27.55,467727.0,27.526666666666667,EVALUATION,0.0021778584392013745
XYLD,2022-06-02T00:00:00Z,27.55,27.64,27.48,27.61,603778.0,27.563333333333333,EVALUATION,-0.0007243752263672576
XYLD,2022-06-03T00:00:00Z,27.59,27.63,27.53,27.59,397230.0,27.583333333333336,EVALUATION,0.0007249003262050913
XYLD,2022-06-06T00:00:00Z,27.69,27.69,27.56,27.61,415618.0,27.60333333333333,EVALUATION,0.0025353132922854016
XYLD,2022-06-07T00:00:00Z,27.53,27.68,27.53,27.68,365018.0,27.626666666666665,EVALUATION,-0.00036127167630051193
XYLD,2022-06-08T00:00:00Z,27.65,27.67,27.63,27.67,789750.0,27.653333333333336,EVALUATION,-0.004336826888326706
XYLD,2022-06-09T00:00:00Z,27.66,27.68,27.55,27.55,415779.0,27.633333333333333,EVALUATION,-0.007622504537205144
XYLD,2022-06-10T00:00:00Z,27.44,27.44,27.26,27.34,519539.0,27.520000000000003,EVALUATION,-0.027066569129480578
XYLD,2022-06-13T00:00:00Z,26.89,26.96,26.51,26.6,920992.0,27.163333333333334,EVALUATION,0.0
XYLD,2022-06-14T00:00:00Z,26.76,26.79,26.36,26.6,724750.0,26.846666666666668,EVALUATION,0.011654135338345917
XYLD,2022-06-15T00:00:00Z,26.77,27.22,26.47,26.91,320632.0,26.703333333333333,EVALUATION,-0.02712746191007065
XYLD,2022-06-16T00:00:00Z,26.43,26.44,25.95,26.18,482771.0,26.563333333333333,EVALUATION,0.0015278838808250317
XYLD,2022-06-17T00:00:00Z,26.21,26.41,25.91,26.22,672956.0,26.436666666666667,EVALUATION,0.009534706331044918
XYLD,2022-06-21T00:00:00Z,26.47,26.57,26.43,26.47,481096.0,26.29,EVALUATION,0.003022289384208676
XYLD,2022-06-22T00:00:00Z,26.34,26.64,26.31,26.55,596639.0,26.413333333333334,EVALUATION,0.0026365348399246535
XYLD,2022-06-23T00:00:00Z,26.62,26.63,26.5,26.62,354743.0,26.546666666666667,EVALUATION,0.007513148009015813
XYLD,2022-06-24T00:00:00Z,26.7,26.82,26.68,26.82,446163.0,26.663333333333334,EVALUATION,0.0011185682326622093
XYLD,2022-06-27T00:00:00Z,26.81,26.87,26.78,26.85,432398.0,26.763333333333335,EVALUATION,-0.004096834264432192
XYLD,2022-06-28T00:00:00Z,26.88,26.88,26.71,26.74,716580.0,26.803333333333335,EVALUATION,0.0011219147344803115
XYLD,2022-06-29T00:00:00Z,26.77,26.8,26.68,26.77,605635.0,26.78666666666667,EVALUATION,-0.0014942099364960715
XYLD,2022-06-30T00:00:00Z,26.66,26.78,26.6,26.73,367764.0,26.746666666666666,EVALUATION,0.0037411148522259463
XYLD,2022-07-01T00:00:00Z,26.74,26.86,26.65,26.83,678055.0,26.776666666666667,EVALUATION,0.001490868430860992
XYLD,2022-07-05T00:00:00Z,26.75,26.87,26.68,26.87,608896.0,26.810000000000002,EVALUATION,0.0011164867882396123
XYLD,2022-07-06T00:00:00Z,26.84,26.93,26.82,26.9,361527.0,26.866666666666667,EVALUATION,0.0011152416356878803
XYLD,2022-07-07T00:00:00Z,26.93,27.0,26.91,26.93,671211.0,26.9,EVALUATION,0.0018566654288898476
XYLD,2022-07-08T00:00:00Z,26.93,26.99,26.92,26.98,417841.0,26.936666666666667,EVALUATION,-0.0011119347664937385
XYLD,2022-07-11T00:00:00Z,26.96,26.98,26.93,26.95,397459.0,26.953333333333333,EVALUATION,0.00037105751391464104
XYLD,2022-07-12T00:00:00Z,26.95,26.98,26.92,26.96,335407.0,26.96333333333333,EVALUATION,0.00037091988130555364
XYLD,2022-07-13T00:00:00Z,26.93,26.98,26.88,26.97,459729.0,26.96,EVALUATION,0.0014831294030404063
XYLD,2022-07-14T00:00:00Z,26.93,27.02,26.9,27.01,555966.0,26.98,EVALUATION,0.0048130322102923895
XYLD,2022-07-15T00:00:00Z,27.22,27.23,26.83,27.14,1057112.0,27.04,EVALUATION,-0.005158437730287457
XYLD,2022-07-18T00:00:00Z,27.25,27.26,26.94,27.0,711482.0,27.05,EVALUATION,0.011481481481481426
XYLD,2022-07-19T00:00:00Z,27.13,27.33,27.13,27.31,285651.0,27.15,EVALUATION,0.0029293299157817643
XYLD,2022-07-20T00:00:00Z,27.34,27.42,27.28,27.39,354330.0,27.233333333333334,EVALUATION,0.0047462577583059495
XYLD,2022-07-21T00:00:00Z,27.39,27.52,27.31,27.52,378622.0,27.406666666666666,EVALUATION,-0.00181686046511631
XYLD,2022-07-22T00:00:00Z,27.52,27.56,27.38,27.47,458835.0,27.46,EVALUATION,0.0010921004732435957
XYLD,2022-07-25T00:00:00Z,27.48,27.51,27.42,27.5,344795.0,27.496666666666666,EVALUATION,-0.0040000000000000036
XYLD,2022-07-26T00:00:00Z,27.46,27.48,27.34,27.39,462139.0,27.453333333333333,EVALUATION,0.008032128514056103
XYLD,2022-07-27T00:00:00Z,27.48,27.63,27.46,27.61,406986.0,27.5,EVALUATION,0.003259688518652659
XYLD,2022-07-28T00:00:00Z,27.61,27.7,27.55,27.7,385291.0,27.566666666666666,EVALUATION,0.0021660649819494893
XYLD,2022-07-29T00:00:00Z,27.74,27.77,27.68,27.76,514291.0,27.689999999999998,EVALUATION,-0.00036023054755052186
XYLD,2022-08-01T00:00:00Z,27.72,27.77,27.7,27.75,867562.0,27.736666666666665,EVALUATION,-0.0018018018018017834
XYLD,2022-08-02T00:00:00Z,27.75,27.77,27.67,27.7,1203584.0,27.736666666666665,EVALUATION,0.003249097472924234
XYLD,2022-08-03T00:00:00Z,27.79,27.83,27.75,27.79,550349.0,27.746666666666666,EVALUATION,0.0010795250089961073
XYLD,2022-08-04T00:00:00Z,27.81,27.82,27.76,27.82,560508.0,27.77,EVALUATION,0.0
XYLD,2022-08-05T00:00:00Z,27.79,27.82,27.79,27.82,376365.0,27.810000000000002,EVALUATION,-0.0007189072609633529
XYLD,2022-08-08T00:00:00Z,27.82,27.84,27.79,27.8,612157.0,27.813333333333333,EVALUATION,0.0010791366906472977
XYLD,2022-08-09T00:00:00Z,27.83,27.84,27.8,27.83,479001.0,27.816666666666666,EVALUATION,0.0007186489399928497
XYLD,2022-08-10T00:00:00Z,27.87,27.88,27.81,27.85,789401.0,27.826666666666668,EVALUATION,0.00035906642728900096
XYLD,2022-08-11T00:00:00Z,27.9,27.9,27.83,27.86,566144.0,27.846666666666664,EVALUATION,0.0
XYLD,2022-08-12T00:00:00Z,27.85,27.9,27.83,27.86,597164.0,27.85666666666667,EVALUATION,0.000358937544867155
XYLD,2022-08-15T00:00:00Z,27.85,27.87,27.84,27.87,625897.0,27.863333333333337,EVALUATION,0.0
XYLD,2022-08-16T00:00:00Z,27.86,27.87,27.85,27.87,665317.0,27.866666666666667,EVALUATION,-0.0003588087549336594
XYLD,2022-08-17T00:00:00Z,27.84,27.87,27.84,27.86,565522.0,27.866666666666667,EVALUATION,0.000358937544867155
XYLD,2022-08-18T00:00:00Z,27.86,27.89,27.84,27.87,482627.0,27.866666666666667,EVALUATION,-0.005740940078937884
XYLD,2022-08-19T00:00:00Z,27.87,27.89,27.6,27.71,725268.0,27.813333333333333,EVALUATION,-0.014074341392998901
XYLD,2022-08-22T00:00:00Z,27.58,27.58,27.26,27.32,936638.0,27.633333333333333,EVALUATION,-0.00036603221083464366
XYLD,2022-08-23T00:00:00Z,27.35,27.43,27.26,27.31,548979.0,27.446666666666665,EVALUATION,0.0018308311973636027
XYLD,2022-08-24T00:00:00Z,27.3,27.43,27.25,27.36,358399.0,27.33,EVALUATION,0.009502923976608235
XYLD,2022-08-25T00:00:00Z,27.48,27.63,27.39,27.62,430698.0,27.43,EVALUATION,-0.022447501810282433
XYLD,2022-08-26T00:00:00Z,27.64,27.66,26.96,27.0,669381.0,27.326666666666668,EVALUATION,-0.005185185185185182
XYLD,2022-08-29T00:00:00Z,26.83,26.99,26.72,26.86,707027.0,27.16,EVALUATION,-0.01005212211466866
XYLD,2022-08-30T00:00:00Z,26.93,26.99,26.41,26.59,625828.0,26.816666666666666,EVALUATION,-0.009402030838661202
XYLD,2022-08-31T00:00:00Z,26.68,26.75,26.34,26.34,646788.0,26.596666666666664,EVALUATION,0.006074411541381997
XYLD,2022-09-01T00:00:00Z,26.22,26.5,26.01,26.5,623967.0,26.476666666666667,EVALUATION,-0.010566037735849076
XYLD,2022-09-02T00:00:00Z,26.68,26.78,26.06,26.22,416183.0,26.35333333333333,EVALUATION,-0.0038138825324178782
XYLD,2022-09-06T00:00:00Z,26.27,26.33,25.92,26.12,446833.0,26.28,EVALUATION,0.014548238897396537
XYLD,2022-09-07T00:00:00Z,26.02,26.58,26.02,26.5,347844.0,26.28,EVALUATION,0.006037735849056647
XYLD,2022-09-08T00:00:00Z,26.4,26.74,26.3,26.66,384133.0,26.42666666666667,EVALUATION,0.017254313578394687
XYLD,2022-09-09T00:00:00Z,26.89,27.18,26.86,27.12,385099.0,26.76,EVALUATION,0.010693215339232953
XYLD,2022-09-12T00:00:00Z,27.3,27.44,27.19,27.41,451539.0,27.063333333333333,EVALUATION,-0.041590660342940566
XYLD,2022-09-13T00:00:00Z,26.89,26.97,26.16,26.27,747026.0,26.933333333333334,EVALUATION,0.004187285877426783
XYLD,2022-09-14T00:00:00Z,26.33,26.43,26.12,26.38,376551.0,26.686666666666667,EVALUATION,-0.011372251705837777
XYLD,2022-09-15T00:00:00Z,26.29,26.45,25.97,26.08,647869.0,26.243333333333332,EVALUATION,-0.010352760736196287
XYLD,2022-09-16T00:00:00Z,25.84,25.88,25.64,25.81,688195.0,26.09,EVALUATION,0.0019372336303757898
XYLD,2022-09-19T00:00:00Z,25.69,25.9,25.64,25.86,581462.0,25.916666666666664,EVALUATION,-0.0034802784222738303
XYLD,2022-09-20T00:00:00Z,25.78,25.82,25.63,25.77,685057.0,25.813333333333333,EVALUATION,-0.008537058595265767
XYLD,2022-09-21T00:00:00Z,25.82,25.96,25.52,25.55,497985.0,25.726666666666667,EVALUATION,-0.005870841487279899
XYLD,2022-09-22T00:00:00Z,25.53,25.59,25.37,25.4,435065.0,25.573333333333334,EVALUATION,-0.009055118110236071
XYLD,2022-09-23T00:00:00Z,25.22,25.24,24.87,25.17,901055.0,25.373333333333335,EVALUATION,-0.00794596742153364
XYLD,2022-09-26T00:00:00Z,24.99,25.27,24.85,24.97,671691.0,25.18,EVALUATION,-0.0012014417300759694
XYLD,2022-09-27T00:00:00Z,25.2,25.29,24.77,24.94,444734.0,25.026666666666667,EVALUATION,0.01323175621491579
XYLD,2022-09-28T00:00:00Z,24.99,25.4,24.89,25.27,331185.0,25.060000000000002,EVALUATION,-0.011871784724970302
XYLD,2022-09-29T00:00:00Z,25.13,25.2,24.72,24.97,614306.0,25.060000000000002,EVALUATION,-0.01481778133760503
XYLD,2022-09-30T00:00:00Z,24.93,25.12,24.59,24.6,467346.0,24.946666666666665,EVALUATION,0.02195121951219514
XYLD,2022-10-03T00:00:00Z,24.82,25.29,24.74,25.14,364318.0,24.903333333333336,EVALUATION,0.02386634844868718
XYLD,2022-10-04T00:00:00Z,25.51,25.74,25.45,25.74,516203.0,25.160000000000004,EVALUATION,0.00038850038850046786
XYLD,2022-10-05T00:00:00Z,25.57,25.85,25.42,25.75,656287.0,25.543333333333337,EVALUATION,-0.00737864077669903
XYLD,2022-10-06T00:00:00Z,25.7,25.82,25.5,25.56,280345.0,25.683333333333334,EVALUATION,-0.020344287949921713
XYLD,2022-10-07T00:00:00Z,25.38,25.38,24.89,25.04,594460.0,25.45,EVALUATION,-0.007188498402555865
XYLD,2022-10-10T00:00:00Z,25.08,25.11,24.7,24.86,452436.0,25.153333333333332,EVALUATION,-0.008045052292839916
XYLD,2022-10-11T00:00:00Z,24.76,25.03,24.56,24.66,410161.0,24.85333333333333,EVALUATION,-0.0008110300081103361
XYLD,2022-10-12T00:00:00Z,24.74,24.82,24.62,24.64,370483.0,24.72,EVALUATION,0.02475649350649345
XYLD,2022-10-13T00:00:00Z,24.15,25.32,24.06,25.25,641806.0,24.85,EVALUATION,-0.020198019801980216
XYLD,2022-10-14T00:00:00Z,25.44,25.5,24.66,24.74,560830.0,24.876666666666665,EVALUATION,0.023848019401778497
XYLD,2022-10-17T00:00:00Z,25.09,25.44,25.09,25.33,557763.0,25.106666666666666,EVALUATION,0.013422818791946511
XYLD,2022-10-18T00:00:00Z,25.87,25.87,25.39,25.67,410811.0,25.246666666666666,EVALUATION,-0.009349435138293782
XYLD,2022-10-19T00:00:00Z,25.53,25.68,25.24,25.43,369057.0,25.476666666666667,EVALUATION,-0.007471490365709821
XYLD,2022-10-20T00:00:00Z,25.46,25.77,25.2,25.24,318882.0,25.446666666666665,EVALUATION,0.016640253565768592
XYLD,2022-10-21T00:00:00Z,25.17,25.72,25.12,25.66,654782.0,25.44333333333333,EVALUATION,0.005845674201091056
XYLD,2022-10-24T00:00:00Z,25.72,25.89,25.63,25.81,554405.0,25.57,EVALUATION,0.007361487795428223
XYLD,2022-10-25T00:00:00Z,25.84,26.0,25.77,26.0,413412.0,25.82333333333333,EVALUATION,-0.003461538461538405
XYLD,2022-10-26T00:00:00Z,25.86,26.04,25.84,25.91,486017.0,25.906666666666666,EVALUATION,0.001929756850636899
XYLD,2022-10-27T00:00:00Z,25.96,26.02,25.9,25.96,407693.0,25.956666666666667,EVALUATION,0.00500770416024654
XYLD,2022-10-28T00:00:00Z,25.93,26.11,25.92,26.09,351045.0,25.986666666666668,EVALUATION,-0.0007665772326561626
XYLD,2022-10-31T00:00:00Z,26.06,26.13,26.02,26.07,342657.0,26.04,EVALUATION,-0.0003835826620637306
XYLD,2022-11-01T00:00:00Z,26.12,26.14,26.04,26.06,502068.0,26.07333333333333,EVALUATION,-0.0038372985418264616
XYLD,2022-11-02T00:00:00Z,26.11,26.17,25.95,25.96,451835.0,26.03,EVALUATION,-0.004237288135593209
XYLD,2022-11-03T00:00:00Z,25.85,25.96,25.77,25.85,306076.0,25.956666666666667,EVALUATION,0.007736943907156624
XYLD,2022-11-04T00:00:00Z,25.99,26.09,25.86,26.05,486834.0,25.953333333333333,EVALUATION,0.004606525911708292
XYLD,2022-11-07T00:00:00Z,26.09,26.17,26.03,26.17,354310.0,26.023333333333333,EVALUATION,0.00038211692777978534
XYLD,2022-11-08T00:00:00Z,26.18,26.23,26.09,26.18,548339.0,26.133333333333333,EVALUATION,-0.0038197097020626902
XYLD,2022-11-09T00:00:00Z,26.15,26.19,26.03,26.08,1079547.0,26.143333333333334,EVALUATION,0.009585889570552064
XYLD,2022-11-10T00:00:00Z,26.47,26.52,26.26,26.33,500603.0,26.196666666666665,EVALUATION,-0.0011393847322445083
XYLD,2022-11-11T00:00:00Z,26.34,26.36,26.27,26.3,700086.0,26.236666666666665,EVALUATION,0.0011406844106462977
XYLD,2022-11-14T00:00:00Z,26.3,26.34,26.29,26.33,503940.0,26.32,EVALUATION,0.0007595898214964869
XYLD,2022-11-15T00:00:00Z,26.37,26.37,26.3,26.35,502583.0,26.326666666666668,EVALUATION,-0.0011385199240987465
XYLD,2022-11-16T00:00:00Z,26.35,26.37,26.32,26.32,946062.0,26.333333333333332,EVALUATION,0.0026595744680850686
XYLD,2022-11-17T00:00:00Z,26.32,26.39,26.28,26.39,761199.0,26.35333333333333,EVALUATION,-0.008336491095111698
XYLD,2022-11-18T00:00:00Z,26.43,26.46,26.05,26.17,585645.0,26.293333333333337,EVALUATION,0.00038211692777978534
XYLD,2022-11-21T00:00:00Z,26.12,26.19,26.07,26.18,417207.0,26.24666666666667,EVALUATION,0.006493506493506551
XYLD,2022-11-22T00:00:00Z,26.25,26.35,26.19,26.35,350518.0,26.233333333333334,EVALUATION,0.003795066413662118
XYLD,2022-11-23T00:00:00Z,26.33,26.46,26.26,26.45,314673.0,26.326666666666668,EVALUATION,0.0
XYLD,2022-11-25T00:00:00Z,26.42,26.48,26.36,26.45,222644.0,26.416666666666664,EVALUATION,-0.004914933837429025
XYLD,2022-11-28T00:00:00Z,26.37,26.43,26.25,26.32,753923.0,26.406666666666666,EVALUATION,-0.0011398176291793627
XYLD,2022-11-29T00:00:00Z,26.33,26.33,26.2,26.29,336657.0,26.35333333333333,EVALUATION,0.011791555724610214
XYLD,2022-11-30T00:00:00Z,26.3,26.6,26.2,26.6,623487.0,26.403333333333336,EVALUATION,0.0011278195488721998
XYLD,2022-12-01T00:00:00Z,26.61,26.64,26.52,26.63,560811.0,26.506666666666668,EVALUATION,-0.00037551633496046843
XYLD,2022-12-02T00:00:00Z,26.49,26.64,26.45,26.62,455488.0,26.616666666666667,EVALUATION,-0.004507888805409532
XYLD,2022-12-05T00:00:00Z,26.59,26.62,26.43,26.5,454020.0,26.583333333333336,EVALUATION,-0.0067924528301887
XYLD,2022-12-06T00:00:00Z,26.53,26.53,26.21,26.32,425313.0,26.48,EVALUATION,-0.0007598784194529085
XYLD,2022-12-07T00:00:00Z,26.26,26.36,26.23,26.3,487350.0,26.373333333333335,EVALUATION,0.003422053231939115
XYLD,2022-12-08T00:00:00Z,26.34,26.44,26.28,26.39,502139.0,26.336666666666666,EVALUATION,-0.0037893141341417413
XYLD,2022-12-09T00:00:00Z,26.36,26.47,26.29,26.29,367056.0,26.326666666666668,EVALUATION,0.006085964244959996
XYLD,2022-12-12T00:00:00Z,26.39,26.48,26.32,26.45,417906.0,26.376666666666665,EVALUATION,0.007561436672967936
XYLD,2022-12-13T00:00:00Z,26.72,26.81,26.56,26.65,939954.0,26.46333333333333,EVALUATION,0.004127579737335907
XYLD,2022-12-14T00:00:00Z,26.68,26.78,26.6,26.76,707238.0,26.619999999999997,EVALUATION,-0.01420029895366226
XYLD,2022-12-15T00:00:00Z,26.6,26.65,26.31,26.38,555232.0,26.596666666666664,EVALUATION,-0.010235026535253988
XYLD,2022-12-16T00:00:00Z,26.25,26.33,25.98,26.11,708517.0,26.416666666666664,EVALUATION,-0.00344695518958249
XYLD,2022-12-19T00:00:00Z,26.12,26.18,25.91,26.02,573778.0,26.17,EVALUATION,0.001537279016141424
XYLD,2022-12-20T00:00:00Z,26.0,26.1,25.91,26.06,1402300.0,26.063333333333333,EVALUATION,0.005755947812739803
XYLD,2022-12-21T00:00:00Z,26.18,26.29,26.12,26.21,515106.0,26.096666666666664,EVALUATION,-0.004959938954597565
XYLD,2022-12-22T00:00:00Z,26.08,26.18,25.79,26.08,1047769.0,26.116666666666667,EVALUATION,0.0038343558282210033
XYLD,2022-12-23T00:00:00Z,26.06,26.18,25.95,26.18,557391.0,26.156666666666666,EVALUATION,-0.003437738731856377
XYLD,2022-12-27T00:00:00Z,26.13,26.21,26.05,26.09,1027564.0,26.116666666666667,EVALUATION,-0.0042161747796090054
XYLD,2022-12-28T00:00:00Z,26.17,26.2,25.94,25.98,669825.0,26.083333333333336,EVALUATION,0.010777521170130866
XYLD,2022-12-29T00:00:00Z,26.15,26.26,26.04,26.26,671307.0,26.11,EVALUATION,-0.0026656511805026595
XYLD,2022-12-30T00:00:00Z,26.13,26.23,26.07,26.19,857616.0,26.143333333333334,EVALUATION,0.00038182512409301594
XYLD,2023-01-03T00:00:00Z,26.31,26.36,26.07,26.2,524916.0,26.21666666666667,EVALUATION,0.0034351145038167274
XYLD,2023-01-04T00:00:00Z,26.25,26.37,26.17,26.29,470427.0,26.226666666666667,EVALUATION,-0.0034233548877899977
XYLD,2023-01-05T00:00:00Z,26.27,26.3,26.14,26.2,383098.0,26.229999999999997,EVALUATION,0.011450381679389388
XYLD,2023-01-06T00:00:00Z,26.33,26.53,26.18,26.5,360655.0,26.33,EVALUATION,0.0015094339622641062
XYLD,2023-01-09T00:00:00Z,26.58,26.64,26.52,26.54,691938.0,26.413333333333334,EVALUATION,0.0030143180105501877
XYLD,2023-01-10T00:00:00Z,26.52,26.62,26.48,26.62,953245.0,26.553333333333335,EVALUATION,0.0026296018031555235
XYLD,2023-01-11T00:00:00Z,26.65,26.7,26.61,26.69,605026.0,26.616666666666667,EVALUATION,0.0037467216185835817
XYLD,2023-01-12T00:00:00Z,26.75,26.79,26.69,26.79,497360.0,26.7,EVALUATION,0.00037327360955585753
XYLD,2023-01-13T00:00:00Z,26.77,26.8,26.74,26.8,489907.0,26.759999999999998,EVALUATION,0.0
XYLD,2023-01-17T00:00:00Z,26.77,26.81,26.72,26.8,585055.0,26.796666666666667,EVALUATION,0.0
XYLD,2023-01-18T00:00:00Z,26.83,26.84,26.77,26.8,479701.0,26.8,EVALUATION,0.0007462686567163423
XYLD,2023-01-19T00:00:00Z,26.78,26.82,26.77,26.82,778110.0,26.806666666666665,EVALUATION,0.008948545861297452
XYLD,2023-01-20T00:00:00Z,26.88,27.06,26.72,27.06,708778.0,26.89333333333333,EVALUATION,0.0048041389504804854
XYLD,2023-01-23T00:00:00Z,27.1,27.2,27.06,27.19,767073.0,27.023333333333333,EVALUATION,-0.00036778227289446797
XYLD,2023-01-24T00:00:00Z,27.14,27.2,27.08,27.18,432492.0,27.143333333333334,EVALUATION,-0.0014716703458425018
XYLD,2023-01-25T00:00:00Z,27.05,27.18,27.0,27.14,401791.0,27.17,EVALUATION,0.005158437730287346
XYLD,2023-01-26T00:00:00Z,27.22,27.28,27.17,27.28,612614.0,27.200000000000003,EVALUATION,0.0010997067448679232
XYLD,2023-01-27T00:00:00Z,27.27,27.33,27.25,27.31,538790.0,27.243333333333332,EVALUATION,-0.0029293299157816532
XYLD,2023-01-30T00:00:00Z,27.27,27.3,27.18,27.23,621034.0,27.273333333333333,EVALUATION,0.0044069041498346895
XYLD,2023-01-31T00:00:00Z,27.26,27.35,27.2,27.35,378440.0,27.296666666666667,EVALUATION,0.001462522851919612
XYLD,2023-02-01T00:00:00Z,27.33,27.42,27.29,27.39,639661.0,27.323333333333334,EVALUATION,0.0021905805038333614
XYLD,2023-02-02T00:00:00Z,27.5,27.5,27.41,27.45,686244.0,27.39666666666667,EVALUATION,-0.0007285974499089409
XYLD,2023-02-03T00:00:00Z,27.43,27.46,27.39,27.43,640670.0,27.423333333333332,EVALUATION,0.00036456434560716566
XYLD,2023-02-06T00:00:00Z,27.38,27.44,27.35,27.44,606926.0,27.439999999999998,EVALUATION,0.0010932944606412143
XYLD,2023-02-07T00:00:00Z,27.42,27.47,27.41,27.47,520882.0,27.446666666666665,EVALUATION,-0.0018201674554058078
XYLD,2023-02-08T00:00:00Z,27.41,27.47,27.41,27.42,537239.0,27.443333333333335,EVALUATION,0.0007293946024800047
XYLD,2023-02-09T00:00:00Z,27.57,27.57,27.4,27.44,760091.0,27.443333333333335,EVALUATION,0.00036443148688047877
XYLD,2023-02-10T00:00:00Z,27.45,27.47,27.41,27.45,648497.0,27.436666666666667,EVALUATION,0.0025500910746811822
XYLD,2023-02-13T00:00:00Z,27.51,27.52,27.47,27.52,581146.0,27.47,EVALUATION,0.00036337209302339524
XYLD,2023-02-14T00:00:00Z,27.52,27.53,27.49,27.53,477120.0,27.5,EVALUATION,0.0
XYLD,2023-02-15T00:00:00Z,27.53,27.53,27.5,27.53,494874.0,27.52666666666667,EVALUATION,0.0003632401017070741
XYLD,2023-02-16T00:00:00Z,27.55,27.55,27.51,27.54,718041.0,27.533333333333335,EVALUATION,0.0003631082062454105
XYLD,2023-02-17T00:00:00Z,27.51,27.58,27.41,27.55,859979.0,27.54,EVALUATION,-0.010163339382940118
XYLD,2023-02-21T00:00:00Z,27.38,27.44,27.23,27.27,570843.0,27.453333333333333,EVALUATION,-0.0007334066740006806
XYLD,2023-02-22T00:00:00Z,27.34,27.34,27.17,27.25,558072.0,27.35666666666667,EVALUATION,0.005137614678899061
XYLD,2023-02-23T00:00:00Z,27.39,27.42,27.17,27.39,517357.0,27.303333333333335,EVALUATION,-0.007301935012778316
XYLD,2023-02-24T00:00:00Z,27.17,27.24,27.05,27.19,699637.0,27.27666666666667,EVALUATION,0.004045605001838926
XYLD,2023-02-27T00:00:00Z,27.39,27.44,27.24,27.3,398883.0,27.293333333333337,EVALUATION,-0.00146520146520146
XYLD,2023-02-28T00:00:00Z,27.29,27.38,27.22,27.26,397614.0,27.25,EVALUATION,-0.0029347028613353476
XYLD,2023-03-01T00:00:00Z,27.25,27.27,27.09,27.18,560361.0,27.24666666666667,EVALUATION,0.0066225165562914245
XYLD,2023-03-02T00:00:00Z,27.1,27.38,27.05,27.36,599879.0,27.266666666666666,EVALUATION,0.009137426900584833
XYLD,2023-03-03T00:00:00Z,27.42,27.63,27.38,27.61,456239.0,27.383333333333333,EVALUATION,0.002173125679101773
XYLD,2023-03-06T00:00:00Z,27.67,27.76,27.64,27.67,472959.0,27.546666666666667,EVALUATION,-0.009035056017347332
XYLD,2023-03-07T00:00:00Z,27.69,27.69,27.38,27.42,494927.0,27.56666666666667,EVALUATION,0.0003646973012398913
XYLD,2023-03-08T00:00:00Z,27.43,27.49,27.33,27.43,629845.0,27.506666666666668,EVALUATION,-0.013853445133065967
XYLD,2023-03-09T00:00:00Z,27.51,27.59,26.96,27.05,531423.0,27.3,EVALUATION,-0.014417744916820685
XYLD,2023-03-10T00:00:00Z,27.04,27.15,26.59,26.66,1087971.0,27.046666666666667,EVALUATION,0.0
XYLD,2023-03-13T00:00:00Z,26.44,26.95,26.33,26.66,757045.0,26.79,EVALUATION,0.017629407351837934
XYLD,2023-03-14T00:00:00Z,27.02,27.2,26.79,27.13,574994.0,26.816666666666666,EVALUATION,-0.0070033173608550214
XYLD,2023-03-15T00:00:00Z,26.72,26.94,26.55,26.94,857005.0,26.91,EVALUATION,0.017074981440237558
XYLD,2023-03-16T00:00:00Z,26.81,27.42,26.72,27.4,934239.0,27.156666666666666,EVALUATION,-0.010948905109488982
XYLD,2023-03-17T00:00:00Z,27.38,27.38,27.02,27.1,787325.0,27.14666666666667,EVALUATION,0.005904059040590326
XYLD,2023-03-20T00:00:00Z,27.1,27.26,27.08,27.26,589844.0,27.253333333333334,EVALUATION,0.003668378576669129
XYLD,2023-03-21T00:00:00Z,27.35,27.42,27.3,27.36,511543.0,27.240000000000002,EVALUATION,-0.003289473684210509
XYLD,2023-03-22T00:00:00Z,27.39,27.51,27.26,27.27,507385.0,27.296666666666667,EVALUATION,0.002200220022002153
XYLD,2023-03-23T00:00:00Z,27.41,27.47,27.16,27.33,498348.0,27.32,EVALUATION,0.002195389681668658
XYLD,2023-03-24T00:00:00Z,27.25,27.39,27.15,27.39,538666.0,27.33,EVALUATION,0.0029207740051113706
XYLD,2023-03-27T00:00:00Z,27.46,27.51,27.4,27.47,409723.0,27.39666666666667,EVALUATION,0.0
XYLD,2023-03-28T00:00:00Z,27.47,27.49,27.39,27.47,377019.0,27.443333333333335,EVALUATION,0.005096468875136484
XYLD,2023-03-29T00:00:00Z,27.58,27.62,27.54,27.61,445654.0,27.516666666666666,EVALUATION,0.002173125679101773
XYLD,2023-03-30T00:00:00Z,27.62,27.76,27.6,27.67,978229.0,27.583333333333336,EVALUATION,0.003252620166245057
XYLD,2023-03-31T00:00:00Z,27.73,27.76,27.68,27.76,1139484.0,27.68,EVALUATION,0.0018011527377521652
XYLD,2023-04-03T00:00:00Z,27.76,27.81,27.69,27.81,612713.0,27.74666666666667,EVALUATION,-0.0007191657677094732
XYLD,2023-04-04T00:00:00Z,27.82,27.83,27.75,27.79,692160.0,27.78666666666667,EVALUATION,-0.00035984166966529507
XYLD,2023-04-05T00:00:00Z,27.79,27.8,27.75,27.78,417754.0,27.793333333333333,EVALUATION,0.002159827213822796
XYLD,2023-04-06T00:00:00Z,27.8,27.84,27.77,27.84,466524.0,27.803333333333335,EVALUATION,0.00035919540229900626
XYLD,2023-04-10T00:00:00Z,27.82,27.85,27.8,27.85,424546.0,27.82333333333333,EVALUATION,-0.0014362657091563369
XYLD,2023-04-11T00:00:00Z,27.86,27.87,27.81,27.81,2811534.0,27.833333333333332,EVALUATION,0.001797914419273683
XYLD,2023-04-12T00:00:00Z,27.86,27.88,27.84,27.86,589449.0,27.84,EVALUATION,0.001076812634601687
XYLD,2023-04-13T00:00:00Z,27.89,27.89,27.85,27.89,545848.0,27.85333333333333,EVALUATION,0.0
XYLD,2023-04-14T00:00:00Z,27.9,27.91,27.86,27.89,560768.0,27.880000000000003,EVALUATION,0.0007171029042667421
XYLD,2023-04-17T00:00:00Z,27.92,27.92,27.87,27.91,970236.0,27.89666666666667,EVALUATION,0.0
XYLD,2023-04-18T00:00:00Z,27.9,27.92,27.88,27.91,435539.0,27.903333333333332,EVALUATION,0.0
XYLD,2023-04-19T00:00:00Z,27.89,27.91,27.88,27.91,535282.0,27.909999999999997,EVALUATION,0.0007165890361877647
XYLD,2023-04-20T00:00:00Z,27.89,27.93,27.89,27.93,392829.0,27.916666666666664,EVALUATION,-0.0014321518080916418
XYLD,2023-04-21T00:00:00Z,27.93,27.93,27.76,27.89,727928.0,27.91,EVALUATION,0.001075654356400113
XYLD,2023-04-24T00:00:00Z,27.9,27.92,27.83,27.92,561082.0,27.913333333333334,EVALUATION,-0.009312320916905481
XYLD,2023-04-25T00:00:00Z,27.88,27.88,27.64,27.66,703637.0,27.823333333333334,EVALUATION,-0.001446131597975353
XYLD,2023-04-26T00:00:00Z,27.73,27.77,27.58,27.62,558707.0,27.733333333333334,EVALUATION,0.01086169442433027
XYLD,2023-04-27T00:00:00Z,27.75,27.92,27.7,27.92,511521.0,27.733333333333334,EVALUATION,0.003939828080229191
XYLD,2023-04-28T00:00:00Z,27.94,28.03,27.91,28.03,443444.0,27.85666666666667,EVALUATION,0.0017838030681411876
XYLD,2023-05-01T00:00:00Z,28.08,28.09,28.04,28.08,541583.0,28.009999999999998,EVALUATION,-0.004985754985754931
XYLD,2023-05-02T00:00:00Z,28.06,28.06,27.79,27.94,561345.0,28.016666666666666,EVALUATION,-0.003221188260558283
XYLD,2023-05-03T00:00:00Z,27.94,28.02,27.83,27.85,417927.0,27.956666666666667,EVALUATION,-0.003949730700179677
XYLD,2023-05-04T00:00:00Z,27.81,27.85,27.65,27.74,590866.0,27.843333333333334,EVALUATION,0.010814708002883977
XYLD,2023-05-05T00:00:00Z,27.88,28.08,27.88,28.04,625813.0,27.876666666666665,EVALUATION,0.0021398002853068032
XYLD,2023-05-08T00:00:00Z,28.08,28.12,28.06,28.1,498890.0,27.96,EVALUATION,-0.00142348754448407
XYLD,2023-05-09T00:00:00Z,28.08,28.1,28.02,28.06,409609.0,28.066666666666666,EVALUATION,0.0035637918745545782
XYLD,2023-05-10T00:00:00Z,28.16,28.18,28.0,28.16,525570.0,28.10666666666667,EVALUATION,0.0003551136363637575
XYLD,2023-05-11T00:00:00Z,28.15,28.18,28.06,28.17,476815.0,28.130000000000003,EVALUATION,0.0007099751508696794
XYLD,2023-05-12T00:00:00Z,28.23,28.23,28.07,28.19,503697.0,28.173333333333332,EVALUATION,0.0024831500532103146
XYLD,2023-05-15T00:00:00Z,28.23,28.26,28.14,28.26,534916.0,28.206666666666667,EVALUATION,-0.002476999292285953
XYLD,2023-05-16T00:00:00Z,28.23,28.26,28.18,28.19,465775.0,28.21333333333333,EVALUATION,0.004966300106420629
XYLD,2023-05-17T00:00:00Z,28.28,28.33,28.21,28.33,442565.0,28.259999999999998,EVALUATION,0.00141193081539015
XYLD,2023-05-18T00:00:00Z,28.35,28.37,28.33,28.37,619088.0,28.296666666666667,EVALUATION,-0.004582305252026853
XYLD,2023-05-19T00:00:00Z,28.42,28.42,28.18,28.24,682734.0,28.313333333333333,EVALUATION,0.0010623229461756978
XYLD,2023-05-22T00:00:00Z,28.24,28.31,28.18,28.27,422258.0,28.293333333333333,EVALUATION,-0.006720905553590395
XYLD,2023-05-23T00:00:00Z,28.18,28.22,28.04,28.08,536039.0,28.196666666666665,EVALUATION,-0.005698005698005604
XYLD,2023-05-24T00:00:00Z,27.99,28.03,27.86,27.92,594341.0,28.09,EVALUATION,0.007163323782234832
XYLD,2023-05-25T00:00:00Z,28.11,28.15,27.99,28.12,698936.0,28.04,EVALUATION,0.006045519203413896
XYLD,2023-05-26T00:00:00Z,28.13,28.32,28.13,28.29,463518.0,28.11,EVALUATION,0.0028278543655002597
XYLD,2023-05-30T00:00:00Z,28.36,28.44,28.31,28.37,550727.0,28.259999999999998,EVALUATION,-0.0017624250969333621
XYLD,2023-05-31T00:00:00Z,28.32,28.37,28.22,28.32,649808.0,28.326666666666668,EVALUATION,0.005649717514124353
XYLD,2023-06-01T00:00:00Z,28.32,28.5,28.29,28.48,379623.0,28.39,EVALUATION,0.004564606741572996
XYLD,2023-06-02T00:00:00Z,28.54,28.64,28.48,28.61,601637.0,28.47,EVALUATION,0.0010485844110450504
XYLD,2023-06-05T00:00:00Z,28.64,28.66,28.6,28.64,442009.0,28.576666666666668,EVALUATION,0.0006983240223463749
XYLD,2023-06-06T00:00:00Z,28.6,28.67,28.58,28.66,416597.0,28.636666666666667,EVALUATION,-0.0006978367062107083
XYLD,2023-06-07T00:00:00Z,28.66,28.69,28.63,28.64,370784.0,28.64666666666667,EVALUATION,0.002444134078212201
XYLD,2023-06-08T00:00:00Z,28.65,28.73,28.61,28.71,615587.0,28.67,EVALUATION,0.0
XYLD,2023-06-09T00:00:00Z,28.74,28.75,28.71,28.71,786701.0,28.686666666666667,EVALUATION,0.0013932427725531493
XYLD,2023-06-12T00:00:00Z,28.73,28.77,28.72,28.75,472926.0,28.723333333333336,EVALUATION,0.0010434782608697013
XYLD,2023-06-13T00:00:00Z,28.77,28.78,28.75,28.78,498768.0,28.74666666666667,EVALUATION,-0.00034746351633085926
XYLD,2023-06-14T00:00:00Z,28.76,28.79,28.75,28.77,1624568.0,28.766666666666666,EVALUATION,0.0
XYLD,2023-06-15T00:00:00Z,28.78,28.8,28.75,28.77,601382.0,28.773333333333333,EVALUATION,-0.005908932916232068
XYLD,2023-06-16T00:00:00Z,28.82,28.84,28.57,28.6,686264.0,28.71333333333333,EVALUATION,-0.002447552447552459
XYLD,2023-06-20T00:00:00Z,28.6,28.6,28.41,28.53,686482.0,28.633333333333333,EVALUATION,-0.002103049421661507
XYLD,2023-06-21T00:00:00Z,28.49,28.54,28.42,28.47,425158.0,28.53333333333333,EVALUATION,0.0031612223393044925
XYLD,2023-06-22T00:00:00Z,28.45,28.56,28.42,28.56,401662.0,28.52,EVALUATION,-0.004201680672268782
XYLD,2023-06-23T00:00:00Z,28.43,28.51,28.39,28.44,1365619.0,28.490000000000002,EVALUATION,-0.003867791842475543
XYLD,2023-06-26T00:00:00Z,28.42,28.5,28.32,28.33,453601.0,28.443333333333335,EVALUATION,0.008824567596187771
XYLD,2023-06-27T00:00:00Z,28.41,28.6,28.37,28.58,390812.0,28.45,EVALUATION,0.0003498950314906324
XYLD,2023-06-28T00:00:00Z,28.58,28.63,28.5,28.59,636266.0,28.5,EVALUATION,0.0031479538300105414
XYLD,2023-06-29T00:00:00Z,28.6,28.68,28.57,28.68,449686.0,28.616666666666667,EVALUATION,0.0052301255230124966
XYLD,2023-06-30T00:00:00Z,28.77,28.87,28.77,28.83,675096.0,28.7,EVALUATION,0.001734304543878018
XYLD,2023-07-03T00:00:00Z,28.84,28.88,28.84,28.88,309092.0,28.796666666666667,EVALUATION,-0.0003462603878116033
XYLD,2023-07-05T00:00:00Z,28.84,28.88,28.83,28.87,473668.0,28.86,EVALUATION,-0.003463803255975062
XYLD,2023-07-06T00:00:00Z,28.8,28.8,28.63,28.77,389413.0,28.84,EVALUATION,-0.0006951685783802564
XYLD,2023-07-07T00:00:00Z,28.78,28.88,28.73,28.75,510328.0,28.796666666666667,EVALUATION,0.0010434782608697013
XYLD,2023-07-10T00:00:00Z,28.75,28.81,28.71,28.78,541361.0,28.766666666666666,EVALUATION,0.004169562195969423
XYLD,2023-07-11T00:00:00Z,28.86,28.91,28.8,28.9,368182.0,28.810000000000002,EVALUATION,0.0038062283737025915
XYLD,2023-07-12T00:00:00Z,29.02,29.03,28.98,29.01,503792.0,28.89666666666667,EVALUATION,0.0020682523267838704
XYLD,2023-07-13T00:00:00Z,29.08,29.08,29.04,29.07,503108.0,28.993333333333332,EVALUATION,0.0006879944960440643
XYLD,2023-07-14T00:00:00Z,29.1,29.1,29.07,29.09,533552.0,29.056666666666665,EVALUATION,0.0006875214850463607
XYLD,2023-07-17T00:00:00Z,29.1,29.13,29.09,29.11,585424.0,29.09,EVALUATION,-0.0003435245620061478
XYLD,2023-07-18T00:00:00Z,29.13,29.15,29.1,29.1,583138.0,29.1,EVALUATION,-0.0006872852233678062
XYLD,2023-07-19T00:00:00Z,29.13,29.13,29.08,29.08,607104.0,29.096666666666668,EVALUATION,0.0003438789546079679
XYLD,2023-07-20T00:00:00Z,29.1,29.15,29.09,29.09,641360.0,29.090000000000003,EVALUATION,-0.001031282227569652
XYLD,2023-07-21T00:00:00Z,29.17,29.17,29.01,29.06,561492.0,29.076666666666668,EVALUATION,0.002064693737095835
XYLD,2023-07-24T00:00:00Z,29.08,29.14,29.06,29.12,518135.0,29.09,EVALUATION,0.00034340659340648116
XYLD,2023-07-25T00:00:00Z,29.11,29.17,29.1,29.13,582864.0,29.10333333333333,EVALUATION,0.001716443529008016
XYLD,2023-07-26T00:00:00Z,29.1,29.19,29.1,29.18,440472.0,29.14333333333333,EVALUATION,-0.002741603838245288
XYLD,2023-07-27T00:00:00Z,29.27,29.27,29.05,29.1,453136.0,29.136666666666667,EVALUATION,0.004810996563573866
XYLD,2023-07-28T00:00:00Z,29.19,29.24,29.18,29.24,378171.0,29.173333333333332,EVALUATION,0.0
XYLD,2023-07-31T00:00:00Z,29.27,29.27,29.22,29.24,496157.0,29.193333333333335,EVALUATION,0.0006839945280439075
XYLD,2023-08-01T00:00:00Z,29.24,29.26,29.21,29.26,345892.0,29.246666666666666,EVALUATION,-0.006835269993164861
XYLD,2023-08-02T00:00:00Z,29.17,29.17,29.01,29.06,641506.0,29.186666666666667,EVALUATION,-0.0010323468685476955
XYLD,2023-08-03T00:00:00Z,29.0,29.09,28.93,29.03,501493.0,29.116666666666667,EVALUATION,-0.003100241129865622
XYLD,2023-08-04T00:00:00Z,29.07,29.19,28.91,28.94,431324.0,29.009999999999998,EVALUATION,0.006910850034554272
XYLD,2023-08-07T00:00:00Z,29.0,29.14,29.0,29.14,498193.0,29.03666666666667,EVALUATION,-0.0024021962937542662
XYLD,2023-08-08T00:00:00Z,29.05,29.08,28.88,29.07,355420.0,29.049999999999997,EVALUATION,-0.005847953216374324
XYLD,2023-08-09T00:00:00Z,29.07,29.08,28.88,28.9,339547.0,29.036666666666665,EVALUATION,0.0017301038062282892
XYLD,2023-08-10T00:00:00Z,29.06,29.22,28.88,28.95,407405.0,28.973333333333333,EVALUATION,0.0003454231433506205
XYLD,2023-08-11T00:00:00Z,28.88,28.98,28.83,28.96,461831.0,28.936666666666667,EVALUATION,0.005179558011049634
XYLD,2023-08-14T00:00:00Z,28.92,29.11,28.86,29.11,341176.0,29.006666666666668,EVALUATION,-0.010305736860185544
XYLD,2023-08-15T00:00:00Z,29.03,29.03,28.76,28.81,454386.0,28.96,EVALUATION,-0.007636237417563252
XYLD,2023-08-16T00:00:00Z,28.79,28.87,28.59,28.59,591563.0,28.836666666666666,EVALUATION,-0.008394543546694555
XYLD,2023-08-17T00:00:00Z,28.66,28.68,28.33,28.35,633605.0,28.583333333333336,EVALUATION,0.00035273368606691946
XYLD,2023-08-18T00:00:00Z,28.27,28.39,28.15,28.36,627458.0,28.433333333333334,EVALUATION,0.00387870239774335
XYLD,2023-08-21T00:00:00Z,28.46,28.5,28.35,28.47,521292.0,28.393333333333334,EVALUATION,-0.00035124692658927703
XYLD,2023-08-22T00:00:00Z,28.52,28.52,28.43,28.46,330688.0,28.43,EVALUATION,0.004567814476458043
XYLD,2023-08-23T00:00:00Z,28.47,28.59,28.46,28.59,334137.0,28.506666666666668,EVALUATION,-0.004896817068905213
XYLD,2023-08-24T00:00:00Z,28.63,28.63,28.43,28.45,383108.0,28.5,EVALUATION,0.004217926186291798
XYLD,2023-08-25T00:00:00Z,28.52,28.6,28.4,28.57,317991.0,28.536666666666665,EVALUATION,0.003150157507875395
XYLD,2023-08-28T00:00:00Z,28.62,28.75,28.6,28.66,287546.0,28.56,EVALUATION,0.003140265177948409
XYLD,2023-08-29T00:00:00Z,28.68,28.75,28.66,28.75,826346.0,28.66,EVALUATION,-0.0003478260869566041
XYLD,2023-08-30T00:00:00Z,28.72,28.78,28.72,28.74,512998.0,28.71666666666667,EVALUATION,0.0010438413361169019
XYLD,2023-08-31T00:00:00Z,28.77,28.78,28.75,28.77,341127.0,28.753333333333334,EVALUATION,0.0003475842891902392
XYLD,2023-09-01T00:00:00Z,28.8,28.8,28.76,28.78,404981.0,28.763333333333335,EVALUATION,-0.00034746351633085926
XYLD,2023-09-05T00:00:00Z,28.79,28.81,28.77,28.77,330632.0,28.773333333333333,EVALUATION,0.0
XYLD,2023-09-06T00:00:00Z,28.82,28.85,28.75,28.77,327890.0,28.773333333333333,EVALUATION,0.0010427528675704956
XYLD,2023-09-07T00:00:00Z,28.75,28.82,28.75,28.8,520598.0,28.78,EVALUATION,0.0010416666666666075
XYLD,2023-09-08T00:00:00Z,28.87,28.87,28.8,28.83,333871.0,28.799999999999997,EVALUATION,0.0006937218175513404
XYLD,2023-09-11T00:00:00Z,28.85,28.87,28.83,28.85,454724.0,28.826666666666668,EVALUATION,0.0
XYLD,2023-09-12T00:00:00Z,28.86,28.87,28.83,28.85,361505.0,28.843333333333334,EVALUATION,0.0006932409012132545
XYLD,2023-09-13T00:00:00Z,28.85,28.87,28.85,28.87,257071.0,28.85666666666667,EVALUATION,0.0
XYLD,2023-09-14T00:00:00Z,28.9,28.9,28.87,28.87,529473.0,28.863333333333333,EVALUATION,-0.006927606511950124
XYLD,2023-09-15T00:00:00Z,28.88,28.88,28.65,28.67,892112.0,28.803333333333335,EVALUATION,0.0
XYLD,2023-09-18T00:00:00Z,28.67,28.72,28.63,28.67,492072.0,28.736666666666665,EVALUATION,-0.00034879665155218564
XYLD,2023-09-19T00:00:00Z,28.67,28.67,28.55,28.66,567932.0,28.666666666666664,EVALUATION,-0.005582693649685999
XYLD,2023-09-20T00:00:00Z,28.72,28.72,28.49,28.5,461369.0,28.61,EVALUATION,-0.011578947368421022
XYLD,2023-09-21T00:00:00Z,28.37,28.38,28.14,28.17,608953.0,28.443333333333335,EVALUATION,-0.001419950301739581
XYLD,2023-09-22T00:00:00Z,28.27,28.32,28.11,28.13,404130.0,28.266666666666666,EVALUATION,0.003910415926057675
XYLD,2023-09-25T00:00:00Z,28.07,28.24,28.03,28.24,481138.0,28.18,EVALUATION,-0.012747875354107596
XYLD,2023-09-26T00:00:00Z,28.09,28.1,27.8,27.88,686387.0,28.083333333333332,EVALUATION,-0.0007173601147776321
XYLD,2023-09-27T00:00:00Z,27.95,27.98,27.66,27.86,562509.0,27.993333333333332,EVALUATION,0.006819813352476611
XYLD,2023-09-28T00:00:00Z,27.82,28.14,27.82,28.05,416362.0,27.93,EVALUATION,-0.0017825311942959443
XYLD,2023-09-29T00:00:00Z,28.26,28.26,27.91,28.0,388880.0,27.97,EVALUATION,0.0
XYLD,2023-10-02T00:00:00Z,27.96,28.06,27.82,28.0,419092.0,28.016666666666666,EVALUATION,-0.013571428571428568
XYLD,2023-10-03T00:00:00Z,27.86,27.95,27.55,27.62,622987.0,27.873333333333335,EVALUATION,0.007603186097031145
XYLD,2023-10-04T00:00:00Z,27.64,27.86,27.57,27.83,423663.0,27.816666666666666,EVALUATION,-0.0010779734099891636
XYLD,2023-10-05T00:00:00Z,27.79,27.87,27.61,27.8,370685.0,27.75,EVALUATION,0.012230215827338187
XYLD,2023-10-06T00:00:00Z,27.67,28.21,27.58,28.14,546056.0,27.923333333333332,EVALUATION,0.006396588486140775
XYLD,2023-10-09T00:00:00Z,27.99,28.33,27.99,28.32,335730.0,28.086666666666666,EVALUATION,0.003884180790960423
XYLD,2023-10-10T00:00:00Z,28.32,28.59,28.32,28.43,595472.0,28.296666666666667,EVALUATION,0.00422089342244103
XYLD,2023-10-11T00:00:00Z,28.51,28.57,28.38,28.55,279278.0,28.433333333333334,EVALUATION,-0.003852889667250392
XYLD,2023-10-12T00:00:00Z,28.63,28.64,28.27,28.44,463826.0,28.473333333333336,EVALUATION,-0.004922644163150469
XYLD,2023-10-13T00:00:00Z,28.5,28.58,28.19,28.3,391192.0,28.43,EVALUATION,0.010247349823321539
XYLD,2023-10-16T00:00:00Z,28.44,28.64,28.4,28.59,465306.0,28.443333333333335,EVALUATION,-0.0006995452955578241
XYLD,2023-10-17T00:00:00Z,28.41,28.71,28.35,28.57,424857.0,28.486666666666665,EVALUATION,-0.012250612530626537
XYLD,2023-10-18T00:00:00Z,28.45,28.53,28.14,28.22,355707.0,28.46,EVALUATION,-0.009213323883770275
XYLD,2023-10-19T00:00:00Z,28.24,28.38,27.92,27.96,385262.0,28.25,EVALUATION,-0.0089413447782547
XYLD,2023-10-20T00:00:00Z,27.94,27.97,27.67,27.71,556970.0,27.96333333333333,EVALUATION,-0.0007217610970768895
XYLD,2023-10-23T00:00:00Z,27.62,27.84,27.58,27.69,990343.0,27.78666666666667,EVALUATION,0.005778259299386024
XYLD,2023-10-24T00:00:00Z,27.82,27.87,27.72,27.85,302696.0,27.75,EVALUATION,-0.007540394973070019
XYLD,2023-10-25T00:00:00Z,27.79,27.84,27.59,27.64,569092.0,27.726666666666667,EVALUATION,-0.00868306801736618
XYLD,2023-10-26T00:00:00Z,27.57,27.63,27.37,27.4,628864.0,27.63,EVALUATION,-0.0021897810218978186
XYLD,2023-10-27T00:00:00Z,27.52,27.55,27.26,27.34,812030.0,27.46,EVALUATION,0.009875640087783522
XYLD,2023-10-30T00:00:00Z,27.53,27.66,27.45,27.61,450817.0,27.45,EVALUATION,0.005795001810938061
XYLD,2023-10-31T00:00:00Z,27.67,27.77,27.55,27.77,803844.0,27.57333333333333,EVALUATION,0.005761613251710429
XYLD,2023-11-01T00:00:00Z,27.78,27.97,27.77,27.93,649809.0,27.77,EVALUATION,0.008950948800572789
XYLD,2023-11-02T00:00:00Z,28.11,28.18,28.06,28.18,503472.0,27.96,EVALUATION,0.0014194464158978626
XYLD,2023-11-03T00:00:00Z,28.28,28.28,28.2,28.22,611549.0,28.11,EVALUATION,0.002126151665485576
XYLD,2023-11-06T00:00:00Z,28.31,28.31,28.22,28.28,425834.0,28.226666666666667,EVALUATION,-0.0003536067892504491
XYLD,2023-11-07T00:00:00Z,28.27,28.3,28.26,28.27,415645.0,28.256666666666668,EVALUATION,0.00035373187124165817
XYLD,2023-11-08T00:00:00Z,28.27,28.3,28.25,28.28,483980.0,28.27666666666667,EVALUATION,0.00035360678925022704
XYLD,2023-11-09T00:00:00Z,28.33,28.33,28.27,28.29,599529.0,28.28,EVALUATION,0.0010604453870626251
XYLD,2023-11-10T00:00:00Z,28.33,28.35,28.29,28.32,335631.0,28.296666666666667,EVALUATION,-0.0003531073446327859
XYLD,2023-11-13T00:00:00Z,28.34,28.34,28.31,28.31,359485.0,28.306666666666665,EVALUATION,0.0014129282938892818
XYLD,2023-11-14T00:00:00Z,28.39,28.39,28.33,28.35,731705.0,28.326666666666668,EVALUATION,0.000705467372134061
XYLD,2023-11-15T00:00:00Z,28.37,28.38,28.33,28.37,576796.0,28.343333333333334,EVALUATION,-0.0010574550581600173
XYLD,2023-11-16T00:00:00Z,28.35,28.37,28.33,28.34,519328.0,28.353333333333335,EVALUATION,-0.0007057163020465218
XYLD,2023-11-17T00:00:00Z,28.4,28.4,28.25,28.32,521159.0,28.343333333333334,EVALUATION,0.003531073446327637
XYLD,2023-11-20T00:00:00Z,28.36,28.43,28.34,28.42,647752.0,28.36,EVALUATION,-0.0003518648838846117
XYLD,2023-11-21T00:00:00Z,28.39,28.41,28.36,28.41,751312.0,28.383333333333333,EVALUATION,-0.00035198873636044237
XYLD,2023-11-22T00:00:00Z,28.46,28.48,28.39,28.4,1064734.0,28.410000000000004,EVALUATION,0.0031690140845070935
XYLD,2023-11-24T00:00:00Z,28.45,28.5,28.44,28.49,342392.0,28.433333333333334,EVALUATION,-0.0003510003510003301
XYLD,2023-11-27T00:00:00Z,28.46,28.51,28.46,28.48,434112.0,28.456666666666667,EVALUATION,0.001053370786516794
XYLD,2023-11-28T00:00:00Z,28.46,28.52,28.46,28.51,387643.0,28.493333333333332,EVALUATION,0.0
XYLD,2023-11-29T00:00:00Z,28.55,28.56,28.48,28.51,364469.0,28.5,EVALUATION,0.0010522623640827344
XYLD,2023-11-30T00:00:00Z,28.52,28.54,28.48,28.54,587286.0,28.520000000000003,EVALUATION,0.0017519271198318531
XYLD,2023-12-01T00:00:00Z,28.52,28.6,28.52,28.59,542391.0,28.546666666666667,EVALUATION,-0.0006995452955578241
XYLD,2023-12-04T00:00:00Z,28.55,28.58,28.52,28.57,510968.0,28.566666666666666,EVALUATION,0.0003500175008750439
XYLD,2023-12-05T00:00:00Z,28.56,28.61,28.54,28.58,411593.0,28.58,EVALUATION,-0.0006997900629810427
XYLD,2023-12-06T00:00:00Z,28.61,28.62,28.56,28.56,806861.0,28.57,EVALUATION,0.0021008403361344463
XYLD,2023-12-07T00:00:00Z,28.61,28.64,28.59,28.62,635261.0,28.586666666666666,EVALUATION,0.002795248078266921
XYLD,2023-12-08T00:00:00Z,28.59,28.7,28.59,28.7,400379.0,28.626666666666665,EVALUATION,-0.00034843205574908165
XYLD,2023-12-11T00:00:00Z,28.69,28.72,28.66,28.69,511660.0,28.67,EVALUATION,0.0003485535029625897
XYLD,2023-12-12T00:00:00Z,28.68,28.73,28.67,28.7,445887.0,28.696666666666665,EVALUATION,0.0006968641114981633
XYLD,2023-12-13T00:00:00Z,28.7,28.72,28.69,28.72,388246.0,28.703333333333333,EVALUATION,0.0003481894150418885
XYLD,2023-12-14T00:00:00Z,28.73,28.75,28.72,28.73,457008.0,28.716666666666665,EVALUATION,0.0062652279846850956
XYLD,2023-12-15T00:00:00Z,28.7,28.95,28.67,28.91,750255.0,28.786666666666665,EVALUATION,0.0020754064337598077
XYLD,2023-12-18T00:00:00Z,28.95,28.98,28.87,28.97,450637.0,28.869999999999997,EVALUATION,0.001380738695202055
XYLD,2023-12-19T00:00:00Z,28.96,29.03,28.96,29.01,417299.0,28.96333333333333,EVALUATION,-0.006894174422612975
XYLD,2023-12-20T00:00:00Z,28.98,29.05,28.81,28.81,489579.0,28.93,EVALUATION,0.00590072891357174
XYLD,2023-12-21T00:00:00Z,28.95,28.98,28.85,28.98,675195.0,28.933333333333334,EVALUATION,0.0006901311249136732
XYLD,2023-12-22T00:00:00Z,29.01,29.03,28.97,29.0,385054.0,28.93,EVALUATION,0.003103448275862064
XYLD,2023-12-26T00:00:00Z,29.0,29.09,29.0,29.09,353843.0,29.023333333333333,EVALUATION,-0.0006875214850463607
XYLD,2023-12-27T00:00:00Z,29.06,29.1,29.06,29.07,718496.0,29.053333333333335,EVALUATION,0.002407980736154114
XYLD,2023-12-28T00:00:00Z,29.14,29.14,29.11,29.14,469475.0,29.1,EVALUATION,-0.0017158544955387933
XYLD,2023-12-29T00:00:00Z,29.11,29.14,29.06,29.09,756022.0,29.1,EVALUATION,0.00034376074252318034
XYLD,2024-01-02T00:00:00Z,29.03,29.11,29.03,29.1,634026.0,29.11,EVALUATION,-0.003092783505154628
XYLD,2024-01-03T00:00:00Z,29.06,29.08,28.98,29.01,527851.0,29.06666666666667,EVALUATION,-0.0010341261633919352
XYLD,2024-01-04T00:00:00Z,29.0,29.08,28.93,28.98,412586.0,29.03,EVALUATION,0.0017253278122844051
XYLD,2024-01-05T00:00:00Z,28.99,29.09,28.93,29.03,1331089.0,29.006666666666668,EVALUATION,0.006544953496383066
XYLD,2024-01-08T00:00:00Z,29.02,29.22,28.99,29.22,865090.0,29.076666666666668,EVALUATION,-0.000684462696783017
XYLD,2024-01-09T00:00:00Z,29.15,29.22,29.14,29.2,528584.0,29.15,EVALUATION,0.001712328767123239
XYLD,2024-01-10T00:00:00Z,29.21,29.27,29.21,29.25,415886.0,29.223333333333333,EVALUATION,0.0020512820512819108
XYLD,2024-01-11T00:00:00Z,29.25,29.32,29.21,29.31,741325.0,29.25333333333333,EVALUATION,-0.0003411804844761779
XYLD,2024-01-12T00:00:00Z,29.3,29.33,29.28,29.3,255815.0,29.28666666666667,EVALUATION,-0.00034129692832773895
XYLD,2024-01-16T00:00:00Z,29.21,29.34,29.21,29.29,454507.0,29.3,EVALUATION,-0.0003414134516899203
XYLD,2024-01-17T00:00:00Z,29.24,29.3,29.21,29.28,452541.0,29.29,EVALUATION,0.002049180327868827
XYLD,2024-01-18T00:00:00Z,29.36,29.38,29.33,29.34,495092.0,29.303333333333335,EVALUATION,0.005112474437627856
XYLD,2024-01-19T00:00:00Z,29.39,29.51,29.3,29.49,467946.0,29.369999999999997,EVALUATION,0.0010172939979653517
XYLD,2024-01-22T00:00:00Z,29.55,29.58,29.52,29.52,717259.0,29.45,EVALUATION,0.0016937669376693165
XYLD,2024-01-23T00:00:00Z,29.55,29.59,29.52,29.57,413252.0,29.526666666666667,EVALUATION,0.00101454176530269
XYLD,2024-01-24T00:00:00Z,29.64,29.64,29.58,29.6,581051.0,29.563333333333333,EVALUATION,0.0006756756756756133
XYLD,2024-01-25T00:00:00Z,29.63,29.65,29.59,29.62,310668.0,29.596666666666668,EVALUATION,0.0013504388926399713
XYLD,2024-01-26T00:00:00Z,29.64,29.67,29.63,29.66,464723.0,29.626666666666665,EVALUATION,0.0010114632501685428
XYLD,2024-01-29T00:00:00Z,29.66,29.7,29.65,29.69,388543.0,29.656666666666666,EVALUATION,0.0010104412260019124
XYLD,2024-01-30T00:00:00Z,29.72,29.72,29.68,29.72,471995.0,29.689999999999998,EVALUATION,-0.0037012113055181484
XYLD,2024-01-31T00:00:00Z,29.69,29.71,29.6,29.61,517775.0,29.673333333333332,EVALUATION,0.002701789935832588
XYLD,2024-02-01T00:00:00Z,29.68,29.72,29.63,29.69,276090.0,29.673333333333332,EVALUATION,0.0023576961940048324
XYLD,2024-02-02T00:00:00Z,29.72,29.76,29.7,29.76,466105.0,29.686666666666667,EVALUATION,0.0010080645161290036
XYLD,2024-02-05T00:00:00Z,29.77,29.79,29.74,29.79,372971.0,29.746666666666666,EVALUATION,0.0006713662302786361
XYLD,2024-02-06T00:00:00Z,29.8,29.81,29.76,29.81,484230.0,29.786666666666665,EVALUATION,0.0003354579000336422
XYLD,2024-02-07T00:00:00Z,29.8,29.83,29.8,29.82,544910.0,29.806666666666665,EVALUATION,0.0006706908115359234
XYLD,2024-02-08T00:00:00Z,29.84,29.84,29.82,29.84,327651.0,29.82333333333333,EVALUATION,0.0
XYLD,2024-02-09T00:00:00Z,29.87,29.87,29.82,29.84,356826.0,29.833333333333336,EVALUATION,-0.0006702412868632157
XYLD,2024-02-12T00:00:00Z,29.85,29.85,29.82,29.82,491804.0,29.833333333333336,EVALUATION,0.0006706908115359234
XYLD,2024-02-13T00:00:00Z,29.8,29.84,29.8,29.84,501087.0,29.833333333333336,EVALUATION,0.00033512064343166337
XYLD,2024-02-14T00:00:00Z,29.87,29.87,29.82,29.85,338613.0,29.836666666666666,EVALUATION,0.0006700167504187782
XYLD,2024-02-15T00:00:00Z,29.89,29.89,29.84,29.87,480270.0,29.853333333333335,EVALUATION,-0.0016739203213926857
XYLD,2024-02-16T00:00:00Z,29.9,29.91,29.69,29.82,602840.0,29.846666666666668,EVALUATION,-0.0026827632461435824
XYLD,2024-02-20T00:00:00Z,29.75,29.8,29.62,29.74,418768.0,29.81,EVALUATION,0.0
XYLD,2024-02-21T00:00:00Z,29.67,29.74,29.6,29.74,424900.0,29.766666666666666,EVALUATION,0.00806993947545398
XYLD,2024-02-22T00:00:00Z,29.92,30.01,29.9,29.98,484073.0,29.82,EVALUATION,0.002001334222815121
XYLD,2024-02-23T00:00:00Z,30.02,30.06,30.0,30.04,357006.0,29.92,EVALUATION,0.0006657789613848664
XYLD,2024-02-26T00:00:00Z,30.06,30.07,30.03,30.06,360711.0,30.026666666666667,EVALUATION,0.0006653359946773296
XYLD,2024-02-27T00:00:00Z,30.06,30.08,30.02,30.08,333180.0,30.06,EVALUATION,0.0
XYLD,2024-02-28T00:00:00Z,30.05,30.08,30.02,30.08,382379.0,30.07333333333333,EVALUATION,0.0006648936170214892
XYLD,2024-02-29T00:00:00Z,30.07,30.13,30.05,30.1,385720.0,30.086666666666666,EVALUATION,0.0023255813953488857
XYLD,2024-03-01T00:00:00Z,30.11,30.17,30.11,30.17,385913.0,30.116666666666667,EVALUATION,0.0
XYLD,2024-03-04T00:00:00Z,30.11,30.18,30.11,30.17,324505.0,30.14666666666667,EVALUATION,-0.001988730527013649
XYLD,2024-03-05T00:00:00Z,30.12,30.16,30.05,30.11,309062.0,30.15,EVALUATION,0.0019926934573231136
XYLD,2024-03-06T00:00:00Z,30.17,30.17,30.12,30.17,359721.0,30.15,EVALUATION,0.0006629101756712164
XYLD,2024-03-07T00:00:00Z,30.17,30.21,30.17,30.19,330726.0,30.156666666666666,EVALUATION,0.0009937065253393662
XYLD,2024-03-08T00:00:00Z,30.2,30.24,30.19,30.22,417767.0,30.193333333333335,EVALUATION,-0.0003309066843149022
XYLD,2024-03-11T00:00:00Z,30.18,30.23,30.17,30.21,282323.0,30.206666666666667,EVALUATION,0.0016550810989739428
XYLD,2024-03-12T00:00:00Z,30.21,30.26,30.21,30.26,349553.0,30.23,EVALUATION,0.0006609385327165374
XYLD,2024-03-13T00:00:00Z,30.25,30.28,30.25,30.28,329162.0,30.25,EVALUATION,0.00033025099075301156
XYLD,2024-03-14T00:00:00Z,30.3,30.3,30.26,30.29,1109885.0,30.276666666666667,EVALUATION,0.0029712776493893145
XYLD,2024-03-15T00:00:00Z,30.24,30.48,30.23,30.38,528368.0,30.316666666666666,EVALUATION,0.00296247531270577
XYLD,2024-03-18T00:00:00Z,30.51,30.53,30.45,30.47,357425.0,30.38,EVALUATION,0.0022973416475222663
XYLD,2024-03-19T00:00:00Z,30.45,30.55,30.42,30.54,272963.0,30.46333333333333,EVALUATION,0.003601833660772824
XYLD,2024-03-20T00:00:00Z,30.56,30.67,30.53,30.65,392264.0,30.553333333333335,EVALUATION,0.002283849918433889
XYLD,2024-03-21T00:00:00Z,30.76,30.76,30.67,30.72,300386.0,30.636666666666667,EVALUATION,-0.0013020833333332593
XYLD,2024-03-22T00:00:00Z,30.72,30.74,30.68,30.68,394089.0,30.683333333333334,EVALUATION,0.00032594524119944346
XYLD,2024-03-25T00:00:00Z,30.62,30.72,30.62,30.69,389353.0,30.696666666666665,EVALUATION,0.0
XYLD,2024-03-26T00:00:00Z,30.72,30.75,30.69,30.69,450871.0,30.686666666666667,EVALUATION,0.0026067122841315626
XYLD,2024-03-27T00:00:00Z,30.75,30.78,30.72,30.77,352151.0,30.71666666666667,EVALUATION,0.0009749756256094422
XYLD,2024-03-28T00:00:00Z,30.78,30.81,30.76,30.8,290271.0,30.753333333333334,EVALUATION,-0.00032467532467539417
XYLD,2024-04-01T00:00:00Z,30.81,30.82,30.77,30.79,226283.0,30.78666666666667,EVALUATION,-0.0009743423189346734
XYLD,2024-04-02T00:00:00Z,30.72,30.76,30.69,30.76,253239.0,30.783333333333335,EVALUATION,0.0009752925877761776
XYLD,2024-04-03T00:00:00Z,30.73,30.79,30.72,30.79,373519.0,30.78,EVALUATION,-0.00519649236765185
XYLD,2024-04-04T00:00:00Z,30.81,30.85,30.6,30.63,483366.0,30.726666666666667,EVALUATION,0.003917727717923647
XYLD,2024-04-05T00:00:00Z,30.66,30.8,30.66,30.75,400984.0,30.723333333333333,EVALUATION,0.0013008130081300084
XYLD,2024-04-08T00:00:00Z,30.78,30.82,30.76,30.79,371777.0,30.723333333333333,EVALUATION,0.0012991230919128238
XYLD,2024-04-09T00:00:00Z,30.79,30.84,30.7,30.83,277241.0,30.79,EVALUATION,-0.003892312682452048
XYLD,2024-04-10T00:00:00Z,30.66,30.78,30.66,30.71,640332.0,30.776666666666664,EVALUATION,0.003581895148160097
XYLD,2024-04-11T00:00:00Z,30.78,30.87,30.69,30.82,255780.0,30.786666666666665,EVALUATION,-0.004218040233614495
XYLD,2024-04-12T00:00:00Z,30.79,30.79,30.58,30.69,382272.0,30.740000000000002,EVALUATION,-0.006842619745845546
XYLD,2024-04-15T00:00:00Z,30.77,30.85,30.43,30.48,365228.0,30.663333333333334,EVALUATION,-0.0006561679790025865
XYLD,2024-04-16T00:00:00Z,30.53,30.57,30.38,30.46,477316.0,30.543333333333337,EVALUATION,-0.005252790544977071
XYLD,2024-04-17T00:00:00Z,30.56,30.6,30.22,30.3,442805.0,30.413333333333334,EVALUATION,-0.001980198019802093
XYLD,2024-04-18T00:00:00Z,30.32,30.5,30.18,30.24,459865.0,30.333333333333336,EVALUATION,-0.007605820105820005
XYLD,2024-04-19T00:00:00Z,30.2,30.27,29.96,30.01,480623.0,30.183333333333334,EVALUATION,0.00666444518493825
XYLD,2024-04-22T00:00:00Z,30.13,30.27,30.07,30.21,711947.0,30.153333333333336,EVALUATION,0.0049652432969216065
XYLD,2024-04-23T00:00:00Z,30.26,30.38,30.24,30.36,654935.0,30.193333333333335,EVALUATION,0.0019762845849802257
XYLD,2024-04-24T00:00:00Z,30.43,30.43,30.33,30.42,380069.0,30.33,EVALUATION,-0.002629848783694988
XYLD,2024-04-25T00:00:00Z,30.21,30.38,30.17,30.34,293595.0,30.373333333333335,EVALUATION,0.0039551746868820015
XYLD,2024-04-26T00:00:00Z,30.41,30.5,30.4,30.46,317423.0,30.406666666666666,EVALUATION,0.0016414970453053623
XYLD,2024-04-29T00:00:00Z,30.5,30.54,30.48,30.51,315798.0,30.436666666666667,EVALUATION,-0.003605375286791279
XYLD,2024-04-30T00:00:00Z,30.53,30.55,30.37,30.4,319352.0,30.456666666666667,EVALUATION,-0.0006578947368420796
XYLD,2024-05-01T00:00:00Z,30.4,30.53,30.34,30.38,462484.0,30.43,EVALUATION,0.0039499670836076195
XYLD,2024-05-02T00:00:00Z,30.49,30.52,30.34,30.5,420808.0,30.426666666666666,EVALUATION,0.00459016393442635
XYLD,2024-05-03T00:00:00Z,30.65,30.65,30.57,30.64,463675.0,30.506666666666668,EVALUATION,0.0013054830287206887
XYLD,2024-05-06T00:00:00Z,30.66,30.69,30.65,30.68,309891.0,30.606666666666666,EVALUATION,-0.0006518904823989979
XYLD,2024-05-07T00:00:00Z,30.69,30.7,30.66,30.66,433686.0,30.66,EVALUATION,0.0016307893020222064
XYLD,2024-05-08T00:00:00Z,30.66,30.72,30.66,30.71,261130.0,30.683333333333334,EVALUATION,0.0006512536633018762
XYLD,2024-05-09T00:00:00Z,30.68,30.73,30.68,30.73,331033.0,30.700000000000003,EVALUATION,0.00032541490400261885
XYLD,2024-05-10T00:00:00Z,30.73,30.74,30.71,30.74,292293.0,30.726666666666667,EVALUATION,0.0006506180871830303
XYLD,2024-05-13T00:00:00Z,30.75,30.76,30.72,30.76,766706.0,30.743333333333332,EVALUATION,0.0
XYLD,2024-05-14T00:00:00Z,30.74,30.76,30.73,30.76,420126.0,30.753333333333334,EVALUATION,-0.00032509752925879987
XYLD,2024-05-15T00:00:00Z,30.77,30.77,30.72,30.75,385454.0,30.756666666666668,EVALUATION,0.0009756097560975618
XYLD,2024-05-16T00:00:00Z,30.78,30.78,30.72,30.78,529804.0,30.763333333333335,EVALUATION,-0.002599090318388675
XYLD,2024-05-17T00:00:00Z,30.81,30.81,30.63,30.7,386403.0,30.743333333333332,EVALUATION,0.0006514657980456473
XYLD,2024-05-20T00:00:00Z,30.7,30.74,30.68,30.72,260883.0,30.733333333333334,EVALUATION,0.0009765625
XYLD,2024-05-21T00:00:00Z,30.68,30.75,30.68,30.75,343153.0,30.723333333333333,EVALUATION,-0.001626016260162677
XYLD,2024-05-22T00:00:00Z,30.75,30.75,30.64,30.7,299825.0,30.723333333333333,EVALUATION,-0.0032573289902279035
XYLD,2024-05-23T00:00:00Z,30.81,30.81,30.58,30.6,328011.0,30.683333333333334,EVALUATION,0.00588235294117645
XYLD,2024-05-24T00:00:00Z,30.7,30.78,30.66,30.78,260478.0,30.693333333333335,EVALUATION,-0.0009746588693957392
XYLD,2024-05-28T00:00:00Z,30.78,30.78,30.69,30.75,331726.0,30.71,EVALUATION,-0.0029268292682926855
XYLD,2024-05-29T00:00:00Z,30.66,30.68,30.62,30.66,491380.0,30.73,EVALUATION,-0.004566210045662156
XYLD,2024-05-30T00:00:00Z,30.61,30.63,30.47,30.52,514526.0,30.643333333333334,EVALUATION,0.006553079947575258
XYLD,2024-05-31T00:00:00Z,30.6,30.72,30.36,30.72,331207.0,30.633333333333333,EVALUATION,-0.0003255208333332593
XYLD,2024-06-03T00:00:00Z,30.75,30.78,30.56,30.71,449883.0,30.65,EVALUATION,0.0006512536633018762
XYLD,2024-06-04T00:00:00Z,30.7,30.76,30.63,30.73,318215.0,30.72,EVALUATION,0.00520663846404168
XYLD,2024-06-05T00:00:00Z,30.81,30.9,30.77,30.89,623507.0,30.776666666666667,EVALUATION,0.0009711880867595557
XYLD,2024-06-06T00:00:00Z,30.9,30.92,30.88,30.92,237449.0,30.846666666666668,EVALUATION,0.001293661060802087
XYLD,2024-06-07T00:00:00Z,30.89,30.99,30.89,30.96,261315.0,30.923333333333332,EVALUATION,-0.0003229974160207094
XYLD,2024-06-10T00:00:00Z,30.91,30.98,30.91,30.95,453271.0,30.943333333333335,EVALUATION,0.001615508885298933
XYLD,2024-06-11T00:00:00Z,30.98,31.0,30.92,31.0,272844.0,30.97,EVALUATION,0.002258064516128977
XYLD,2024-06-12T00:00:00Z,31.07,31.09,31.04,31.07,372396.0,31.006666666666668,EVALUATION,0.0009655616350177088
XYLD,2024-06-13T00:00:00Z,31.11,31.11,31.07,31.1,316573.0,31.05666666666667,EVALUATION,-0.0003215434083602142
XYLD,2024-06-14T00:00:00Z,31.13,31.13,31.08,31.09,320235.0,31.086666666666666,EVALUATION,0.001286587327114841
XYLD,2024-06-17T00:00:00Z,31.13,31.14,31.11,31.13,374535.0,31.10666666666667,EVALUATION,-0.0003212335367811514
XYLD,2024-06-18T00:00:00Z,31.11,31.15,31.11,31.12,415933.0,31.113333333333333,EVALUATION,0.00032133676092538366
XYLD,2024-06-20T00:00:00Z,31.13,31.15,31.12,31.13,360151.0,31.126666666666665,EVALUATION,0.0
XYLD,2024-06-21T00:00:00Z,31.14,31.18,31.06,31.13,344692.0,31.126666666666665,EVALUATION,-0.0003212335367811514
XYLD,2024-06-24T00:00:00Z,31.12,31.19,31.1,31.12,289131.0,31.126666666666665,EVALUATION,0.0016066838046273624
XYLD,2024-06-25T00:00:00Z,31.12,31.19,31.09,31.17,509998.0,31.14,EVALUATION,0.0009624639076033503
XYLD,2024-06-26T00:00:00Z,31.13,31.23,31.09,31.2,318387.0,31.163333333333334,EVALUATION,0.0012820512820512775
XYLD,2024-06-27T00:00:00Z,31.23,31.25,31.18,31.24,444618.0,31.203333333333333,EVALUATION,-0.000640204865556937
XYLD,2024-06-28T00:00:00Z,31.28,31.34,31.17,31.22,723398.0,31.22,EVALUATION,0.0009609224855862131
XYLD,2024-07-01T00:00:00Z,31.24,31.3,31.18,31.25,355966.0,31.236666666666665,EVALUATION,0.0032000000000000917
XYLD,2024-07-02T00:00:00Z,31.23,31.36,31.21,31.35,274897.0,31.273333333333333,EVALUATION,0.0025518341307815273
XYLD,2024-07-03T00:00:00Z,31.4,31.43,31.35,31.43,159772.0,31.343333333333334,EVALUATION,0.0009545020680878924
XYLD,2024-07-05T00:00:00Z,31.43,31.49,31.42,31.46,314991.0,31.413333333333334,EVALUATION,0.0015893197711380758
XYLD,2024-07-08T00:00:00Z,31.48,31.51,31.46,31.51,281289.0,31.46666666666667,EVALUATION,0.0
XYLD,2024-07-09T00:00:00Z,31.52,31.53,31.51,31.51,301399.0,31.493333333333332,EVALUATION,0.0012694382735638499
XYLD,2024-07-10T00:00:00Z,31.52,31.55,31.52,31.55,267794.0,31.523333333333333,EVALUATION,-0.0009508716323296529
XYLD,2024-07-11T00:00:00Z,31.53,31.55,31.52,31.52,283596.0,31.526666666666667,EVALUATION,0.0019035532994924331
XYLD,2024-07-12T00:00:00Z,31.52,31.58,31.52,31.58,637053.0,31.549999999999997,EVALUATION,0.0
XYLD,2024-07-15T00:00:00Z,31.58,31.6,31.56,31.58,298935.0,31.559999999999995,EVALUATION,-0.0009499683343887622
XYLD,2024-07-16T00:00:00Z,31.61,31.61,31.55,31.55,344131.0,31.57,EVALUATION,0.0
XYLD,2024-07-17T00:00:00Z,31.55,31.59,31.55,31.55,358449.0,31.560000000000002,EVALUATION,0.0012678288431060558
XYLD,2024-07-18T00:00:00Z,31.59,31.6,31.58,31.59,535678.0,31.563333333333333,EVALUATION,-0.005698005698005715
XYLD,2024-07-19T00:00:00Z,31.61,31.61,31.35,31.41,551173.0,31.516666666666666,EVALUATION,0.005730659025787954
XYLD,2024-07-22T00:00:00Z,31.51,31.59,31.46,31.59,343966.0,31.53,EVALUATION,0.0
XYLD,2024-07-23T00:00:00Z,31.59,31.62,31.56,31.59,246760.0,31.53,EVALUATION,-0.014878125989237101
XYLD,2024-07-24T00:00:00Z,31.42,31.43,31.12,31.12,359256.0,31.43333333333333,EVALUATION,-0.001928020565552746
XYLD,2024-07-25T00:00:00Z,31.12,31.39,30.98,31.06,496590.0,31.256666666666668,EVALUATION,0.008692852543464191
XYLD,2024-07-26T00:00:00Z,31.21,31.39,31.18,31.33,389912.0,31.17,EVALUATION,0.0006383657835939971
XYLD,2024-07-29T00:00:00Z,31.39,31.41,31.25,31.35,337362.0,31.24666666666667,EVALUATION,-0.003827751196172291
XYLD,2024-07-30T00:00:00Z,31.41,31.42,31.08,31.23,369665.0,31.303333333333335,EVALUATION,0.009606147934678289
XYLD,2024-07-31T00:00:00Z,31.54,31.63,31.45,31.53,336797.0,31.37,EVALUATION,-0.007928956549318134
XYLD,2024-08-01T00:00:00Z,31.6,31.66,31.13,31.28,427226.0,31.346666666666668,EVALUATION,-0.014386189258312143
XYLD,2024-08-02T00:00:00Z,30.93,31.01,30.59,30.83,676721.0,31.21333333333333,EVALUATION,-0.028543626337982464
XYLD,2024-08-05T00:00:00Z,29.56,30.32,29.52,29.95,1167290.0,30.686666666666667,EVALUATION,0.011686143572620988
XYLD,2024-08-06T00:00:00Z,30.27,30.69,30.02,30.3,727795.0,30.36,EVALUATION,-0.006930693069306937
XYLD,2024-08-07T00:00:00Z,30.62,30.81,30.04,30.09,514084.0,30.11333333333333,EVALUATION,0.02226653373213705
XYLD,2024-08-08T00:00:00Z,30.41,30.78,30.25,30.76,331320.0,30.383333333333333,EVALUATION,0.0035760728218465765
XYLD,2024-08-09T00:00:00Z,30.71,30.97,30.64,30.87,228460.0,30.573333333333334,EVALUATION,0.0009718172983477213
XYLD,2024-08-12T00:00:00Z,31.0,31.07,30.79,30.9,361603.0,30.843333333333334,EVALUATION,0.016181229773462702
XYLD,2024-08-13T00:00:00Z,31.11,31.41,31.09,31.4,263463.0,31.056666666666665,EVALUATION,0.004777070063694433
XYLD,2024-08-14T00:00:00Z,31.48,31.58,31.31,31.55,420697.0,31.28333333333333,EVALUATION,0.01204437400950864
XYLD,2024-08-15T00:00:00Z,31.77,31.96,31.77,31.93,390373.0,31.626666666666665,EVALUATION,0.006263701847792236
XYLD,2024-08-16T00:00:00Z,31.95,32.14,31.94,32.13,449140.0,31.87,EVALUATION,0.004357298474945592
XYLD,2024-08-19T00:00:00Z,32.15,32.27,32.12,32.27,381980.0,32.11,EVALUATION,-0.00185931205453993
XYLD,2024-08-20T00:00:00Z,32.25,32.27,32.19,32.21,369263.0,32.20333333333333,EVALUATION,0.0006209251785158632
XYLD,2024-08-21T00:00:00Z,32.28,32.28,32.16,32.23,3194659.0,32.236666666666665,EVALUATION,-0.00155134967421644
XYLD,2024-08-22T00:00:00Z,32.3,32.3,32.11,32.18,289415.0,32.20666666666666,EVALUATION,0.003107520198881275
XYLD,2024-08-23T00:00:00Z,32.2,32.32,32.2,32.28,378968.0,32.23,EVALUATION,0.00030978934324643603
XYLD,2024-08-26T00:00:00Z,32.36,32.38,32.25,32.29,439049.0,32.25,EVALUATION,0.0009290802105914597
XYLD,2024-08-27T00:00:00Z,32.24,32.34,32.24,32.32,235969.0,32.29666666666667,EVALUATION,-0.0009282178217822068
XYLD,2024-08-28T00:00:00Z,32.33,32.34,32.17,32.29,279048.0,32.3,EVALUATION,0.001548467017652655
XYLD,2024-08-29T00:00:00Z,32.3,32.39,32.28,32.34,262399.0,32.31666666666667,EVALUATION,0.00340136054421758
XYLD,2024-08-30T00:00:00Z,32.37,32.45,32.32,32.45,223114.0,32.36,EVALUATION,-0.008320493066255819
XYLD,2024-09-03T00:00:00Z,32.4,32.4,32.08,32.18,292940.0,32.32333333333334,EVALUATION,-0.0018645121193288094
XYLD,2024-09-04T00:00:00Z,32.11,32.27,32.09,32.12,444012.0,32.25,EVALUATION,0.0009339975093400898
XYLD,2024-09-05T00:00:00Z,32.12,32.24,32.02,32.15,230016.0,32.15,EVALUATION,-0.010575427682737115
XYLD,2024-09-06T00:00:00Z,32.16,32.22,31.74,31.81,568120.0,32.026666666666664,EVALUATION,0.008802263439170233
XYLD,2024-09-09T00:00:00Z,31.98,32.12,31.92,32.09,254151.0,32.016666666666666,EVALUATION,0.0021813649111870337
XYLD,2024-09-10T00:00:00Z,32.16,32.17,31.96,32.16,242951.0,32.019999999999996,EVALUATION,0.006840796019900619
XYLD,2024-09-11T00:00:00Z,32.18,32.39,31.81,32.38,319530.0,32.21,EVALUATION,0.0030883261272387497
XYLD,2024-09-12T00:00:00Z,32.42,32.5,32.32,32.48,420690.0,32.34,EVALUATION,0.0015394088669951067
XYLD,2024-09-13T00:00:00Z,32.52,32.58,32.51,32.53,290234.0,32.46333333333334,EVALUATION,0.0024592683676605276
XYLD,2024-09-16T00:00:00Z,32.55,32.61,32.53,32.61,493277.0,32.54,EVALUATION,-0.00030665440049060244
XYLD,2024-09-17T00:00:00Z,32.67,32.69,32.56,32.6,408562.0,32.58,EVALUATION,0.0006134969325151118
XYLD,2024-09-18T00:00:00Z,32.6,32.7,32.58,32.62,382539.0,32.61,EVALUATION,0.001532801961986685
XYLD,2024-09-19T00:00:00Z,32.71,32.71,32.65,32.67,446398.0,32.63,EVALUATION,-0.00030609121518232474
XYLD,2024-09-20T00:00:00Z,32.66,32.73,32.53,32.66,312674.0,32.65,EVALUATION,0.003368034292712929
XYLD,2024-09-23T00:00:00Z,32.76,32.77,32.69,32.77,221984.0,32.7,EVALUATION,0.0009154714678056841
XYLD,2024-09-24T00:00:00Z,32.78,32.8,32.7,32.8,243912.0,32.74333333333333,EVALUATION,0.0003048780487806546
XYLD,2024-09-25T00:00:00Z,32.8,32.81,32.73,32.81,420271.0,32.79333333333334,EVALUATION,-0.00030478512648601797
XYLD,2024-09-26T00:00:00Z,32.86,32.86,32.78,32.8,211784.0,32.80333333333333,EVALUATION,0.0012195121951221743
XYLD,2024-09-27T00:00:00Z,32.87,32.87,32.78,32.84,359301.0,32.81666666666666,EVALUATION,0.0012180267965895553
XYLD,2024-09-30T00:00:00Z,32.8,32.88,32.74,32.88,333669.0,32.84,EVALUATION,-0.0048661800486619056
XYLD,2024-10-01T00:00:00Z,32.88,32.88,32.66,32.72,334433.0,32.81333333333333,EVALUATION,0.0021393643031784038
XYLD,2024-10-02T00:00:00Z,32.76,32.8,32.66,32.79,388104.0,32.79666666666667,EVALUATION,-0.0018298261665142812
XYLD,2024-10-03T00:00:00Z,32.75,32.79,32.67,32.73,339443.0,32.74666666666666,EVALUATION,0.005805071799572348
XYLD,2024-10-04T00:00:00Z,32.84,32.92,32.78,32.92,278947.0,32.81333333333333,EVALUATION,-0.0027339003645201476
XYLD,2024-10-07T00:00:00Z,32.91,32.92,32.76,32.83,305322.0,32.82666666666667,EVALUATION,0.003959792872372914
XYLD,2024-10-08T00:00:00Z,32.87,32.96,32.86,32.96,191957.0,32.903333333333336,EVALUATION,0.0021237864077670032
XYLD,2024-10-09T00:00:00Z,32.97,33.04,32.95,33.03,338059.0,32.94,EVALUATION,0.0009082652134424496
XYLD,2024-10-10T00:00:00Z,33.06,33.07,33.0,33.06,318818.0,33.016666666666666,EVALUATION,0.0021173623714458856
XYLD,2024-10-11T00:00:00Z,33.06,33.14,33.06,33.13,219230.0,33.07333333333334,EVALUATION,0.0003018412315121122
XYLD,2024-10-14T00:00:00Z,33.16,33.16,33.14,33.14,322988.0,33.11,EVALUATION,0.0009052504526252392
XYLD,2024-10-15T00:00:00Z,33.16,33.17,33.13,33.17,263614.0,33.14666666666667,EVALUATION,0.00030147723846840613
XYLD,2024-10-16T00:00:00Z,33.2,33.2,33.13,33.18,1984178.0,33.163333333333334,EVALUATION,-0.0006027727546715766
XYLD,2024-10-17T00:00:00Z,33.21,33.21,33.15,33.16,320724.0,33.17,EVALUATION,0.000904704463208672
XYLD,2024-10-18T00:00:00Z,33.19,33.21,33.09,33.19,460037.0,33.17666666666666,EVALUATION,0.00030129557095515125
XYLD,2024-10-21T00:00:00Z,33.16,33.2,33.08,33.2,299601.0,33.18333333333334,EVALUATION,-0.001807228915662762
XYLD,2024-10-22T00:00:00Z,33.05,33.2,33.04,33.14,320108.0,33.17666666666667,EVALUATION,-0.0036210018105008457
XYLD,2024-10-23T00:00:00Z,33.13,33.14,32.87,33.02,356738.0,33.120000000000005,EVALUATION,0.00030284675953962115
XYLD,2024-10-24T00:00:00Z,33.11,33.11,32.96,33.03,255472.0,33.06333333333333,EVALUATION,0.0003027550711474092
XYLD,2024-10-25T00:00:00Z,33.16,33.21,33.02,33.04,287389.0,33.03,EVALUATION,0.0027239709443100946
XYLD,2024-10-28T00:00:00Z,33.16,33.18,33.12,33.13,305556.0,33.06666666666667,EVALUATION,0.001509206157561005
XYLD,2024-10-29T00:00:00Z,33.08,33.19,33.04,33.18,197217.0,33.11666666666667,EVALUATION,-0.0015069318866786086
XYLD,2024-10-30T00:00:00Z,33.15,33.2,33.08,33.13,264539.0,33.14666666666667,EVALUATION,-0.013582855418050155
XYLD,2024-10-31T00:00:00Z,33.0,33.0,32.68,32.68,332340.0,32.99666666666667,EVALUATION,0.003671970624234966
XYLD,2024-11-01T00:00:00Z,32.85,32.99,32.8,32.8,238936.0,32.87,EVALUATION,-0.0012195121951219523
XYLD,2024-11-04T00:00:00Z,32.79,32.89,32.69,32.76,354316.0,32.74666666666666,EVALUATION,0.010683760683760646
XYLD,2024-11-05T00:00:00Z,32.88,33.11,32.87,33.11,219414.0,32.89,EVALUATION,0.013289036544850363
XYLD,2024-11-06T00:00:00Z,33.5,33.64,33.44,33.55,1763230.0,33.14,EVALUATION,0.003576751117734922
XYLD,2024-11-07T00:00:00Z,33.64,33.68,33.6,33.67,291123.0,33.443333333333335,EVALUATION,0.0014850014850014137
XYLD,2024-11-08T00:00:00Z,33.71,33.72,33.68,33.72,394982.0,33.64666666666667,EVALUATION,0.0005931198102018254
XYLD,2024-11-11T00:00:00Z,33.74,33.75,33.71,33.74,569743.0,33.71,EVALUATION,-0.0002963841138116097
XYLD,2024-11-12T00:00:00Z,33.75,33.75,33.7,33.73,297511.0,33.730000000000004,EVALUATION,0.0002964719833977725
XYLD,2024-11-13T00:00:00Z,33.71,33.76,33.71,33.74,365592.0,33.736666666666665,EVALUATION,0.0
XYLD,2024-11-14T00:00:00Z,33.77,33.77,33.73,33.74,254303.0,33.736666666666665,EVALUATION,-0.006224066390041472
XYLD,2024-11-15T00:00:00Z,33.73,33.77,33.48,33.53,407641.0,33.67,EVALUATION,0.003578884580972108
XYLD,2024-11-18T00:00:00Z,33.59,33.67,33.52,33.65,358687.0,33.64,EVALUATION,0.0014858841010403356
XYLD,2024-11-19T00:00:00Z,33.58,33.71,33.51,33.7,333947.0,33.626666666666665,EVALUATION,-0.00029673590504464276
XYLD,2024-11-20T00:00:00Z,33.69,33.7,33.53,33.69,274465.0,33.68,EVALUATION,0.002374591867023046
XYLD,2024-11-21T00:00:00Z,33.7,33.78,33.61,33.77,239369.0,33.72,EVALUATION,0.0026650873556410826
XYLD,2024-11-22T00:00:00Z,33.78,33.86,33.74,33.86,356015.0,33.77333333333333,EVALUATION,0.0002953337271116574
XYLD,2024-11-25T00:00:00Z,33.94,33.94,33.85,33.87,426782.0,33.833333333333336,EVALUATION,0.0032477118393858806
XYLD,2024-11-26T00:00:00Z,33.92,33.98,33.85,33.98,287279.0,33.903333333333336,EVALUATION,-0.001471453796350719
XYLD,2024-11-27T00:00:00Z,33.93,33.97,33.91,33.93,200966.0,33.92666666666666,EVALUATION,0.0017683465959328348
XYLD,2024-11-29T00:00:00Z,33.97,34.02,33.95,33.99,203503.0,33.96666666666667,EVALUATION,0.0014710208884964882
XYLD,2024-12-02T00:00:00Z,34.0,34.05,34.0,34.04,287033.0,33.986666666666665,EVALUATION,0.000881316098707341
XYLD,2024-12-03T00:00:00Z,34.07,34.07,34.03,34.07,233326.0,34.03333333333333,EVALUATION,0.0005870267097154436
XYLD,2024-12-04T00:00:00Z,34.11,34.11,34.05,34.09,256215.0,34.06666666666667,EVALUATION,0.0005866823115281417
XYLD,2024-12-05T00:00:00Z,34.09,34.13,34.07,34.11,251953.0,34.09,EVALUATION,0.00029316915860455595
XYLD,2024-12-06T00:00:00Z,34.12,34.14,34.03,34.12,273976.0,34.10666666666667,EVALUATION,0.0005861664712778492
XYLD,2024-12-09T00:00:00Z,34.16,34.16,34.09,34.14,357770.0,34.123333333333335,EVALUATION,0.00029291154071464653
XYLD,2024-12-10T00:00:00Z,34.15,34.15,34.11,34.15,561625.0,34.13666666666667,EVALUATION,0.0005856515373354743
XYLD,2024-12-11T00:00:00Z,34.15,34.17,34.14,34.17,373488.0,34.153333333333336,EVALUATION,-0.0005853087503658871
XYLD,2024-12-12T00:00:00Z,34.17,34.18,34.14,34.15,277095.0,34.156666666666666,EVALUATION,0.0011713030746705044
XYLD,2024-12-13T00:00:00Z,34.19,34.19,34.16,34.19,223653.0,34.17,EVALUATION,-0.0002924831822169738
XYLD,2024-12-16T00:00:00Z,34.19,34.2,34.18,34.18,325395.0,34.17333333333333,EVALUATION,0.00029256875365701873
XYLD,2024-12-17T00:00:00Z,34.19,34.21,34.16,34.19,384547.0,34.18666666666667,EVALUATION,-0.006142146826557449
XYLD,2024-12-18T00:00:00Z,34.24,34.24,33.94,33.98,609530.0,34.11666666666667,EVALUATION,0.0026486168334314275
XYLD,2024-12-19T00:00:00Z,34.17,34.19,34.03,34.07,446617.0,34.08,EVALUATION,0.0184913413560317
XYLD,2024-12-20T00:00:00Z,34.0,34.79,33.96,34.7,849614.0,34.25,EVALUATION,0.0037463976945244504
XYLD,2024-12-23T00:00:00Z,34.71,34.84,34.6,34.83,436984.0,34.53333333333333,EVALUATION,0.004593741027849596
XYLD,2024-12-24T00:00:00Z,34.87,35.0,34.85,34.99,295805.0,34.84,EVALUATION,0.0011431837667905675
XYLD,2024-12-26T00:00:00Z,35.0,35.03,34.95,35.03,262231.0,34.95,EVALUATION,-0.00228375677990289
XYLD,2024-12-27T00:00:00Z,35.04,35.04,34.8,34.95,313469.0,34.99,EVALUATION,-0.0042918454935624295
XYLD,2024-12-30T00:00:00Z,34.78,34.88,34.6,34.8,452062.0,34.92666666666667,EVALUATION,-0.0011494252873562871
XYLD,2024-12-31T00:00:00Z,34.84,34.86,34.69,34.76,569268.0,34.836666666666666,EVALUATION,-0.0025891829689297374
XYLD,2025-01-02T00:00:00Z,34.82,34.89,34.53,34.67,433034.0,34.74333333333333,EVALUATION,0.006345543697721334
XYLD,2025-01-03T00:00:00Z,34.79,34.97,34.75,34.89,410869.0,34.77333333333333,EVALUATION,0.0034393809114359186
XYLD,2025-01-06T00:00:00Z,35.04,35.12,35.01,35.01,617791.0,34.85666666666667,EVALUATION,-0.0025706940874035134
XYLD,2025-01-07T00:00:00Z,35.16,35.16,34.84,34.92,794716.0,34.94,EVALUATION,0.0017182130584190158
XYLD,2025-01-08T00:00:00Z,34.92,34.98,34.8,34.98,411371.0,34.97,EVALUATION,-0.00857632933104624
XYLD,2025-01-10T00:00:00Z,34.89,34.89,34.56,34.68,2257826.0,34.86,EVALUATION,0.0020184544405996707
XYLD,2025-01-13T00:00:00Z,34.4,34.75,34.39,34.75,391624.0,34.803333333333335,EVALUATION,0.0014388489208632116
XYLD,2025-01-14T00:00:00Z,34.88,34.88,34.59,34.8,547190.0,34.74333333333333,EVALUATION,0.012068965517241459
XYLD,2025-01-15T00:00:00Z,35.07,35.22,35.06,35.22,434477.0,34.92333333333333,EVALUATION,0.0005678591709257219
XYLD,2025-01-16T00:00:00Z,35.24,35.26,35.16,35.24,533424.0,35.086666666666666,EVALUATION,0.0
XYLD,2025-01-17T00:00:00Z,35.38,35.38,35.1,35.24,848569.0,35.233333333333334,EVALUATION,0.005107832009080493
XYLD,2025-01-21T00:00:00Z,35.36,35.43,35.28,35.42,826216.0,35.300000000000004,EVALUATION,0.0022586109542630517
XYLD,2025-01-22T00:00:00Z,35.51,35.51,35.45,35.5,648848.0,35.38666666666667,EVALUATION,0.0022535211267604716
XYLD,2025-01-23T00:00:00Z,35.51,35.58,35.46,35.58,465101.0,35.5,EVALUATION,-0.0005621135469363603
XYLD,2025-01-24T00:00:00Z,35.57,35.58,35.51,35.56,426274.0,35.54666666666667,EVALUATION,-0.0059055118110236116
XYLD,2025-01-27T00:00:00Z,35.15,35.35,35.11,35.35,687249.0,35.49666666666667,EVALUATION,0.004243281471004279
XYLD,2025-01-28T00:00:00Z,35.39,35.5,35.25,35.5,1148631.0,35.47,EVALUATION,-0.0014084507042252392
XYLD,2025-01-29T00:00:00Z,35.55,35.55,35.35,35.45,451398.0,35.43333333333334,EVALUATION,0.0025387870239772514
XYLD,2025-01-30T00:00:00Z,35.47,35.57,35.43,35.54,391367.0,35.49666666666667,EVALUATION,-0.002532357906584015
XYLD,2025-01-31T00:00:00Z,35.61,35.63,35.43,35.45,557207.0,35.480000000000004,EVALUATION,-0.0042313117066292705
XYLD,2025-02-03T00:00:00Z,35.12,35.41,35.08,35.3,600197.0,35.43,EVALUATION,0.005949008498583597
XYLD,2025-02-04T00:00:00Z,35.37,35.51,35.35,35.51,580482.0,35.42,EVALUATION,0.0028161081385524867
XYLD,2025-02-05T00:00:00Z,35.47,35.61,35.42,35.61,375510.0,35.47333333333333,EVALUATION,0.002527379949452513
XYLD,2025-02-06T00:00:00Z,35.66,35.7,35.59,35.7,479416.0,35.60666666666667,EVALUATION,-0.0036414565826331513
XYLD,2025-02-07T00:00:00Z,35.72,35.72,35.51,35.57,493071.0,35.626666666666665,EVALUATION,0.0033736294630306585
XYLD,2025-02-10T00:00:00Z,35.66,35.7,35.63,35.69,400972.0,35.653333333333336,EVALUATION,0.0008405715886803389
XYLD,2025-02-11T00:00:00Z,35.69,35.72,35.64,35.72,371582.0,35.66,EVALUATION,0.0
XYLD,2025-02-12T00:00:00Z,35.61,35.72,35.53,35.72,563434.0,35.71,EVALUATION,0.002519596864501761
XYLD,2025-02-13T00:00:00Z,35.73,35.81,35.7,35.81,679610.0,35.75,EVALUATION,0.0008377548170901417
XYLD,2025-02-14T00:00:00Z,35.83,35.85,35.82,35.84,418995.0,35.79,EVALUATION,0.0011160714285713969
XYLD,2025-02-18T00:00:00Z,35.87,35.88,35.83,35.88,599310.0,35.843333333333334,EVALUATION,0.0005574136008916764
XYLD,2025-02-19T00:00:00Z,35.88,35.9,35.86,35.9,380093.0,35.873333333333335,EVALUATION,0.0
XYLD,2025-02-20T00:00:00Z,35.89,35.9,35.84,35.9,397938.0,35.89333333333333,EVALUATION,-0.013370473537604344
XYLD,2025-02-21T00:00:00Z,35.92,35.92,35.4,35.42,1275887.0,35.74,EVALUATION,-0.0016939582156973998
XYLD,2025-02-24T00:00:00Z,35.48,35.55,35.28,35.36,894489.0,35.56,EVALUATION,-0.003676470588235392
XYLD,2025-02-25T00:00:00Z,35.29,35.35,34.99,35.23,744429.0,35.336666666666666,EVALUATION,0.0005676979846722663
XYLD,2025-02-26T00:00:00Z,35.3,35.43,35.11,35.25,568330.0,35.28,EVALUATION,-0.01276595744680864
XYLD,2025-02-27T00:00:00Z,35.37,35.39,34.75,34.8,1020489.0,35.093333333333334,EVALUATION,0.012931034482758674
XYLD,2025-02-28T00:00:00Z,34.8,35.26,34.66,35.25,962725.0,35.1,EVALUATION,-0.015035460992907868
XYLD,2025-03-03T00:00:00Z,35.31,35.39,34.53,34.72,784440.0,34.92333333333333,EVALUATION,-0.009792626728110543
XYLD,2025-03-04T00:00:00Z,34.47,34.8,34.09,34.38,1622059.0,34.78333333333333,EVALUATION,0.010180337405468087
XYLD,2025-03-05T00:00:00Z,34.42,34.81,34.15,34.73,749288.0,34.61,EVALUATION,-0.01612438813705719
XYLD,2025-03-06T00:00:00Z,34.34,34.52,33.98,34.17,895978.0,34.42666666666667,EVALUATION,0.004975124378109541
XYLD,2025-03-07T00:00:00Z,34.06,34.4,33.73,34.34,613387.0,34.413333333333334,EVALUATION,-0.025917297612114143
XYLD,2025-03-10T00:00:00Z,33.86,33.94,33.13,33.45,1073189.0,33.986666666666665,EVALUATION,-0.008669656203288634
XYLD,2025-03-11T00:00:00Z,33.37,33.53,32.91,33.16,4538187.0,33.65,EVALUATION,0.004523522316043582
XYLD,2025-03-12T00:00:00Z,33.53,33.57,33.02,33.31,587933.0,33.306666666666665,EVALUATION,-0.012608826178324928
XYLD,2025-03-13T00:00:00Z,33.32,33.32,32.78,32.89,1319012.0,33.12,EVALUATION,0.020979020979020824
XYLD,2025-03-14T00:00:00Z,33.19,33.61,33.12,33.58,464344.0,33.26,EVALUATION,0.00655151876116733
XYLD,2025-03-17T00:00:00Z,33.5,33.96,33.5,33.8,446000.0,33.42333333333333,EVALUATION,-0.009763313609467361
XYLD,2025-03-18T00:00:00Z,33.67,33.67,33.34,33.47,607303.0,33.61666666666667,EVALUATION,0.009560800717060003
XYLD,2025-03-19T00:00:00Z,33.53,34.01,33.49,33.79,819217.0,33.68666666666667,EVALUATION,-0.0005918910920389431
XYLD,2025-03-20T00:00:00Z,33.61,34.01,33.54,33.77,813875.0,33.67666666666667,EVALUATION,-0.0023689665383478387
XYLD,2025-03-21T00:00:00Z,33.48,33.69,33.37,33.69,545607.0,33.75,EVALUATION,0.007123775601068694
XYLD,2025-03-24T00:00:00Z,33.85,33.95,33.79,33.93,457394.0,33.79666666666667,EVALUATION,-0.00029472443265543546
XYLD,2025-03-25T00:00:00Z,33.95,33.97,33.9,33.92,1071085.0,33.846666666666664,EVALUATION,-0.00176886792452835
XYLD,2025-03-26T00:00:00Z,33.92,33.97,33.77,33.86,637454.0,33.903333333333336,EVALUATION,-0.0026580035440045835
XYLD,2025-03-27T00:00:00Z,33.8,33.88,33.74,33.77,583037.0,33.85,EVALUATION,-0.009771986970684154
XYLD,2025-03-28T00:00:00Z,33.75,33.78,33.42,33.44,692944.0,33.69,EVALUATION,0.005382775119617156
XYLD,2025-03-31T00:00:00Z,33.18,33.64,33.1,33.62,666640.0,33.61,EVALUATION,0.0005948839976206433
XYLD,2025-04-01T00:00:00Z,33.5,33.71,33.39,33.64,444061.0,33.56666666666666,EVALUATION,0.0032699167657550543
XYLD,2025-04-02T00:00:00Z,33.48,33.84,33.38,33.75,475299.0,33.67,EVALUATION,-0.03022222222222226
XYLD,2025-04-03T00:00:00Z,32.98,33.17,32.66,32.73,1021987.0,33.373333333333335,EVALUATION,-0.058356248090436824
XYLD,2025-04-04T00:00:00Z,31.95,32.0,30.79,30.82,2774478.0,32.43333333333333,EVALUATION,-0.0055158987670343995
XYLD,2025-04-07T00:00:00Z,29.79,31.83,29.4,30.65,2314983.0,31.4,EVALUATION,-0.010766721044045635
XYLD,2025-04-08T00:00:00Z,31.76,31.99,29.86,30.32,1326713.0,30.596666666666668,EVALUATION,0.08970976253298146
XYLD,2025-04-09T00:00:00Z,30.05,33.12,30.05,33.04,2280553.0,31.336666666666666,EVALUATION,-0.03389830508474567
XYLD,2025-04-10T00:00:00Z,32.49,32.49,31.09,31.92,1176128.0,31.76,EVALUATION,0.020676691729323293
XYLD,2025-04-11T00:00:00Z,31.79,32.62,31.72,32.58,797691.0,32.513333333333335,EVALUATION,0.008901166359729817
XYLD,2025-04-14T00:00:00Z,33.13,33.14,32.58,32.87,805896.0,32.45666666666666,EVALUATION,-0.0027380590203832655
XYLD,2025-04-15T00:00:00Z,32.88,33.12,32.74,32.78,820147.0,32.74333333333333,EVALUATION,-0.020744356314826073
XYLD,2025-04-16T00:00:00Z,32.46,32.63,31.75,32.1,780823.0,32.583333333333336,EVALUATION,0.004049844236760025
XYLD,2025-04-17T00:00:00Z,32.17,32.34,31.98,32.23,544644.0,32.370000000000005,EVALUATION,-0.013341607198262384
XYLD,2025-04-21T00:00:00Z,32.08,32.09,31.55,31.8,1612316.0,32.04333333333334,EVALUATION,0.015094339622641506
XYLD,2025-04-22T00:00:00Z,32.0,32.31,32.0,32.28,1309580.0,32.10333333333333,EVALUATION,0.0074349442379182396
XYLD,2025-04-23T00:00:00Z,32.65,32.77,32.44,32.52,1489861.0,32.2,EVALUATION,0.007380073800737907
XYLD,2025-04-24T00:00:00Z,32.57,32.77,32.56,32.76,1443627.0,32.52,EVALUATION,0.003663003663003872
XYLD,2025-04-25T00:00:00Z,32.78,32.9,32.73,32.88,764614.0,32.72,EVALUATION,0.0012165450121655041
XYLD,2025-04-28T00:00:00Z,32.92,32.93,32.8,32.92,698051.0,32.85333333333334,EVALUATION,0.0018226002430132837
XYLD,2025-04-29T00:00:00Z,32.88,32.99,32.88,32.98,554775.0,32.92666666666667,EVALUATION,-0.00030321406913269566
XYLD,2025-04-30T00:00:00Z,32.96,32.99,32.74,32.97,1485277.0,32.95666666666666,EVALUATION,0.002123142250530785
XYLD,2025-05-01T00:00:00Z,33.06,33.07,33.0,33.04,761807.0,32.99666666666667,EVALUATION,0.001815980629539915
XYLD,2025-05-02T00:00:00Z,33.09,33.11,33.07,33.1,617685.0,33.03666666666667,EVALUATION,0.0003021148036252974
XYLD,2025-05-05T00:00:00Z,33.07,33.15,33.07,33.11,679320.0,33.083333333333336,EVALUATION,0.0
XYLD,2025-05-06T00:00:00Z,33.12,33.14,33.09,33.11,746521.0,33.10666666666667,EVALUATION,0.0009060706735126711
XYLD,2025-05-07T00:00:00Z,33.1,33.16,33.09,33.14,728070.0,33.120000000000005,EVALUATION,0.0003017501508750797
XYLD,2025-05-08T00:00:00Z,33.17,33.18,33.13,33.15,865971.0,33.13333333333333,EVALUATION,0.0003016591251885359
XYLD,2025-05-09T00:00:00Z,33.19,33.19,33.16,33.16,974938.0,33.15,EVALUATION,0.0021109770808203088
XYLD,2025-05-12T00:00:00Z,33.23,33.23,33.17,33.23,1942734.0,33.18,EVALUATION,-0.0006018657839300667
XYLD,2025-05-13T00:00:00Z,33.22,33.22,33.19,33.21,1165182.0,33.2,EVALUATION,0.0
XYLD,2025-05-14T00:00:00Z,33.23,33.23,33.19,33.21,1465287.0,33.21666666666667,EVALUATION,-0.0003011141222523106
XYLD,2025-05-15T00:00:00Z,33.21,33.23,33.18,33.2,579823.0,33.20666666666667,EVALUATION,0.001506024096385561
XYLD,2025-05-16T00:00:00Z,33.26,33.27,33.03,33.25,1083567.0,33.22,EVALUATION,0.0012030075187969835
XYLD,2025-05-19T00:00:00Z,33.09,33.29,33.07,33.29,1182675.0,33.24666666666667,EVALUATION,-0.002703514568939469
XYLD,2025-05-20T00:00:00Z,33.23,33.26,33.13,33.2,740220.0,33.24666666666667,EVALUATION,-0.008734939759036386
XYLD,2025-05-21T00:00:00Z,33.09,33.23,32.88,32.91,693855.0,33.13333333333333,EVALUATION,0.001823154056517895
XYLD,2025-05-22T00:00:00Z,32.95,33.07,32.88,32.97,676794.0,33.02666666666667,EVALUATION,-0.0045495905368516665
XYLD,2025-05-23T00:00:00Z,32.66,32.92,32.63,32.82,992240.0,32.9,EVALUATION,0.014320536258378924
XYLD,2025-05-27T00:00:00Z,33.09,33.29,33.04,33.29,766044.0,33.026666666666664,EVALUATION,-0.0030039050765996445
XYLD,2025-05-28T00:00:00Z,33.27,33.32,33.17,33.19,389131.0,33.099999999999994,EVALUATION,0.0018077734257306854
XYLD,2025-05-29T00:00:00Z,33.36,33.36,33.12,33.25,617271.0,33.24333333333333,EVALUATION,0.0006015037593984918
XYLD,2025-05-30T00:00:00Z,33.25,33.32,33.06,33.27,655879.0,33.236666666666665,EVALUATION,0.003306281935677724
XYLD,2025-06-02T00:00:00Z,33.26,33.4,33.16,33.38,509039.0,33.300000000000004,EVALUATION,0.00329538645895755
XYLD,2025-06-03T00:00:00Z,33.39,33.51,33.39,33.49,344412.0,33.38,EVALUATION,0.00029859659599873467
XYLD,2025-06-04T00:00:00Z,33.53,33.54,33.49,33.5,757796.0,33.45666666666666,EVALUATION,-0.002388059701492473
XYLD,2025-06-05T00:00:00Z,33.56,33.58,33.41,33.42,741251.0,33.47,EVALUATION,0.006582884500299091
XYLD,2025-06-06T00:00:00Z,33.59,33.64,33.58,33.64,736046.0,33.519999999999996,EVALUATION,0.0005945303210461717
XYLD,2025-06-09T00:00:00Z,33.66,33.69,33.63,33.66,448013.0,33.57333333333333,EVALUATION,0.0017825311942960553
XYLD,2025-06-10T00:00:00Z,33.68,33.73,33.67,33.72,423036.0,33.67333333333333,EVALUATION,-0.000889679715302516
XYLD,2025-06-11T00:00:00Z,33.74,33.75,33.67,33.69,1306341.0,33.69,EVALUATION,0.0017809439002671734
XYLD,2025-06-12T00:00:00Z,33.7,33.75,33.66,33.75,588745.0,33.72,EVALUATION,-0.003259259259259295
XYLD,2025-06-13T00:00:00Z,33.68,33.74,33.61,33.64,783289.0,33.69333333333333,EVALUATION,0.004161712247324534
XYLD,2025-06-16T00:00:00Z,33.79,33.82,33.69,33.78,710320.0,33.72333333333333,EVALUATION,-0.002072232089994075
XYLD,2025-06-17T00:00:00Z,33.75,33.79,33.69,33.71,758821.0,33.71,EVALUATION,0.002669830910708937
XYLD,2025-06-18T00:00:00Z,33.77,33.82,33.71,33.8,580453.0,33.763333333333335,EVALUATION,-0.0035502958579880506
XYLD,2025-06-20T00:00:00Z,33.83,33.91,33.56,33.68,889639.0,33.73,EVALUATION,0.0038598574821853138
XYLD,2025-06-23T00:00:00Z,33.69,33.81,33.59,33.81,964581.0,33.763333333333335,EVALUATION,0.005028098195799968
XYLD,2025-06-24T00:00:00Z,33.94,33.99,33.91,33.98,845391.0,33.82333333333334,EVALUATION,0.0005885815185404653
XYLD,2025-06-25T00:00:00Z,34.0,34.01,33.95,34.0,729735.0,33.93,EVALUATION,0.0020588235294116686
XYLD,2025-06-26T00:00:00Z,34.05,34.07,34.03,34.07,542870.0,34.016666666666666,EVALUATION,0.001174053419430665
XYLD,2025-06-27T00:00:00Z,34.09,34.12,34.06,34.11,572412.0,34.06,EVALUATION,0.0017590149516271136
XYLD,2025-06-30T00:00:00Z,34.14,34.17,34.12,34.17,717755.0,34.11666666666667,EVALUATION,0.00029265437518288806
XYLD,2025-07-01T00:00:00Z,34.14,34.18,34.14,34.18,489438.0,34.153333333333336,EVALUATION,0.0
XYLD,2025-07-02T00:00:00Z,34.15,34.19,34.15,34.18,740555.0,34.17666666666666,EVALUATION,0.0017554125219427785
XYLD,2025-07-03T00:00:00Z,34.23,34.24,34.22,34.24,322190.0,34.2,EVALUATION,0.0020443925233644133
XYLD,2025-07-07T00:00:00Z,34.24,34.31,34.2,34.31,703047.0,34.24333333333333,EVALUATION,-0.0017487612940834119
XYLD,2025-07-08T00:00:00Z,34.28,34.28,34.23,34.25,511414.0,34.266666666666666,EVALUATION,0.00029197080291964994
XYLD,2025-07-09T00:00:00Z,34.26,34.27,34.24,34.26,764193.0,34.27333333333333,EVALUATION,0.0005837711617047159
XYLD,2025-07-10T00:00:00Z,34.27,34.29,34.27,34.28,494417.0,34.263333333333335,EVALUATION,0.0
XYLD,2025-07-11T00:00:00Z,34.3,34.3,34.28,34.28,450337.0,34.27333333333333,EVALUATION,0.0008751458576430338
XYLD,2025-07-14T00:00:00Z,34.29,34.31,34.29,34.31,607593.0,34.290000000000006,EVALUATION,-0.00029146021568071667
XYLD,2025-07-15T00:00:00Z,34.31,34.31,34.3,34.3,531292.0,34.29666666666667,EVALUATION,0.00029154518950447184
XYLD,2025-07-16T00:00:00Z,34.31,34.31,34.3,34.31,674917.0,34.306666666666665,EVALUATION,0.0
XYLD,2025-07-17T00:00:00Z,34.31,34.32,34.31,34.31,825688.0,34.306666666666665,EVALUATION,-0.0029146021568056124
XYLD,2025-07-18T00:00:00Z,34.34,34.35,34.14,34.21,805222.0,34.27666666666667,EVALUATION,-0.00029231218941827564
XYLD,2025-07-21T00:00:00Z,34.19,34.28,34.18,34.2,703137.0,34.24,EVALUATION,0.0011695906432749315
XYLD,2025-07-22T00:00:00Z,34.22,34.24,34.14,34.24,729419.0,34.21666666666667,EVALUATION,0.003504672897196137
XYLD,2025-07-23T00:00:00Z,34.29,34.36,34.26,34.36,959364.0,34.266666666666666,EVALUATION,0.00029103608847491635
XYLD,2025-07-24T00:00:00Z,34.39,34.41,34.37,34.37,642132.0,34.32333333333333,EVALUATION,0.0023276112889150102
XYLD,2025-07-25T00:00:00Z,34.41,34.45,34.39,34.45,495759.0,34.39333333333333,EVALUATION,0.0008708272859214716
XYLD,2025-07-28T00:00:00Z,34.48,34.49,34.44,34.48,826232.0,34.43333333333333,EVALUATION,-0.001160092807424573
XYLD,2025-07-29T00:00:00Z,34.49,34.5,34.42,34.44,670660.0,34.45666666666666,EVALUATION,0.00029036004645766056
XYLD,2025-07-30T00:00:00Z,34.45,34.49,34.37,34.45,719259.0,34.45666666666666,EVALUATION,-0.0011611030478956286
XYLD,2025-07-31T00:00:00Z,34.54,34.54,34.37,34.41,694855.0,34.43333333333333,EVALUATION,-0.008427782621331037
XYLD,2025-08-01T00:00:00Z,34.23,34.25,34.01,34.12,1299352.0,34.32666666666667,EVALUATION,0.009964830011723436
XYLD,2025-08-04T00:00:00Z,34.26,34.46,34.26,34.46,688894.0,34.33,EVALUATION,-0.0017411491584445882
XYLD,2025-08-05T00:00:00Z,34.44,34.48,34.34,34.4,656238.0,34.32666666666667,EVALUATION,0.0034883720930234396
XYLD,2025-08-06T00:00:00Z,34.42,34.53,34.4,34.52,758616.0,34.46,EVALUATION,0.0
XYLD,2025-08-07T00:00:00Z,34.57,34.59,34.45,34.52,1012921.0,34.480000000000004,EVALUATION,0.0037659327925838593
XYLD,2025-08-08T00:00:00Z,34.6,34.65,34.58,34.65,589892.0,34.56333333333333,EVALUATION,-0.000288600288600227
XYLD,2025-08-11T00:00:00Z,34.65,34.67,34.62,34.64,579480.0,34.60333333333333,EVALUATION,0.0017321016166282899
XYLD,2025-08-12T00:00:00Z,34.67,34.7,34.66,34.7,642218.0,34.663333333333334,EVALUATION,0.0005763688760804797
XYLD,2025-08-13T00:00:00Z,34.72,34.72,34.71,34.72,388757.0,34.68666666666667,EVALUATION,0.0
XYLD,2025-08-14T00:00:00Z,34.72,34.72,34.71,34.72,384368.0,34.71333333333333,EVALUATION,-0.004608294930875445
XYLD,2025-08-15T00:00:00Z,34.76,34.76,34.49,34.56,744332.0,34.666666666666664,EVALUATION,0.0002893518518518601
XYLD,2025-08-18T00:00:00Z,34.55,34.58,34.54,34.57,528460.0,34.61666666666667,EVALUATION,-0.002603413364188678
XYLD,2025-08-19T00:00:00Z,34.57,34.6,34.44,34.48,664888.0,34.53666666666667,EVALUATION,-0.001160092807424573
XYLD,2025-08-20T00:00:00Z,34.48,34.48,34.25,34.44,756830.0,34.49666666666666,EVALUATION,-0.00261324041811839
XYLD,2025-08-21T00:00:00Z,34.38,34.42,34.28,34.35,873245.0,34.42333333333333,EVALUATION,0.00902474526928665
XYLD,2025-08-22T00:00:00Z,34.4,34.69,34.4,34.66,837996.0,34.483333333333334,EVALUATION,-0.0011540680900172795
XYLD,2025-08-25T00:00:00Z,34.62,34.7,34.62,34.62,602550.0,34.54333333333334,EVALUATION,0.0023108030040439598
XYLD,2025-08-26T00:00:00Z,34.62,34.7,34.61,34.7,630721.0,34.66,EVALUATION,0.0008645533141209416
XYLD,2025-08-27T00:00:00Z,34.71,34.75,34.66,34.73,819667.0,34.68333333333334,EVALUATION,0.0017276130146848256
XYLD,2025-08-28T00:00:00Z,34.75,34.81,34.72,34.79,540142.0,34.74,EVALUATION,-0.0017246335153779935
XYLD,2025-08-29T00:00:00Z,34.76,34.79,34.67,34.73,630469.0,34.75,EVALUATION,-0.0034552260293693182
XYLD,2025-09-02T00:00:00Z,34.54,34.61,34.39,34.61,805891.0,34.71,EVALUATION,0.0028893383415198315
XYLD,2025-09-03T00:00:00Z,34.69,34.73,34.63,34.71,637905.0,34.68333333333334,EVALUATION,0.004609622587150586
XYLD,2025-09-04T00:00:00Z,34.78,34.87,34.74,34.87,546201.0,34.730000000000004,EVALUATION,0.0
XYLD,2025-09-05T00:00:00Z,34.95,35.0,34.74,34.87,1046056.0,34.81666666666666,EVALUATION,0.001720676799541243
XYLD,2025-09-08T00:00:00Z,34.9,34.94,34.89,34.93,739170.0,34.89,EVALUATION,0.0008588605782995362
XYLD,2025-09-09T00:00:00Z,34.92,34.96,34.89,34.96,633209.0,34.92,EVALUATION,0.0005720823798625041
XYLD,2025-09-10T00:00:00Z,35.03,35.03,34.96,34.98,551049.0,34.95666666666666,EVALUATION,0.0017152658662094034
XYLD,2025-09-11T00:00:00Z,35.03,35.05,35.02,35.04,645772.0,34.99333333333333,EVALUATION,0.0008561643835616195
XYLD,2025-09-12T00:00:00Z,35.07,35.09,35.06,35.07,738804.0,35.03,EVALUATION,0.0005702879954376794
XYLD,2025-09-15T00:00:00Z,35.09,35.11,35.08,35.09,670792.0,35.06666666666666,EVALUATION,0.00028498147620403813
XYLD,2025-09-16T00:00:00Z,35.11,35.11,35.1,35.1,578747.0,35.086666666666666,EVALUATION,0.0005698005698004938
XYLD,2025-09-17T00:00:00Z,35.08,35.12,35.08,35.12,1907698.0,35.10333333333333,EVALUATION,0.0
XYLD,2025-09-18T00:00:00Z,35.13,35.13,35.12,35.12,771862.0,35.11333333333333,EVALUATION,0.0
XYLD,2025-09-19T00:00:00Z,35.16,35.16,35.0,35.12,894511.0,35.12,EVALUATION,0.001993166287015846
XYLD,2025-09-22T00:00:00Z,35.13,35.2,35.06,35.19,736844.0,35.14333333333333,EVALUATION,-0.001989201477692548
XYLD,2025-09-23T00:00:00Z,35.2,35.2,35.08,35.12,599906.0,35.14333333333333,EVALUATION,-0.0008542141230066802
XYLD,2025-09-24T00:00:00Z,35.15,35.16,35.04,35.09,969592.0,35.13333333333333,EVALUATION,-0.0017098888572243398
XYLD,2025-09-25T00:00:00Z,34.99,35.06,34.91,35.03,1091880.0,35.08,EVALUATION,0.003711104767342155
XYLD,2025-09-26T00:00:00Z,35.08,35.18,35.04,35.16,611005.0,35.093333333333334,EVALUATION,0.0019908987485779406
XYLD,2025-09-29T00:00:00Z,35.25,35.26,35.19,35.23,768837.0,35.14,EVALUATION,0.0014192449616805547
XYLD,2025-09-30T00:00:00Z,35.22,35.3,35.19,35.28,875662.0,35.22333333333333,EVALUATION,0.001984126984126977
XYLD,2025-10-01T00:00:00Z,35.24,35.36,35.23,35.35,734271.0,35.28666666666666,EVALUATION,0.0005657708628004077
XYLD,2025-10-02T00:00:00Z,35.43,35.43,35.32,35.37,620090.0,35.33333333333333,EVALUATION,0.0008481764206955678
XYLD,2025-10-03T00:00:00Z,35.4,35.44,35.37,35.4,1456228.0,35.373333333333335,EVALUATION,0.001977401129943601
XYLD,2025-10-06T00:00:00Z,35.44,35.47,35.41,35.47,657885.0,35.41333333333333,EVALUATION,-0.0014096419509443958
XYLD,2025-10-07T00:00:00Z,35.48,35.48,35.39,35.42,600692.0,35.43,EVALUATION,0.0022586109542630517
XYLD,2025-10-08T00:00:00Z,35.45,35.5,35.44,35.5,527365.0,35.46333333333333,EVALUATION,-0.0005633802816902289
XYLD,2025-10-09T00:00:00Z,35.51,35.52,35.46,35.48,612615.0,35.46666666666667,EVALUATION,-0.01381059751972924
XYLD,2025-10-10T00:00:00Z,35.53,35.55,34.98,34.99,3252117.0,35.32333333333334,EVALUATION,0.012289225492998046
XYLD,2025-10-13T00:00:00Z,35.29,35.45,35.27,35.42,1680455.0,35.29666666666667,EVALUATION,-0.000564652738565874
XYLD,2025-10-14T00:00:00Z,35.22,35.49,35.06,35.4,834557.0,35.269999999999996,EVALUATION,0.0025423728813560587
XYLD,2025-10-15T00:00:00Z,35.54,35.57,35.31,35.49,799401.0,35.43666666666667,EVALUATION,-0.0011270780501549948
XYLD,2025-10-16T00:00:00Z,35.54,35.58,35.31,35.45,1498526.0,35.446666666666665,EVALUATION,0.008180535966149538
XYLD,2025-10-17T00:00:00Z,35.4,35.74,35.4,35.74,1409884.0,35.56,EVALUATION,0.006155567991046329
XYLD,2025-10-20T00:00:00Z,35.82,35.98,35.82,35.96,802325.0,35.71666666666667,EVALUATION,0.0
XYLD,2025-10-21T00:00:00Z,35.92,36.0,35.92,35.96,884702.0,35.88666666666667,EVALUATION,-0.0016685205784204848
XYLD,2025-10-22T00:00:00Z,35.96,35.97,35.77,35.9,1137664.0,35.94,EVALUATION,0.0027855153203342198
XYLD,2025-10-23T00:00:00Z,35.94,36.02,35.91,36.0,796902.0,35.95333333333333,EVALUATION,0.003055555555555589
XYLD,2025-10-24T00:00:00Z,36.11,36.12,36.09,36.11,536025.0,36.00333333333333,EVALUATION,0.002769315978953246
XYLD,2025-10-27T00:00:00Z,36.21,36.21,36.18,36.21,639239.0,36.10666666666667,EVALUATION,0.0
XYLD,2025-10-28T00:00:00Z,36.23,36.23,36.2,36.21,476749.0,36.17666666666667,EVALUATION,0.0
XYLD,2025-10-29T00:00:00Z,36.24,36.24,36.17,36.21,826961.0,36.21,EVALUATION,-0.0013808340237504435
XYLD,2025-10-30T00:00:00Z,36.2,36.22,36.15,36.16,987219.0,36.193333333333335,EVALUATION,-0.00027654867256632354
XYLD,2025-10-31T00:00:00Z,36.22,36.24,36.14,36.15,625455.0,36.17333333333333,EVALUATION,0.0024896265560165887
XYLD,2025-11-03T00:00:00Z,36.23,36.26,36.18,36.24,654669.0,36.18333333333333,EVALUATION,-0.0027593818984548157
XYLD,2025-11-04T00:00:00Z,36.13,36.21,36.12,36.14,621507.0,36.17666666666666,EVALUATION,0.0019369120088543745
XYLD,2025-11-05T00:00:00Z,36.16,36.26,36.14,36.21,377645.0,36.196666666666665,EVALUATION,-0.0030378348522507315
XYLD,2025-11-06T00:00:00Z,36.22,36.22,36.07,36.1,545542.0,36.15,EVALUATION,0.0013850415512464131
XYLD,2025-11-07T00:00:00Z,36.07,36.16,35.9,36.15,835542.0,36.153333333333336,EVALUATION,0.0052558782849241314
XYLD,2025-11-10T00:00:00Z,36.28,36.34,36.26,36.34,746657.0,36.196666666666665,EVALUATION,0.000825536598789034
XYLD,2025-11-11T00:00:00Z,36.34,36.37,36.32,36.37,432002.0,36.28666666666667,EVALUATION,0.0002749518834206377
XYLD,2025-11-12T00:00:00Z,36.39,36.39,36.35,36.38,1612122.0,36.36333333333334,EVALUATION,-0.00357339197361195
XYLD,2025-11-13T00:00:00Z,36.33,36.37,36.21,36.25,907431.0,36.333333333333336,EVALUATION,0.0005517241379311422
XYLD,2025-11-14T00:00:00Z,36.1,36.33,36.06,36.27,892665.0,36.300000000000004,EVALUATION,-0.0002757099531294216
XYLD,2025-11-17T00:00:00Z,36.26,36.34,36.13,36.26,1076473.0,36.260000000000005,EVALUATION,-0.0035852178709320226
XYLD,2025-11-18T00:00:00Z,36.13,36.24,35.98,36.13,1109428.0,36.22,EVALUATION,0.00442845280929971
XYLD,2025-11-19T00:00:00Z,36.14,36.32,36.14,36.29,1207723.0,36.22666666666667,EVALUATION,-0.007715624138881272
XYLD,2025-11-20T00:00:00Z,36.46,36.49,35.97,36.01,1649769.0,36.14333333333333,EVALUATION,0.010274923632324517
XYLD,2025-11-21T00:00:00Z,36.14,36.53,35.95,36.38,1578460.0,36.22666666666667,EVALUATION,0.008246289169873577
XYLD,2025-11-24T00:00:00Z,36.56,36.7,36.51,36.68,1050453.0,36.35666666666667,EVALUATION,0.0032715376226826187
XYLD,2025-11-25T00:00:00Z,36.69,36.83,36.6,36.8,841629.0,36.62,EVALUATION,0.0027173913043478937
XYLD,2025-11-26T00:00:00Z,36.86,36.91,36.85,36.9,414203.0,36.79333333333333,EVALUATION,0.001626016260162677
XYLD,2025-11-28T00:00:00Z,36.91,36.96,36.91,36.96,296377.0,36.88666666666666,EVALUATION,-0.00027056277056269895
XYLD,2025-12-01T00:00:00Z,36.9,36.97,36.9,36.95,670960.0,36.93666666666667,EVALUATION,0.0008119079837616283
XYLD,2025-12-02T00:00:00Z,36.97,36.99,36.95,36.98,665997.0,36.96333333333334,EVALUATION,0.0008112493239589291
XYLD,2025-12-03T00:00:00Z,36.97,37.02,36.96,37.01,469234.0,36.980000000000004,EVALUATION,0.0013509862199405642
XYLD,2025-12-04T00:00:00Z,37.04,37.06,37.01,37.06,549164.0,37.016666666666666,EVALUATION,0.0005396654074472096
XYLD,2025-12-05T00:00:00Z,37.06,37.08,37.04,37.08,665990.0,37.05,EVALUATION,-0.0002696871628909969
XYLD,2025-12-08T00:00:00Z,37.08,37.08,37.05,37.07,842365.0,37.07,EVALUATION,0.0002697599136767259
XYLD,2025-12-09T00:00:00Z,37.08,37.08,37.06,37.08,407337.0,37.07666666666667,EVALUATION,0.0008090614886731018
XYLD,2025-12-10T00:00:00Z,37.11,37.11,37.07,37.11,796793.0,37.086666666666666,EVALUATION,0.0002694691457827414
XYLD,2025-12-11T00:00:00Z,37.11,37.13,37.09,37.12,1088053.0,37.10333333333333,EVALUATION,0.0002693965517241992
XYLD,2025-12-12T00:00:00Z,37.14,37.14,37.09,37.13,900350.0,37.12,EVALUATION,0.0
XYLD,2025-12-15T00:00:00Z,37.14,37.14,37.12,37.13,932275.0,37.126666666666665,EVALUATION,0.0005386479935360899
XYLD,2025-12-16T00:00:00Z,37.12,37.15,37.12,37.15,684060.0,37.13666666666667,EVALUATION,-0.0005383580080752237
XYLD,2025-12-17T00:00:00Z,37.14,37.16,37.13,37.13,541941.0,37.13666666666667,EVALUATION,0.0008079719903042459
XYLD,2025-12-18T00:00:00Z,37.16,37.17,37.14,37.16,684258.0,37.14666666666666,EVALUATION,0.006458557588805203
XYLD,2025-12-19T00:00:00Z,37.18,37.41,37.18,37.4,1256575.0,37.23,EVALUATION,0.002941176470588225
XYLD,2025-12-22T00:00:00Z,37.51,37.54,37.47,37.51,1588175.0,37.35666666666666,EVALUATION,0.0021327645961077835
XYLD,2025-12-23T00:00:00Z,37.5,37.59,37.5,37.59,625753.0,37.5,EVALUATION,0.001330140994945328
XYLD,2025-12-24T00:00:00Z,37.59,37.64,37.59,37.64,320074.0,37.58,EVALUATION,0.0005313496280552332
XYLD,2025-12-26T00:00:00Z,37.64,37.67,37.63,37.66,401449.0,37.63,EVALUATION,-0.00026553372278270704
XYLD,2025-12-29T00:00:00Z,37.63,37.67,37.61,37.65,918919.0,37.65,EVALUATION,0.0
XYLD,2025-12-30T00:00:00Z,37.65,37.67,37.64,37.65,1084260.0,37.65333333333333,EVALUATION,-0.0026560424966799445
XYLD,2025-12-31T00:00:00Z,37.65,37.67,37.55,37.55,810256.0,37.61666666666666,EVALUATION,0.0021304926764316168
XYLD,2026-01-02T00:00:00Z,37.68,37.69,37.55,37.63,1457106.0,37.61,EVALUATION,0.002923199574807356
XYLD,2026-01-05T00:00:00Z,37.7,37.75,37.7,37.74,857283.0,37.64,EVALUATION,0.0010598834128245915
XYLD,2026-01-06T00:00:00Z,37.74,37.8,37.74,37.78,751479.0,37.71666666666667,EVALUATION,-0.000264690312334559
XYLD,2026-01-07T00:00:00Z,37.8,37.83,37.77,37.77,594331.0,37.763333333333335,EVALUATION,0.000264760391845309
XYLD,2026-01-08T00:00:00Z,37.78,37.81,37.76,37.78,535864.0,37.77666666666667,EVALUATION,0.002117522498676472
XYLD,2026-01-09T00:00:00Z,37.83,37.86,37.81,37.86,456188.0,37.803333333333335,EVALUATION,0.0005282620179609676
XYLD,2026-01-12T00:00:00Z,37.84,37.88,37.84,37.88,501098.0,37.84,EVALUATION,0.0
XYLD,2026-01-13T00:00:00Z,37.88,37.89,37.86,37.88,1034975.0,37.873333333333335,EVALUATION,0.000263991552270193
XYLD,2026-01-14T00:00:00Z,37.87,37.89,37.85,37.89,901444.0,37.88333333333333,EVALUATION,0.0005278437582474371
XYLD,2026-01-15T00:00:00Z,37.9,37.91,37.89,37.91,524119.0,37.89333333333333,EVALUATION,-0.002637826431020729
XYLD,2026-01-16T00:00:00Z,37.95,37.95,37.72,37.81,738079.0,37.87,EVALUATION,-0.011108172441153141
XYLD,2026-01-20T00:00:00Z,37.5,37.63,37.32,37.39,1537339.0,37.70333333333333,EVALUATION,0.008023535704733797
XYLD,2026-01-21T00:00:00Z,37.43,37.78,37.42,37.69,1156949.0,37.629999999999995,EVALUATION,0.003979835500132811
XYLD,2026-01-22T00:00:00Z,37.84,37.89,37.76,37.84,1008103.0,37.64,EVALUATION,0.0007928118393232264
XYLD,2026-01-23T00:00:00Z,37.85,37.91,37.79,37.87,897575.0,37.8,EVALUATION,0.0026406126221283355
XYLD,2026-01-26T00:00:00Z,37.89,38.01,37.89,37.97,663685.0,37.89333333333333,EVALUATION,0.0018435607058204795
XYLD,2026-01-27T00:00:00Z,38.04,38.07,37.99,38.04,552228.0,37.96,EVALUATION,0.0
XYLD,2026-01-28T00:00:00Z,38.08,38.09,38.0,38.04,708122.0,38.016666666666666,EVALUATION,-0.000525762355415238
XYLD,2026-01-29T00:00:00Z,38.06,38.06,37.71,38.02,819202.0,38.03333333333333,EVALUATION,-0.0010520778537613795
XYLD,2026-01-30T00:00:00Z,37.99,38.04,37.83,37.98,766412.0,38.013333333333335,EVALUATION,0.0036861506055818616
XYLD,2026-02-02T00:00:00Z,37.93,38.16,37.92,38.12,737780.0,38.04,EVALUATION,-0.0041972717733472775
XYLD,2026-02-03T00:00:00Z,38.15,38.16,37.73,37.96,1137461.0,38.019999999999996,EVALUATION,-0.003424657534246589
XYLD,2026-02-04T00:00:00Z,37.99,38.01,37.64,37.83,1410184.0,37.97,EVALUATION,-0.008987575997885133
XYLD,2026-02-05T00:00:00Z,37.59,37.72,37.39,37.49,784176.0,37.760000000000005,EVALUATION,0.014670578821018854
XYLD,2026-02-06T00:00:00Z,37.69,38.1,37.68,38.04,593384.0,37.78666666666667,EVALUATION,0.0034174553101997684
XYLD,2026-02-09T00:00:00Z,37.98,38.22,37.94,38.17,715028.0,37.900000000000006,EVALUATION,-0.0005239717055279813
XYLD,2026-02-10T00:00:00Z,38.23,38.24,38.13,38.15,559509.0,38.120000000000005,EVALUATION,0.0007863695937091464
XYLD,2026-02-11T00:00:00Z,38.28,38.28,38.05,38.18,443239.0,38.16666666666667,EVALUATION,-0.011262441068622286
XYLD,2026-02-12T00:00:00Z,38.22,38.28,37.75,37.75,1102402.0,38.02666666666667,EVALUATION,0.002913907284768147
XYLD,2026-02-13T00:00:00Z,37.74,38.05,37.62,37.86,1018654.0,37.93,EVALUATION,0.0023771790808242432
XYLD,2026-02-17T00:00:00Z,37.81,38.04,37.56,37.95,1126656.0,37.85333333333333,EVALUATION,0.004743083003952542
XYLD,2026-02-18T00:00:00Z,38.04,38.26,37.96,38.13,618341.0,37.980000000000004,EVALUATION,-0.0015735641227380137
XYLD,2026-02-19T00:00:00Z,38.05,38.13,37.9,38.07,1100816.0,38.05,EVALUATION,0.005516154452324784
XYLD,2026-02-20T00:00:00Z,37.96,38.32,37.93,38.28,1207568.0,38.16,EVALUATION,-0.00444096133751315
XYLD,2026-02-23T00:00:00Z,38.2,38.3,37.98,38.11,1342961.0,38.153333333333336,EVALUATION,0.003935974809761156
XYLD,2026-02-24T00:00:00Z,38.08,38.29,37.99,38.26,818384.0,38.21666666666667,EVALUATION,0.00522739153162588
XYLD,2026-02-25T00:00:00Z,38.37,38.46,38.35,38.46,816977.0,38.276666666666664,EVALUATION,-0.0013000520020801654
XYLD,2026-02-26T00:00:00Z,38.48,38.5,38.2,38.41,1071479.0,38.376666666666665,EVALUATION,-0.003124186409789065
XYLD,2026-02-27T00:00:00Z,38.17,38.3,38.11,38.29,1111783.0,38.38666666666667,EVALUATION,0.00026116479498550227
XYLD,2026-03-02T00:00:00Z,37.98,38.38,37.98,38.3,2103884.0,38.33333333333333,EVALUATION,-0.005221932114882422
XYLD,2026-03-03T00:00:00Z,37.84,38.18,37.61,38.1,2729381.0,38.230000000000004,EVALUATION,0.005774278215223028
XYLD,2026-03-04T00:00:00Z,38.18,38.38,38.09,38.32,838147.0,38.24,EVALUATION,-0.0031315240083507057
XYLD,2026-03-05T00:00:00Z,38.19,38.34,37.92,38.2,1449104.0,38.20666666666667,EVALUATION,-0.01099476439790581
XYLD,2026-03-06T00:00:00Z,37.78,37.95,37.65,37.78,4883241.0,38.1,EVALUATION,0.007940709370036991
XYLD,2026-03-09T00:00:00Z,37.51,38.15,37.33,38.08,2189101.0,38.02,EVALUATION,-0.0002626050420168058
XYLD,2026-03-10T00:00:00Z,38.09,38.35,37.99,38.07,1741435.0,37.97666666666667,EVALUATION,0.0005253480430786883
XYLD,2026-03-11T00:00:00Z,38.1,38.24,37.95,38.09,1679969.0,38.08,EVALUATION,-0.012601732738251603
XYLD,2026-03-12T00:00:00Z,37.86,37.89,37.6,37.61,1942106.0,37.92333333333333,EVALUATION,-0.005317734645041261
XYLD,2026-03-13T00:00:00Z,37.75,37.93,37.37,37.41,2337840.0,37.70333333333333,EVALUATION,0.010959636460839528
XYLD,2026-03-16T00:00:00Z,37.72,37.96,37.71,37.82,1057778.0,37.61333333333333,EVALUATION,0.0023796932839765805
XYLD,2026-03-17T00:00:00Z,37.98,38.11,37.87,37.91,806093.0,37.71333333333333,EVALUATION,-0.01398048008441033
XYLD,2026-03-18T00:00:00Z,37.77,37.84,37.38,37.38,1028175.0,37.70333333333333,EVALUATION,-0.0029427501337613293
XYLD,2026-03-19T00:00:00Z,37.13,37.45,37.02,37.27,1337797.0,37.519999999999996,EVALUATION,-0.01126911725248192
XYLD,2026-03-20T00:00:00Z,37.2,37.2,36.69,36.85,1135194.0,37.16666666666667,EVALUATION,0.006512890094979795
XYLD,2026-03-23T00:00:00Z,37.18,37.3,37.04,37.09,2185241.0,37.07,EVALUATION,-0.0010784578053385507
XYLD,2026-03-24T00:00:00Z,36.97,37.15,36.92,37.05,1428989.0,36.99666666666667,EVALUATION,0.0035087719298245723
XYLD,2026-03-25T00:00:00Z,37.22,37.27,37.1,37.18,1057690.0,37.10666666666667,EVALUATION,-0.009413663259817184
XYLD,2026-03-26T00:00:00Z,37.03,37.12,36.82,36.83,1026995.0,37.019999999999996,EVALUATION,-0.010860711376595167
XYLD,2026-03-27T00:00:00Z,36.69,36.75,36.38,36.43,985538.0,36.81333333333333,EVALUATION,0.0
XYLD,2026-03-30T00:00:00Z,36.68,36.75,36.29,36.43,954361.0,36.56333333333333,EVALUATION,0.020038429865495422
XYLD,2026-03-31T00:00:00Z,36.76,37.21,36.71,37.16,1485373.0,36.67333333333333,EVALUATION,0.00457481162540363
XYLD,2026-04-01T00:00:00Z,37.31,37.43,37.25,37.33,689284.0,36.97333333333333,EVALUATION,0.001607286364853966
XYLD,2026-04-02T00:00:00Z,37.08,37.41,37.03,37.39,464162.0,37.29333333333333,EVALUATION,0.0029419630917357775
XYLD,2026-04-06T00:00:00Z,37.45,37.56,37.43,37.5,1026456.0,37.406666666666666,EVALUATION,-0.0005333333333333856
XYLD,2026-04-07T00:00:00Z,37.47,37.49,37.26,37.48,1160585.0,37.45666666666666,EVALUATION,0.009071504802561359
XYLD,2026-04-08T00:00:00Z,37.89,37.89,37.75,37.82,1540052.0,37.6,EVALUATION,0.0021152829190904665
XYLD,2026-04-09T00:00:00Z,37.84,37.9,37.83,37.9,1203171.0,37.733333333333334,EVALUATION,0.0005277044854881119
XYLD,2026-04-10T00:00:00Z,37.94,37.95,37.88,37.92,481310.0,37.88,EVALUATION,0.0005274261603374075
XYLD,2026-04-13T00:00:00Z,37.89,37.94,37.89,37.94,902428.0,37.92,EVALUATION,0.0005271481286241997
XYLD,2026-04-14T00:00:00Z,37.97,37.99,37.93,37.96,626419.0,37.94,EVALUATION,0.0
XYLD,2026-04-15T00:00:00Z,37.99,37.99,37.94,37.96,556839.0,37.95333333333333,EVALUATION,0.0
XYLD,2026-04-16T00:00:00Z,37.99,37.99,37.94,37.96,929838.0,37.96,EVALUATION,0.008166491043203328
XYLD,2026-04-17T00:00:00Z,38.11,38.31,37.97,38.27,1038024.0,38.06333333333333,EVALUATION,-0.001567807682257727
XYLD,2026-04-20T00:00:00Z,38.19,38.22,38.11,38.21,872131.0,38.14666666666667,EVALUATION,-0.003925673907354099
XYLD,2026-04-21T00:00:00Z,38.26,38.26,38.0,38.06,962579.0,38.18,EVALUATION,0.006043089858118744
XYLD,2026-04-22T00:00:00Z,38.25,38.29,38.21,38.29,638708.0,38.18666666666667,EVALUATION,-0.0013058239749280665
XYLD,2026-04-23T00:00:00Z,38.27,38.32,38.0,38.24,1545538.0,38.19666666666667,EVALUATION,0.0036610878661087476
XYLD,2026-04-24T00:00:00Z,38.31,38.39,38.25,38.38,580786.0,38.303333333333335,EVALUATION,0.0020844189682125425
XYLD,2026-04-27T00:00:00Z,38.33,38.46,38.33,38.46,916712.0,38.36,EVALUATION,-0.0015600624024961762
XYLD,2026-04-28T00:00:00Z,38.34,38.41,38.31,38.4,451134.0,38.413333333333334,EVALUATION,0.00026041666666665186
XYLD,2026-04-29T00:00:00Z,38.39,38.41,38.3,38.41,581894.0,38.42333333333333,EVALUATION,0.004686279614683819
XYLD,2026-04-30T00:00:00Z,38.51,38.61,38.4,38.59,383466.0,38.46666666666667,EVALUATION,0.0015548069448041435
XYLD,2026-05-01T00:00:00Z,38.68,38.71,38.64,38.65,498255.0,38.55,EVALUATION,-0.0002587322121603286
XYLD,2026-05-04T00:00:00Z,38.64,38.7,38.54,38.64,559936.0,38.626666666666665,EVALUATION,0.0028467908902691796
XYLD,2026-05-05T00:00:00Z,38.77,38.77,38.68,38.75,527075.0,38.68,EVALUATION,0.0020645161290322456
XYLD,2026-05-06T00:00:00Z,38.83,38.84,38.78,38.83,475833.0,38.74,EVALUATION,-0.0002575328354365025
XYLD,2026-05-07T00:00:00Z,38.85,38.86,38.81,38.82,513345.0,38.8,EVALUATION,0.001803194229778482
XYLD,2026-05-08T00:00:00Z,38.89,38.89,38.85,38.89,519930.0,38.846666666666664,EVALUATION,0.0
XYLD,2026-05-11T00:00:00Z,38.85,38.9,38.85,38.89,607949.0,38.86666666666667,EVALUATION,0.0
XYLD,2026-05-12T00:00:00Z,38.9,38.9,38.87,38.89,635426.0,38.89,EVALUATION,0.0005142710208279055
XYLD,2026-05-13T00:00:00Z,38.93,38.93,38.89,38.91,460220.0,38.89666666666666,EVALUATION,0.0
XYLD,2026-05-14T00:00:00Z,38.93,38.94,38.89,38.91,483284.0,38.90333333333333,EVALUATION,-0.0023130300693907646
XYLD,2026-05-15T00:00:00Z,38.91,38.96,38.71,38.82,511648.0,38.879999999999995,EVALUATION,0.0010303967027305294
XYLD,2026-05-18T00:00:00Z,38.9,38.91,38.7,38.86,1478648.0,38.86333333333333,EVALUATION,-0.0030880082346885773
XYLD,2026-05-19T00:00:00Z,38.75,38.83,38.67,38.74,860063.0,38.806666666666665,EVALUATION,0.005678884873515644
XYLD,2026-05-20T00:00:00Z,38.79,38.97,38.75,38.96,854348.0,38.85333333333333,EVALUATION,0.00231006160164271
XYLD,2026-05-21T00:00:00Z,38.85,39.06,38.82,39.05,1109678.0,38.916666666666664,EVALUATION,0.0015364916773368265
XYLD,2026-05-22T00:00:00Z,39.12,39.17,39.08,39.11,322801.0,39.04,EVALUATION,0.003068268984914191
XYLD,2026-05-26T00:00:00Z,39.16,39.25,39.16,39.23,797903.0,39.129999999999995,EVALUATION,0.0010196278358400868
XYLD,2026-05-27T00:00:00Z,39.26,39.27,39.21,39.27,430646.0,39.20333333333333,EVALUATION,0.002037178507766635
XYLD,2026-05-28T00:00:00Z,39.27,39.37,39.25,39.35,574282.0,39.28333333333333,EVALUATION,0.001524777636594532
XYLD,2026-05-29T00:00:00Z,39.42,39.42,39.37,39.41,780784.0,39.343333333333334,EVALUATION,0.0005074854097946169
XYLD,2026-06-01T00:00:00Z,39.28,39.46,39.26,39.43,444111.0,39.39666666666666,EVALUATION,0.0010144559979710088
XYLD,2026-06-02T00:00:00Z,39.43,39.47,39.42,39.47,304338.0,39.43666666666667,EVALUATION,-0.0015201418799088984
XYLD,2026-06-03T00:00:00Z,39.44,39.51,39.4,39.41,511744.0,39.43666666666667,EVALUATION,0.001776198934280604
XYLD,2026-06-04T00:00:00Z,39.34,39.5,39.34,39.48,606470.0,39.45333333333333,EVALUATION,-0.00911854103343468
XYLD,2026-06-05T00:00:00Z,39.43,39.44,38.98,39.12,1041650.0,39.33666666666666,EVALUATION,0.002811860940695299
XYLD,2026-06-08T00:00:00Z,39.26,39.32,39.13,39.23,634866.0,39.276666666666664,EVALUATION,-0.005098139179199435
XYLD,2026-06-09T00:00:00Z,39.31,39.37,38.53,39.03,1153702.0,39.126666666666665,EVALUATION,-0.009223674096848544
XYLD,2026-06-10T00:00:00Z,38.94,39.14,38.65,38.67,821262.0,38.97666666666667,EVALUATION,0.012154124644427222
XYLD,2026-06-11T00:00:00Z,38.79,39.23,38.64,39.14,1359099.0,38.946666666666665,EVALUATION,0.005620848237097631
XYLD,2026-06-12T00:00:00Z,39.31,39.37,39.09,39.36,843287.0,39.056666666666665,EVALUATION,0.006351626016260159
XYLD,2026-06-15T00:00:00Z,39.55,39.62,39.55,39.61,698524.0,39.37,EVALUATION,-0.0002524614996212149
XYLD,2026-06-16T00:00:00Z,39.62,39.63,39.59,39.6,557361.0,39.52333333333333,EVALUATION,-0.002020202020201922
XYLD,2026-06-17T00:00:00Z,39.58,39.65,39.43,39.52,1270036.0,39.57666666666667,EVALUATION,0.0025303643724694513
XYLD,2026-06-18T00:00:00Z,39.7,39.73,39.49,39.62,842918.0,39.58,EVALUATION,-0.0005047955577990315
XYLD,2026-06-22T00:00:00Z,39.68,39.73,39.54,39.6,628036.0,39.58,EVALUATION,-0.008838383838383868
XYLD,2026-06-23T00:00:00Z,39.14,39.42,39.14,39.25,559502.0,39.49,EVALUATION,-0.0002547770700636054
XYLD,2026-06-24T00:00:00Z,39.3,39.48,39.14,39.24,900921.0,39.36333333333334,EVALUATION,0.000764525993883769
XYLD,2026-06-25T00:00:00Z,39.42,39.48,39.12,39.27,1548232.0,39.25333333333334,EVALUATION,-0.0007639419404125158
XYLD,2026-06-26T00:00:00Z,39.06,39.4,39.01,39.24,932727.0,39.25,EVALUATION,0.00942915392456678
XYLD,2026-06-29T00:00:00Z,39.48,39.64,39.29,39.61,847602.0,39.373333333333335,EVALUATION,0.004796768492804748
XYLD,2026-06-30T00:00:00Z,39.65,39.84,39.62,39.8,603322.0,39.55,EVALUATION,0.0010050251256283893
XYLD,2026-07-01T00:00:00Z,39.78,39.92,39.7,39.84,435937.0,39.75,EVALUATION,0.0002510040160641491
XYLD,2026-07-02T00:00:00Z,39.89,39.97,39.68,39.85,2028108.0,39.83,EVALUATION,0.00526976160602266
XYLD,2026-07-06T00:00:00Z,39.96,40.08,39.92,40.06,963400.0,39.91666666666667,EVALUATION,-0.0014977533699451762
XYLD,2026-07-07T00:00:00Z,40.0,40.04,39.92,40.0,505515.0,39.97,EVALUATION,-0.0015000000000000568
XYLD,2026-07-08T00:00:00Z,39.9,39.96,39.72,39.94,448029.0,40.0,EVALUATION,0.005007511266900355
XYLD,2026-07-09T00:00:00Z,40.01,40.14,39.94,40.14,448248.0,40.02666666666667,EVALUATION,0.0019930244145489606
XYLD,2026-07-10T00:00:00Z,40.15,40.22,40.07,40.22,1546816.0,40.1,EVALUATION,-0.0022376926902037964
XYLD,2026-07-13T00:00:00Z,40.16,40.22,40.09,40.13,1096478.0,40.163333333333334,EVALUATION,0.0027410914527785657
XYLD,2026-07-14T00:00:00Z,40.21,40.24,40.14,40.24,959980.0,40.196666666666665,EVALUATION,0.0017395626242544537
XYLD,2026-07-15T00:00:00Z,40.3,40.31,40.22,40.31,823552.0,40.22666666666667,EVALUATION,-0.0009923096005953758
XYLD,2026-07-16T00:00:00Z,40.24,40.32,40.22,40.27,690778.0,40.27333333333333,EVALUATION,-0.002979885771045576
XYLD,2026-07-17T00:00:00Z,40.01,40.31,39.94,40.15,705251.0,40.24333333333333,EVALUATION,0.0007471980074720275
XYLD,2026-07-20T00:00:00Z,40.25,40.35,40.16,40.18,1327356.0,40.2,EVALUATION,0.004977600796416182
XYLD,2026-07-21T00:00:00Z,40.35,40.38,40.25,40.38,1028370.0,40.236666666666665,EVALUATION,-0.0004952947003468156
XYLD,2026-07-22T00:00:00Z,40.36,40.42,40.33,40.36,1369028.0,40.306666666666665,EVALUATION,-0.006194251734390477
XYLD,2026-07-23T00:00:00Z,40.14,40.22,39.98,40.11,817172.0,40.28333333333333,EVALUATION,0.0014958863126401933
XYLD,2026-07-24T00:00:00Z,40.19,40.32,40.11,40.17,827582.0,40.21333333333333,EVALUATION,0.0007468259895444529
XYLD,2026-07-27T00:00:00Z,40.39,40.39,40.08,40.2,798327.0,40.16,EVALUATION,0.0017412935323382062
XYLD,2026-07-28T00:00:00Z,40.18,40.32,40.1,40.27,431638.0,40.21333333333334,EVALUATION,-0.008443009684628855
XYLD,2026-07-29T00:00:00Z,40.21,40.36,39.87,39.93,1300444.0,40.13333333333333,EVALUATION,0.01126972201352383
XYLD,2026-07-30T00:00:00Z,40.16,40.38,40.11,40.38,564289.0,40.193333333333335,EVALUATION,0.004705299653293693
XYLD,2026-07-31T00:00:00Z,40.49,40.6,40.23,40.57,586255.0,40.29333333333334,EVALUATION,0.005422726152329194
XYLD,2026-08-03T00:00:00Z,40.63,40.79,40.62,40.79,453401.0,40.58,EVALUATION,0.0024515812699190676
XYLD,2026-08-04T00:00:00Z,40.86,40.9,40.81,40.89,590102.0,40.75,EVALUATION,0.0004891171435557062
XYLD,2026-08-05T00:00:00Z,40.97,40.97,40.88,40.91,413737.0,40.86333333333333,EVALUATION,0.000244439012466513
XYLD,2026-08-06T00:00:00Z,40.9,40.96,40.89,40.92,423932.0,40.906666666666666,EVALUATION,0.0012218963831867047
XYLD,2026-08-07T00:00:00Z,40.99,40.99,40.94,40.97,446398.0,40.93333333333333,EVALUATION,0.00024408103490358712
XYLD,2026-08-10T00:00:00Z,40.97,40.99,40.96,40.98,372565.0,40.95666666666666,EVALUATION,0.0
XYLD,2026-08-11T00:00:00Z,41.03,41.03,40.97,40.98,498419.0,40.97666666666666,EVALUATION,0.00048804294777937685
XYLD,2026-08-12T00:00:00Z,41.03,41.03,40.99,41.0,450307.0,40.986666666666665,EVALUATION,0.0
XYLD,2026-08-13T00:00:00Z,41.04,41.04,41.0,41.0,368088.0,40.99333333333333,EVALUATION,0.0009756097560975618
XYLD,2026-08-14T00:00:00Z,41.03,41.04,41.02,41.04,298445.0,41.013333333333335,EVALUATION,0.0002436647173489348
XYLD,2026-08-17T00:00:00Z,41.04,41.05,41.03,41.05,415150.0,41.03,EVALUATION,0.0
XYLD,2026-08-18T00:00:00Z,41.02,41.05,41.02,41.05,421752.0,41.04666666666667,EVALUATION,0.00024360535931799987
XYLD,2026-08-19T00:00:00Z,41.07,41.07,41.02,41.06,339238.0,41.05333333333333,EVALUATION,-0.000487092060399541
XYLD,2026-08-20T00:00:00Z,41.07,41.07,41.04,41.04,333942.0,41.05,EVALUATION,0.0
XYLD,2026-08-21T00:00:00Z,41.06,41.1,40.92,41.04,660946.0,41.04666666666667,EVALUATION,-0.0009746588693957392
XYLD,2026-08-24T00:00:00Z,40.97,41.07,40.93,41.0,524377.0,41.026666666666664,EVALUATION,0.0017073170731707332
XYLD,2026-08-25T00:00:00Z,41.02,41.08,40.99,41.07,508321.0,41.03666666666666,EVALUATION,0.00048697345994641594
XYLD,2026-08-26T00:00:00Z,41.01,41.11,41.01,41.09,309447.0,41.053333333333335,EVALUATION,0.0034071550255534433
XYLD,2026-08-27T00:00:00Z,41.14,41.24,41.12,41.23,624103.0,41.129999999999995,EVALUATION,0.0
XYLD,2026-08-28T00:00:00Z,41.28,41.32,41.19,41.23,458029.0,41.18333333333333,EVALUATION,-0.0009701673538685673
XYLD,2026-08-31T00:00:00Z,41.19,41.22,41.13,41.19,252407.0,41.21666666666666,EVALUATION,-0.0038844379703810716
XYLD,2026-09-01T00:00:00Z,41.06,41.15,40.97,41.03,327325.0,41.15,EVALUATION,0.0038995856690224873
XYLD,2026-09-02T00:00:00Z,41.1,41.21,41.06,41.19,302057.0,41.13666666666666,EVALUATION,0.005098324836125379
XYLD,2026-09-03T00:00:00Z,41.21,41.4,41.21,41.4,364981.0,41.20666666666666,EVALUATION,-0.0009661835748792091
XYLD,2026-09-04T00:00:00Z,41.35,41.39,41.31,41.36,397552.0,41.31666666666666,EVALUATION,-0.0016924564796905184
XYLD,2026-09-08T00:00:00Z,41.36,41.5,41.26,41.29,444288.0,41.35,EVALUATION,-0.0019375151368369314
XYLD,2026-09-09T00:00:00Z,41.23,41.29,41.14,41.21,385533.0,41.28666666666667,EVALUATION,-0.0041252123271051655
XYLD,2026-09-10T00:00:00Z,41.06,41.11,40.98,41.04,390123.0,41.18,EVALUATION,0.006822612085769952
XYLD,2026-09-11T00:00:00Z,41.25,41.36,41.23,41.32,329959.0,41.19,EVALUATION,-0.002420135527589573
XYLD,2026-09-14T00:00:00Z,41.13,41.31,41.1,41.22,327450.0,41.193333333333335,EVALUATION,-0.0021834061135370675
XYLD,2026-09-15T00:00:00Z,41.23,41.23,41.03,41.13,479903.0,41.223333333333336,EVALUATION,-0.004133236080719693
XYLD,2026-09-16T00:00:00Z,41.22,41.26,40.72,40.96,837756.0,41.10333333333334,EVALUATION,0.010498046875
XYLD,2026-09-17T00:00:00Z,41.4,41.44,41.22,41.39,354865.0,41.160000000000004,EVALUATION,0.0007248127567045515
XYLD,2026-09-18T00:00:00Z,41.47,41.47,41.28,41.42,541349.0,41.25666666666667,EVALUATION,0.005070014485755614
XYLD,2026-09-21T00:00:00Z,41.55,41.64,41.51,41.63,470912.0,41.480000000000004,EVALUATION,0.00024021138601959535
XYLD,2026-09-22T00:00:00Z,41.66,41.69,41.63,41.64,672127.0,41.56333333333333,EVALUATION,-0.002161383285302687
XYLD,2026-09-23T00:00:00Z,41.68,41.68,41.5301,41.55,536883.0,41.60666666666667,EVALUATION,0.0004813477737666272
XYLD,2026-09-24T00:00:00Z,41.49,41.58,41.465,41.57,589308.0,41.586666666666666,EVALUATION,0.002165022853019005
XYLD,2026-09-25T00:00:00Z,41.6,41.665,41.54,41.66,428977.0,41.593333333333334,EVALUATION,-0.002400384061449712
XYLD,2026-09-28T00:00:00Z,41.59,41.63,41.515,41.56,582668.0,41.596666666666664,EVALUATION,0.0
XYLD,2026-09-29T00:00:00Z,41.61,41.62,41.5,41.56,436448.0,41.593333333333334,EVALUATION,-0.0009624639076034613
XYLD,2026-09-30T00:00:00Z,41.65,41.66,41.5,41.52,408818.0,41.54666666666667,EVALUATION,0.0012042389210018545
XYLD,2026-10-01T00:00:00Z,41.63,41.6667,41.425,41.57,767561.0,41.550000000000004,SUPPORT_FORWARD_RETURN,
