instrument,timestamp,open,high,low,close,volume,sma_close_3,row_role,forward_return_1d
SPY,2017-12-28T00:00:00Z,235.64,235.67,235.25,235.61,46221034.0,,SUPPORT_SMA3_WARMUP,
SPY,2017-12-29T00:00:00Z,236.2,236.22,234.54,234.8,100200244.0,,SUPPORT_SMA3_WARMUP,
SPY,2018-01-02T00:00:00Z,235.6,236.45,235.21,236.41,87974830.0,235.60666666666668,EVALUATION,0.006344909267797405
SPY,2018-01-03T00:00:00Z,236.58,238.06,236.58,237.91,92414326.0,236.37333333333333,EVALUATION,0.004077172039846921
SPY,2018-01-04T00:00:00Z,238.55,239.4,237.98,238.88,85277552.0,237.73333333333332,EVALUATION,0.00673978566644351
SPY,2018-01-05T00:00:00Z,239.7,240.63,239.21,240.49,88073906.0,239.09333333333333,EVALUATION,0.0018711796748305254
SPY,2018-01-08T00:00:00Z,240.41,241.1,240.12,240.94,64945938.0,240.10333333333335,EVALUATION,0.0022412218809662043
SPY,2018-01-09T00:00:00Z,241.37,242.11,241.09,241.48,58485720.0,240.97,EVALUATION,-0.001615040583071048
SPY,2018-01-10T00:00:00Z,240.73,241.38,240.06,241.09,70699507.0,241.17,EVALUATION,0.007300178356630216
SPY,2018-01-11T00:00:00Z,241.67,242.88,241.51,242.85,64026406.0,241.80666666666667,EVALUATION,0.006711962116532799
SPY,2018-01-12T00:00:00Z,243.14,244.63,242.85,244.48,92919614.0,242.80666666666667,EVALUATION,-0.0031495418848166423
SPY,2018-01-16T00:00:00Z,245.72,246.37,242.93,243.71,110515722.0,243.68,EVALUATION,0.009191251897747277
SPY,2018-01-17T00:00:00Z,244.56,246.34,243.63,245.95,116747453.0,244.7133333333333,EVALUATION,-0.0015450294775360973
SPY,2018-01-18T00:00:00Z,245.83,246.26,245.04,245.57,105410481.0,245.07666666666665,EVALUATION,0.004357209756892022
SPY,2018-01-19T00:00:00Z,246.12,246.65,245.54,246.64,143550675.0,246.05333333333334,EVALUATION,0.008108984755108573
SPY,2018-01-22T00:00:00Z,246.44,248.66,246.39,248.64,102545061.0,246.95,EVALUATION,0.002010939510939558
SPY,2018-01-23T00:00:00Z,248.7,249.48,248.38,249.14,99464685.0,248.14,EVALUATION,-0.0004013807497792454
SPY,2018-01-24T00:00:00Z,249.83,250.43,247.91,249.04,136833465.0,248.94,EVALUATION,0.0006424670735625249
SPY,2018-01-25T00:00:00Z,249.95,250.05,248.41,249.2,85877429.0,249.12666666666667,EVALUATION,0.01147672552166945
SPY,2018-01-26T00:00:00Z,250.03,252.12,249.78,252.06,111355443.0,250.1,EVALUATION,-0.006704752836626193
SPY,2018-01-29T00:00:00Z,251.51,251.95,250.25,250.37,92693728.0,250.54333333333332,EVALUATION,-0.010544394296441273
SPY,2018-01-30T00:00:00Z,248.58,250.46,247.37,247.73,134420733.0,250.05333333333334,EVALUATION,0.0009687966737981224
SPY,2018-01-31T00:00:00Z,248.69,249.2,246.89,247.97,121930951.0,248.69,EVALUATION,-0.0008065491793362023
SPY,2018-02-01T00:00:00Z,247.23,248.98,246.89,247.77,90994293.0,247.82333333333332,EVALUATION,-0.021915486136336093
SPY,2018-02-02T00:00:00Z,246.36,246.49,242.25,242.34,178406624.0,246.02666666666667,EVALUATION,-0.04134686803664278
SPY,2018-02-05T00:00:00Z,240.53,242.64,231.61,232.32,304474048.0,240.81,EVALUATION,0.018724173553718915
SPY,2018-02-06T00:00:00Z,228.65,237.23,227.56,236.67,357564910.0,237.11,EVALUATION,-0.005154856973845434
SPY,2018-02-07T00:00:00Z,236.18,239.57,235.37,235.45,169549624.0,234.81333333333333,EVALUATION,-0.03699299214270535
SPY,2018-02-08T00:00:00Z,235.75,235.89,226.58,226.74,252221121.0,232.95333333333332,EVALUATION,0.015392079033253792
SPY,2018-02-09T00:00:00Z,229.4,231.88,222.47,230.23,286122968.0,230.80666666666667,EVALUATION,0.013681970203709426
SPY,2018-02-12T00:00:00Z,232.07,234.87,230.16,233.38,146941527.0,230.11666666666667,EVALUATION,0.0027423086811209085
SPY,2018-02-13T00:00:00Z,232.19,234.52,231.61,234.02,82434058.0,232.54333333333335,EVALUATION,0.013631313562943337
SPY,2018-02-14T00:00:00Z,232.49,237.5,232.48,237.21,123355652.0,234.87,EVALUATION,0.012056827283841276
SPY,2018-02-15T00:00:00Z,238.88,240.17,236.41,240.07,112606261.0,237.10000000000002,EVALUATION,0.0008747448660808566
SPY,2018-02-16T00:00:00Z,239.54,242.18,239.49,240.28,163292191.0,239.18666666666667,EVALUATION,-0.006325953054769462
SPY,2018-02-20T00:00:00Z,239.28,240.72,237.94,238.76,91166253.0,239.70333333333332,EVALUATION,-0.005402915061149205
SPY,2018-02-21T00:00:00Z,239.17,241.65,237.44,237.47,100293719.0,238.83666666666664,EVALUATION,0.0010527645597337987
SPY,2018-02-22T00:00:00Z,238.46,240.18,237.18,237.72,122557536.0,237.98333333333332,EVALUATION,0.016279656739020654
SPY,2018-02-23T00:00:00Z,239.07,241.64,238.6,241.59,96252415.0,238.92666666666668,EVALUATION,0.011838238337679385
SPY,2018-02-26T00:00:00Z,242.71,244.54,242.12,244.45,88758833.0,241.25333333333333,EVALUATION,-0.012681529965228089
SPY,2018-02-27T00:00:00Z,244.63,245.34,241.33,241.35,102930024.0,242.46333333333334,EVALUATION,-0.01081417029210685
SPY,2018-02-28T00:00:00Z,242.49,242.94,238.63,238.74,129776260.0,241.51333333333332,EVALUATION,-0.013613135628717465
SPY,2018-03-01T00:00:00Z,238.74,240.28,233.98,235.49,179183801.0,238.52666666666667,EVALUATION,0.005095757781646837
SPY,2018-03-02T00:00:00Z,233.8,237.25,232.94,236.69,141448051.0,236.97333333333333,EVALUATION,0.011280577971185979
SPY,2018-03-05T00:00:00Z,235.5,240.04,235.39,239.36,99078649.0,237.18,EVALUATION,0.002632018716577589
SPY,2018-03-06T00:00:00Z,240.4,240.48,238.53,239.99,79922993.0,238.68,EVALUATION,0.0
SPY,2018-03-07T00:00:00Z,237.87,240.29,237.67,239.99,88202658.0,239.78000000000003,EVALUATION,0.00437518229926237
SPY,2018-03-08T00:00:00Z,240.62,241.23,239.62,241.04,69768764.0,240.34,EVALUATION,0.017258546299369293
SPY,2018-03-09T00:00:00Z,242.51,245.3,242.19,245.2,117331321.0,242.07666666666665,EVALUATION,-0.0007748776508972322
SPY,2018-03-12T00:00:00Z,245.59,246.21,244.6,245.01,73175656.0,243.75,EVALUATION,-0.006530345700175522
SPY,2018-03-13T00:00:00Z,246.15,246.65,242.8,243.41,93427280.0,244.54000000000002,EVALUATION,-0.00534078304095964
SPY,2018-03-14T00:00:00Z,244.37,244.55,241.6,242.11,107710053.0,243.51,EVALUATION,-0.0007847672545537865
SPY,2018-03-15T00:00:00Z,242.67,243.31,241.39,241.92,88837397.0,242.48000000000002,EVALUATION,0.001033399470899532
SPY,2018-03-16T00:00:00Z,242.42,243.21,242.1,242.17,101412188.0,242.06666666666666,EVALUATION,-0.013131271420902535
SPY,2018-03-19T00:00:00Z,241.41,242.33,237.23,238.99,111075802.0,241.02666666666667,EVALUATION,0.00117159713795556
SPY,2018-03-20T00:00:00Z,239.28,239.92,238.61,239.27,60829259.0,240.14333333333335,EVALUATION,-0.0019643081038157595
SPY,2018-03-21T00:00:00Z,239.24,241.33,238.61,238.8,79541919.0,239.02000000000004,EVALUATION,-0.024748743718593036
SPY,2018-03-22T00:00:00Z,236.6,237.45,232.58,232.89,152401570.0,236.98666666666668,EVALUATION,-0.021598179397998907
SPY,2018-03-23T00:00:00Z,233.3,234.05,227.7,227.86,186705769.0,233.18333333333334,EVALUATION,0.027648556130957624
SPY,2018-03-26T00:00:00Z,231.5,234.41,229.09,234.16,144878172.0,231.63666666666666,EVALUATION,-0.016527160915613237
SPY,2018-03-27T00:00:00Z,235.06,235.59,228.59,230.29,134090487.0,230.76999999999998,EVALUATION,-0.0035173042685310296
SPY,2018-03-28T00:00:00Z,230.28,231.95,228.36,229.48,151934925.0,231.31,EVALUATION,0.013770263203765065
SPY,2018-03-29T00:00:00Z,230.6,234.26,229.47,232.64,128072137.0,230.80333333333334,EVALUATION,-0.022395116918844438
SPY,2018-04-02T00:00:00Z,231.87,232.38,224.91,227.43,188325321.0,229.85,EVALUATION,0.012443389174691122
SPY,2018-04-03T00:00:00Z,228.62,230.77,226.82,230.26,121245396.0,230.11,EVALUATION,0.011682445930687013
SPY,2018-04-04T00:00:00Z,226.75,233.46,226.61,232.95,126742991.0,230.2133333333333,EVALUATION,0.006868426701008845
SPY,2018-04-05T00:00:00Z,234.51,235.48,233.43,234.55,84309507.0,232.58666666666664,EVALUATION,-0.022170112982306645
SPY,2018-04-06T00:00:00Z,232.64,234.13,227.85,229.35,182854619.0,232.28333333333333,EVALUATION,0.004360148245040385
SPY,2018-04-09T00:00:00Z,230.83,233.89,229.56,230.35,113639051.0,231.41666666666669,EVALUATION,0.016322986759279345
SPY,2018-04-10T00:00:00Z,233.39,234.95,232.25,234.11,107159335.0,231.27,EVALUATION,-0.005211225492290028
SPY,2018-04-11T00:00:00Z,232.68,234.6,232.61,232.89,92820659.0,232.45,EVALUATION,0.008330112928850664
SPY,2018-04-12T00:00:00Z,234.26,235.8,234.08,234.83,70635606.0,233.94333333333333,EVALUATION,-0.0029808797853767555
SPY,2018-04-13T00:00:00Z,236.16,236.27,233.16,234.13,86860777.0,233.95,EVALUATION,0.008499551531200744
SPY,2018-04-16T00:00:00Z,235.8,236.86,234.98,236.12,64594574.0,235.02666666666667,EVALUATION,0.01033372861256976
SPY,2018-04-17T00:00:00Z,237.86,239.22,237.34,238.56,66215072.0,236.26999999999998,EVALUATION,0.0008802816901409827
SPY,2018-04-18T00:00:00Z,239.06,239.6,238.33,238.77,57919664.0,237.81666666666666,EVALUATION,-0.00552833270511377
SPY,2018-04-19T00:00:00Z,238.14,238.34,236.43,237.45,79527976.0,238.26,EVALUATION,-0.008212255211623498
SPY,2018-04-20T00:00:00Z,237.4,237.62,234.57,235.5,101358707.0,237.24,EVALUATION,-0.00033970276008499223
SPY,2018-04-23T00:00:00Z,236.03,236.58,234.34,235.42,67468135.0,236.12333333333333,EVALUATION,-0.013252909693313941
SPY,2018-04-24T00:00:00Z,236.44,236.66,230.75,232.3,114962314.0,234.40666666666667,EVALUATION,0.0022384847180370038
SPY,2018-04-25T00:00:00Z,232.19,233.26,230.37,232.82,105412286.0,233.51333333333332,EVALUATION,0.009921828021647539
SPY,2018-04-26T00:00:00Z,233.85,236.01,233.4,235.13,68959182.0,233.41666666666669,EVALUATION,0.00127588993322858
SPY,2018-04-27T00:00:00Z,235.8,236.1,234.47,235.43,58099215.0,234.46,EVALUATION,-0.007688060145266129
SPY,2018-04-30T00:00:00Z,236.03,236.58,233.53,233.62,84864978.0,234.7266666666667,EVALUATION,0.0016265730673743484
SPY,2018-05-01T00:00:00Z,233.06,234.12,231.48,234.0,77000433.0,234.35000000000002,EVALUATION,-0.006752136752136817
SPY,2018-05-02T00:00:00Z,233.82,234.63,232.05,232.42,87960465.0,233.34666666666666,EVALUATION,-0.002237328973410113
SPY,2018-05-03T00:00:00Z,231.61,232.58,228.78,231.9,138114268.0,232.7733333333333,EVALUATION,0.01267787839586032
SPY,2018-05-04T00:00:00Z,230.96,235.61,230.63,234.84,92744409.0,233.05333333333334,EVALUATION,0.003789814341679465
SPY,2018-05-07T00:00:00Z,235.7,236.7,235.01,235.73,56246159.0,234.15666666666667,EVALUATION,-0.00012726424298981076
SPY,2018-05-08T00:00:00Z,235.36,236.08,234.16,235.7,68490026.0,235.42333333333335,EVALUATION,0.009673313534153571
SPY,2018-05-09T00:00:00Z,236.4,238.33,235.88,237.98,60946478.0,236.47,EVALUATION,0.009370535339104258
SPY,2018-05-10T00:00:00Z,238.75,240.56,238.64,240.21,73496270.0,237.96333333333334,EVALUATION,0.0023729236917697794
SPY,2018-05-11T00:00:00Z,240.35,241.23,239.84,240.78,64249519.0,239.6566666666667,EVALUATION,0.001121355594318585
SPY,2018-05-14T00:00:00Z,241.4,242.05,240.53,241.05,57758926.0,240.68,EVALUATION,-0.00701099356979884
SPY,2018-05-15T00:00:00Z,239.85,239.87,238.47,239.36,91104778.0,240.3966666666667,EVALUATION,0.004136029411764719
SPY,2018-05-16T00:00:00Z,239.45,240.88,239.43,240.35,55278260.0,240.25333333333333,EVALUATION,-0.0005408778864156583
SPY,2018-05-17T00:00:00Z,240.16,241.3,239.45,240.22,57619100.0,239.9766666666667,EVALUATION,-0.0024560819249022092
SPY,2018-05-18T00:00:00Z,239.88,240.24,239.27,239.63,65582406.0,240.06666666666666,EVALUATION,0.007428118349121604
SPY,2018-05-21T00:00:00Z,241.11,241.96,239.64,241.41,60494019.0,240.42000000000002,EVALUATION,-0.0028167847230852194
SPY,2018-05-22T00:00:00Z,241.94,242.2,240.43,240.73,54584049.0,240.58999999999997,EVALUATION,0.002866281726415565
SPY,2018-05-23T00:00:00Z,239.48,241.44,239.32,241.42,65652020.0,241.18666666666667,EVALUATION,-0.001905393090878893
SPY,2018-05-24T00:00:00Z,241.02,241.29,239.14,240.96,77138128.0,241.03666666666666,EVALUATION,-0.0023240371845949515
SPY,2018-05-25T00:00:00Z,240.35,240.97,239.84,240.4,58118644.0,240.92666666666668,EVALUATION,-0.011356073211314599
SPY,2018-05-29T00:00:00Z,238.72,239.48,236.47,237.67,119430992.0,239.67666666666668,EVALUATION,0.012874994740606827
SPY,2018-05-30T00:00:00Z,238.89,241.19,238.82,240.73,71476485.0,239.6,EVALUATION,-0.006521829435467086
SPY,2018-05-31T00:00:00Z,240.35,240.65,238.67,239.16,97047084.0,239.18666666666667,EVALUATION,0.010369627027930983
SPY,2018-06-01T00:00:00Z,240.58,241.93,240.5,241.64,73684806.0,240.51,EVALUATION,0.004676378083098953
SPY,2018-06-04T00:00:00Z,242.45,243.03,242.21,242.77,46900396.0,241.19,EVALUATION,0.0010709725254356428
SPY,2018-06-05T00:00:00Z,242.91,243.33,242.14,243.03,54148265.0,242.48000000000002,EVALUATION,0.008147142328107648
SPY,2018-06-06T00:00:00Z,243.56,245.09,242.94,245.01,65048897.0,243.60333333333335,EVALUATION,-0.00020407330313043648
SPY,2018-06-07T00:00:00Z,245.47,245.76,244.05,244.96,74154313.0,244.33333333333334,EVALUATION,0.0030617243631614333
SPY,2018-06-08T00:00:00Z,244.5,245.73,244.33,245.71,73082607.0,245.2266666666667,EVALUATION,0.0012616499124984415
SPY,2018-06-11T00:00:00Z,245.9,246.72,245.79,246.02,59668405.0,245.56333333333333,EVALUATION,0.0014226485651573917
SPY,2018-06-12T00:00:00Z,246.42,246.69,245.68,246.37,74511683.0,246.03333333333336,EVALUATION,-0.0034500953849900817
SPY,2018-06-13T00:00:00Z,246.56,246.82,245.34,245.52,80383239.0,245.97000000000003,EVALUATION,0.0024030628869338155
SPY,2018-06-14T00:00:00Z,246.4,246.69,245.57,246.11,80080701.0,246.0,EVALUATION,-0.00589167445451233
SPY,2018-06-15T00:00:00Z,244.28,245.08,243.17,244.66,121150047.0,245.43,EVALUATION,-0.0015940488841656997
SPY,2018-06-18T00:00:00Z,243.3,244.36,242.82,244.27,53795470.0,245.01333333333332,EVALUATION,-0.004011953985344152
SPY,2018-06-19T00:00:00Z,241.98,243.53,241.56,243.29,99299985.0,244.07333333333332,EVALUATION,0.0018907476673928336
SPY,2018-06-20T00:00:00Z,243.98,244.38,243.38,243.75,55038477.0,243.76999999999998,EVALUATION,-0.006399999999999961
SPY,2018-06-21T00:00:00Z,243.71,243.73,241.7,242.19,72830642.0,243.07666666666665,EVALUATION,0.0018993352326686086
SPY,2018-06-22T00:00:00Z,243.45,243.56,242.41,242.65,58141958.0,242.86333333333334,EVALUATION,-0.013434988666804148
SPY,2018-06-25T00:00:00Z,241.49,241.64,237.65,239.39,140736625.0,241.41000000000003,EVALUATION,0.0018797777684949057
SPY,2018-06-26T00:00:00Z,239.9,240.71,239.14,239.84,71010510.0,240.62666666666667,EVALUATION,-0.006546030687124671
SPY,2018-06-27T00:00:00Z,240.44,241.86,237.72,238.27,107076264.0,239.16666666666669,EVALUATION,0.004112981071893174
SPY,2018-06-28T00:00:00Z,237.82,239.99,237.11,239.25,78226226.0,239.12,EVALUATION,0.0015882967607105947
SPY,2018-06-29T00:00:00Z,240.32,241.68,239.46,239.63,100130479.0,239.05,EVALUATION,0.0018361640862996076
SPY,2018-07-02T00:00:00Z,238.01,240.25,237.78,240.07,65158380.0,239.64999999999998,EVALUATION,-0.0035406339817553034
SPY,2018-07-03T00:00:00Z,240.98,241.08,238.82,239.22,44038959.0,239.64,EVALUATION,0.007900677200902928
SPY,2018-07-05T00:00:00Z,240.36,241.26,239.29,241.11,58320429.0,240.13333333333333,EVALUATION,0.008585293019783391
SPY,2018-07-06T00:00:00Z,241.22,243.6,240.84,243.18,67827660.0,241.17000000000002,EVALUATION,0.00921128382268277
SPY,2018-07-09T00:00:00Z,244.23,245.48,244.19,245.42,51878754.0,243.23666666666668,EVALUATION,0.0033004645098198004
SPY,2018-07-10T00:00:00Z,245.87,246.4,245.58,246.23,53080928.0,244.94333333333333,EVALUATION,-0.00682288916866336
SPY,2018-07-11T00:00:00Z,244.76,245.55,244.21,244.55,78467076.0,245.39999999999998,EVALUATION,0.008587200981394316
SPY,2018-07-12T00:00:00Z,245.76,246.78,245.16,246.65,62854200.0,245.81,EVALUATION,0.0009730387188322531
SPY,2018-07-13T00:00:00Z,246.55,247.22,246.1,246.89,49301251.0,246.03,EVALUATION,-0.0006075580217910215
SPY,2018-07-16T00:00:00Z,246.96,247.1,246.25,246.74,50880262.0,246.76,EVALUATION,0.0037286212207181535
SPY,2018-07-17T00:00:00Z,245.93,248.08,245.87,247.66,53362867.0,247.09666666666666,EVALUATION,0.0022207865622223544
SPY,2018-07-18T00:00:00Z,247.77,248.32,247.33,248.21,45293969.0,247.53666666666666,EVALUATION,-0.003907981144998129
SPY,2018-07-19T00:00:00Z,247.55,247.93,246.8,247.24,62297849.0,247.70333333333332,EVALUATION,-0.000849377123442796
SPY,2018-07-20T00:00:00Z,247.08,247.7,246.84,247.03,83094078.0,247.49333333333334,EVALUATION,0.0018621220094725555
SPY,2018-07-23T00:00:00Z,246.79,247.66,246.45,247.49,47606016.0,247.25333333333333,EVALUATION,0.00468705806295211
SPY,2018-07-24T00:00:00Z,248.81,249.54,247.83,248.65,68736774.0,247.72333333333336,EVALUATION,0.00916951538306865
SPY,2018-07-25T00:00:00Z,248.45,251.14,248.41,250.93,80239697.0,249.02333333333334,EVALUATION,-0.002949029609851439
SPY,2018-07-26T00:00:00Z,250.1,250.91,250.01,250.19,59404205.0,249.92333333333335,EVALUATION,-0.006475078940005652
SPY,2018-07-27T00:00:00Z,250.55,250.65,247.61,248.57,78755772.0,249.89666666666665,EVALUATION,-0.005551756044574918
SPY,2018-07-30T00:00:00Z,248.61,248.77,246.71,247.19,65270286.0,248.64999999999998,EVALUATION,0.004611837048424272
SPY,2018-07-31T00:00:00Z,247.99,249.06,247.61,248.33,71284048.0,248.03,EVALUATION,-0.0010872629162808067
SPY,2018-08-01T00:00:00Z,248.66,249.16,247.39,248.06,55357171.0,247.86,EVALUATION,0.005361606063049251
SPY,2018-08-02T00:00:00Z,246.74,249.56,246.54,249.39,65221869.0,248.59333333333333,EVALUATION,0.004370664421187609
SPY,2018-08-03T00:00:00Z,249.51,250.51,249.34,250.48,54992919.0,249.31,EVALUATION,0.0036330245927818083
SPY,2018-08-06T00:00:00Z,250.49,251.69,250.11,251.39,40476791.0,250.42,EVALUATION,0.0032618640359600715
SPY,2018-08-07T00:00:00Z,252.04,252.59,251.91,252.21,44340537.0,251.36,EVALUATION,-0.0005154434796399432
SPY,2018-08-08T00:00:00Z,252.04,252.5,251.64,252.08,43039504.0,251.89333333333335,EVALUATION,-0.0012297683275150906
SPY,2018-08-09T00:00:00Z,252.16,252.55,251.62,251.77,36423073.0,252.02,EVALUATION,-0.006752194463200634
SPY,2018-08-10T00:00:00Z,250.33,250.86,249.36,250.07,77955013.0,251.30666666666667,EVALUATION,-0.0037989362978365637
SPY,2018-08-13T00:00:00Z,250.34,250.95,248.84,249.12,66977189.0,250.32,EVALUATION,0.006141618497109924
SPY,2018-08-14T00:00:00Z,249.86,250.96,249.47,250.65,44779018.0,249.94666666666666,EVALUATION,-0.007301017354877315
SPY,2018-08-15T00:00:00Z,249.38,249.52,247.42,248.82,104669550.0,249.53,EVALUATION,0.008279077244594424
SPY,2018-08-16T00:00:00Z,250.25,251.73,250.25,250.88,71100475.0,250.11666666666667,EVALUATION,0.0033083545918368706
SPY,2018-08-17T00:00:00Z,250.66,252.19,250.25,251.71,67003717.0,250.47,EVALUATION,0.002304239005204378
SPY,2018-08-20T00:00:00Z,252.2,252.55,251.75,252.29,41000517.0,251.62666666666667,EVALUATION,0.0021007570652820107
SPY,2018-08-21T00:00:00Z,252.8,253.73,252.32,252.82,68286269.0,252.2733333333333,EVALUATION,-0.00023732299659839917
SPY,2018-08-22T00:00:00Z,252.47,253.25,252.2,252.76,45508737.0,252.62333333333333,EVALUATION,-0.0014638392150656543
SPY,2018-08-23T00:00:00Z,252.55,253.41,252.07,252.39,49872622.0,252.65666666666664,EVALUATION,0.0060620468322833965
SPY,2018-08-24T00:00:00Z,252.97,254.05,252.91,253.92,58162308.0,253.0233333333333,EVALUATION,0.0076795841209831295
SPY,2018-08-27T00:00:00Z,255.1,256.02,254.94,255.87,58337139.0,254.06,EVALUATION,0.00039082346504071275
SPY,2018-08-28T00:00:00Z,256.37,256.48,255.58,255.97,47809662.0,255.25333333333333,EVALUATION,0.005547525100597639
SPY,2018-08-29T00:00:00Z,256.25,257.65,256.01,257.39,63047190.0,256.41,EVALUATION,-0.0038851548234196676
SPY,2018-08-30T00:00:00Z,256.94,257.31,255.78,256.39,62526061.0,256.5833333333333,EVALUATION,-0.00015601232497353124
SPY,2018-08-31T00:00:00Z,255.97,256.83,255.48,256.35,67955528.0,256.71,EVALUATION,-0.0014823483518627834
SPY,2018-09-04T00:00:00Z,255.97,256.3,254.94,255.97,58789013.0,256.2366666666667,EVALUATION,-0.0026565613157791823
SPY,2018-09-05T00:00:00Z,255.59,255.79,254.25,255.29,76145573.0,255.87,EVALUATION,-0.003172862235105156
SPY,2018-09-06T00:00:00Z,255.36,255.66,253.46,254.48,67235277.0,255.24666666666667,EVALUATION,-0.0021612700408676355
SPY,2018-09-07T00:00:00Z,253.44,254.96,253.2,253.93,74818657.0,254.56666666666666,EVALUATION,0.0019296656558893677
SPY,2018-09-10T00:00:00Z,255.0,255.26,254.24,254.42,51016851.0,254.27666666666664,EVALUATION,0.0036160679191887812
SPY,2018-09-11T00:00:00Z,253.79,255.71,253.44,255.34,52375991.0,254.56333333333333,EVALUATION,0.0001958173415836928
SPY,2018-09-12T00:00:00Z,255.28,255.93,254.55,255.39,60575938.0,255.04999999999998,EVALUATION,0.005599279533262891
SPY,2018-09-13T00:00:00Z,256.39,257.03,256.11,256.82,52019121.0,255.85,EVALUATION,0.0003893777743166904
SPY,2018-09-14T00:00:00Z,257.05,257.23,256.11,256.92,55917676.0,256.37666666666667,EVALUATION,-0.005215631324926084
SPY,2018-09-17T00:00:00Z,256.83,256.87,255.25,255.58,69333285.0,256.44,EVALUATION,0.005242976758744744
SPY,2018-09-18T00:00:00Z,255.74,257.51,255.71,256.92,63932290.0,256.47333333333336,EVALUATION,0.0011287560330062174
SPY,2018-09-19T00:00:00Z,256.97,257.6,256.84,257.21,50283683.0,256.57,EVALUATION,0.007853504918160503
SPY,2018-09-20T00:00:00Z,258.44,259.59,257.2,259.23,103959169.0,257.7866666666667,EVALUATION,-0.0005786367318598717
SPY,2018-09-21T00:00:00Z,260.01,260.13,258.87,259.08,107157043.0,258.50666666666666,EVALUATION,-0.0032808398950130435
SPY,2018-09-24T00:00:00Z,258.46,258.6,257.6,258.23,54671313.0,258.8466666666667,EVALUATION,-0.0013166556945359842
SPY,2018-09-25T00:00:00Z,258.63,258.73,257.7,257.89,46702181.0,258.4,EVALUATION,-0.003063321571212363
SPY,2018-09-26T00:00:00Z,258.08,259.26,256.75,257.1,81461259.0,257.74,EVALUATION,0.002994943601711375
SPY,2018-09-27T00:00:00Z,257.63,258.96,257.36,257.87,60378141.0,257.62,EVALUATION,-0.00038779229844498886
SPY,2018-09-28T00:00:00Z,257.26,258.4,257.22,257.77,72381508.0,257.58,EVALUATION,0.003918221670481392
SPY,2018-10-01T00:00:00Z,259.14,259.87,258.14,258.78,63634059.0,258.14,EVALUATION,-0.0003091429013060143
SPY,2018-10-02T00:00:00Z,258.65,259.36,258.28,258.7,49096939.0,258.41666666666663,EVALUATION,0.0005025125628139726
SPY,2018-10-03T00:00:00Z,259.7,260.12,258.44,258.83,66022129.0,258.77,EVALUATION,-0.00764980875478094
SPY,2018-10-04T00:00:00Z,258.32,258.37,255.19,256.85,113147728.0,258.12666666666667,EVALUATION,-0.005917850885731046
SPY,2018-10-05T00:00:00Z,256.99,257.51,253.92,255.33,108781268.0,257.00333333333333,EVALUATION,-3.91650021541734e-05
SPY,2018-10-08T00:00:00Z,254.65,255.69,253.28,255.32,88771776.0,255.83333333333334,EVALUATION,-0.0011358295472347901
SPY,2018-10-09T00:00:00Z,254.95,256.26,254.4,255.03,75481888.0,255.2266666666667,EVALUATION,-0.03203544681017911
SPY,2018-10-10T00:00:00Z,254.46,254.53,246.52,246.86,217049445.0,252.40333333333336,EVALUATION,-0.020578465527019363
SPY,2018-10-11T00:00:00Z,245.81,247.42,239.85,241.78,277877162.0,247.89000000000001,EVALUATION,0.01273885350318471
SPY,2018-10-12T00:00:00Z,245.53,245.82,241.63,244.86,185257288.0,244.5,EVALUATION,-0.005513354569958384
SPY,2018-10-15T00:00:00Z,244.45,245.77,243.34,243.51,104838973.0,243.38333333333333,EVALUATION,0.02094369841074295
SPY,2018-10-16T00:00:00Z,245.38,249.13,244.91,248.61,121028473.0,245.66000000000003,EVALUATION,0.0006435782953220226
SPY,2018-10-17T00:00:00Z,248.79,249.42,246.23,248.77,111897958.0,246.96333333333334,EVALUATION,-0.014350604976484438
SPY,2018-10-18T00:00:00Z,247.87,248.46,243.94,245.2,137804219.0,247.52666666666667,EVALUATION,-0.0007748776508972322
SPY,2018-10-19T00:00:00Z,245.85,247.78,244.38,245.01,140662678.0,246.32666666666665,EVALUATION,-0.004163095383861837
SPY,2018-10-22T00:00:00Z,245.74,246.06,243.44,243.99,83420677.0,244.73333333333335,EVALUATION,-0.005492028361818169
SPY,2018-10-23T00:00:00Z,240.37,243.85,238.29,242.65,148031789.0,243.88333333333333,EVALUATION,-0.03037296517617971
SPY,2018-10-24T00:00:00Z,242.48,242.86,234.82,235.28,180061325.0,240.64,EVALUATION,0.01810608636518185
SPY,2018-10-25T00:00:00Z,237.2,241.13,236.18,239.54,140353452.0,239.15666666666667,EVALUATION,-0.01774233948401105
SPY,2018-10-26T00:00:00Z,235.91,240.41,232.69,235.29,203923040.0,236.70333333333332,EVALUATION,-0.0057801011517700784
SPY,2018-10-29T00:00:00Z,238.46,239.75,230.52,233.93,162968623.0,236.25333333333333,EVALUATION,0.015902192963707096
SPY,2018-10-30T00:00:00Z,233.91,237.86,233.42,237.65,159696059.0,235.62333333333333,EVALUATION,0.01047759309909524
SPY,2018-10-31T00:00:00Z,240.1,242.39,239.63,240.14,131674297.0,237.24,EVALUATION,0.009910885316898543
SPY,2018-11-01T00:00:00Z,240.95,242.84,239.86,242.52,101051621.0,240.10333333333335,EVALUATION,-0.005772719775688606
SPY,2018-11-02T00:00:00Z,243.74,244.17,239.16,241.12,124249254.0,241.26,EVALUATION,0.006138022561380074
SPY,2018-11-05T00:00:00Z,241.69,243.08,240.72,242.6,69873066.0,242.07999999999998,EVALUATION,0.006018136850783229
SPY,2018-11-06T00:00:00Z,242.47,244.23,242.41,244.06,60827084.0,242.59333333333333,EVALUATION,0.02138818323363112
SPY,2018-11-07T00:00:00Z,246.23,249.37,245.81,249.28,104778528.0,245.31333333333333,EVALUATION,-0.0018453145057766296
SPY,2018-11-08T00:00:00Z,248.5,249.48,247.71,248.82,67444757.0,247.38666666666666,EVALUATION,-0.00948476810545773
SPY,2018-11-09T00:00:00Z,247.54,247.72,245.01,246.46,101244637.0,248.18666666666667,EVALUATION,-0.01919175525440242
SPY,2018-11-12T00:00:00Z,245.9,246.14,241.29,241.73,101689304.0,245.67000000000002,EVALUATION,-0.0016133702891655277
SPY,2018-11-13T00:00:00Z,242.27,244.25,240.64,241.34,99239981.0,243.17666666666668,EVALUATION,-0.00696113367034068
SPY,2018-11-14T00:00:00Z,243.22,243.62,238.15,239.66,128960318.0,240.91000000000003,EVALUATION,0.010598347659183771
SPY,2018-11-15T00:00:00Z,238.44,242.67,236.87,242.2,136215785.0,241.06666666666666,EVALUATION,0.002642444260941401
SPY,2018-11-16T00:00:00Z,241.11,243.74,240.6,242.84,128968576.0,241.56666666666666,EVALUATION,-0.016842365343435972
SPY,2018-11-19T00:00:00Z,242.23,242.52,237.81,238.75,104845636.0,241.26333333333332,EVALUATION,-0.018471204188481694
SPY,2018-11-20T00:00:00Z,235.41,236.86,233.45,234.34,137953946.0,238.64333333333332,EVALUATION,0.0033284970555602644
SPY,2018-11-21T00:00:00Z,235.85,237.0,235.1,235.12,77283500.0,236.07,EVALUATION,-0.006464783940115737
SPY,2018-11-23T00:00:00Z,233.48,234.93,233.38,233.6,44012132.0,234.35333333333332,EVALUATION,0.015625
SPY,2018-11-26T00:00:00Z,235.78,237.53,235.39,237.25,81413911.0,235.32333333333332,EVALUATION,0.003203371970495139
SPY,2018-11-27T00:00:00Z,236.28,238.11,235.68,238.01,79161825.0,236.28666666666663,EVALUATION,0.022604092265030795
SPY,2018-11-28T00:00:00Z,239.17,243.59,238.04,243.39,129875459.0,239.54999999999998,EVALUATION,-0.0014791076050781893
SPY,2018-11-29T00:00:00Z,242.82,244.45,241.68,243.03,83664985.0,241.47666666666666,EVALUATION,0.0063366662551946895
SPY,2018-11-30T00:00:00Z,242.91,245.1,242.59,244.57,100386880.0,243.66333333333333,EVALUATION,0.012961524307969263
SPY,2018-12-03T00:00:00Z,248.65,248.75,246.18,247.74,104690284.0,245.11333333333334,EVALUATION,-0.0317671752643901
SPY,2018-12-04T00:00:00Z,246.95,247.38,239.44,239.87,182203555.0,244.06,EVALUATION,-0.002292908658856896
SPY,2018-12-06T00:00:00Z,235.91,239.5,232.82,239.32,207107459.0,242.31,EVALUATION,-0.02264750125355164
SPY,2018-12-07T00:00:00Z,239.05,240.61,232.99,233.9,163396256.0,237.69666666666666,EVALUATION,0.0015818725951262103
SPY,2018-12-10T00:00:00Z,233.64,235.23,229.43,234.27,153231653.0,235.82999999999998,EVALUATION,0.0001280573697015619
SPY,2018-12-11T00:00:00Z,237.45,237.64,232.86,234.3,123751607.0,234.1566666666667,EVALUATION,0.0053777208706786706
SPY,2018-12-12T00:00:00Z,237.28,238.64,235.42,235.56,99519604.0,234.71,EVALUATION,-0.0005518763796908965
SPY,2018-12-13T00:00:00Z,236.44,237.3,234.31,235.43,97977658.0,235.0966666666667,EVALUATION,-0.018137025867561496
SPY,2018-12-14T00:00:00Z,233.28,234.23,230.52,231.16,118649525.0,234.05,EVALUATION,-0.0207215781277037
SPY,2018-12-17T00:00:00Z,230.12,231.23,224.91,226.37,168348737.0,230.98666666666668,EVALUATION,-0.00022087732473385913
SPY,2018-12-18T00:00:00Z,228.17,228.84,224.69,226.32,135891775.0,227.95,EVALUATION,-0.015950866030399413
SPY,2018-12-19T00:00:00Z,226.37,230.12,221.21,222.71,217325252.0,225.13333333333333,EVALUATION,-0.015670603026357144
SPY,2018-12-20T00:00:00Z,221.66,223.22,217.04,219.22,254595504.0,222.75,EVALUATION,-0.020618556701030966
SPY,2018-12-21T00:00:00Z,220.17,222.82,214.14,214.7,261701849.0,218.87666666666667,EVALUATION,-0.02594317652538425
SPY,2018-12-24T00:00:00Z,213.3,214.9,209.04,209.13,148557724.0,214.35,EVALUATION,0.04925166164586625
SPY,2018-12-26T00:00:00Z,210.56,219.67,208.59,219.43,222380482.0,214.42,EVALUATION,0.009342387093833837
SPY,2018-12-27T00:00:00Z,216.45,221.55,213.23,221.48,190958804.0,216.68,EVALUATION,-0.0019414845584250218
SPY,2018-12-28T00:00:00Z,222.7,224.33,219.91,221.05,154974847.0,220.65333333333334,EVALUATION,0.009500113096584384
SPY,2018-12-31T00:00:00Z,222.69,223.25,220.82,223.15,147557713.0,221.89333333333335,EVALUATION,0.000582567779520371
SPY,2019-01-02T00:00:00Z,219.49,224.16,219.47,223.28,132165224.0,222.49333333333334,EVALUATION,-0.02427445360085989
SPY,2019-01-03T00:00:00Z,221.5,221.8,217.43,217.86,146823673.0,221.43,EVALUATION,0.03373726246213171
SPY,2019-01-04T00:00:00Z,220.93,225.85,220.55,225.21,145055352.0,222.11666666666667,EVALUATION,0.007548510279294929
SPY,2019-01-07T00:00:00Z,225.48,228.39,224.59,226.91,105208591.0,223.32666666666668,EVALUATION,0.009166629941386617
SPY,2019-01-08T00:00:00Z,229.17,229.6,226.65,228.99,103624383.0,227.0366666666667,EVALUATION,0.005065723394034549
SPY,2019-01-09T00:00:00Z,229.83,231.03,228.6,230.15,96652953.0,228.68333333333334,EVALUATION,0.00408429285248757
SPY,2019-01-10T00:00:00Z,228.67,231.25,227.99,231.09,98370502.0,230.07666666666665,EVALUATION,-0.0006490977541218079
SPY,2019-01-11T00:00:00Z,229.93,231.12,229.35,230.94,73870479.0,230.7266666666667,EVALUATION,-0.005629167749198971
SPY,2019-01-14T00:00:00Z,229.2,230.49,228.8,229.64,71747098.0,230.55666666666667,EVALUATION,0.011191430064448893
SPY,2019-01-15T00:00:00Z,230.06,232.63,230.05,232.21,87140531.0,230.93,EVALUATION,0.002799190388010908
SPY,2019-01-16T00:00:00Z,232.74,233.76,232.54,232.86,79910690.0,231.57,EVALUATION,0.00781585502018367
SPY,2019-01-17T00:00:00Z,232.01,235.5,231.97,234.68,97376854.0,233.25,EVALUATION,0.012996420657917174
SPY,2019-01-18T00:00:00Z,236.45,238.23,234.68,237.73,130617796.0,235.09,EVALUATION,-0.01304000336516209
SPY,2019-01-22T00:00:00Z,236.3,236.52,232.95,234.63,117524932.0,235.68,EVALUATION,0.0015343306482547003
SPY,2019-01-23T00:00:00Z,235.58,236.28,232.59,234.99,87913109.0,235.7833333333333,EVALUATION,0.000978765053831987
SPY,2019-01-24T00:00:00Z,234.87,235.75,233.86,235.22,61342224.0,234.94666666666666,EVALUATION,0.008247597993367828
SPY,2019-01-25T00:00:00Z,237.01,237.98,235.27,237.16,98218282.0,235.79,EVALUATION,-0.007505481531455582
SPY,2019-01-28T00:00:00Z,235.03,235.42,233.6,235.38,87421778.0,235.92,EVALUATION,-0.0010196278358399757
SPY,2019-01-29T00:00:00Z,235.5,236.06,234.22,235.14,67650406.0,235.89333333333332,EVALUATION,0.014884749510929662
SPY,2019-01-30T00:00:00Z,236.55,239.61,235.8,238.64,93982824.0,236.38666666666666,EVALUATION,0.008883674153536747
SPY,2019-01-31T00:00:00Z,238.7,241.35,238.49,240.76,107152582.0,238.18,EVALUATION,0.0009968433294567092
SPY,2019-02-01T00:00:00Z,241.06,242.0,240.19,241.0,87113187.0,240.13333333333333,EVALUATION,0.007136929460580976
SPY,2019-02-04T00:00:00Z,241.02,242.74,240.35,242.72,63614067.0,241.49333333333334,EVALUATION,0.004243572841133858
SPY,2019-02-05T00:00:00Z,243.1,244.0,242.6,243.75,82298180.0,242.49,EVALUATION,-0.0012307692307692575
SPY,2019-02-06T00:00:00Z,243.42,243.91,242.64,243.45,61485829.0,243.30666666666667,EVALUATION,-0.009735058533579699
SPY,2019-02-07T00:00:00Z,241.76,242.31,239.4,241.08,96611850.0,242.76,EVALUATION,0.0013688402190144
SPY,2019-02-08T00:00:00Z,239.81,241.44,238.99,241.41,76471005.0,241.98,EVALUATION,0.000538502961766163
SPY,2019-02-11T00:00:00Z,242.0,242.26,240.95,241.54,69530504.0,241.34333333333333,EVALUATION,0.012461704065579227
SPY,2019-02-12T00:00:00Z,243.09,244.96,243.01,244.55,73533121.0,242.5,EVALUATION,0.003230423226334045
SPY,2019-02-13T00:00:00Z,245.41,246.22,244.99,245.34,66896771.0,243.81,EVALUATION,-0.0017526697644085765
SPY,2019-02-14T00:00:00Z,244.3,245.96,243.49,244.91,84116124.0,244.93333333333334,EVALUATION,0.010616144706218522
SPY,2019-02-15T00:00:00Z,246.6,247.54,246.4,247.51,98445574.0,245.92000000000002,EVALUATION,0.0018181083592583303
SPY,2019-02-19T00:00:00Z,246.71,248.58,246.7,247.96,60016568.0,246.79333333333335,EVALUATION,0.0019761251814807146
SPY,2019-02-20T00:00:00Z,247.89,248.89,247.4,248.45,77459348.0,247.97333333333333,EVALUATION,-0.003501710605755548
SPY,2019-02-21T00:00:00Z,247.8,248.15,246.59,247.58,64937725.0,247.99666666666667,EVALUATION,0.006139429679295594
SPY,2019-02-22T00:00:00Z,248.16,249.28,247.53,249.1,81379467.0,248.37666666666667,EVALUATION,0.0015254917703733106
SPY,2019-02-25T00:00:00Z,250.5,251.02,249.34,249.48,70022314.0,248.72,EVALUATION,-0.0008818342151675207
SPY,2019-02-26T00:00:00Z,249.05,250.12,248.87,249.26,58160878.0,249.27999999999997,EVALUATION,-0.0005616625210622672
SPY,2019-02-27T00:00:00Z,248.53,249.48,247.6,249.12,58056699.0,249.28666666666666,EVALUATION,-0.0019267822736031004
SPY,2019-02-28T00:00:00Z,248.92,249.36,248.35,248.64,71882901.0,249.00666666666666,EVALUATION,0.006314350064350105
SPY,2019-03-01T00:00:00Z,250.24,250.63,248.8,250.21,80364273.0,249.32333333333332,EVALUATION,-0.0036369449662283504
SPY,2019-03-04T00:00:00Z,251.28,251.52,247.03,249.3,109422531.0,249.38333333333333,EVALUATION,-0.0011632571199359232
SPY,2019-03-05T00:00:00Z,249.44,249.63,248.43,249.01,61491071.0,249.50666666666666,EVALUATION,-0.006144331552949689
SPY,2019-03-06T00:00:00Z,249.09,249.1,247.15,247.48,78461884.0,248.59666666666666,EVALUATION,-0.008000646516890253
SPY,2019-03-07T00:00:00Z,247.02,247.16,244.56,245.5,96843080.0,247.32999999999998,EVALUATION,-0.0023217922606924013
SPY,2019-03-08T00:00:00Z,243.55,245.08,243.09,244.93,87028556.0,245.96999999999997,EVALUATION,0.014534765034907915
SPY,2019-03-11T00:00:00Z,245.62,248.62,245.59,248.49,66974717.0,246.30666666666667,EVALUATION,0.0034609038593100827
SPY,2019-03-12T00:00:00Z,249.01,249.91,248.82,249.35,80874307.0,247.58999999999997,EVALUATION,0.006777621816723478
SPY,2019-03-13T00:00:00Z,250.28,251.97,250.12,251.04,82988832.0,249.62666666666667,EVALUATION,-0.00047801147227533036
SPY,2019-03-14T00:00:00Z,251.07,251.49,250.44,250.92,69214751.0,250.43666666666667,EVALUATION,0.004901960784313708
SPY,2019-03-15T00:00:00Z,251.43,252.93,251.25,252.15,82741834.0,251.37,EVALUATION,0.0038469165179455533
SPY,2019-03-18T00:00:00Z,252.34,253.33,252.11,253.12,63367903.0,252.06333333333333,EVALUATION,0.0003160556257901792
SPY,2019-03-19T00:00:00Z,254.1,254.86,252.21,253.2,91812444.0,252.82333333333332,EVALUATION,-0.0035939968404423706
SPY,2019-03-20T00:00:00Z,252.89,254.09,251.24,252.29,86060887.0,252.87,EVALUATION,0.010939791509770647
SPY,2019-03-21T00:00:00Z,251.52,255.59,251.48,255.05,81184605.0,253.51333333333332,EVALUATION,-0.01838855126445793
SPY,2019-03-22T00:00:00Z,253.84,254.36,250.21,250.36,126176990.0,252.56666666666666,EVALUATION,-0.0012382169675667631
SPY,2019-03-25T00:00:00Z,249.94,251.12,248.83,250.05,86567168.0,251.82,EVALUATION,0.007318536292741484
SPY,2019-03-26T00:00:00Z,251.84,252.9,250.56,251.88,69386210.0,250.76333333333332,EVALUATION,-0.00528029220263615
SPY,2019-03-27T00:00:00Z,251.94,252.53,249.09,250.55,73396221.0,250.82666666666665,EVALUATION,0.004150868090201598
SPY,2019-03-28T00:00:00Z,251.26,252.03,250.12,251.59,57431828.0,251.33999999999997,EVALUATION,0.006200564410350218
SPY,2019-03-29T00:00:00Z,253.09,253.49,251.97,253.15,86158219.0,251.76333333333332,EVALUATION,0.011613667785897563
SPY,2019-04-01T00:00:00Z,255.16,256.47,254.89,256.09,80192089.0,253.61,EVALUATION,0.0008981217540708908
SPY,2019-04-02T00:00:00Z,256.36,256.53,255.51,256.32,40808711.0,255.18666666666667,EVALUATION,0.0015995630461924648
SPY,2019-04-03T00:00:00Z,257.51,257.9,256.1,256.73,69511484.0,256.38,EVALUATION,0.002531842792038219
SPY,2019-04-04T00:00:00Z,257.03,257.63,256.34,257.38,50144575.0,256.81,EVALUATION,0.004701219986012806
SPY,2019-04-05T00:00:00Z,258.05,258.68,257.76,258.59,59597762.0,257.56666666666666,EVALUATION,0.0009667813913918355
SPY,2019-04-08T00:00:00Z,258.21,258.94,257.55,258.84,54576741.0,258.27,EVALUATION,-0.005099675475196963
SPY,2019-04-09T00:00:00Z,257.87,258.19,256.95,257.52,67706578.0,258.3166666666666,EVALUATION,0.003339546442994834
SPY,2019-04-10T00:00:00Z,257.91,258.47,257.5,258.38,53474655.0,258.24666666666667,EVALUATION,-0.00019351342983209285
SPY,2019-04-11T00:00:00Z,258.86,258.87,257.74,258.33,55858801.0,258.07666666666665,EVALUATION,0.006580730073936447
SPY,2019-04-12T00:00:00Z,259.91,260.33,258.35,260.03,70919665.0,258.9133333333333,EVALUATION,-0.0005383994154519733
SPY,2019-04-15T00:00:00Z,260.13,260.23,259.08,259.89,50455219.0,259.41666666666663,EVALUATION,0.0006541228981493674
SPY,2019-04-16T00:00:00Z,260.76,260.82,259.46,260.06,52818514.0,259.99333333333334,EVALUATION,-0.002384065215719433
SPY,2019-04-17T00:00:00Z,261.17,261.19,259.01,259.44,59131849.0,259.7966666666667,EVALUATION,0.0017730496453900457
SPY,2019-04-18T00:00:00Z,260.0,260.2,258.71,259.9,69601739.0,259.8,EVALUATION,0.001077337437475956
SPY,2019-04-22T00:00:00Z,259.17,260.3,259.08,260.18,41438319.0,259.84000000000003,EVALUATION,0.008916903682066213
SPY,2019-04-23T00:00:00Z,260.52,262.73,260.29,262.5,53717869.0,260.86,EVALUATION,-0.002323809523809617
SPY,2019-04-24T00:00:00Z,262.41,262.74,261.77,261.89,51150196.0,261.5233333333333,EVALUATION,-0.0002672877925846695
SPY,2019-04-25T00:00:00Z,261.81,262.4,260.57,261.82,59111801.0,262.07,EVALUATION,0.004392330608815387
SPY,2019-04-26T00:00:00Z,261.79,263.04,261.02,262.97,51864349.0,262.2266666666667,EVALUATION,0.0012548959957408012
SPY,2019-04-29T00:00:00Z,263.06,263.9,262.97,263.3,58217271.0,262.69666666666666,EVALUATION,0.00030383592859850594
SPY,2019-04-30T00:00:00Z,263.04,263.8,261.63,263.38,83418943.0,263.2166666666667,EVALUATION,-0.006986103728453097
SPY,2019-05-01T00:00:00Z,264.14,264.35,261.53,261.54,72689383.0,262.74,EVALUATION,-0.002370574290739502
SPY,2019-05-02T00:00:00Z,261.42,262.33,259.48,260.92,66830633.0,261.9466666666667,EVALUATION,0.00981143645561855
SPY,2019-05-03T00:00:00Z,262.44,263.8,261.08,263.48,57828940.0,261.98,EVALUATION,-0.003909215120692422
SPY,2019-05-06T00:00:00Z,259.24,262.88,258.93,262.45,117885315.0,262.28333333333336,EVALUATION,-0.016345970661078124
SPY,2019-05-07T00:00:00Z,260.05,260.64,256.16,258.16,148103972.0,261.36333333333334,EVALUATION,-0.0010845986984816536
SPY,2019-05-08T00:00:00Z,257.7,259.4,257.11,257.88,93518272.0,259.49666666666667,EVALUATION,-0.003683883977043556
SPY,2019-05-09T00:00:00Z,255.64,257.52,253.91,256.93,105484233.0,257.65666666666664,EVALUATION,0.004748375043786224
SPY,2019-05-10T00:00:00Z,255.99,258.96,253.01,258.15,113435772.0,257.6533333333333,EVALUATION,-0.024443153205500612
SPY,2019-05-13T00:00:00Z,253.12,254.08,250.89,251.84,130626738.0,255.64,EVALUATION,0.008497458703939031
SPY,2019-05-14T00:00:00Z,252.73,255.52,252.61,253.98,80127712.0,254.65666666666667,EVALUATION,0.006260335459485011
SPY,2019-05-15T00:00:00Z,252.37,256.12,252.17,255.57,75289562.0,253.79666666666668,EVALUATION,0.00884297844034898
SPY,2019-05-16T00:00:00Z,256.18,259.2,256.11,257.83,78222782.0,255.79333333333332,EVALUATION,-0.006050498390412273
SPY,2019-05-17T00:00:00Z,255.56,258.66,255.54,256.27,102052912.0,256.5566666666667,EVALUATION,-0.0069067780075701135
SPY,2019-05-20T00:00:00Z,254.59,256.29,253.75,254.5,64170379.0,256.2,EVALUATION,0.008880157170923386
SPY,2019-05-21T00:00:00Z,256.17,257.16,255.92,256.76,47820098.0,255.8433333333333,EVALUATION,-0.002998909487459067
SPY,2019-05-22T00:00:00Z,255.83,256.95,255.52,255.99,50144366.0,255.75,EVALUATION,-0.012031719989062162
SPY,2019-05-23T00:00:00Z,253.82,253.83,251.46,252.91,100251363.0,255.21999999999997,EVALUATION,0.0026887034913605223
SPY,2019-05-24T00:00:00Z,254.3,254.71,252.82,253.59,56290096.0,254.16333333333333,EVALUATION,-0.009306360660909396
SPY,2019-05-28T00:00:00Z,253.72,254.67,251.07,251.23,71181073.0,252.57666666666665,EVALUATION,-0.007323966086852707
SPY,2019-05-29T00:00:00Z,249.97,250.38,248.0,249.39,106194018.0,251.4033333333333,EVALUATION,0.002606359517222101
SPY,2019-05-30T00:00:00Z,250.15,250.99,248.98,250.04,63619067.0,250.21999999999997,EVALUATION,-0.012957926731722802
SPY,2019-05-31T00:00:00Z,247.54,248.37,246.68,246.8,88950271.0,248.74333333333334,EVALUATION,-0.0027552674230145735
SPY,2019-06-03T00:00:00Z,246.76,247.86,244.76,246.12,97829990.0,247.65333333333334,EVALUATION,0.021412319193889084
SPY,2019-06-04T00:00:00Z,248.37,251.56,247.92,251.39,78655444.0,248.10333333333335,EVALUATION,0.00847289072755486
SPY,2019-06-05T00:00:00Z,253.04,253.63,251.24,253.52,72864182.0,250.34333333333336,EVALUATION,0.006745029977910821
SPY,2019-06-06T00:00:00Z,253.9,255.92,253.25,255.23,73406945.0,253.38,EVALUATION,0.009834267131606955
SPY,2019-06-07T00:00:00Z,256.26,258.88,256.09,257.74,75657962.0,255.49666666666667,EVALUATION,0.004694653526809978
SPY,2019-06-10T00:00:00Z,259.35,260.65,258.9,258.95,61774465.0,257.3066666666667,EVALUATION,-3.861749372457979e-05
SPY,2019-06-11T00:00:00Z,260.8,261.17,258.28,258.94,59466020.0,258.54333333333335,EVALUATION,-0.0021240441801190224
SPY,2019-06-12T00:00:00Z,258.69,259.25,257.95,258.39,48189729.0,258.76,EVALUATION,0.004450636634544702
SPY,2019-06-13T00:00:00Z,259.37,259.89,258.68,259.54,50062283.0,258.95666666666665,EVALUATION,-0.0012329506049163497
SPY,2019-06-14T00:00:00Z,259.25,259.85,258.49,259.22,53455035.0,259.05,EVALUATION,0.0008486999459917932
SPY,2019-06-17T00:00:00Z,259.48,260.11,259.18,259.44,40412734.0,259.40000000000003,EVALUATION,0.0098288621646625
SPY,2019-06-18T00:00:00Z,261.16,263.11,260.8,261.99,87949170.0,260.2166666666667,EVALUATION,0.0023665025382648697
SPY,2019-06-19T00:00:00Z,262.2,263.18,261.23,262.61,80843620.0,261.3466666666667,EVALUATION,0.009786375233235667
SPY,2019-06-20T00:00:00Z,265.33,265.57,262.71,265.18,118177314.0,263.26,EVALUATION,-0.0015084093823064526
SPY,2019-06-21T00:00:00Z,264.9,266.15,264.56,264.78,86831535.0,264.19,EVALUATION,-0.0011707832917892125
SPY,2019-06-24T00:00:00Z,264.99,265.3,264.3,264.47,48346062.0,264.81,EVALUATION,-0.009793171248156818
SPY,2019-06-25T00:00:00Z,264.51,264.53,261.75,261.88,86145268.0,263.71000000000004,EVALUATION,-0.0009546357110127301
SPY,2019-06-26T00:00:00Z,262.75,263.26,261.49,261.63,54550945.0,262.66,EVALUATION,0.003478194396667078
SPY,2019-06-27T00:00:00Z,262.36,263.03,261.98,262.54,41184771.0,262.01666666666665,EVALUATION,0.0054467890607146074
SPY,2019-06-28T00:00:00Z,263.5,264.37,262.99,263.97,61281271.0,262.71333333333337,EVALUATION,0.008447929688979672
SPY,2019-07-01T00:00:00Z,267.19,267.41,265.08,266.2,80972325.0,264.2366666666667,EVALUATION,0.002930127723516307
SPY,2019-07-02T00:00:00Z,266.23,267.02,265.39,266.98,62258442.0,265.7166666666667,EVALUATION,0.007940669713087045
SPY,2019-07-03T00:00:00Z,267.64,269.12,267.5,269.1,42248078.0,267.4266666666667,EVALUATION,-0.0017837235228540527
SPY,2019-07-05T00:00:00Z,267.88,268.96,266.59,268.62,52650445.0,268.23333333333335,EVALUATION,-0.004727868364231891
SPY,2019-07-08T00:00:00Z,267.49,268.61,266.78,267.35,47352766.0,268.3566666666667,EVALUATION,0.0012717411632690023
SPY,2019-07-09T00:00:00Z,266.17,267.95,266.11,267.69,42301733.0,267.88666666666666,EVALUATION,0.004632223841010141
SPY,2019-07-10T00:00:00Z,268.71,269.88,268.18,268.93,59656591.0,267.99,EVALUATION,0.0023798014353177965
SPY,2019-07-11T00:00:00Z,269.57,269.8,268.56,269.57,51545653.0,268.73,EVALUATION,0.00445153392439801
SPY,2019-07-12T00:00:00Z,270.05,270.84,269.74,270.77,41362400.0,269.75666666666666,EVALUATION,0.0006278391254570526
SPY,2019-07-15T00:00:00Z,271.2,271.2,270.35,270.94,34419769.0,270.4266666666667,EVALUATION,-0.0035432199010850818
SPY,2019-07-16T00:00:00Z,270.77,270.97,269.68,269.98,41252625.0,270.56333333333333,EVALUATION,-0.0066671605304097215
SPY,2019-07-17T00:00:00Z,269.96,270.12,268.15,268.18,45903553.0,269.7,EVALUATION,0.003654262062793734
SPY,2019-07-18T00:00:00Z,267.65,269.51,267.21,269.16,52346311.0,269.1066666666667,EVALUATION,-0.005387130331401591
SPY,2019-07-19T00:00:00Z,270.22,270.24,267.44,267.71,72696883.0,268.35,EVALUATION,0.0018676926524971993
SPY,2019-07-22T00:00:00Z,268.03,268.83,267.52,268.21,45886285.0,268.36,EVALUATION,0.007270422430185386
SPY,2019-07-23T00:00:00Z,269.41,270.21,268.58,270.16,45969686.0,268.6933333333333,EVALUATION,0.004737933076695233
SPY,2019-07-24T00:00:00Z,269.45,271.48,269.36,271.44,48730753.0,269.93666666666667,EVALUATION,-0.004752431476569452
SPY,2019-07-25T00:00:00Z,271.03,271.08,269.38,270.15,58984311.0,270.58333333333337,EVALUATION,0.006662965019433642
SPY,2019-07-26T00:00:00Z,270.87,272.19,270.74,271.95,48115422.0,271.18,EVALUATION,-0.0015811730097444743
SPY,2019-07-29T00:00:00Z,271.87,271.92,270.95,271.52,39076088.0,271.20666666666665,EVALUATION,-0.0023202710665880533
SPY,2019-07-30T00:00:00Z,270.1,271.24,269.72,270.89,47114717.0,271.4533333333333,EVALUATION,-0.011259182694082548
SPY,2019-07-31T00:00:00Z,271.07,271.26,265.86,267.84,106681828.0,270.0833333333333,EVALUATION,-0.00806451612903214
SPY,2019-08-01T00:00:00Z,268.02,270.97,264.74,265.68,145021954.0,268.13666666666666,EVALUATION,-0.008054802770249836
SPY,2019-08-02T00:00:00Z,264.64,264.89,261.99,263.54,119022508.0,265.68666666666667,EVALUATION,-0.029293465887531456
SPY,2019-08-05T00:00:00Z,259.46,259.56,253.72,255.82,183198274.0,261.68,EVALUATION,0.012938785083261628
SPY,2019-08-06T00:00:00Z,257.49,259.41,256.02,259.13,124236590.0,259.49666666666667,EVALUATION,0.0015050360822752573
SPY,2019-08-07T00:00:00Z,256.13,260.11,254.01,259.52,142254766.0,258.15666666666664,EVALUATION,0.018842478421701836
SPY,2019-08-08T00:00:00Z,260.83,264.44,260.28,264.41,90112173.0,261.02,EVALUATION,-0.006769789342309318
SPY,2019-08-09T00:00:00Z,263.5,264.09,260.86,262.62,95091532.0,262.18333333333334,EVALUATION,-0.012603762089711368
SPY,2019-08-12T00:00:00Z,261.14,262.62,258.49,259.31,58248189.0,262.11333333333334,EVALUATION,0.015618371832941236
SPY,2019-08-13T00:00:00Z,259.14,264.91,258.8,263.36,96643300.0,261.7633333333333,EVALUATION,-0.028743924665856735
SPY,2019-08-14T00:00:00Z,259.44,263.4,255.56,255.79,138650630.0,259.4866666666667,EVALUATION,0.0022283904765629803
SPY,2019-08-15T00:00:00Z,256.56,257.25,254.32,256.36,103711759.0,258.50333333333333,EVALUATION,0.01458885941644561
SPY,2019-08-16T00:00:00Z,258.01,260.57,256.41,260.1,87151223.0,257.4166666666667,EVALUATION,0.012187620146097533
SPY,2019-08-19T00:00:00Z,263.15,263.95,262.47,263.27,56116895.0,259.90999999999997,EVALUATION,-0.007900634329775502
SPY,2019-08-20T00:00:00Z,262.77,263.3,261.13,261.19,53406540.0,261.52,EVALUATION,0.008269841877560413
SPY,2019-08-21T00:00:00Z,263.41,263.75,262.72,263.35,51117691.0,262.60333333333335,EVALUATION,-0.0003037782418835455
SPY,2019-08-22T00:00:00Z,264.08,264.72,261.54,263.27,53036877.0,262.60333333333335,EVALUATION,-0.025487142477304547
SPY,2019-08-23T00:00:00Z,262.0,263.66,255.29,256.56,151633008.0,261.06,EVALUATION,0.010796694730277556
SPY,2019-08-26T00:00:00Z,258.72,259.37,257.2,259.33,74581806.0,259.71999999999997,EVALUATION,-0.004357382485635997
SPY,2019-08-27T00:00:00Z,260.76,261.13,257.6,258.2,69217186.0,258.03,EVALUATION,0.007474825716498934
SPY,2019-08-28T00:00:00Z,257.7,260.34,256.9,260.13,60999504.0,259.21999999999997,EVALUATION,0.012955060931072904
SPY,2019-08-29T00:00:00Z,262.72,264.02,261.73,263.5,59225194.0,260.61,EVALUATION,-0.0004554079696394986
SPY,2019-08-30T00:00:00Z,264.98,264.99,262.45,263.38,64676117.0,262.33666666666664,EVALUATION,-0.005809097122028928
SPY,2019-09-03T00:00:00Z,261.69,262.6,260.52,261.85,70523272.0,262.91,EVALUATION,0.01107504296352868
SPY,2019-09-04T00:00:00Z,264.0,264.83,263.26,264.75,48447464.0,263.3266666666667,EVALUATION,0.01288007554296522
SPY,2019-09-05T00:00:00Z,267.29,269.13,264.78,268.16,84134211.0,264.92,EVALUATION,0.001006861575178819
SPY,2019-09-06T00:00:00Z,268.53,269.06,267.86,268.43,50175287.0,267.11333333333334,EVALUATION,0.00048429758223744734
SPY,2019-09-09T00:00:00Z,269.41,269.5,267.62,268.56,52006396.0,268.3833333333333,EVALUATION,-0.0003723562704797123
SPY,2019-09-10T00:00:00Z,267.8,268.56,266.55,268.46,58797500.0,268.48333333333335,EVALUATION,0.0074498994263576535
SPY,2019-09-11T00:00:00Z,268.8,270.49,268.16,270.46,69964932.0,269.15999999999997,EVALUATION,0.0035125342009911797
SPY,2019-09-12T00:00:00Z,271.31,272.4,270.55,271.41,73765948.0,270.11,EVALUATION,-0.0012527172911831475
SPY,2019-09-13T00:00:00Z,271.78,272.14,270.79,271.07,62876882.0,270.98,EVALUATION,-0.0025823588003098807
SPY,2019-09-16T00:00:00Z,270.04,271.21,269.69,270.37,60055479.0,270.95000000000005,EVALUATION,0.002478085586418599
SPY,2019-09-17T00:00:00Z,270.13,271.1,269.96,271.04,43560752.0,270.8266666666667,EVALUATION,0.00047963400236117337
SPY,2019-09-18T00:00:00Z,270.62,271.28,268.6,271.17,75049588.0,270.86,EVALUATION,-7.375447136492852e-05
SPY,2019-09-19T00:00:00Z,271.56,272.55,270.82,271.15,79490929.0,271.12,EVALUATION,-0.0053844735386316955
SPY,2019-09-20T00:00:00Z,271.75,272.04,269.09,269.69,99626161.0,270.66999999999996,EVALUATION,0.0007415921984499363
SPY,2019-09-23T00:00:00Z,269.21,270.52,268.96,269.89,48321226.0,270.24333333333334,EVALUATION,-0.007966208455296497
SPY,2019-09-24T00:00:00Z,270.9,271.28,266.73,267.74,98688410.0,269.1066666666667,EVALUATION,0.005714499140957452
SPY,2019-09-25T00:00:00Z,267.77,269.72,266.3,269.27,78417632.0,268.96666666666664,EVALUATION,-0.0020796969584432334
SPY,2019-09-26T00:00:00Z,269.28,269.49,267.31,268.71,59165581.0,268.5733333333333,EVALUATION,-0.005321722302854437
SPY,2019-09-27T00:00:00Z,269.47,269.57,265.72,267.28,86011770.0,268.41999999999996,EVALUATION,0.004676743489973045
SPY,2019-09-30T00:00:00Z,267.78,269.21,267.74,268.53,54249399.0,268.1733333333333,EVALUATION,-0.01169329311436329
SPY,2019-10-01T00:00:00Z,269.38,270.03,265.1,265.39,90963980.0,267.0666666666666,EVALUATION,-0.01759674441388126
SPY,2019-10-02T00:00:00Z,263.74,263.75,259.34,260.72,126335327.0,264.88,EVALUATION,0.007939552009818884
SPY,2019-10-03T00:00:00Z,260.4,262.79,257.69,262.79,86869960.0,262.9666666666667,EVALUATION,0.013242513033220327
SPY,2019-10-04T00:00:00Z,263.41,266.57,263.12,266.27,67767580.0,263.26,EVALUATION,-0.0040560333496074685
SPY,2019-10-07T00:00:00Z,265.52,267.14,264.89,265.19,62088645.0,264.75,EVALUATION,-0.015158942644896034
SPY,2019-10-08T00:00:00Z,263.32,264.06,261.02,261.17,103504306.0,264.21,EVALUATION,0.008500210590802748
SPY,2019-10-09T00:00:00Z,263.06,264.46,261.17,263.39,70229917.0,263.25,EVALUATION,0.0074794031664073835
SPY,2019-10-10T00:00:00Z,263.45,266.19,263.29,265.36,57867131.0,263.3066666666667,EVALUATION,0.010099487488694603
SPY,2019-10-11T00:00:00Z,268.05,270.29,267.94,268.04,102672621.0,265.5966666666667,EVALUATION,-0.0007461572899568614
SPY,2019-10-14T00:00:00Z,267.75,268.42,267.42,267.84,41283428.0,267.08,EVALUATION,0.009632616487455392
SPY,2019-10-15T00:00:00Z,268.81,271.16,268.69,270.42,48895657.0,268.76666666666665,EVALUATION,-0.0014052215072849483
SPY,2019-10-16T00:00:00Z,269.95,270.67,269.55,270.04,52994390.0,269.43333333333334,EVALUATION,0.0024811139090503698
SPY,2019-10-17T00:00:00Z,271.14,271.65,270.09,270.71,47733412.0,270.39,EVALUATION,-0.003730929777252423
SPY,2019-10-18T00:00:00Z,270.24,270.88,268.71,269.7,65642672.0,270.15,EVALUATION,0.006525769373377788
SPY,2019-10-21T00:00:00Z,270.9,271.62,270.47,271.46,40676748.0,270.62333333333333,EVALUATION,-0.003462756943932832
SPY,2019-10-22T00:00:00Z,271.95,272.24,270.44,270.52,50056997.0,270.56,EVALUATION,0.00280940411060171
SPY,2019-10-23T00:00:00Z,270.28,271.37,270.07,271.28,35723766.0,271.08666666666664,EVALUATION,0.001953700973164274
SPY,2019-10-24T00:00:00Z,272.25,272.4,270.94,271.81,36772203.0,271.2033333333333,EVALUATION,0.0038997829366100856
SPY,2019-10-25T00:00:00Z,271.19,273.42,271.14,272.87,46278271.0,271.9866666666667,EVALUATION,0.005790303074724168
SPY,2019-10-28T00:00:00Z,274.09,274.91,274.06,274.45,43245339.0,273.04333333333335,EVALUATION,-0.0006558571688832782
SPY,2019-10-29T00:00:00Z,274.14,275.26,274.02,274.27,44955590.0,273.86333333333334,EVALUATION,0.0035366609545339767
SPY,2019-10-30T00:00:00Z,274.53,275.55,273.23,275.24,50475026.0,274.6533333333333,EVALUATION,-0.0029065542799011634
SPY,2019-10-31T00:00:00Z,275.17,275.17,272.99,274.44,70472882.0,274.65,EVALUATION,0.009364524121848072
SPY,2019-11-01T00:00:00Z,275.88,277.03,275.72,277.01,72649752.0,275.56333333333333,EVALUATION,0.003934875997256615
SPY,2019-11-04T00:00:00Z,278.53,278.67,277.73,278.1,61451913.0,276.51666666666665,EVALUATION,-0.0010787486515642097
SPY,2019-11-05T00:00:00Z,278.3,278.59,277.5,277.8,44001870.0,277.63666666666666,EVALUATION,0.00010799136069095105
SPY,2019-11-06T00:00:00Z,277.79,278.12,276.91,277.83,47383539.0,277.91,EVALUATION,0.003707303027030928
SPY,2019-11-07T00:00:00Z,279.18,280.16,278.36,278.86,55053333.0,278.16333333333336,EVALUATION,0.0023309187405866627
SPY,2019-11-08T00:00:00Z,278.49,279.58,277.79,279.51,49653540.0,278.73333333333335,EVALUATION,-0.001860398554613396
SPY,2019-11-11T00:00:00Z,278.14,279.16,278.01,278.99,36335724.0,279.12,EVALUATION,0.001971396824258953
SPY,2019-11-12T00:00:00Z,279.35,280.47,278.8,279.54,47933274.0,279.3466666666667,EVALUATION,0.0006081419474850414
SPY,2019-11-13T00:00:00Z,278.59,280.06,278.36,279.71,55252450.0,279.41333333333336,EVALUATION,0.0012512959851276317
SPY,2019-11-14T00:00:00Z,279.38,280.15,278.75,280.06,52602572.0,279.77,EVALUATION,0.007319860029993519
SPY,2019-11-15T00:00:00Z,281.4,282.14,280.71,282.11,62832522.0,280.62666666666667,EVALUATION,0.0005671546559851137
SPY,2019-11-18T00:00:00Z,281.86,282.54,281.41,282.27,50489632.0,281.48,EVALUATION,-0.0002479895135862886
SPY,2019-11-19T00:00:00Z,282.9,282.91,281.58,282.2,69272746.0,282.1933333333333,EVALUATION,-0.0035081502480510673
SPY,2019-11-20T00:00:00Z,281.63,282.15,279.63,281.21,80921343.0,281.8933333333333,EVALUATION,-0.0016357882009885305
SPY,2019-11-21T00:00:00Z,281.28,281.39,279.92,280.75,55273030.0,281.38666666666666,EVALUATION,0.002315227070347259
SPY,2019-11-22T00:00:00Z,281.46,281.6,280.34,281.4,45485710.0,281.12,EVALUATION,0.007427149964463586
SPY,2019-11-25T00:00:00Z,282.27,283.53,282.27,283.49,50273892.0,281.88,EVALUATION,0.002116476771667264
SPY,2019-11-26T00:00:00Z,283.56,284.35,283.25,284.09,38729785.0,282.99333333333334,EVALUATION,0.004540814530606507
SPY,2019-11-27T00:00:00Z,284.65,285.43,284.43,285.38,46153005.0,284.32,EVALUATION,-0.0034690587987946664
SPY,2019-11-29T00:00:00Z,284.87,285.12,284.15,284.39,37839782.0,284.62,EVALUATION,-0.008474278279826941
SPY,2019-12-02T00:00:00Z,284.63,284.69,281.54,281.98,78630131.0,283.9166666666667,EVALUATION,-0.0069153840697923075
SPY,2019-12-03T00:00:00Z,279.26,280.15,277.88,280.03,76725416.0,282.1333333333333,EVALUATION,0.006427882726850687
SPY,2019-12-04T00:00:00Z,281.11,282.39,280.77,281.83,49860938.0,281.28,EVALUATION,0.0019160486818294853
SPY,2019-12-05T00:00:00Z,282.49,282.51,281.0,282.37,41540611.0,281.40999999999997,EVALUATION,0.008782802705670001
SPY,2019-12-06T00:00:00Z,284.2,285.28,284.2,284.85,50091438.0,283.01666666666665,EVALUATION,-0.002984026680709184
SPY,2019-12-09T00:00:00Z,284.49,285.16,283.91,284.0,35419836.0,283.74,EVALUATION,-0.0009859154929576786
SPY,2019-12-10T00:00:00Z,283.93,284.59,283.02,283.72,53698321.0,284.19,EVALUATION,0.0023614831524036983
SPY,2019-12-11T00:00:00Z,284.12,284.73,283.59,284.39,56301209.0,284.0366666666667,EVALUATION,0.00875558212314087
SPY,2019-12-12T00:00:00Z,284.48,287.71,284.25,286.88,98280985.0,284.99666666666667,EVALUATION,0.0006622978248744804
SPY,2019-12-13T00:00:00Z,286.69,288.32,285.92,287.07,82239787.0,286.11333333333334,EVALUATION,0.006932107151565781
SPY,2019-12-16T00:00:00Z,288.82,289.66,287.04,289.06,86183317.0,287.67,EVALUATION,0.00020756936276211668
SPY,2019-12-17T00:00:00Z,289.45,289.75,289.05,289.12,62393053.0,288.4166666666667,EVALUATION,3.458771444386777e-05
SPY,2019-12-18T00:00:00Z,289.52,289.75,289.1,289.13,51246674.0,289.10333333333335,EVALUATION,0.004081209144675357
SPY,2019-12-19T00:00:00Z,289.34,290.41,289.09,290.31,87471997.0,289.52,EVALUATION,0.004891323068444198
SPY,2019-12-20T00:00:00Z,291.37,292.74,290.39,291.73,162473006.0,290.39,EVALUATION,0.0012682960271483967
SPY,2019-12-23T00:00:00Z,292.39,292.45,291.91,292.1,54408530.0,291.38,EVALUATION,-6.846970215690362e-05
SPY,2019-12-24T00:00:00Z,292.28,292.33,291.77,292.08,20550098.0,291.97,EVALUATION,0.005272528074500293
SPY,2019-12-26T00:00:00Z,292.45,293.63,292.44,293.62,31809352.0,292.6,EVALUATION,-0.0002724610040187869
SPY,2019-12-27T00:00:00Z,294.35,294.4,293.02,293.54,43084401.0,293.08000000000004,EVALUATION,-0.005314437555358764
SPY,2019-12-30T00:00:00Z,293.63,293.77,291.45,291.98,51165259.0,293.0466666666667,EVALUATION,0.0022261798753338002
SPY,2019-12-31T00:00:00Z,291.43,292.88,291.08,292.63,59018703.0,292.7166666666667,EVALUATION,0.009397532720500257
SPY,2020-01-02T00:00:00Z,294.17,295.39,293.25,295.38,60187033.0,293.33,EVALUATION,-0.007515742433475414
SPY,2020-01-03T00:00:00Z,292.0,294.26,291.95,293.16,80319689.0,293.72333333333336,EVALUATION,0.004025105744303259
SPY,2020-01-06T00:00:00Z,291.39,294.34,291.28,294.34,56672077.0,294.29333333333335,EVALUATION,-0.0030576883875789163
SPY,2020-01-07T00:00:00Z,293.69,294.17,292.98,293.44,43646563.0,293.64666666666665,EVALUATION,0.0052140130861506595
SPY,2020-01-08T00:00:00Z,293.62,296.2,293.38,294.97,69691471.0,294.25,EVALUATION,0.006678645285961293
SPY,2020-01-09T00:00:00Z,296.55,297.07,295.97,296.94,49479650.0,295.1166666666667,EVALUATION,-0.002896207988145827
SPY,2020-01-10T00:00:00Z,297.58,297.73,295.68,296.08,53842362.0,295.99666666666667,EVALUATION,0.006991353688192259
SPY,2020-01-13T00:00:00Z,296.76,298.19,296.33,298.15,51115039.0,297.0566666666667,EVALUATION,-0.0015428475599529312
SPY,2020-01-14T00:00:00Z,297.74,298.79,297.17,297.69,64327107.0,297.3066666666667,EVALUATION,0.002284255433504745
SPY,2020-01-15T00:00:00Z,297.63,299.15,297.55,298.37,73150949.0,298.07,EVALUATION,0.008211281295036343
SPY,2020-01-16T00:00:00Z,299.77,300.88,299.54,300.82,56695908.0,298.96,EVALUATION,0.0034904594109435028
SPY,2020-01-17T00:00:00Z,301.59,302.02,300.76,301.87,107448658.0,300.35333333333335,EVALUATION,-0.0021863716169212566
SPY,2020-01-21T00:00:00Z,300.86,302.02,300.79,301.21,80196677.0,301.29999999999995,EVALUATION,0.00019919657381883837
SPY,2020-01-22T00:00:00Z,302.08,302.72,301.1,301.27,49824372.0,301.45,EVALUATION,0.0013609055000498582
SPY,2020-01-23T00:00:00Z,300.61,302.01,299.5,301.68,52680351.0,301.38666666666666,EVALUATION,-0.009181914611508857
SPY,2020-01-24T00:00:00Z,302.26,302.34,297.64,298.91,88497842.0,300.62,EVALUATION,-0.015957980663075966
SPY,2020-01-27T00:00:00Z,293.7,295.6,293.37,294.14,86318745.0,298.24333333333334,EVALUATION,0.01040320935608885
SPY,2020-01-28T00:00:00Z,295.55,298.09,294.22,297.2,65847396.0,296.75,EVALUATION,-0.0007738896366081827
SPY,2020-01-29T00:00:00Z,298.57,298.79,296.77,296.97,54998042.0,296.10333333333335,EVALUATION,0.0030642825874667157
SPY,2020-01-30T00:00:00Z,294.91,298.14,294.17,297.88,77185315.0,297.35,EVALUATION,-0.01792668188532287
SPY,2020-01-31T00:00:00Z,297.31,297.47,291.61,292.54,116500962.0,295.7966666666667,EVALUATION,0.007349422301223596
SPY,2020-02-03T00:00:00Z,293.99,296.55,293.88,294.69,71170107.0,295.0366666666667,EVALUATION,0.015270284027282921
SPY,2020-02-04T00:00:00Z,298.29,300.05,297.97,299.19,64065469.0,295.47333333333336,EVALUATION,0.011464286907984844
SPY,2020-02-05T00:00:00Z,302.1,302.85,300.65,302.62,67402342.0,298.83333333333337,EVALUATION,0.0032714295155640283
SPY,2020-02-06T00:00:00Z,303.6,303.85,302.59,303.61,51626082.0,301.8066666666667,EVALUATION,-0.005039359704884672
SPY,2020-02-07T00:00:00Z,302.6,303.67,301.49,302.08,65101736.0,302.77,EVALUATION,0.007547669491525522
SPY,2020-02-10T00:00:00Z,301.16,304.36,301.12,304.36,43576992.0,303.35,EVALUATION,0.0015442239453278273
SPY,2020-02-11T00:00:00Z,305.64,306.42,304.3,304.83,55707407.0,303.75666666666666,EVALUATION,0.0064626185086771315
SPY,2020-02-12T00:00:00Z,306.25,307.0,305.89,306.8,44997697.0,305.33,EVALUATION,-0.0007822685788787531
SPY,2020-02-13T00:00:00Z,305.37,307.42,305.1,306.56,55382831.0,306.06333333333333,EVALUATION,0.001272181628392488
SPY,2020-02-14T00:00:00Z,306.87,307.07,305.68,306.95,65012969.0,306.77,EVALUATION,-0.002573709073138808
SPY,2020-02-18T00:00:00Z,305.96,307.01,304.78,306.16,58482788.0,306.5566666666667,EVALUATION,0.004703423046772848
SPY,2020-02-19T00:00:00Z,307.12,308.3,306.84,307.6,49804453.0,306.90333333333336,EVALUATION,-0.0039011703511054874
SPY,2020-02-20T00:00:00Z,307.08,307.9,303.39,306.4,74976767.0,306.72,EVALUATION,-0.010509138381200933
SPY,2020-02-21T00:00:00Z,305.01,305.32,302.39,303.18,115144054.0,305.7266666666667,EVALUATION,-0.033082657167359475
SPY,2020-02-24T00:00:00Z,293.8,303.28,292.08,293.15,163655089.0,300.90999999999997,EVALUATION,-0.030496332935357362
SPY,2020-02-25T00:00:00Z,294.53,295.14,283.39,284.21,223245173.0,293.5133333333333,EVALUATION,-0.0031314872805319194
SPY,2020-02-26T00:00:00Z,285.66,289.23,282.49,283.32,198369131.0,286.8933333333333,EVALUATION,-0.0446491599604687
SPY,2020-02-27T00:00:00Z,277.73,283.28,270.5,270.67,288117319.0,279.4,EVALUATION,-0.004876787231684276
SPY,2020-02-28T00:00:00Z,262.49,270.85,259.62,269.35,392482615.0,274.4466666666667,EVALUATION,0.0427325041767217
SPY,2020-03-02T00:00:00Z,271.14,281.09,267.73,280.86,241275739.0,273.62666666666667,EVALUATION,-0.027807448550879466
SPY,2020-03-03T00:00:00Z,281.4,285.35,270.55,273.05,305243992.0,274.42,EVALUATION,0.042409815052188105
SPY,2020-03-04T00:00:00Z,278.33,284.67,275.79,284.63,178853859.0,279.5133333333333,EVALUATION,-0.033657731089484555
SPY,2020-03-05T00:00:00Z,277.29,280.46,272.77,275.05,188896911.0,277.57666666666665,EVALUATION,-0.016796946009816405
SPY,2020-03-06T00:00:00Z,266.54,271.65,263.88,270.43,231042459.0,276.7033333333333,EVALUATION,-0.0709980401582665
SPY,2020-03-09T00:00:00Z,250.31,258.39,248.62,251.23,312908288.0,265.57,EVALUATION,0.043784579867054196
SPY,2020-03-10T00:00:00Z,258.8,262.33,248.67,262.23,278857139.0,261.2966666666667,EVALUATION,-0.049117187202074586
SPY,2020-03-11T00:00:00Z,255.22,256.34,246.29,249.35,258486370.0,254.26999999999998,EVALUATION,-0.06930018046921993
SPY,2020-03-12T00:00:00Z,232.76,242.45,225.19,232.07,394824960.0,247.88333333333333,EVALUATION,0.05860300771319005
SPY,2020-03-13T00:00:00Z,239.2,246.83,225.96,245.67,328921935.0,242.36333333333334,EVALUATION,-0.10782757357430695
SPY,2020-03-16T00:00:00Z,219.28,233.58,215.81,219.18,300815897.0,232.30666666666667,EVALUATION,0.05443014873619867
SPY,2020-03-17T00:00:00Z,222.79,232.91,215.55,231.11,265602534.0,231.98666666666668,EVALUATION,-0.07277919605382732
SPY,2020-03-18T00:00:00Z,214.8,225.82,207.32,214.29,329737404.0,221.52666666666667,EVALUATION,0.02062625414158381
SPY,2020-03-19T00:00:00Z,217.53,224.92,211.14,218.71,292164236.0,221.37,EVALUATION,-0.04073887796625664
SPY,2020-03-20T00:00:00Z,221.81,223.58,208.98,209.8,346965271.0,214.26666666666665,EVALUATION,-0.0293136320305053
SPY,2020-03-23T00:00:00Z,208.69,210.06,199.61,203.65,328483538.0,210.72000000000003,EVALUATION,0.08676651117112688
SPY,2020-03-24T00:00:00Z,214.39,223.24,213.82,221.32,238855181.0,211.59,EVALUATION,0.01979034881619368
SPY,2020-03-25T00:00:00Z,223.95,234.45,219.26,225.7,301441274.0,216.89,EVALUATION,0.05733274257864429
SPY,2020-03-26T00:00:00Z,228.2,240.35,227.77,238.64,260651432.0,228.55333333333334,EVALUATION,-0.02656721421387853
SPY,2020-03-27T00:00:00Z,231.63,238.53,229.6,232.3,225910512.0,232.21333333333334,EVALUATION,0.029746018080068826
SPY,2020-03-30T00:00:00Z,233.85,240.01,231.87,239.21,173415329.0,236.71666666666667,EVALUATION,-0.016052840600309315
SPY,2020-03-31T00:00:00Z,238.3,240.83,234.33,235.37,199726153.0,235.62666666666667,EVALUATION,-0.043973318604749956
SPY,2020-04-01T00:00:00Z,226.79,235.64,223.06,225.02,191168322.0,233.2,EVALUATION,0.023908985867922894
SPY,2020-04-02T00:00:00Z,224.24,231.09,223.69,230.4,180209961.0,230.26333333333332,EVALUATION,-0.015798611111111138
SPY,2020-04-03T00:00:00Z,229.33,231.68,224.27,226.76,135983980.0,227.39333333333332,EVALUATION,0.06773681425295464
SPY,2020-04-06T00:00:00Z,235.81,244.19,226.97,242.12,190704663.0,233.0933333333333,EVALUATION,0.0016520733520568598
SPY,2020-04-07T00:00:00Z,250.78,251.53,242.26,242.52,202333061.0,237.13333333333333,EVALUATION,0.03327560613557634
SPY,2020-04-08T00:00:00Z,245.06,252.42,242.59,250.59,156041618.0,245.07666666666665,EVALUATION,0.015403647392154385
SPY,2020-04-09T00:00:00Z,253.86,257.17,251.93,254.45,191207283.0,249.18666666666667,EVALUATION,-0.009314207113381712
SPY,2020-04-13T00:00:00Z,253.46,253.8,248.22,252.08,115990100.0,252.37333333333333,EVALUATION,0.02963344969850845
SPY,2020-04-14T00:00:00Z,256.97,260.56,251.97,259.55,135637433.0,255.36,EVALUATION,-0.021306106723174678
SPY,2020-04-15T00:00:00Z,253.85,259.68,251.92,254.02,122479542.0,255.21666666666667,EVALUATION,0.004330367687583658
SPY,2020-04-16T00:00:00Z,255.3,256.1,252.2,255.12,133521580.0,256.23,EVALUATION,0.027202884916901926
SPY,2020-04-17T00:00:00Z,261.0,262.75,258.27,262.06,148426671.0,257.06666666666666,EVALUATION,-0.016675570480042756
SPY,2020-04-20T00:00:00Z,258.46,262.29,257.31,257.69,101355962.0,258.29,EVALUATION,-0.030501765687453886
SPY,2020-04-21T00:00:00Z,253.09,254.28,248.78,249.83,127506242.0,256.52666666666664,EVALUATION,0.02149461633911054
SPY,2020-04-22T00:00:00Z,254.57,256.99,253.25,255.2,95043515.0,254.24,EVALUATION,-0.00011755485893416573
SPY,2020-04-23T00:00:00Z,256.52,259.68,254.93,255.17,105334118.0,253.39999999999998,EVALUATION,0.013912293764941186
SPY,2020-04-24T00:00:00Z,256.74,259.46,254.7,258.72,85986704.0,256.36333333333334,EVALUATION,0.014880952380952328
SPY,2020-04-27T00:00:00Z,260.76,263.64,260.3,262.57,79453111.0,258.82,EVALUATION,-0.004912975587462509
SPY,2020-04-28T00:00:00Z,266.15,266.5,261.01,261.28,107717695.0,260.8566666666667,EVALUATION,0.02610226576852437
SPY,2020-04-29T00:00:00Z,266.63,269.68,265.6,268.1,120029469.0,263.98333333333335,EVALUATION,-0.008578888474449875
SPY,2020-04-30T00:00:00Z,266.79,268.26,263.93,265.8,125590429.0,265.06,EVALUATION,-0.026862302483069977
SPY,2020-05-01T00:00:00Z,260.93,265.82,257.47,258.66,127002350.0,264.1866666666667,EVALUATION,0.0027062553158585523
SPY,2020-05-04T00:00:00Z,256.75,259.64,255.28,259.36,81813464.0,261.27333333333337,EVALUATION,0.009022208513263408
SPY,2020-05-05T00:00:00Z,262.15,264.54,259.47,261.7,80363726.0,259.9066666666667,EVALUATION,-0.006343141001146191
SPY,2020-05-06T00:00:00Z,263.43,263.81,259.53,260.04,74268760.0,260.3666666666667,EVALUATION,0.011844331641285955
SPY,2020-05-07T00:00:00Z,263.16,265.02,262.6,263.12,75995625.0,261.62,EVALUATION,0.01672240802675584
SPY,2020-05-08T00:00:00Z,266.22,267.92,265.09,267.52,77453400.0,263.56,EVALUATION,0.0003738038277512068
SPY,2020-05-11T00:00:00Z,265.53,268.88,265.11,267.62,80185487.0,266.08666666666664,EVALUATION,-0.020738360361706953
SPY,2020-05-12T00:00:00Z,268.69,269.1,262.04,262.07,96646578.0,265.7366666666667,EVALUATION,-0.01766703552485971
SPY,2020-05-13T00:00:00Z,261.62,262.65,255.13,257.44,145925811.0,262.37666666666667,EVALUATION,0.01262430080795518
SPY,2020-05-14T00:00:00Z,255.12,260.75,249.66,260.69,122811653.0,260.06666666666666,EVALUATION,0.004373010088611018
SPY,2020-05-15T00:00:00Z,258.24,261.86,257.3,261.83,112236947.0,259.9866666666667,EVALUATION,0.030210441889775952
SPY,2020-05-18T00:00:00Z,268.01,271.39,267.69,269.74,121483062.0,264.08666666666664,EVALUATION,-0.009268184177355976
SPY,2020-05-19T00:00:00Z,269.2,270.9,267.0,267.24,95902732.0,266.27,EVALUATION,0.016502020655590366
SPY,2020-05-20T00:00:00Z,270.54,272.42,270.32,271.65,88554554.0,269.54333333333335,EVALUATION,-0.007399226946438353
SPY,2020-05-21T00:00:00Z,271.43,272.24,268.59,269.64,79080063.0,269.51,EVALUATION,0.0021881026553924876
SPY,2020-05-22T00:00:00Z,269.38,270.37,268.17,270.23,64663504.0,270.50666666666666,EVALUATION,0.012618880213151717
SPY,2020-05-26T00:00:00Z,276.13,276.37,270.22,273.64,89907108.0,271.16999999999996,EVALUATION,0.014508112848998778
SPY,2020-05-27T00:00:00Z,276.31,277.63,271.5,277.61,105572911.0,273.82666666666665,EVALUATION,-0.0015849573142178164
SPY,2020-05-28T00:00:00Z,278.62,280.62,276.42,277.17,91346714.0,276.14,EVALUATION,0.004690262293899128
SPY,2020-05-29T00:00:00Z,276.62,278.9,273.88,278.47,120799423.0,277.75,EVALUATION,0.003160124968578204
SPY,2020-06-01T00:00:00Z,277.68,280.04,277.17,279.35,57566227.0,278.33000000000004,EVALUATION,0.00862717021657411
SPY,2020-06-02T00:00:00Z,280.36,281.8,279.03,281.76,75144357.0,279.86,EVALUATION,0.012989778534923335
SPY,2020-06-03T00:00:00Z,283.73,286.46,283.46,285.42,93420974.0,282.1766666666667,EVALUATION,-0.002382453927545436
SPY,2020-06-04T00:00:00Z,284.53,286.26,282.67,284.74,76617786.0,283.97333333333336,EVALUATION,0.02588326192315793
SPY,2020-06-05T00:00:00Z,290.12,293.82,290.06,292.11,152027977.0,287.42333333333335,EVALUATION,0.011742151929067912
SPY,2020-06-08T00:00:00Z,292.86,295.78,292.32,295.54,74473679.0,290.7966666666667,EVALUATION,-0.006834946200176106
SPY,2020-06-09T00:00:00Z,292.93,295.66,292.07,293.52,78168825.0,293.72333333333336,EVALUATION,-0.005962115017716041
SPY,2020-06-10T00:00:00Z,293.96,294.84,291.03,291.77,95540117.0,293.61,EVALUATION,-0.05747677965520781
SPY,2020-06-11T00:00:00Z,284.85,285.48,274.38,275.0,211170242.0,286.7633333333333,EVALUATION,0.012254545454545518
SPY,2020-06-12T00:00:00Z,281.9,282.67,273.09,278.37,195502665.0,281.71333333333337,EVALUATION,0.008980852821783847
SPY,2020-06-15T00:00:00Z,272.56,281.94,271.39,280.87,136778520.0,278.08000000000004,EVALUATION,0.01837148858902693
SPY,2020-06-16T00:00:00Z,288.52,288.67,281.38,286.03,138268268.0,281.75666666666666,EVALUATION,-0.003496136768870395
SPY,2020-06-17T00:00:00Z,287.23,287.53,284.3,285.03,83772656.0,283.97666666666663,EVALUATION,0.000315756236185738
SPY,2020-06-18T00:00:00Z,283.52,285.62,283.06,285.12,81506001.0,285.3933333333333,EVALUATION,-0.0059624017957350395
SPY,2020-06-19T00:00:00Z,288.59,288.78,281.57,283.42,138791316.0,284.5233333333333,EVALUATION,0.006915531719709156
SPY,2020-06-22T00:00:00Z,282.91,285.72,281.78,285.38,75635183.0,284.64,EVALUATION,0.004275001752050089
SPY,2020-06-23T00:00:00Z,287.97,288.89,286.24,286.6,69441123.0,285.1333333333333,EVALUATION,-0.024982554082344843
SPY,2020-06-24T00:00:00Z,284.62,285.23,277.5,279.44,134448956.0,283.8066666666667,EVALUATION,0.010020040080160442
SPY,2020-06-25T00:00:00Z,278.76,282.59,276.75,282.24,90448031.0,282.76,EVALUATION,-0.02331349206349198
SPY,2020-06-26T00:00:00Z,281.23,281.44,275.04,275.66,129290930.0,279.11333333333334,EVALUATION,0.014873394761662828
SPY,2020-06-29T00:00:00Z,276.87,279.81,274.59,279.76,81216962.0,279.22,EVALUATION,0.014405204460966603
SPY,2020-06-30T00:00:00Z,279.24,284.94,279.08,283.79,116632172.0,279.7366666666667,EVALUATION,0.0052503611825645
SPY,2020-07-01T00:00:00Z,284.37,286.5,283.91,285.28,73485424.0,282.9433333333333,EVALUATION,0.00522293886707792
SPY,2020-07-02T00:00:00Z,288.66,290.0,286.15,286.77,70466596.0,285.28,EVALUATION,0.015447919935837051
SPY,2020-07-06T00:00:00Z,290.61,291.82,289.87,291.2,62530715.0,287.75,EVALUATION,-0.010233516483516336
SPY,2020-07-07T00:00:00Z,289.7,291.67,287.86,288.22,83588153.0,288.73,EVALUATION,0.007633058080632749
SPY,2020-07-08T00:00:00Z,289.0,290.55,287.24,290.42,55444248.0,289.94666666666666,EVALUATION,-0.004923903312444078
SPY,2020-07-09T00:00:00Z,291.04,291.28,285.39,288.99,84350421.0,289.21000000000004,EVALUATION,0.009654313298037787
SPY,2020-07-10T00:00:00Z,288.72,292.0,287.3,291.78,58345670.0,290.39666666666665,EVALUATION,-0.008910823222976094
SPY,2020-07-13T00:00:00Z,294.07,296.44,288.55,289.18,104203275.0,289.98333333333335,EVALUATION,0.013071443391658999
SPY,2020-07-14T00:00:00Z,287.79,293.73,286.6,292.96,94625450.0,291.3066666666666,EVALUATION,0.009591753140360426
SPY,2020-07-15T00:00:00Z,296.16,296.74,293.27,295.77,88112557.0,292.63666666666666,EVALUATION,-0.003482435676370077
SPY,2020-07-16T00:00:00Z,293.75,295.12,293.11,294.74,55079118.0,294.49,EVALUATION,0.002612472009228428
SPY,2020-07-17T00:00:00Z,295.67,296.31,293.7,295.51,64751031.0,295.34,EVALUATION,0.007986193360630889
SPY,2020-07-20T00:00:00Z,295.26,298.66,294.52,297.87,57817013.0,296.04,EVALUATION,0.0019471581562426898
SPY,2020-07-21T00:00:00Z,299.87,300.31,297.57,298.45,58132689.0,297.27666666666664,EVALUATION,0.005897135198525749
SPY,2020-07-22T00:00:00Z,298.19,300.56,298.08,300.21,58800184.0,298.84333333333336,EVALUATION,-0.011825055794277173
SPY,2020-07-23T00:00:00Z,299.89,300.59,295.31,296.66,76637748.0,298.44,EVALUATION,-0.0063372210611476465
SPY,2020-07-24T00:00:00Z,294.82,295.77,293.25,294.78,74375086.0,297.21666666666664,EVALUATION,0.007361422077481583
SPY,2020-07-27T00:00:00Z,295.44,297.08,294.66,296.95,49179907.0,296.13,EVALUATION,-0.006095302239434219
SPY,2020-07-28T00:00:00Z,296.18,297.29,294.73,295.14,58306358.0,295.62333333333333,EVALUATION,0.011553838856136256
SPY,2020-07-29T00:00:00Z,295.89,299.21,295.85,298.55,49357443.0,296.88,EVALUATION,-0.0031820465583654034
SPY,2020-07-30T00:00:00Z,295.69,298.0,293.62,297.6,62381361.0,297.0966666666667,EVALUATION,0.007493279569892319
SPY,2020-07-31T00:00:00Z,299.37,300.04,295.17,299.83,85813672.0,298.65999999999997,EVALUATION,0.006937264449855096
SPY,2020-08-03T00:00:00Z,301.59,302.78,301.05,301.91,54271003.0,299.78,EVALUATION,0.004040939352787154
SPY,2020-08-04T00:00:00Z,301.17,303.19,301.17,303.13,42614516.0,301.62333333333333,EVALUATION,0.006168970408735541
SPY,2020-08-05T00:00:00Z,304.48,305.33,304.22,305.0,43668799.0,303.3466666666667,EVALUATION,0.006885245901639525
SPY,2020-08-06T00:00:00Z,304.49,307.23,304.17,307.1,44795942.0,305.0766666666667,EVALUATION,0.0007489417127970466
SPY,2020-08-07T00:00:00Z,306.14,307.61,305.24,307.33,57978084.0,306.4766666666667,EVALUATION,0.0029609865616764264
SPY,2020-08-10T00:00:00Z,307.78,308.43,305.85,308.24,45016105.0,307.5566666666667,EVALUATION,-0.008175447703088423
SPY,2020-08-11T00:00:00Z,309.42,310.06,304.98,305.72,70722617.0,307.0966666666667,EVALUATION,0.013509093287976004
SPY,2020-08-12T00:00:00Z,308.13,310.74,305.74,309.85,54833482.0,307.9366666666667,EVALUATION,-0.0014845893174117997
SPY,2020-08-13T00:00:00Z,309.2,310.71,308.49,309.39,42353803.0,308.32000000000005,EVALUATION,9.696499563660588e-05
SPY,2020-08-14T00:00:00Z,309.02,309.95,308.29,309.42,49678955.0,309.55333333333334,EVALUATION,0.003199534613147259
SPY,2020-08-17T00:00:00Z,310.43,310.79,309.43,310.41,36385587.0,309.74,EVALUATION,0.0019973583325276767
SPY,2020-08-18T00:00:00Z,310.79,311.49,309.2,311.03,39695332.0,310.2866666666667,EVALUATION,-0.004340417323087653
SPY,2020-08-19T00:00:00Z,311.45,311.96,309.21,309.68,68705194.0,310.37333333333333,EVALUATION,0.003519762335313814
SPY,2020-08-20T00:00:00Z,308.06,311.22,307.93,310.77,42983474.0,310.49333333333334,EVALUATION,0.0033465263699843373
SPY,2020-08-21T00:00:00Z,310.41,312.06,310.07,311.81,55766135.0,310.75333333333333,EVALUATION,0.010166447516115618
SPY,2020-08-24T00:00:00Z,314.27,315.07,311.81,314.98,49930585.0,312.52,EVALUATION,0.0036510254619339655
SPY,2020-08-25T00:00:00Z,315.56,316.19,314.4,316.13,39370034.0,314.3066666666667,EVALUATION,0.010059152880144362
SPY,2020-08-26T00:00:00Z,316.69,319.54,316.15,319.31,51826891.0,316.8066666666667,EVALUATION,0.002098274404183975
SPY,2020-08-27T00:00:00Z,320.13,321.41,318.32,319.98,58859780.0,318.47333333333336,EVALUATION,0.006406650415650805
SPY,2020-08-28T00:00:00Z,320.99,322.17,319.8,322.03,48492772.0,320.44,EVALUATION,-0.0021426575163804307
SPY,2020-08-31T00:00:00Z,321.83,322.7,320.64,321.34,67988740.0,321.1166666666667,EVALUATION,0.008184477500466913
SPY,2020-09-01T00:00:00Z,321.7,323.99,320.81,323.97,56368885.0,322.44666666666666,EVALUATION,0.014445782016853315
SPY,2020-09-02T00:00:00Z,325.79,329.54,324.65,328.65,70748274.0,324.6533333333333,EVALUATION,-0.03423094477407573
SPY,2020-09-03T00:00:00Z,326.9,327.36,314.7,317.4,149844547.0,323.34000000000003,EVALUATION,-0.00919974795211076
SPY,2020-09-04T00:00:00Z,317.95,319.51,307.61,314.48,140401491.0,320.1766666666667,EVALUATION,-0.026519969473416505
SPY,2020-09-08T00:00:00Z,309.3,314.74,305.78,306.14,117145041.0,312.67333333333335,EVALUATION,0.01950088194943489
SPY,2020-09-09T00:00:00Z,310.07,314.58,309.2,312.11,92579171.0,310.91,EVALUATION,-0.016596712697446447
SPY,2020-09-10T00:00:00Z,313.99,314.64,305.75,306.93,92367295.0,308.3933333333333,EVALUATION,-0.00013032287492265038
SPY,2020-09-11T00:00:00Z,308.48,309.53,304.05,306.89,85306783.0,308.6433333333333,EVALUATION,0.013001401153507786
SPY,2020-09-14T00:00:00Z,310.01,312.67,307.01,310.88,67084086.0,308.23333333333335,EVALUATION,0.0049858466289243175
SPY,2020-09-15T00:00:00Z,313.35,314.17,310.91,312.43,53890721.0,310.06666666666666,EVALUATION,-0.0036488173350830433
SPY,2020-09-16T00:00:00Z,313.7,315.13,310.96,311.29,82875521.0,311.5333333333333,EVALUATION,-0.00889845481705176
SPY,2020-09-17T00:00:00Z,306.4,310.2,305.88,308.52,92670080.0,310.74666666666667,EVALUATION,-0.011214832101646532
SPY,2020-09-18T00:00:00Z,309.3,309.41,302.47,305.06,107478873.0,308.28999999999996,EVALUATION,-0.011047007146135157
SPY,2020-09-21T00:00:00Z,300.38,301.7,296.72,301.69,101042628.0,305.09,EVALUATION,0.009711955981305254
SPY,2020-09-22T00:00:00Z,303.03,305.18,300.53,304.62,66221849.0,303.79,EVALUATION,-0.02347186658787992
SPY,2020-09-23T00:00:00Z,305.18,305.45,297.06,297.47,95922161.0,301.26,EVALUATION,0.002722963660200861
SPY,2020-09-24T00:00:00Z,296.25,301.39,294.94,298.28,79294892.0,300.12333333333333,EVALUATION,0.016393992222073273
SPY,2020-09-25T00:00:00Z,297.5,303.96,296.64,303.17,72303635.0,299.64,EVALUATION,0.01682224494508011
SPY,2020-09-28T00:00:00Z,307.32,308.92,306.33,308.27,66266107.0,303.24,EVALUATION,-0.005449768060466487
SPY,2020-09-29T00:00:00Z,308.01,308.74,305.84,306.59,53909946.0,306.01,EVALUATION,0.005675331876447309
SPY,2020-09-30T00:00:00Z,307.2,311.99,307.0,308.33,107538916.0,307.72999999999996,EVALUATION,0.007913599065935806
SPY,2020-10-01T00:00:00Z,311.44,312.41,308.97,310.77,89588758.0,308.5633333333333,EVALUATION,-0.009170769379283628
SPY,2020-10-02T00:00:00Z,305.91,310.81,305.44,307.92,90549716.0,309.00666666666666,EVALUATION,0.017504546635489726
SPY,2020-10-05T00:00:00Z,309.93,313.53,309.89,313.31,47151802.0,310.66666666666663,EVALUATION,-0.014043598991414163
SPY,2020-10-06T00:00:00Z,313.49,315.57,308.39,308.91,92106026.0,310.0466666666667,EVALUATION,0.017318960214949275
SPY,2020-10-07T00:00:00Z,311.83,315.07,311.81,314.26,58717549.0,312.16,EVALUATION,0.008496149684974252
SPY,2020-10-08T00:00:00Z,316.2,317.12,315.28,316.93,46538493.0,313.3666666666667,EVALUATION,0.008960969299214305
SPY,2020-10-09T00:00:00Z,318.7,320.35,318.08,319.77,60439459.0,316.9866666666667,EVALUATION,0.01626168808831352
SPY,2020-10-12T00:00:00Z,322.41,326.5,321.92,324.97,82006132.0,320.5566666666667,EVALUATION,-0.0062159583961597376
SPY,2020-10-13T00:00:00Z,324.89,325.06,321.95,322.95,74121382.0,322.56333333333333,EVALUATION,-0.006409660938225703
SPY,2020-10-14T00:00:00Z,323.48,324.57,320.15,320.88,58775629.0,322.93333333333334,EVALUATION,-0.0011219147344802005
SPY,2020-10-15T00:00:00Z,316.99,320.96,316.45,320.52,61165947.0,321.45,EVALUATION,-0.0006239860227130745
SPY,2020-10-16T00:00:00Z,321.83,323.48,320.12,320.32,90245234.0,320.5733333333333,EVALUATION,-0.014953796203796221
SPY,2020-10-19T00:00:00Z,321.55,322.17,314.53,315.53,69408028.0,318.78999999999996,EVALUATION,0.0034228124108643954
SPY,2020-10-20T00:00:00Z,316.76,319.91,316.0,316.61,61101982.0,317.4866666666667,EVALUATION,-0.0018950759609615009
SPY,2020-10-21T00:00:00Z,316.64,321.58,315.78,316.01,64234703.0,316.05,EVALUATION,0.005822600550615675
SPY,2020-10-22T00:00:00Z,316.3,318.4,314.17,317.85,56780414.0,316.8233333333333,EVALUATION,0.002831524303916977
SPY,2020-10-23T00:00:00Z,319.04,319.09,316.45,318.75,49904173.0,317.53666666666663,EVALUATION,-0.01797647058823537
SPY,2020-10-26T00:00:00Z,315.53,316.32,309.53,313.02,92872147.0,316.53999999999996,EVALUATION,-0.003162737205290478
SPY,2020-10-27T00:00:00Z,313.35,313.68,311.71,312.03,67210558.0,314.59999999999997,EVALUATION,-0.034387719129570726
SPY,2020-10-28T00:00:00Z,306.28,311.95,300.78,301.3,130062418.0,308.7833333333333,EVALUATION,0.010355127779621665
SPY,2020-10-29T00:00:00Z,301.5,307.48,299.82,304.42,92078044.0,305.9166666666667,EVALUATION,-0.010281847447605297
SPY,2020-10-30T00:00:00Z,302.76,304.06,297.52,301.29,122788785.0,302.3366666666667,EVALUATION,0.010720568223306248
SPY,2020-11-02T00:00:00Z,304.53,306.52,301.8,304.52,87512072.0,303.41,EVALUATION,0.017371601208459264
SPY,2020-11-03T00:00:00Z,307.75,311.95,304.62,309.81,95208191.0,305.20666666666665,EVALUATION,0.023014105419450592
SPY,2020-11-04T00:00:00Z,314.36,320.89,313.19,316.94,129169525.0,310.4233333333333,EVALUATION,0.019025683094592072
SPY,2020-11-05T00:00:00Z,322.09,324.81,321.74,322.97,83736650.0,316.5733333333333,EVALUATION,-3.0962628107977785e-05
SPY,2020-11-06T00:00:00Z,322.73,324.18,320.62,322.96,75997846.0,320.95666666666665,EVALUATION,0.012664107010156078
SPY,2020-11-09T00:00:00Z,335.67,336.05,326.54,327.05,174005798.0,324.32666666666665,EVALUATION,-0.0015288182235132508
SPY,2020-11-10T00:00:00Z,326.01,327.57,323.26,326.55,86568086.0,325.52,EVALUATION,0.007472056346654377
SPY,2020-11-11T00:00:00Z,328.69,329.76,327.46,328.99,60720853.0,327.53000000000003,EVALUATION,-0.009483570929207596
SPY,2020-11-12T00:00:00Z,327.94,328.99,323.95,325.87,69919537.0,327.13666666666666,EVALUATION,0.0134716297910209
SPY,2020-11-13T00:00:00Z,327.65,331.0,327.13,330.26,64109638.0,328.37333333333333,EVALUATION,0.012505298855447267
SPY,2020-11-16T00:00:00Z,332.92,334.58,331.64,334.39,77199383.0,330.1733333333333,EVALUATION,-0.004844642483327832
SPY,2020-11-17T00:00:00Z,331.99,333.78,330.48,332.77,66815607.0,332.4733333333333,EVALUATION,-0.0126814316194368
SPY,2020-11-18T00:00:00Z,332.85,333.4,328.55,328.55,72616738.0,331.9033333333333,EVALUATION,0.0048090092832140385
SPY,2020-11-19T00:00:00Z,327.96,330.33,326.62,330.13,60844851.0,330.48333333333335,EVALUATION,-0.007300154484596866
SPY,2020-11-20T00:00:00Z,329.71,329.91,327.63,327.72,71042991.0,328.8,EVALUATION,0.006163798364457351
SPY,2020-11-23T00:00:00Z,329.5,330.93,327.28,329.74,64028577.0,329.1966666666667,EVALUATION,0.015679019833808594
SPY,2020-11-24T00:00:00Z,332.21,335.53,331.36,334.91,63819779.0,330.79,EVALUATION,-0.0017915260816339096
SPY,2020-11-25T00:00:00Z,334.9,334.93,333.38,334.31,45948371.0,332.9866666666667,EVALUATION,0.0033501839609944017
SPY,2020-11-27T00:00:00Z,335.55,335.87,334.39,335.43,29042644.0,334.8833333333333,EVALUATION,-0.004114122171540946
SPY,2020-11-30T00:00:00Z,334.62,334.89,331.25,334.05,87200943.0,334.5966666666667,EVALUATION,0.010028438856458433
SPY,2020-12-01T00:00:00Z,337.15,339.1,336.56,337.4,76822159.0,335.62666666666667,EVALUATION,0.002667457024303488
SPY,2020-12-02T00:00:00Z,336.46,338.43,335.89,338.3,47081427.0,336.5833333333333,EVALUATION,-0.0004138338752586179
SPY,2020-12-03T00:00:00Z,338.17,339.57,337.09,338.16,64123777.0,337.9533333333333,EVALUATION,0.008487106695055369
SPY,2020-12-04T00:00:00Z,338.76,341.1,338.67,341.03,51459007.0,339.16333333333336,EVALUATION,-0.0016714072075770803
SPY,2020-12-07T00:00:00Z,340.33,340.89,339.13,340.46,50031951.0,339.8833333333333,EVALUATION,0.0027903424778241703
SPY,2020-12-08T00:00:00Z,339.13,341.96,339.09,341.41,45099196.0,340.9666666666667,EVALUATION,-0.009226443279341634
SPY,2020-12-09T00:00:00Z,342.05,342.2,337.5,338.26,75525045.0,340.04333333333335,EVALUATION,0.00026606752202451567
SPY,2020-12-10T00:00:00Z,336.97,339.26,336.1,338.35,59975429.0,339.34000000000003,EVALUATION,-0.001980198019801982
SPY,2020-12-11T00:00:00Z,336.53,338.23,335.02,337.68,58659075.0,338.0966666666667,EVALUATION,-0.003405591092158322
SPY,2020-12-14T00:00:00Z,339.98,341.05,336.14,336.53,70722353.0,337.52,EVALUATION,0.012777464119097859
SPY,2020-12-15T00:00:00Z,338.84,340.86,337.47,340.83,65591667.0,338.3466666666667,EVALUATION,0.0013496464513100825
SPY,2020-12-16T00:00:00Z,341.07,342.31,340.19,341.29,59534034.0,339.55,EVALUATION,0.0057722171760086205
SPY,2020-12-17T00:00:00Z,343.03,343.5,342.2,343.26,66592842.0,341.79333333333335,EVALUATION,-0.003962011303385249
SPY,2020-12-18T00:00:00Z,343.59,343.76,339.93,341.9,143257901.0,342.15,EVALUATION,-0.004065516232816591
SPY,2020-12-21T00:00:00Z,338.03,350.53,335.31,340.51,98396728.0,341.89,EVALUATION,-0.0009397668203576792
SPY,2020-12-22T00:00:00Z,341.03,341.15,339.01,340.19,49425123.0,340.8666666666667,EVALUATION,0.0005291160821894181
SPY,2020-12-23T00:00:00Z,341.1,342.34,340.11,340.37,47321905.0,340.3566666666667,EVALUATION,0.004171930546170488
SPY,2020-12-24T00:00:00Z,340.91,341.79,340.33,341.79,27139624.0,340.7833333333333,EVALUATION,0.008660288481231015
SPY,2020-12-28T00:00:00Z,344.3,345.09,343.68,344.75,40460382.0,342.30333333333334,EVALUATION,-0.0016243654822335474
SPY,2020-12-29T00:00:00Z,346.22,346.4,343.46,344.19,54576638.0,343.5766666666667,EVALUATION,0.0011040413724976439
SPY,2020-12-30T00:00:00Z,344.86,345.56,344.14,344.57,50615419.0,344.50333333333333,EVALUATION,0.005978465914037834
SPY,2020-12-31T00:00:00Z,344.34,347.01,343.83,346.63,80927738.0,345.13,EVALUATION,-0.014107261344949884
SPY,2021-01-04T00:00:00Z,347.61,347.74,337.89,341.74,111804895.0,344.31333333333333,EVALUATION,0.006583952712588603
SPY,2021-01-05T00:00:00Z,340.93,345.01,340.88,343.99,67456696.0,344.12,EVALUATION,0.005407133928311936
SPY,2021-01-06T00:00:00Z,342.42,349.16,341.88,345.85,109080743.0,343.86,EVALUATION,0.015324562671678255
SPY,2021-01-07T00:00:00Z,348.34,351.86,348.16,351.15,70220837.0,346.99666666666667,EVALUATION,0.005695571693008716
SPY,2021-01-08T00:00:00Z,352.5,353.33,349.27,353.15,74338260.0,350.05,EVALUATION,-0.00679597904573126
SPY,2021-01-11T00:00:00Z,349.96,352.49,349.84,350.75,52148184.0,351.68333333333334,EVALUATION,-0.00011404133998582644
SPY,2021-01-12T00:00:00Z,350.92,351.82,348.58,350.71,53546073.0,351.53666666666663,EVALUATION,0.002737304325511225
SPY,2021-01-13T00:00:00Z,350.74,352.75,349.96,351.67,46290159.0,351.04333333333335,EVALUATION,-0.0029288821906902074
SPY,2021-01-14T00:00:00Z,352.5,353.0,350.19,350.64,50821683.0,351.00666666666666,EVALUATION,-0.007700205338808996
SPY,2021-01-15T00:00:00Z,348.91,349.71,346.12,347.94,109520809.0,350.08333333333337,EVALUATION,0.0079036615508421
SPY,2021-01-19T00:00:00Z,350.42,351.24,348.94,350.69,52504155.0,349.75666666666666,EVALUATION,0.013630271749978773
SPY,2021-01-20T00:00:00Z,352.98,356.39,352.59,355.47,63340450.0,351.3666666666667,EVALUATION,0.0009283483838298245
SPY,2021-01-21T00:00:00Z,356.11,356.54,354.96,355.8,48716569.0,353.9866666666667,EVALUATION,-0.003485103991006211
SPY,2021-01-22T00:00:00Z,354.04,355.77,353.65,354.56,53194026.0,355.2766666666667,EVALUATION,0.004512635379061436
SPY,2021-01-25T00:00:00Z,355.35,356.37,350.53,356.16,72021578.0,355.50666666666666,EVALUATION,-0.0020496406109614673
SPY,2021-01-26T00:00:00Z,356.96,357.37,355.23,355.43,44161134.0,355.3833333333333,EVALUATION,-0.02371775033058554
SPY,2021-01-27T00:00:00Z,352.16,352.25,344.55,347.0,126043890.0,352.86333333333334,EVALUATION,0.007665706051873222
SPY,2021-01-28T00:00:00Z,348.58,353.74,348.15,349.66,96130471.0,350.6966666666667,EVALUATION,-0.019561860092661587
SPY,2021-01-29T00:00:00Z,347.91,348.87,341.09,342.82,129983765.0,346.49333333333334,EVALUATION,0.015897555568519905
SPY,2021-02-01T00:00:00Z,346.14,349.49,343.04,348.27,77707586.0,346.91666666666663,EVALUATION,0.013897263617308475
SPY,2021-02-02T00:00:00Z,351.63,354.93,348.54,353.11,66494770.0,348.06666666666666,EVALUATION,0.0015575882869360846
SPY,2021-02-03T00:00:00Z,354.21,355.38,352.4,353.66,53344886.0,351.68,EVALUATION,0.011168919301023594
SPY,2021-02-04T00:00:00Z,354.69,357.73,353.77,357.61,48544535.0,354.79333333333335,EVALUATION,0.003942842761667675
SPY,2021-02-05T00:00:00Z,359.55,359.8,357.64,359.02,49890523.0,356.7633333333333,EVALUATION,0.007464765194139522
SPY,2021-02-08T00:00:00Z,360.54,361.73,359.69,361.7,39380252.0,359.4433333333333,EVALUATION,-0.0005529444290848229
SPY,2021-02-09T00:00:00Z,360.85,362.04,360.45,361.5,36248491.0,360.74,EVALUATION,-0.0003596127247579295
SPY,2021-02-10T00:00:00Z,363.18,363.33,358.9,361.37,59678427.0,361.5233333333333,EVALUATION,0.0013836234330464325
SPY,2021-02-11T00:00:00Z,362.36,362.78,359.45,361.87,43822781.0,361.58,EVALUATION,0.005167601624892937
SPY,2021-02-12T00:00:00Z,361.08,363.9,361.0,363.74,51799016.0,362.32666666666665,EVALUATION,-0.0008797492714576194
SPY,2021-02-16T00:00:00Z,364.88,365.08,362.63,363.42,52716093.0,363.01,EVALUATION,0.0001650982334489015
SPY,2021-02-17T00:00:00Z,361.6,363.68,360.59,363.48,54297756.0,363.5466666666667,EVALUATION,-0.004154286343127533
SPY,2021-02-18T00:00:00Z,360.83,362.62,359.12,361.97,60770152.0,362.9566666666667,EVALUATION,-0.0019614885211483024
SPY,2021-02-19T00:00:00Z,363.13,363.42,360.8,361.26,84807821.0,362.2366666666667,EVALUATION,-0.007612246027791647
SPY,2021-02-22T00:00:00Z,358.49,360.86,358.2,358.51,69771116.0,360.58000000000004,EVALUATION,0.0011436222141643082
SPY,2021-02-23T00:00:00Z,356.27,360.24,352.14,358.92,108002754.0,359.56333333333333,EVALUATION,0.011144544745347096
SPY,2021-02-24T00:00:00Z,357.82,363.28,356.83,362.92,73663829.0,360.1166666666667,EVALUATION,-0.024165105257357045
SPY,2021-02-25T00:00:00Z,361.59,362.96,352.67,354.15,148679383.0,358.66333333333336,EVALUATION,-0.006183820415078367
SPY,2021-02-26T00:00:00Z,355.98,357.12,350.31,351.96,154318347.0,356.34333333333336,EVALUATION,0.024803954994885746
SPY,2021-03-01T00:00:00Z,357.13,362.07,352.48,360.69,107534746.0,355.6,EVALUATION,-0.007374753943829915
SPY,2021-03-02T00:00:00Z,361.05,361.28,357.51,358.03,81988591.0,356.8933333333333,EVALUATION,-0.013350836522079135
SPY,2021-03-03T00:00:00Z,357.32,358.28,353.17,353.25,124095342.0,357.3233333333333,EVALUATION,-0.012370842179759367
SPY,2021-03-04T00:00:00Z,353.08,355.66,344.43,348.88,187163522.0,353.38666666666666,EVALUATION,0.018258426966292207
SPY,2021-03-05T00:00:00Z,352.38,356.36,345.14,355.25,154840748.0,352.46000000000004,EVALUATION,-0.004785362420830386
SPY,2021-03-08T00:00:00Z,356.27,359.07,353.27,353.55,124010149.0,352.56,EVALUATION,0.014170555791260142
SPY,2021-03-09T00:00:00Z,357.37,361.13,353.55,358.56,116544202.0,355.7866666666667,EVALUATION,0.005828871039714301
SPY,2021-03-10T00:00:00Z,360.93,362.51,359.52,360.65,111715355.0,357.58666666666664,EVALUATION,0.010453348121447492
SPY,2021-03-11T00:00:00Z,363.28,366.45,362.83,364.42,87995511.0,361.21,EVALUATION,0.0013720432468031785
SPY,2021-03-12T00:00:00Z,363.13,365.11,362.33,364.92,66408497.0,363.33,EVALUATION,0.006302751287953656
SPY,2021-03-15T00:00:00Z,365.22,367.41,363.09,367.22,76514167.0,365.52000000000004,EVALUATION,-0.0015794346713142726
SPY,2021-03-16T00:00:00Z,367.76,368.47,365.92,366.64,75735745.0,366.26,EVALUATION,0.0034093388610081377
SPY,2021-03-17T00:00:00Z,365.41,368.74,364.27,367.89,98853032.0,367.25,EVALUATION,-0.014297752045448364
SPY,2021-03-18T00:00:00Z,365.36,367.44,361.91,362.63,118149389.0,365.71999999999997,EVALUATION,-0.0017373079998896923
SPY,2021-03-19T00:00:00Z,362.29,363.86,359.75,362.0,115070074.0,364.17333333333335,EVALUATION,0.0076519337016573985
SPY,2021-03-22T00:00:00Z,362.43,366.18,362.37,364.77,74744285.0,363.1333333333333,EVALUATION,-0.007456753570743158
SPY,2021-03-23T00:00:00Z,364.17,365.61,361.15,362.05,91830191.0,362.94,EVALUATION,-0.005137411959674099
SPY,2021-03-24T00:00:00Z,363.33,364.95,360.05,360.19,98576266.0,362.33666666666664,EVALUATION,0.005413809378383538
SPY,2021-03-25T00:00:00Z,358.66,362.91,356.73,362.14,117324362.0,361.46,EVALUATION,0.015877837300491526
SPY,2021-03-26T00:00:00Z,363.26,368.35,362.67,367.89,116858809.0,363.40666666666664,EVALUATION,-0.0003805485335289793
SPY,2021-03-29T00:00:00Z,366.49,368.67,365.01,367.75,114464450.0,365.9266666666666,EVALUATION,-0.0026920462270564327
SPY,2021-03-30T00:00:00Z,366.5,367.46,365.2,366.76,76954653.0,367.46666666666664,EVALUATION,0.004144399607372673
SPY,2021-03-31T00:00:00Z,367.36,369.83,367.33,368.28,114268733.0,367.59666666666664,EVALUATION,0.010806994677962534
SPY,2021-04-01T00:00:00Z,370.2,372.31,370.0,372.26,101181097.0,369.09999999999997,EVALUATION,0.014344812765271664
SPY,2021-04-05T00:00:00Z,374.9,378.14,374.83,377.6,92971454.0,372.7133333333333,EVALUATION,-0.0005826271186440968
SPY,2021-04-06T00:00:00Z,377.04,378.42,376.71,377.38,63118699.0,375.74666666666667,EVALUATION,0.0011394350522020424
SPY,2021-04-07T00:00:00Z,377.21,378.16,376.75,377.81,56351333.0,377.5966666666667,EVALUATION,0.004764299515629622
SPY,2021-04-08T00:00:00Z,379.06,379.66,378.13,379.61,58807820.0,378.26666666666665,EVALUATION,0.007270619846684756
SPY,2021-04-09T00:00:00Z,379.49,382.53,379.36,382.37,62133104.0,379.93,EVALUATION,0.0003661375107879561
SPY,2021-04-12T00:00:00Z,381.77,382.78,381.17,382.51,56704900.0,381.49666666666667,EVALUATION,0.0029541711327807363
SPY,2021-04-13T00:00:00Z,382.4,384.26,382.02,383.64,56550988.0,382.84,EVALUATION,-0.0034146595766865184
SPY,2021-04-14T00:00:00Z,383.61,384.66,381.79,382.33,62468115.0,382.82666666666665,EVALUATION,0.01074987576177655
SPY,2021-04-15T00:00:00Z,384.46,386.71,384.41,386.44,60229843.0,384.13666666666666,EVALUATION,0.003338163751164469
SPY,2021-04-16T00:00:00Z,387.72,388.33,386.31,387.73,81977568.0,385.5,EVALUATION,-0.0049261083743843415
SPY,2021-04-19T00:00:00Z,386.8,387.24,384.5,385.82,78498638.0,386.6633333333333,EVALUATION,-0.007309107874138188
SPY,2021-04-20T00:00:00Z,384.61,385.71,381.53,383.0,81851828.0,385.51666666666665,EVALUATION,0.009451697127937253
SPY,2021-04-21T00:00:00Z,382.38,386.83,382.25,386.62,66792984.0,385.14666666666665,EVALUATION,-0.009130412291138645
SPY,2021-04-22T00:00:00Z,386.45,387.28,382.03,383.09,98766103.0,384.2366666666667,EVALUATION,0.010832963533373485
SPY,2021-04-23T00:00:00Z,383.65,388.65,383.57,387.24,74074953.0,385.65,EVALUATION,0.002091726061357324
SPY,2021-04-26T00:00:00Z,387.9,388.62,387.31,388.05,53597096.0,386.12666666666667,EVALUATION,-0.00020615900012876942
SPY,2021-04-27T00:00:00Z,388.35,388.55,386.84,387.97,52112393.0,387.75333333333333,EVALUATION,-0.00028352707683587663
SPY,2021-04-28T00:00:00Z,388.24,389.35,387.39,387.86,51994369.0,387.96000000000004,EVALUATION,0.006368277213427476
SPY,2021-04-29T00:00:00Z,390.57,390.94,386.97,390.33,80506526.0,388.72,EVALUATION,-0.006558553019240132
SPY,2021-04-30T00:00:00Z,388.07,388.92,386.87,387.77,87467317.0,388.6533333333333,EVALUATION,0.0021404440776751077
SPY,2021-05-03T00:00:00Z,389.74,390.13,388.1,388.6,68963710.0,388.9,EVALUATION,-0.006176016469377377
SPY,2021-05-04T00:00:00Z,386.62,387.11,382.53,386.2,102684284.0,387.5233333333333,EVALUATION,0.0003107198342826578
SPY,2021-05-05T00:00:00Z,387.84,388.07,385.57,386.32,61155687.0,387.03999999999996,EVALUATION,0.00799855042451858
SPY,2021-05-06T00:00:00Z,386.4,389.54,384.4,389.41,74534968.0,387.31,EVALUATION,0.007267404535065802
SPY,2021-05-07T00:00:00Z,390.17,392.89,389.49,392.24,68913001.0,389.3233333333334,EVALUATION,-0.009891902916581707
SPY,2021-05-10T00:00:00Z,392.6,392.82,388.24,388.36,82950865.0,390.00333333333333,EVALUATION,-0.008935008754763718
SPY,2021-05-11T00:00:00Z,383.86,385.88,381.04,384.89,118182209.0,388.49666666666667,EVALUATION,-0.02122684403336006
SPY,2021-05-12T00:00:00Z,382.12,383.39,375.41,376.72,137078636.0,383.3233333333333,EVALUATION,0.011998301125504263
SPY,2021-05-13T00:00:00Z,378.26,383.17,378.21,381.24,106393963.0,380.95,EVALUATION,0.015370894974294336
SPY,2021-05-14T00:00:00Z,383.96,387.94,383.94,387.1,84366746.0,381.68666666666667,EVALUATION,-0.0026608111599071282
SPY,2021-05-17T00:00:00Z,385.99,386.92,384.1,386.07,66193502.0,384.80333333333334,EVALUATION,-0.008314554355427717
SPY,2021-05-18T00:00:00Z,386.37,386.61,382.63,382.86,61288866.0,385.34333333333336,EVALUATION,-0.003003708927545423
SPY,2021-05-19T00:00:00Z,378.12,381.96,376.64,381.71,108349346.0,383.5466666666667,EVALUATION,0.010636346964973509
SPY,2021-05-20T00:00:00Z,382.65,387.14,382.53,385.77,79754477.0,383.44666666666666,EVALUATION,-0.00041475490577280727
SPY,2021-05-21T00:00:00Z,387.37,388.6,385.12,385.61,77590498.0,384.36333333333334,EVALUATION,0.010087912657866793
SPY,2021-05-24T00:00:00Z,387.8,390.57,387.56,389.5,52606963.0,386.96000000000004,EVALUATION,-0.0020025673940948785
SPY,2021-05-25T00:00:00Z,390.58,390.93,388.06,388.72,58365218.0,387.9433333333334,EVALUATION,0.0016978802222678002
SPY,2021-05-26T00:00:00Z,389.22,389.91,388.19,389.38,43861538.0,389.20000000000005,EVALUATION,0.0003338640916328295
SPY,2021-05-27T00:00:00Z,390.43,390.94,389.33,389.51,58438340.0,389.2033333333334,EVALUATION,0.0024132884906677976
SPY,2021-05-28T00:00:00Z,391.18,391.44,390.08,390.45,59768917.0,389.78,EVALUATION,-0.0012293507491355493
SPY,2021-06-01T00:00:00Z,392.66,392.8,389.53,389.97,55475267.0,389.9766666666667,EVALUATION,0.0017180808780161705
SPY,2021-06-02T00:00:00Z,390.62,391.42,389.61,390.64,50203715.0,390.35333333333335,EVALUATION,-0.003711857464673285
SPY,2021-06-03T00:00:00Z,388.28,390.26,386.82,389.19,59499680.0,389.93333333333334,EVALUATION,0.008607620956345263
SPY,2021-06-04T00:00:00Z,390.97,392.99,389.2,392.54,57471475.0,390.78999999999996,EVALUATION,-0.00043307688388449783
SPY,2021-06-07T00:00:00Z,392.68,392.86,391.38,392.37,52952730.0,391.3666666666667,EVALUATION,0.00010194459311363424
SPY,2021-06-08T00:00:00Z,393.16,393.26,390.57,392.41,47948293.0,392.44,EVALUATION,-0.0014780459213579178
SPY,2021-06-09T00:00:00Z,393.23,393.3,391.58,391.83,49531038.0,392.2033333333333,EVALUATION,0.00459382895643512
SPY,2021-06-10T00:00:00Z,393.02,394.58,391.71,393.63,52143649.0,392.62333333333333,EVALUATION,0.0016512969031832192
SPY,2021-06-11T00:00:00Z,394.18,394.39,392.89,394.28,46822811.0,393.24666666666667,EVALUATION,0.0022319164045856432
SPY,2021-06-14T00:00:00Z,394.39,395.26,393.15,395.16,43360599.0,394.3566666666667,EVALUATION,-0.001822046765867058
SPY,2021-06-15T00:00:00Z,395.31,395.35,393.56,394.44,52379036.0,394.62666666666667,EVALUATION,-0.005602880032451019
SPY,2021-06-16T00:00:00Z,394.58,394.8,390.2,392.23,82346591.0,393.9433333333333,EVALUATION,-0.0003314381867781657
SPY,2021-06-17T00:00:00Z,391.83,393.08,389.64,392.1,92368532.0,392.92333333333335,EVALUATION,-0.013491456261157886
SPY,2021-06-18T00:00:00Z,388.84,389.53,386.61,386.81,120543104.0,390.38,EVALUATION,0.014322277086942004
SPY,2021-06-21T00:00:00Z,388.57,392.54,387.76,392.35,74576631.0,390.42,EVALUATION,0.00535236396074934
SPY,2021-06-22T00:00:00Z,392.34,395.28,391.63,394.45,59929167.0,391.2033333333333,EVALUATION,-0.0012168842692354964
SPY,2021-06-23T00:00:00Z,394.52,395.33,393.89,393.97,51215292.0,393.59000000000003,EVALUATION,0.0059395385435438985
SPY,2021-06-24T00:00:00Z,396.11,396.72,395.86,396.31,46318393.0,394.90999999999997,EVALUATION,0.0035325881254573144
SPY,2021-06-25T00:00:00Z,397.05,398.16,396.72,397.71,59584242.0,395.99666666666667,EVALUATION,0.002011515928691754
SPY,2021-06-28T00:00:00Z,398.23,398.68,397.04,398.51,54222023.0,397.51,EVALUATION,0.0005520564101277881
SPY,2021-06-29T00:00:00Z,398.9,399.53,398.2,398.73,36655269.0,398.31666666666666,EVALUATION,0.0008276277180045977
SPY,2021-06-30T00:00:00Z,398.27,399.74,398.24,399.06,66270641.0,398.76666666666665,EVALUATION,0.00553801433368406
SPY,2021-07-01T00:00:00Z,399.82,401.43,399.75,401.27,55872224.0,399.68666666666667,EVALUATION,0.0076507089989283905
SPY,2021-07-02T00:00:00Z,402.43,404.7,401.36,404.34,59750006.0,401.5566666666667,EVALUATION,-0.0018301429490031884
SPY,2021-07-06T00:00:00Z,404.4,404.61,400.88,403.6,69771668.0,403.07,EVALUATION,0.003543111992071246
SPY,2021-07-07T00:00:00Z,404.29,405.31,402.28,405.03,65615176.0,404.3233333333333,EVALUATION,-0.008147544626323833
SPY,2021-07-08T00:00:00Z,399.74,402.49,398.56,401.73,99397460.0,403.4533333333333,EVALUATION,0.010678814128892489
SPY,2021-07-09T00:00:00Z,403.23,406.32,401.54,406.02,77967324.0,404.26,EVALUATION,0.0035712526476530115
SPY,2021-07-12T00:00:00Z,405.94,407.73,405.51,407.47,54302361.0,405.0733333333334,EVALUATION,-0.003411294083000116
SPY,2021-07-13T00:00:00Z,406.69,408.18,405.82,406.08,53702111.0,406.5233333333333,EVALUATION,0.0015021670606776283
SPY,2021-07-14T00:00:00Z,407.77,408.26,405.45,406.69,65563370.0,406.74666666666667,EVALUATION,-0.0034178366815018624
SPY,2021-07-15T00:00:00Z,405.36,406.03,403.41,405.3,55879338.0,406.0233333333333,EVALUATION,-0.007846039970392349
SPY,2021-07-16T00:00:00Z,406.48,406.52,401.73,402.12,77170227.0,404.7033333333333,EVALUATION,-0.014771709937332123
SPY,2021-07-19T00:00:00Z,397.32,402.19,393.39,396.18,149399960.0,401.2,EVALUATION,0.014336917562723928
SPY,2021-07-20T00:00:00Z,396.85,403.13,396.05,401.86,100942167.0,400.05333333333334,EVALUATION,0.008112277907728949
SPY,2021-07-21T00:00:00Z,403.05,405.25,401.82,405.12,65894328.0,401.05333333333334,EVALUATION,0.0020734597156397694
SPY,2021-07-22T00:00:00Z,405.29,406.21,404.31,405.96,48647326.0,404.31333333333333,EVALUATION,0.010296580943935485
SPY,2021-07-23T00:00:00Z,407.88,410.48,407.2,410.14,64713928.0,407.0733333333333,EVALUATION,0.0024625737553030103
SPY,2021-07-26T00:00:00Z,409.55,411.16,409.51,411.15,44352624.0,409.0833333333333,EVALUATION,-0.0045725404353642585
SPY,2021-07-27T00:00:00Z,410.11,410.14,406.46,409.27,68269527.0,410.1866666666666,EVALUATION,-0.0003909399662813673
SPY,2021-07-28T00:00:00Z,409.9,410.48,407.69,409.11,53425144.0,409.8433333333333,EVALUATION,0.0041309183349220735
SPY,2021-07-29T00:00:00Z,410.02,411.87,410.02,410.8,48198967.0,409.7266666666667,EVALUATION,-0.004844206426484976
SPY,2021-07-30T00:00:00Z,408.25,410.25,408.12,408.81,70310909.0,409.5733333333334,EVALUATION,-0.0021036667400504694
SPY,2021-08-02T00:00:00Z,410.51,411.06,407.59,407.95,59611884.0,409.18666666666667,EVALUATION,0.008138252236793653
SPY,2021-08-03T00:00:00Z,408.74,411.39,406.56,411.27,58824931.0,409.34333333333336,EVALUATION,-0.004935930167529801
SPY,2021-08-04T00:00:00Z,409.99,411.24,409.01,409.24,47620472.0,409.4866666666667,EVALUATION,0.006353240152477735
SPY,2021-08-05T00:00:00Z,410.4,411.92,410.08,411.84,39730739.0,410.7833333333333,EVALUATION,0.0016511266511267664
SPY,2021-08-06T00:00:00Z,412.15,412.94,411.87,412.52,47572213.0,411.2,EVALUATION,-0.0008242024629108169
SPY,2021-08-09T00:00:00Z,412.49,412.8,411.42,412.18,42250781.0,412.18,EVALUATION,0.0012373234994420557
SPY,2021-08-10T00:00:00Z,412.63,413.4,411.95,412.69,44951196.0,412.46333333333337,EVALUATION,0.0024958201071023645
SPY,2021-08-11T00:00:00Z,413.76,413.81,412.64,413.72,45383120.0,412.86333333333334,EVALUATION,0.002997196171323546
SPY,2021-08-12T00:00:00Z,413.57,415.1,412.68,414.96,39843341.0,413.78999999999996,EVALUATION,0.001807403123192497
SPY,2021-08-13T00:00:00Z,415.41,415.73,414.92,415.71,40108966.0,414.7966666666666,EVALUATION,0.0023574126193741662
SPY,2021-08-16T00:00:00Z,414.42,416.82,412.87,416.69,74631097.0,415.78666666666663,EVALUATION,-0.006551633108546007
SPY,2021-08-17T00:00:00Z,414.15,414.82,410.99,413.96,94352513.0,415.4533333333333,EVALUATION,-0.010943086288530246
SPY,2021-08-18T00:00:00Z,412.96,414.51,409.19,409.43,91420225.0,413.36,EVALUATION,0.0015631487677991718
SPY,2021-08-19T00:00:00Z,406.72,411.26,406.58,410.07,94479651.0,411.1533333333333,EVALUATION,0.007949862218645576
SPY,2021-08-20T00:00:00Z,410.41,413.65,409.93,413.33,73189310.0,410.9433333333333,EVALUATION,0.008782328889749058
SPY,2021-08-23T00:00:00Z,415.01,417.87,413.4,416.96,55793374.0,413.4533333333333,EVALUATION,0.0016068687643899793
SPY,2021-08-24T00:00:00Z,417.63,418.16,417.11,417.63,40179908.0,415.97333333333336,EVALUATION,0.002083183679333356
SPY,2021-08-25T00:00:00Z,417.81,419.01,417.44,418.5,41966967.0,417.69666666666666,EVALUATION,-0.0059020310633214335
SPY,2021-08-26T00:00:00Z,418.22,418.46,415.94,416.03,58472550.0,417.38666666666666,EVALUATION,0.008941662860851407
SPY,2021-08-27T00:00:00Z,416.83,420.12,416.78,419.75,79706113.0,418.0933333333333,EVALUATION,0.004407385348421666
SPY,2021-08-30T00:00:00Z,420.42,422.38,420.18,421.6,49898245.0,419.12666666666667,EVALUATION,-0.0014943074003794798
SPY,2021-08-31T00:00:00Z,421.5,421.84,420.38,420.97,61354794.0,420.7733333333333,EVALUATION,0.0005463572226047653
SPY,2021-09-01T00:00:00Z,421.91,422.42,420.96,421.2,49472969.0,421.25666666666666,EVALUATION,0.003062678062678126
SPY,2021-09-02T00:00:00Z,422.61,423.29,421.3,422.49,43327950.0,421.5533333333334,EVALUATION,-0.00023669199270992536
SPY,2021-09-03T00:00:00Z,421.36,422.9,420.96,422.39,47762540.0,422.02666666666664,EVALUATION,-0.0035748952389971222
SPY,2021-09-07T00:00:00Z,422.04,422.14,420.21,420.88,52416593.0,421.91999999999996,EVALUATION,-0.0012117468161946254
SPY,2021-09-08T00:00:00Z,420.35,421.08,418.46,420.37,56880064.0,421.2133333333333,EVALUATION,-0.004281942098627423
SPY,2021-09-09T00:00:00Z,420.17,421.91,418.33,418.57,59078822.0,419.94,EVALUATION,-0.007883985952170547
SPY,2021-09-10T00:00:00Z,420.49,420.91,415.15,415.27,91228331.0,418.07,EVALUATION,0.002552556168275988
SPY,2021-09-13T00:00:00Z,418.25,418.51,414.03,416.33,84654367.0,416.72333333333336,EVALUATION,-0.0054043667283164565
SPY,2021-09-14T00:00:00Z,417.77,417.97,413.2,414.08,79354474.0,415.2266666666667,EVALUATION,0.008355873261205682
SPY,2021-09-15T00:00:00Z,414.5,418.04,413.4,417.54,79886416.0,415.98333333333335,EVALUATION,-0.0015806868802989982
SPY,2021-09-16T00:00:00Z,417.02,417.99,413.94,416.88,78496993.0,416.1666666666667,EVALUATION,-0.00973901362502394
SPY,2021-09-17T00:00:00Z,416.11,416.53,412.46,412.82,119686123.0,415.74666666666667,EVALUATION,-0.016665859212247502
SPY,2021-09-20T00:00:00Z,406.72,408.29,401.09,405.94,168323570.0,411.88,EVALUATION,-0.000960733113267942
SPY,2021-09-21T00:00:00Z,408.26,409.56,405.03,405.55,93757751.0,408.10333333333335,EVALUATION,0.009764517322154997
SPY,2021-09-22T00:00:00Z,407.82,411.54,405.66,409.51,103757135.0,407.0,EVALUATION,0.012136455764206078
SPY,2021-09-23T00:00:00Z,411.37,416.08,411.14,414.48,77755673.0,409.8466666666667,EVALUATION,0.0016647365373478884
SPY,2021-09-24T00:00:00Z,412.86,415.88,412.64,415.17,63279879.0,413.05333333333334,EVALUATION,-0.0028662957342775464
SPY,2021-09-27T00:00:00Z,414.14,415.3,413.29,413.98,62530917.0,414.54333333333335,EVALUATION,-0.020145900768153147
SPY,2021-09-28T00:00:00Z,411.22,411.55,404.91,405.64,132369999.0,411.5966666666667,EVALUATION,0.0016763632777831994
SPY,2021-09-29T00:00:00Z,407.01,408.74,405.76,406.32,83969724.0,408.64666666666665,EVALUATION,-0.012231738531206848
SPY,2021-09-30T00:00:00Z,407.79,408.49,401.02,401.35,143598796.0,404.43666666666667,EVALUATION,0.011884888501308088
SPY,2021-10-01T00:00:00Z,403.07,407.8,399.57,406.12,131035258.0,404.5966666666667,EVALUATION,-0.012877967103319232
SPY,2021-10-04T00:00:00Z,404.96,405.86,398.75,400.89,130626145.0,402.78666666666663,EVALUATION,0.01040185587068776
SPY,2021-10-05T00:00:00Z,402.38,407.29,401.59,405.06,92100880.0,404.0233333333333,EVALUATION,0.004147533698711348
SPY,2021-10-06T00:00:00Z,401.47,406.95,399.86,406.74,113897035.0,404.23,EVALUATION,0.008654177115602124
SPY,2021-10-07T00:00:00Z,410.0,413.08,409.83,410.26,73716653.0,407.35333333333335,EVALUATION,-0.0018281090040461745
SPY,2021-10-08T00:00:00Z,411.02,411.41,408.88,409.51,75477568.0,408.8366666666667,EVALUATION,-0.00725257014480718
SPY,2021-10-11T00:00:00Z,408.85,411.75,406.48,406.54,66278854.0,408.77,EVALUATION,-0.0024597825552221675
SPY,2021-10-12T00:00:00Z,407.46,407.86,404.76,405.54,71939356.0,407.1966666666667,EVALUATION,0.0036001380874881583
SPY,2021-10-13T00:00:00Z,406.56,407.82,403.6,407.0,73949659.0,406.36,EVALUATION,0.01683046683046685
SPY,2021-10-14T00:00:00Z,410.65,414.0,410.18,413.85,71905000.0,408.7966666666667,EVALUATION,0.007611453425153902
SPY,2021-10-15T00:00:00Z,415.95,417.36,415.34,417.0,67668867.0,412.6166666666667,EVALUATION,0.0029496402877697836
SPY,2021-10-18T00:00:00Z,415.22,418.57,414.57,418.23,64093511.0,416.36,EVALUATION,0.0077230232168901125
SPY,2021-10-19T00:00:00Z,419.85,421.53,419.24,421.46,48371320.0,418.89666666666665,EVALUATION,0.0039386893180848315
SPY,2021-10-20T00:00:00Z,421.92,423.42,421.81,423.12,50871680.0,420.9366666666666,EVALUATION,0.002599735299678718
SPY,2021-10-21T00:00:00Z,422.52,424.44,422.09,424.22,42397570.0,422.9333333333333,EVALUATION,-0.0010371976804489647
SPY,2021-10-22T00:00:00Z,423.79,425.23,421.84,423.78,59430753.0,423.70666666666665,EVALUATION,0.005356552928406311
SPY,2021-10-25T00:00:00Z,424.87,426.38,423.1,426.05,46427004.0,424.68333333333334,EVALUATION,0.0009153855181316395
SPY,2021-10-26T00:00:00Z,427.6,428.8,426.06,426.44,57470445.0,425.42333333333335,EVALUATION,-0.0044320420223242785
SPY,2021-10-27T00:00:00Z,426.9,427.56,424.47,424.55,73588516.0,425.68000000000006,EVALUATION,0.00963372983158628
SPY,2021-10-28T00:00:00Z,425.97,428.72,425.96,428.64,52962903.0,426.54333333333335,EVALUATION,0.0020296752519597394
SPY,2021-10-29T00:00:00Z,426.35,429.8,426.06,429.51,71616663.0,427.56666666666666,EVALUATION,0.0017228935298363446
SPY,2021-11-01T00:00:00Z,430.5,430.87,428.53,430.25,49942295.0,429.46666666666664,EVALUATION,0.004044160371876826
SPY,2021-11-02T00:00:00Z,430.42,432.3,430.29,431.99,50229956.0,430.5833333333333,EVALUATION,0.006111252575291104
SPY,2021-11-03T00:00:00Z,431.43,435.03,430.99,434.63,54199665.0,432.28999999999996,EVALUATION,0.004716655546096682
SPY,2021-11-04T00:00:00Z,435.23,436.76,434.88,436.68,53760607.0,434.43333333333334,EVALUATION,0.003457909682146987
SPY,2021-11-05T00:00:00Z,438.89,440.18,436.69,438.19,67432045.0,436.5,EVALUATION,0.0008672037244117359
SPY,2021-11-08T00:00:00Z,439.29,439.78,437.89,438.57,51269918.0,437.81333333333333,EVALUATION,-0.0033061996944615535
SPY,2021-11-09T00:00:00Z,438.93,439.17,435.71,437.12,52049013.0,437.96000000000004,EVALUATION,-0.008052708638360162
SPY,2021-11-10T00:00:00Z,435.43,437.12,432.12,433.6,70491976.0,436.43,EVALUATION,0.00032287822878229733
SPY,2021-11-11T00:00:00Z,435.09,435.16,433.72,433.74,36116860.0,434.82000000000005,EVALUATION,0.007539078710748326
SPY,2021-11-12T00:00:00Z,435.0,437.57,434.06,437.01,54909239.0,434.7833333333333,EVALUATION,0.0003432415734194727
SPY,2021-11-15T00:00:00Z,438.3,438.45,436.04,437.16,48365823.0,435.97,EVALUATION,0.0039573611492358385
SPY,2021-11-16T00:00:00Z,436.9,440.02,436.83,438.89,50288743.0,437.6866666666666,EVALUATION,-0.002415183759028494
SPY,2021-11-17T00:00:00Z,438.63,438.81,437.21,437.83,48931843.0,437.96,EVALUATION,0.003403147340292012
SPY,2021-11-18T00:00:00Z,438.86,439.58,436.14,439.32,51864988.0,438.67999999999995,EVALUATION,-0.001798233633797719
SPY,2021-11-19T00:00:00Z,439.2,440.45,438.16,438.53,58037857.0,438.55999999999995,EVALUATION,-0.0028276286685060548
SPY,2021-11-22T00:00:00Z,440.4,442.88,437.09,437.29,73773729.0,438.38,EVALUATION,0.0013263509341625568
SPY,2021-11-23T00:00:00Z,436.97,438.72,434.38,437.87,74152789.0,437.89666666666665,EVALUATION,0.0026720259437733596
SPY,2021-11-24T00:00:00Z,435.88,439.17,435.07,439.04,63324418.0,438.0666666666667,EVALUATION,-0.022298651603498643
SPY,2021-11-26T00:00:00Z,432.4,433.86,428.13,429.25,114062469.0,435.38666666666666,EVALUATION,0.012277227722772288
SPY,2021-11-29T00:00:00Z,434.02,436.35,431.83,434.52,88266156.0,434.27,EVALUATION,-0.019469759734879855
SPY,2021-11-30T00:00:00Z,432.09,433.98,425.82,426.06,151509808.0,429.9433333333334,EVALUATION,-0.011101722762052346
SPY,2021-12-01T00:00:00Z,431.75,434.58,421.13,421.33,134806870.0,427.30333333333334,EVALUATION,0.015308665416656764
SPY,2021-12-02T00:00:00Z,421.55,429.35,421.15,427.78,130439224.0,425.0566666666667,EVALUATION,-0.008696058721772815
SPY,2021-12-03T00:00:00Z,429.44,430.5,419.85,424.06,138882255.0,424.39,EVALUATION,0.011837947460265008
SPY,2021-12-06T00:00:00Z,426.6,430.95,424.19,429.08,100786239.0,426.97333333333336,EVALUATION,0.020695441409527282
SPY,2021-12-07T00:00:00Z,434.34,438.52,428.96,437.96,98181214.0,430.3666666666667,EVALUATION,0.0026486437117545503
SPY,2021-12-08T00:00:00Z,438.35,439.57,436.6,439.12,73600326.0,435.38666666666666,EVALUATION,-0.00676352705410832
SPY,2021-12-09T00:00:00Z,437.84,439.22,435.96,436.15,62433012.0,437.74333333333334,EVALUATION,0.009423363521724237
SPY,2021-12-10T00:00:00Z,438.85,440.41,436.3,440.26,78394925.0,438.51,EVALUATION,-0.00881297415163762
SPY,2021-12-13T00:00:00Z,439.75,440.09,436.08,436.38,89029534.0,437.5966666666667,EVALUATION,-0.006920573811815323
SPY,2021-12-14T00:00:00Z,433.11,435.58,430.45,433.36,98550028.0,436.6666666666667,EVALUATION,0.015622115562119232
SPY,2021-12-15T00:00:00Z,433.41,440.37,430.91,440.13,119062600.0,436.62333333333333,EVALUATION,-0.008815577215822601
SPY,2021-12-16T00:00:00Z,441.97,442.25,434.7,436.25,118519493.0,436.58000000000004,EVALUATION,-0.010636103151862475
SPY,2021-12-17T00:00:00Z,433.18,436.18,429.91,431.61,137700311.0,435.99666666666667,EVALUATION,-0.010634600681170614
SPY,2021-12-20T00:00:00Z,426.55,427.41,423.41,427.02,108827152.0,431.62666666666667,EVALUATION,0.017750925015221908
SPY,2021-12-21T00:00:00Z,430.43,434.74,428.27,434.6,72205719.0,431.0766666666667,EVALUATION,0.010009203865623428
SPY,2021-12-22T00:00:00Z,434.35,439.06,434.15,438.95,60487971.0,433.5233333333333,EVALUATION,0.006219387173937774
SPY,2021-12-23T00:00:00Z,439.94,443.17,439.84,441.68,57599846.0,438.40999999999997,EVALUATION,0.014150516210831299
SPY,2021-12-27T00:00:00Z,443.05,447.98,443.0,447.93,58274737.0,442.85333333333335,EVALUATION,-0.0008260219230683541
SPY,2021-12-28T00:00:00Z,448.36,449.38,446.8,447.56,48323486.0,445.72333333333336,EVALUATION,0.0012959156314236164
SPY,2021-12-29T00:00:00Z,447.67,449.15,446.67,448.14,55502324.0,447.87666666666667,EVALUATION,-0.002766992457714168
SPY,2021-12-30T00:00:00Z,448.56,449.56,446.44,446.9,56438446.0,447.5333333333333,EVALUATION,-0.0025285298724546657
SPY,2021-12-31T00:00:00Z,446.41,447.55,445.5,445.77,67217721.0,446.93666666666667,EVALUATION,0.005787738071202808
SPY,2022-01-03T00:00:00Z,447.03,448.48,444.73,448.35,74528525.0,447.00666666666666,EVALUATION,-0.00033456005352971996
SPY,2022-01-04T00:00:00Z,449.77,450.48,446.35,448.2,72231283.0,447.44000000000005,EVALUATION,-0.019210174029451133
SPY,2022-01-05T00:00:00Z,447.84,448.6,439.5,439.59,104678064.0,445.38,EVALUATION,-0.0009326872767805305
SPY,2022-01-06T00:00:00Z,439.13,441.88,436.83,439.18,87839262.0,442.3233333333334,EVALUATION,-0.003939159342410847
SPY,2022-01-07T00:00:00Z,439.19,440.36,436.09,437.45,86364246.0,438.74,EVALUATION,-0.0012572865470339423
SPY,2022-01-10T00:00:00Z,434.26,437.12,428.54,436.9,120649890.0,437.84333333333336,EVALUATION,0.009063859006637864
SPY,2022-01-11T00:00:00Z,436.64,440.97,433.65,440.86,75431095.0,438.4033333333333,EVALUATION,0.002744635485187885
SPY,2022-01-12T00:00:00Z,442.61,444.12,440.12,442.07,68702010.0,439.9433333333333,EVALUATION,-0.013776098807880999
SPY,2022-01-13T00:00:00Z,443.17,443.82,434.96,435.98,93589296.0,439.63666666666666,EVALUATION,0.000412862975365913
SPY,2022-01-14T00:00:00Z,432.85,436.51,431.64,436.16,97790736.0,438.07000000000005,EVALUATION,-0.017699926632428475
SPY,2022-01-18T00:00:00Z,431.49,431.69,427.33,428.44,111733633.0,433.5266666666667,EVALUATION,-0.010386518532349842
SPY,2022-01-19T00:00:00Z,429.97,431.37,423.71,423.99,111279125.0,429.53000000000003,EVALUATION,-0.011085167102997673
SPY,2022-01-20T00:00:00Z,425.86,430.55,417.18,419.29,125194304.0,423.9066666666667,EVALUATION,-0.019628419471010572
SPY,2022-01-21T00:00:00Z,418.18,420.52,411.03,411.06,204630712.0,418.11333333333334,EVALUATION,0.004257286040967312
SPY,2022-01-24T00:00:00Z,405.48,413.32,394.9,412.81,254361526.0,414.38666666666666,EVALUATION,-0.012209006564763536
SPY,2022-01-25T00:00:00Z,406.45,412.7,400.9,407.77,170145104.0,410.5466666666666,EVALUATION,-0.002501410108639579
SPY,2022-01-26T00:00:00Z,413.63,416.75,402.5,406.75,188214247.0,409.11,EVALUATION,-0.00494161032575291
SPY,2022-01-27T00:00:00Z,411.33,414.45,403.06,404.74,151882702.0,406.41999999999996,EVALUATION,0.024830755546770833
SPY,2022-01-28T00:00:00Z,406.09,414.84,401.53,414.79,166791322.0,408.76,EVALUATION,0.0180091130451554
SPY,2022-01-31T00:00:00Z,414.12,422.61,412.78,422.26,155582114.0,413.93,EVALUATION,0.006749396106664252
SPY,2022-02-01T00:00:00Z,422.98,425.75,419.47,425.11,125134995.0,420.72,EVALUATION,0.009715132553927308
SPY,2022-02-02T00:00:00Z,427.51,429.97,425.21,429.24,119044971.0,425.5366666666667,EVALUATION,-0.02350666293914838
SPY,2022-02-03T00:00:00Z,423.24,425.13,418.32,419.15,120198289.0,424.5,EVALUATION,0.004699988071096284
SPY,2022-02-04T00:00:00Z,418.92,424.95,416.55,421.12,120819408.0,423.17,EVALUATION,-0.0032057370820669506
SPY,2022-02-07T00:00:00Z,421.88,423.27,418.45,419.77,86449092.0,420.0133333333333,EVALUATION,0.008242609047812044
SPY,2022-02-08T00:00:00Z,419.28,424.15,417.86,423.23,83185793.0,421.37333333333333,EVALUATION,0.01462561727665812
SPY,2022-02-09T00:00:00Z,427.24,429.74,427.04,429.42,95013879.0,424.14,EVALUATION,-0.017954450188626625
SPY,2022-02-10T00:00:00Z,423.6,429.58,419.72,421.71,142919007.0,424.7866666666667,EVALUATION,-0.019729197789950415
SPY,2022-02-11T00:00:00Z,421.79,423.85,411.96,413.39,156004637.0,421.50666666666666,EVALUATION,-0.0032656813178837396
SPY,2022-02-14T00:00:00Z,412.88,414.46,408.59,412.04,125379755.0,415.7133333333333,EVALUATION,0.0161149402970584
SPY,2022-02-15T00:00:00Z,416.46,418.85,415.94,418.68,91232544.0,414.7033333333333,EVALUATION,0.0011225757141490877
SPY,2022-02-16T00:00:00Z,416.65,420.52,414.78,419.15,84978171.0,416.62333333333333,EVALUATION,-0.02135273768340684
SPY,2022-02-17T00:00:00Z,415.98,419.12,409.6,410.2,102416116.0,416.01,EVALUATION,-0.006484641638225153
SPY,2022-02-18T00:00:00Z,410.45,411.7,405.28,407.54,132619100.0,412.2966666666666,EVALUATION,-0.010722873828335922
SPY,2022-02-22T00:00:00Z,405.35,408.74,399.69,403.17,126971668.0,406.97,EVALUATION,-0.017461616687749593
SPY,2022-02-23T00:00:00Z,406.07,406.63,395.46,396.13,132864067.0,402.28,EVALUATION,0.014035796329487704
SPY,2022-02-24T00:00:00Z,385.76,402.41,385.4,401.69,220033458.0,400.33000000000004,EVALUATION,0.022803654559486297
SPY,2022-02-25T00:00:00Z,403.21,410.93,401.56,410.85,123640399.0,402.89,EVALUATION,-0.002555677254472477
SPY,2022-02-28T00:00:00Z,405.48,411.27,404.23,409.8,149221337.0,407.4466666666667,EVALUATION,-0.015251342118106415
SPY,2022-03-01T00:00:00Z,408.3,410.3,400.86,403.55,139991559.0,408.0666666666667,EVALUATION,0.01841159707595086
SPY,2022-03-02T00:00:00Z,405.8,412.7,405.05,410.98,120234911.0,408.11,EVALUATION,-0.004988077278699765
SPY,2022-03-03T00:00:00Z,413.4,414.0,407.14,408.93,105501865.0,407.82000000000005,EVALUATION,-0.008118748930134756
SPY,2022-03-04T00:00:00Z,405.22,406.74,401.58,405.61,113974262.0,408.50666666666666,EVALUATION,-0.029486452503636573
SPY,2022-03-07T00:00:00Z,405.03,405.73,393.59,393.65,138047941.0,402.73,EVALUATION,-0.007570176552775254
SPY,2022-03-08T00:00:00Z,393.83,400.95,389.61,390.67,167638902.0,396.6433333333333,EVALUATION,0.026800112627025197
SPY,2022-03-09T00:00:00Z,399.01,403.11,396.83,401.14,117271076.0,395.1533333333333,EVALUATION,-0.004512140399860365
SPY,2022-03-10T00:00:00Z,396.55,400.22,394.6,399.33,95329689.0,397.0466666666666,EVALUATION,-0.012721308191220304
SPY,2022-03-11T00:00:00Z,401.81,402.42,393.75,394.25,95687775.0,398.24,EVALUATION,-0.007305009511731075
SPY,2022-03-14T00:00:00Z,395.02,398.46,390.24,391.37,95874528.0,394.98333333333335,EVALUATION,0.021999642282239273
SPY,2022-03-15T00:00:00Z,393.97,400.61,392.71,399.98,108235310.0,395.20000000000005,EVALUATION,0.022176108805440187
SPY,2022-03-16T00:00:00Z,403.47,408.9,398.69,408.85,144954949.0,400.0666666666667,EVALUATION,0.01249847132200066
SPY,2022-03-17T00:00:00Z,406.94,413.96,406.57,413.96,104062578.0,407.5966666666667,EVALUATION,0.010967243211904565
SPY,2022-03-18T00:00:00Z,412.36,418.82,411.62,418.5,106542902.0,413.77,EVALUATION,-0.0003106332138590462
SPY,2022-03-21T00:00:00Z,418.33,420.32,414.88,418.37,88839174.0,416.9433333333333,EVALUATION,0.011712120849965313
SPY,2022-03-22T00:00:00Z,419.76,424.2,419.76,423.27,76931148.0,420.0466666666667,EVALUATION,-0.012875942070073476
SPY,2022-03-23T00:00:00Z,420.75,422.23,417.73,417.82,81316132.0,419.82000000000005,EVALUATION,0.015078263367000133
SPY,2022-03-24T00:00:00Z,419.83,424.13,418.72,424.12,64917269.0,421.7366666666667,EVALUATION,0.0048806941431669415
SPY,2022-03-25T00:00:00Z,424.75,426.46,422.18,426.19,77990305.0,422.71000000000004,EVALUATION,0.006945259156714068
SPY,2022-03-28T00:00:00Z,425.6,429.22,423.71,429.15,71058111.0,426.4866666666667,EVALUATION,0.012489805429337197
SPY,2022-03-29T00:00:00Z,433.09,435.02,430.42,434.51,91635758.0,429.95,EVALUATION,-0.0059377229522910024
SPY,2022-03-30T00:00:00Z,433.39,434.2,429.74,431.93,82462768.0,431.86333333333334,EVALUATION,-0.015581228439793482
SPY,2022-03-31T00:00:00Z,431.08,431.9,424.75,425.2,121830006.0,430.5466666666666,EVALUATION,0.0028457196613358438
SPY,2022-04-01T00:00:00Z,426.77,426.91,422.85,426.41,90526299.0,427.8466666666667,EVALUATION,0.008559836776810936
SPY,2022-04-04T00:00:00Z,426.6,430.16,425.78,430.06,61390954.0,427.22333333333336,EVALUATION,-0.01262614518904337
SPY,2022-04-05T00:00:00Z,428.57,431.03,423.49,424.63,75760010.0,427.0333333333333,EVALUATION,-0.010008713468195873
SPY,2022-04-06T00:00:00Z,420.73,422.65,417.51,420.38,107084639.0,425.0233333333333,EVALUATION,0.005043056282411085
SPY,2022-04-07T00:00:00Z,419.5,424.31,417.57,422.5,78235837.0,422.50333333333333,EVALUATION,-0.002674556213017709
SPY,2022-04-08T00:00:00Z,421.75,424.25,419.83,421.37,79354344.0,421.4166666666667,EVALUATION,-0.01708712058286066
SPY,2022-04-11T00:00:00Z,418.11,418.95,413.67,414.17,92393812.0,419.3466666666667,EVALUATION,-0.003718279933360713
SPY,2022-04-12T00:00:00Z,417.14,419.66,411.09,412.63,85677975.0,416.0566666666667,EVALUATION,0.011463054067808898
SPY,2022-04-13T00:00:00Z,412.39,418.11,412.21,417.36,75731466.0,414.72,EVALUATION,-0.01245926777841666
SPY,2022-04-14T00:00:00Z,417.58,418.7,412.06,412.16,100061421.0,414.05,EVALUATION,0.00041246118012416844
SPY,2022-04-18T00:00:00Z,411.24,414.01,410.11,412.33,67080101.0,413.95000000000005,EVALUATION,0.016152111173089567
SPY,2022-04-19T00:00:00Z,412.23,419.7,412.06,418.99,79209141.0,414.49333333333334,EVALUATION,-0.000739874460011003
SPY,2022-04-20T00:00:00Z,420.76,421.37,417.52,418.68,66224261.0,416.66666666666663,EVALUATION,-0.014951753128881196
SPY,2022-04-21T00:00:00Z,422.28,423.67,411.51,412.42,86898329.0,416.69666666666666,EVALUATION,-0.027447747441928128
SPY,2022-04-22T00:00:00Z,411.33,412.44,400.53,401.1,134318097.0,410.73333333333335,EVALUATION,0.005784093742208896
SPY,2022-04-25T00:00:00Z,398.87,403.59,394.32,403.42,121150668.0,405.64666666666665,EVALUATION,-0.028952456496951107
SPY,2022-04-26T00:00:00Z,400.9,401.1,391.71,391.74,104173893.0,398.75333333333333,EVALUATION,0.002807984887935877
SPY,2022-04-27T00:00:00Z,392.81,398.16,390.71,392.84,122342063.0,396.0,EVALUATION,0.025277466653090386
SPY,2022-04-28T00:00:00Z,397.57,404.49,393.15,402.77,107789356.0,395.7833333333333,EVALUATION,-0.03696898974600882
SPY,2022-04-29T00:00:00Z,398.79,400.94,387.14,387.88,148702518.0,394.49666666666667,EVALUATION,0.006032793647519963
SPY,2022-05-02T00:00:00Z,387.95,391.57,381.31,390.22,160312749.0,393.62333333333333,EVALUATION,0.004561529393675379
SPY,2022-05-03T00:00:00Z,390.71,394.41,389.16,392.0,102021088.0,390.0333333333333,EVALUATION,0.030459183673469337
SPY,2022-05-04T00:00:00Z,392.66,404.51,389.49,403.94,146219632.0,395.38666666666666,EVALUATION,-0.03552507798187854
SPY,2022-05-05T00:00:00Z,399.7,400.12,385.47,389.59,175971084.0,395.1766666666666,EVALUATION,-0.005980646320490779
SPY,2022-05-06T00:00:00Z,387.03,390.52,381.98,387.26,153284691.0,393.5966666666667,EVALUATION,-0.032019831637659424
SPY,2022-05-09T00:00:00Z,381.38,382.62,373.29,374.86,155879661.0,383.9033333333333,EVALUATION,0.002320866456810622
SPY,2022-05-10T00:00:00Z,380.81,382.31,371.71,375.73,135027626.0,379.28333333333336,EVALUATION,-0.015889069278471335
SPY,2022-05-11T00:00:00Z,374.77,380.39,369.01,369.76,144045270.0,373.45,EVALUATION,-0.0010547382085677182
SPY,2022-05-12T00:00:00Z,366.58,372.63,362.6,369.37,126713465.0,371.62,EVALUATION,0.023905568941711586
SPY,2022-05-13T00:00:00Z,373.49,379.58,372.45,378.2,104349084.0,372.4433333333333,EVALUATION,-0.004045478582760387
SPY,2022-05-16T00:00:00Z,376.56,380.32,374.32,376.67,80100945.0,374.74666666666667,EVALUATION,0.02057503915894543
SPY,2022-05-17T00:00:00Z,382.73,384.65,379.01,384.42,83226741.0,379.7633333333333,EVALUATION,-0.04032048280526512
SPY,2022-05-18T00:00:00Z,379.88,380.16,367.69,368.92,117836734.0,376.67,EVALUATION,-0.006125989374390128
SPY,2022-05-19T00:00:00Z,365.87,371.07,364.45,366.66,99939615.0,373.33333333333337,EVALUATION,0.0004363715703921134
SPY,2022-05-20T00:00:00Z,370.23,373.79,358.26,366.82,131446436.0,367.4666666666667,EVALUATION,0.018701270377841972
SPY,2022-05-23T00:00:00Z,369.83,374.45,367.53,373.68,76648121.0,369.05333333333334,EVALUATION,-0.00762684649967893
SPY,2022-05-24T00:00:00Z,369.58,372.02,364.31,370.83,92541551.0,370.4433333333333,EVALUATION,0.008845023326052415
SPY,2022-05-25T00:00:00Z,369.34,376.07,368.95,374.11,92887420.0,372.87333333333333,EVALUATION,0.01996738927053543
SPY,2022-05-26T00:00:00Z,375.33,383.21,375.12,381.58,83804711.0,375.50666666666666,EVALUATION,0.02455579432884325
SPY,2022-05-27T00:00:00Z,384.03,391.06,383.83,390.95,87207078.0,382.2133333333333,EVALUATION,-0.005601739352858459
SPY,2022-05-31T00:00:00Z,389.34,392.08,386.03,388.76,97389986.0,387.0966666666667,EVALUATION,-0.008102685461467196
SPY,2022-06-01T00:00:00Z,390.87,391.87,383.11,385.61,87995482.0,388.44,EVALUATION,0.01893104431939019
SPY,2022-06-02T00:00:00Z,385.45,393.0,383.21,392.91,81695452.0,389.09333333333336,EVALUATION,-0.016288717518006757
SPY,2022-06-03T00:00:00Z,388.26,389.8,385.54,386.51,72004446.0,388.34333333333336,EVALUATION,0.0030270885617449395
SPY,2022-06-06T00:00:00Z,390.5,392.22,386.52,387.68,58402477.0,389.0333333333333,EVALUATION,0.00959554271564178
SPY,2022-06-07T00:00:00Z,384.21,391.85,383.75,391.4,59483946.0,388.53,EVALUATION,-0.010858456821665863
SPY,2022-06-08T00:00:00Z,389.7,391.48,386.36,387.15,65642329.0,388.74333333333334,EVALUATION,-0.023789228981015098
SPY,2022-06-09T00:00:00Z,385.38,387.64,377.94,377.94,88177354.0,385.49666666666667,EVALUATION,-0.0289993120601153
SPY,2022-06-10T00:00:00Z,371.76,372.61,366.93,366.98,135486175.0,377.3566666666667,EVALUATION,-0.03795847185132706
SPY,2022-06-13T00:00:00Z,357.61,359.46,351.45,353.05,173443346.0,365.99,EVALUATION,-0.00303073219090777
SPY,2022-06-14T00:00:00Z,354.79,355.81,348.9,351.98,105591082.0,357.3366666666667,EVALUATION,0.014262173987158233
SPY,2022-06-15T00:00:00Z,355.27,361.43,350.34,357.0,128798622.0,354.01,EVALUATION,-0.033081232492997215
SPY,2022-06-16T00:00:00Z,348.82,349.22,342.77,345.19,138951395.0,351.39,EVALUATION,0.0021437469219849348
SPY,2022-06-17T00:00:00Z,345.6,349.26,342.44,345.93,111452712.0,349.37333333333333,EVALUATION,0.025178504321683448
SPY,2022-06-21T00:00:00Z,351.63,356.01,351.56,354.64,79074527.0,348.58666666666664,EVALUATION,-0.0018046469659372955
SPY,2022-06-22T00:00:00Z,350.43,358.09,350.01,354.0,91634199.0,351.5233333333333,EVALUATION,0.009802259887005782
SPY,2022-06-23T00:00:00Z,356.12,358.19,352.58,357.47,80303462.0,355.37,EVALUATION,0.03177889053626859
SPY,2022-06-24T00:00:00Z,360.62,368.84,360.59,368.83,98013848.0,360.1,EVALUATION,-0.003822899438765792
SPY,2022-06-27T00:00:00Z,369.75,370.04,366.33,367.42,67337838.0,364.5733333333334,EVALUATION,-0.020439823635077015
SPY,2022-06-28T00:00:00Z,368.97,371.74,359.8,359.91,88649297.0,365.38666666666666,EVALUATION,-0.0008057569948043408
SPY,2022-06-29T00:00:00Z,360.46,361.45,357.81,359.62,65793757.0,362.3166666666667,EVALUATION,-0.008119681886435748
SPY,2022-06-30T00:00:00Z,355.74,359.92,352.26,356.7,114444484.0,358.74333333333334,EVALUATION,0.010569105691057068
SPY,2022-07-01T00:00:00Z,356.05,360.91,353.44,360.47,76230298.0,358.93,EVALUATION,0.0018864260548727696
SPY,2022-07-05T00:00:00Z,355.4,361.17,352.59,361.15,81666726.0,359.44,EVALUATION,0.0033780977433199855
SPY,2022-07-06T00:00:00Z,361.29,364.85,358.92,362.37,71417341.0,361.33000000000004,EVALUATION,0.01498468416259624
SPY,2022-07-07T00:00:00Z,364.14,368.59,362.39,367.8,66586715.0,363.7733333333333,EVALUATION,-0.0008156606851550396
SPY,2022-07-08T00:00:00Z,366.17,369.36,364.65,367.5,73126115.0,365.89,EVALUATION,-0.011428571428571344
SPY,2022-07-11T00:00:00Z,364.83,365.8,362.61,363.3,60196162.0,366.20000000000005,EVALUATION,-0.008863198458574306
SPY,2022-07-12T00:00:00Z,362.75,365.12,358.34,360.08,63304211.0,363.62666666666667,EVALUATION,-0.005248833592534918
SPY,2022-07-13T00:00:00Z,354.67,361.11,354.25,358.19,85453239.0,360.5233333333333,EVALUATION,-0.0024288785281554315
SPY,2022-07-14T00:00:00Z,353.26,358.4,350.83,357.32,91022894.0,358.53,EVALUATION,0.01911451919847762
SPY,2022-07-15T00:00:00Z,361.71,364.26,359.81,364.15,80721517.0,359.88666666666666,EVALUATION,-0.008265824522861398
SPY,2022-07-18T00:00:00Z,367.22,367.89,359.92,361.14,64573224.0,360.87,EVALUATION,0.027025530265271103
SPY,2022-07-19T00:00:00Z,365.05,371.47,364.4,370.9,80462808.0,365.39666666666665,EVALUATION,0.006362901051496506
SPY,2022-07-20T00:00:00Z,371.09,374.67,369.73,373.26,72028992.0,368.43333333333334,EVALUATION,0.010207362160424394
SPY,2022-07-21T00:00:00Z,372.69,377.11,370.3,377.07,65044042.0,373.74333333333334,EVALUATION,-0.009282096162516296
SPY,2022-07-22T00:00:00Z,377.19,378.38,371.36,373.57,73212677.0,374.6333333333333,EVALUATION,0.001204593516610064
SPY,2022-07-25T00:00:00Z,374.19,374.87,371.79,374.02,54460198.0,374.88666666666666,EVALUATION,-0.011817549863643584
SPY,2022-07-26T00:00:00Z,372.39,372.59,368.71,369.6,54110744.0,372.39666666666665,EVALUATION,0.025946969696969635
SPY,2022-07-27T00:00:00Z,372.88,380.93,372.58,379.19,84389399.0,374.27,EVALUATION,0.01247395764656245
SPY,2022-07-28T00:00:00Z,380.0,384.64,376.46,383.92,75478050.0,377.57,EVALUATION,0.014664513440300064
SPY,2022-07-29T00:00:00Z,385.38,390.53,384.61,389.55,88654585.0,384.22,EVALUATION,-0.0029777948915415964
SPY,2022-08-01T00:00:00Z,386.86,390.89,386.15,388.39,71138117.0,387.2866666666667,EVALUATION,-0.006591312855634857
SPY,2022-08-02T00:00:00Z,386.83,390.5,384.66,385.83,64549577.0,387.9233333333333,EVALUATION,0.015654562890392132
SPY,2022-08-03T00:00:00Z,387.95,393.04,387.67,391.87,69189866.0,388.69666666666666,EVALUATION,-0.0006634853395258711
SPY,2022-08-04T00:00:00Z,391.8,392.48,389.97,391.61,46473255.0,389.77,EVALUATION,-0.0016853502208831195
SPY,2022-08-05T00:00:00Z,387.34,391.59,387.29,390.95,57663233.0,391.4766666666667,EVALUATION,-0.0011766210512852426
SPY,2022-08-08T00:00:00Z,392.63,394.87,389.4,390.49,54800278.0,391.01666666666665,EVALUATION,-0.003969371814899203
SPY,2022-08-09T00:00:00Z,389.76,390.27,387.87,388.94,45025319.0,390.12666666666667,EVALUATION,0.02100581066488405
SPY,2022-08-10T00:00:00Z,395.97,397.25,394.02,397.11,70131594.0,392.18,EVALUATION,0.0
SPY,2022-08-11T00:00:00Z,399.95,401.8,396.37,397.11,60543614.0,394.38666666666666,EVALUATION,0.016922263352723288
SPY,2022-08-12T00:00:00Z,399.04,403.94,398.09,403.83,62922310.0,399.35,EVALUATION,0.004135403511378533
SPY,2022-08-15T00:00:00Z,401.63,406.02,401.57,405.5,54947334.0,402.14666666666665,EVALUATION,0.0019482120838472117
SPY,2022-08-16T00:00:00Z,404.43,408.21,403.63,406.29,60027042.0,405.20666666666665,EVALUATION,-0.007088532821383775
SPY,2022-08-17T00:00:00Z,402.71,406.1,401.41,403.41,64678140.0,405.06666666666666,EVALUATION,0.002900275154309462
SPY,2022-08-18T00:00:00Z,403.61,405.26,402.32,404.58,49133661.0,404.76,EVALUATION,-0.013446042809827419
SPY,2022-08-19T00:00:00Z,401.83,402.09,398.27,399.14,69269902.0,402.37666666666667,EVALUATION,-0.020819762489352134
SPY,2022-08-22T00:00:00Z,394.33,394.5,389.93,390.83,79484165.0,398.1833333333333,EVALUATION,-0.0024051377836911136
SPY,2022-08-23T00:00:00Z,390.41,392.79,389.34,389.89,49771778.0,393.28666666666663,EVALUATION,0.00320603247069684
SPY,2022-08-24T00:00:00Z,389.66,392.5,388.98,391.14,50531686.0,390.62,EVALUATION,0.014112593956128405
SPY,2022-08-25T00:00:00Z,392.62,396.7,391.53,396.66,51062473.0,392.56333333333333,EVALUATION,-0.03385771189431752
SPY,2022-08-26T00:00:00Z,396.54,397.08,383.17,383.23,105714602.0,390.34333333333336,EVALUATION,-0.006601779610155845
SPY,2022-08-29T00:00:00Z,380.29,383.73,379.34,380.7,66499372.0,386.86333333333334,EVALUATION,-0.010979774100341455
SPY,2022-08-30T00:00:00Z,381.85,382.09,374.43,376.52,87190352.0,380.15,EVALUATION,-0.007622437055136544
SPY,2022-08-31T00:00:00Z,378.14,379.38,373.52,373.65,77635142.0,376.95666666666665,EVALUATION,0.003158035594807984
SPY,2022-09-01T00:00:00Z,371.49,375.17,368.79,374.83,80204169.0,375.0,EVALUATION,-0.010564789371181549
SPY,2022-09-02T00:00:00Z,378.47,379.68,369.07,370.87,101452968.0,373.1166666666667,EVALUATION,-0.003774907649580661
SPY,2022-09-06T00:00:00Z,371.71,372.65,367.26,369.47,77511258.0,371.72333333333336,EVALUATION,0.017971689176387695
SPY,2022-09-07T00:00:00Z,369.16,376.88,368.94,376.11,73982489.0,372.15000000000003,EVALUATION,0.006540639706468898
SPY,2022-09-08T00:00:00Z,373.85,379.02,372.65,378.57,82038578.0,374.7166666666667,EVALUATION,0.015532134083524829
SPY,2022-09-09T00:00:00Z,380.8,385.31,380.54,384.45,79609462.0,379.71000000000004,EVALUATION,0.010742619326310265
SPY,2022-09-12T00:00:00Z,386.51,389.3,386.21,388.58,70935353.0,383.8666666666667,EVALUATION,-0.04346595295692002
SPY,2022-09-13T00:00:00Z,379.94,381.14,370.57,371.69,127102562.0,381.5733333333333,EVALUATION,0.003793483817159604
SPY,2022-09-14T00:00:00Z,372.98,374.62,369.81,373.1,85900310.0,377.79,EVALUATION,-0.011337443044760143
SPY,2022-09-15T00:00:00Z,371.55,374.39,367.6,368.87,89118469.0,371.22,EVALUATION,-0.007644969772548582
SPY,2022-09-16T00:00:00Z,364.71,366.71,362.78,366.05,105150204.0,369.34000000000003,EVALUATION,0.007758502936757283
SPY,2022-09-19T00:00:00Z,362.92,368.89,362.84,368.89,74700086.0,367.93666666666667,EVALUATION,-0.011466832931225968
SPY,2022-09-20T00:00:00Z,365.58,366.59,361.91,364.66,78403121.0,366.5333333333333,EVALUATION,-0.01744090385564634
SPY,2022-09-21T00:00:00Z,366.58,369.61,358.29,358.3,106950971.0,363.95,EVALUATION,-0.008400781468043461
SPY,2022-09-22T00:00:00Z,357.53,359.16,354.55,355.29,90697405.0,359.4166666666667,EVALUATION,-0.01674688282811232
SPY,2022-09-23T00:00:00Z,351.83,351.87,344.91,349.34,123734270.0,354.31,EVALUATION,-0.009904391137573687
SPY,2022-09-26T00:00:00Z,347.87,351.48,344.66,345.88,93929206.0,350.17,EVALUATION,-0.0025442349947958354
SPY,2022-09-27T00:00:00Z,349.4,351.66,342.61,345.0,108682037.0,346.74,EVALUATION,0.019652173913043303
SPY,2022-09-28T00:00:00Z,345.95,353.47,344.26,351.78,113902548.0,347.55333333333334,EVALUATION,-0.020865313548240283
SPY,2022-09-29T00:00:00Z,348.25,348.54,341.5,344.44,115299507.0,347.0733333333333,EVALUATION,-0.015474393217976945
SPY,2022-09-30T00:00:00Z,343.5,347.4,338.98,339.11,156959533.0,345.11,EVALUATION,0.026392615965320942
SPY,2022-10-03T00:00:00Z,342.81,349.91,341.04,348.06,92907273.0,343.87,EVALUATION,0.031000402229500734
SPY,2022-10-04T00:00:00Z,353.56,358.88,348.02,358.85,107566221.0,348.67333333333335,EVALUATION,-0.0023408109237843533
SPY,2022-10-05T00:00:00Z,354.5,360.26,352.18,358.01,89081904.0,354.97333333333336,EVALUATION,-0.010306974665512114
SPY,2022-10-06T00:00:00Z,356.62,359.56,353.83,354.32,84084215.0,357.06,EVALUATION,-0.027884398284036993
SPY,2022-10-07T00:00:00Z,350.3,354.41,342.68,344.44,110845119.0,352.25666666666666,EVALUATION,-0.007635582394611484
SPY,2022-10-10T00:00:00Z,345.55,345.78,339.58,341.81,77136053.0,346.8566666666667,EVALUATION,-0.006348556215441392
SPY,2022-10-11T00:00:00Z,340.11,344.66,337.71,339.64,93767440.0,341.9633333333333,EVALUATION,-0.0032976092333059093
SPY,2022-10-12T00:00:00Z,340.05,341.61,338.27,338.52,78063648.0,339.99,EVALUATION,0.026409074796171605
SPY,2022-10-13T00:00:00Z,331.54,348.92,330.5,347.46,151012977.0,341.87333333333333,EVALUATION,-0.022793990675185505
SPY,2022-10-14T00:00:00Z,349.91,351.53,338.9,339.54,126393363.0,341.84,EVALUATION,0.025681804794722263
SPY,2022-10-17T00:00:00Z,345.59,349.36,339.21,348.26,96144971.0,345.08666666666664,EVALUATION,0.01174409923620301
SPY,2022-10-18T00:00:00Z,356.15,356.46,348.93,352.35,98962943.0,346.7166666666667,EVALUATION,-0.007066836951894473
SPY,2022-10-19T00:00:00Z,350.32,353.04,347.06,349.86,81191329.0,350.15666666666664,EVALUATION,-0.008403361344537785
SPY,2022-10-20T00:00:00Z,349.41,353.82,346.16,346.92,89795566.0,349.71000000000004,EVALUATION,0.02429955032860609
SPY,2022-10-21T00:00:00Z,346.65,355.84,345.15,355.35,134419474.0,350.71000000000004,EVALUATION,0.012241452089489124
SPY,2022-10-24T00:00:00Z,356.87,360.83,354.23,359.7,87697246.0,353.99,EVALUATION,0.01598554350847925
SPY,2022-10-25T00:00:00Z,359.63,365.76,359.51,365.45,80716012.0,360.16666666666663,EVALUATION,-0.0075523327404569685
SPY,2022-10-26T00:00:00Z,362.31,367.97,362.06,362.69,104989718.0,362.61333333333334,EVALUATION,-0.005321348810278792
SPY,2022-10-27T00:00:00Z,363.69,365.52,360.14,360.76,83114489.0,362.96666666666664,EVALUATION,0.023783124514912934
SPY,2022-10-28T00:00:00Z,360.65,369.81,360.47,369.34,103100112.0,364.2633333333333,EVALUATION,-0.00722911138788096
SPY,2022-10-31T00:00:00Z,366.89,368.75,365.77,366.67,97000212.0,365.59000000000003,EVALUATION,-0.004363596694575533
SPY,2022-11-01T00:00:00Z,370.4,370.64,363.9,365.07,85675227.0,367.02666666666664,EVALUATION,-0.025091078423316038
SPY,2022-11-02T00:00:00Z,364.48,368.97,355.8,355.91,129869586.0,362.55,EVALUATION,-0.010311595628108239
SPY,2022-11-03T00:00:00Z,352.67,355.27,350.13,352.24,87348809.0,357.74,EVALUATION,0.01439359527594819
SPY,2022-11-04T00:00:00Z,357.93,359.7,351.28,357.31,106018690.0,355.15333333333336,EVALUATION,0.00957152052839283
SPY,2022-11-07T00:00:00Z,358.6,361.32,356.53,360.73,68286947.0,356.76,EVALUATION,0.005377983533390696
SPY,2022-11-08T00:00:00Z,361.83,365.64,358.61,362.67,84641062.0,360.2366666666667,EVALUATION,-0.02059723715774675
SPY,2022-11-09T00:00:00Z,360.71,361.86,354.71,355.2,78495470.0,359.5333333333333,EVALUATION,0.05495495495495506
SPY,2022-11-10T00:00:00Z,368.42,375.06,366.13,374.72,141455847.0,364.19666666666666,EVALUATION,0.00968723313407338
SPY,2022-11-11T00:00:00Z,375.58,379.15,373.7,378.35,93752318.0,369.42333333333335,EVALUATION,-0.008510638297872464
SPY,2022-11-14T00:00:00Z,376.59,379.93,374.86,375.13,71893165.0,376.0666666666667,EVALUATION,0.008530376136272722
SPY,2022-11-15T00:00:00Z,380.86,381.96,374.53,378.33,93194452.0,377.27,EVALUATION,-0.007638833822324442
SPY,2022-11-16T00:00:00Z,376.71,377.66,374.82,375.44,68508454.0,376.3,EVALUATION,-0.0030364372469635637
SPY,2022-11-17T00:00:00Z,370.71,374.97,370.4,374.3,74496255.0,376.0233333333333,EVALUATION,0.004515094843708267
SPY,2022-11-18T00:00:00Z,377.62,377.68,373.16,375.99,92769313.0,375.24333333333334,EVALUATION,-0.0036171174765287084
SPY,2022-11-21T00:00:00Z,374.68,375.8,372.8,374.63,51243189.0,374.97333333333336,EVALUATION,0.013453273896911755
SPY,2022-11-22T00:00:00Z,376.56,379.83,375.16,379.67,60429025.0,376.7633333333333,EVALUATION,0.006294940342929323
SPY,2022-11-23T00:00:00Z,379.34,382.55,379.11,382.06,68261628.0,378.7866666666667,EVALUATION,-0.00020939119510021698
SPY,2022-11-25T00:00:00Z,381.5,382.53,381.22,381.98,30545434.0,381.2366666666667,EVALUATION,-0.015969422482852602
SPY,2022-11-28T00:00:00Z,378.9,380.53,375.12,375.88,68021749.0,379.97333333333336,EVALUATION,-0.0017026710652335852
SPY,2022-11-29T00:00:00Z,376.01,377.2,373.4,375.24,52310039.0,377.7,EVALUATION,0.03149984010233453
SPY,2022-11-30T00:00:00Z,375.48,387.06,373.57,387.06,144566653.0,379.3933333333333,EVALUATION,-0.0007492378442619518
SPY,2022-12-01T00:00:00Z,388.09,389.26,384.27,386.77,76398170.0,383.0233333333333,EVALUATION,-0.001163482172867547
SPY,2022-12-02T00:00:00Z,381.9,387.23,381.8,386.32,85266739.0,386.7166666666667,EVALUATION,-0.017990267136053006
SPY,2022-12-05T00:00:00Z,383.51,384.44,378.03,379.37,77289815.0,384.1533333333333,EVALUATION,-0.014392281941112861
SPY,2022-12-06T00:00:00Z,379.21,379.75,371.83,373.91,77972217.0,379.8666666666667,EVALUATION,-0.0017116418389453436
SPY,2022-12-07T00:00:00Z,373.06,375.62,372.14,373.27,65927896.0,375.51666666666665,EVALUATION,0.007822755646047064
SPY,2022-12-08T00:00:00Z,375.15,377.26,373.37,376.19,60737912.0,374.45666666666665,EVALUATION,-0.007469629708392045
SPY,2022-12-09T00:00:00Z,374.96,377.5,373.26,373.38,81353584.0,374.28,EVALUATION,0.014435695538057791
SPY,2022-12-12T00:00:00Z,374.17,378.77,373.51,378.77,75405835.0,376.11333333333334,EVALUATION,0.0075507563957020185
SPY,2022-12-13T00:00:00Z,389.47,389.72,378.88,381.63,123782534.0,377.9266666666666,EVALUATION,-0.006393627335377183
SPY,2022-12-14T00:00:00Z,381.29,384.99,376.26,379.19,108111349.0,379.86333333333334,EVALUATION,-0.02444684722698376
SPY,2022-12-15T00:00:00Z,374.35,375.25,368.26,369.92,117705889.0,376.9133333333333,EVALUATION,-0.011813365051903113
SPY,2022-12-16T00:00:00Z,367.37,368.7,363.42,365.55,118935616.0,371.55333333333334,EVALUATION,-0.00848037204212837
SPY,2022-12-19T00:00:00Z,365.74,366.08,360.79,362.45,79878103.0,365.97333333333336,EVALUATION,0.001379500620775298
SPY,2022-12-20T00:00:00Z,361.7,364.56,360.38,362.95,74427240.0,363.65,EVALUATION,0.01493318638930985
SPY,2022-12-21T00:00:00Z,365.53,369.5,365.0,368.37,78167369.0,364.59000000000003,EVALUATION,-0.01425197491652419
SPY,2022-12-22T00:00:00Z,365.34,368.36,357.44,363.12,100120855.0,364.81333333333333,EVALUATION,0.005755673055739097
SPY,2022-12-23T00:00:00Z,362.1,365.35,360.55,365.21,59746356.0,365.56666666666666,EVALUATION,-0.003942936940390496
SPY,2022-12-27T00:00:00Z,365.09,365.44,362.1,363.77,51638180.0,364.0333333333333,EVALUATION,-0.012425433653132423
SPY,2022-12-28T00:00:00Z,363.7,365.67,359.02,359.25,70911520.0,362.74333333333334,EVALUATION,0.01798190675017386
SPY,2022-12-29T00:00:00Z,362.08,366.58,361.56,365.71,66970877.0,362.90999999999997,EVALUATION,-0.0026250307620792057
SPY,2022-12-30T00:00:00Z,363.04,364.89,360.94,364.75,83957691.0,363.2366666666667,EVALUATION,-0.004194653872515386
SPY,2023-01-03T00:00:00Z,366.6,368.57,360.36,363.22,74850731.0,364.56,EVALUATION,0.007708826606464214
SPY,2023-01-04T00:00:00Z,365.47,368.04,362.43,366.02,85934098.0,364.6633333333333,EVALUATION,-0.011420140975902937
SPY,2023-01-05T00:00:00Z,364.07,364.19,361.25,361.84,76970456.0,363.6933333333333,EVALUATION,0.0229383152774707
SPY,2023-01-06T00:00:00Z,364.92,371.26,361.87,370.14,104026233.0,366.0,EVALUATION,-0.0005673528934997396
SPY,2023-01-09T00:00:00Z,372.32,375.5,369.75,369.93,73978071.0,367.30333333333334,EVALUATION,0.007001324574919421
SPY,2023-01-10T00:00:00Z,369.35,372.59,368.41,372.52,65358094.0,370.86333333333334,EVALUATION,0.01267046064640831
SPY,2023-01-11T00:00:00Z,374.1,377.31,373.29,377.24,68881080.0,373.23,EVALUATION,0.003631640335065134
SPY,2023-01-12T00:00:00Z,378.33,380.06,374.28,378.61,90157699.0,376.12333333333333,EVALUATION,0.0038826232798920834
SPY,2023-01-13T00:00:00Z,375.42,380.65,375.16,380.08,63859516.0,378.6433333333333,EVALUATION,-0.0018417175331508773
SPY,2023-01-17T00:00:00Z,380.06,381.73,378.7,379.38,62677281.0,379.3566666666667,EVALUATION,-0.015788918762191018
SPY,2023-01-18T00:00:00Z,380.56,381.62,373.19,373.39,99632262.0,377.6166666666667,EVALUATION,-0.007284608586196617
SPY,2023-01-19T00:00:00Z,371.36,373.0,369.36,370.67,86958919.0,374.48,EVALUATION,0.018641918687781533
SPY,2023-01-20T00:00:00Z,372.07,377.73,370.43,377.58,91540638.0,373.88,EVALUATION,0.011997457492451957
SPY,2023-01-23T00:00:00Z,378.38,384.03,377.43,382.11,84178797.0,376.7866666666667,EVALUATION,-0.0010729894532988116
SPY,2023-01-24T00:00:00Z,380.44,382.61,379.26,381.7,59524911.0,380.46333333333337,EVALUATION,0.00036678019386959804
SPY,2023-01-25T00:00:00Z,377.65,382.18,375.37,381.84,84800251.0,381.8833333333333,EVALUATION,0.010999371464487817
SPY,2023-01-26T00:00:00Z,384.49,386.2,381.54,386.04,72287425.0,383.1933333333333,EVALUATION,0.002305460574033802
SPY,2023-01-27T00:00:00Z,384.99,389.29,384.79,386.93,68270538.0,384.93666666666667,EVALUATION,-0.012560411443930497
SPY,2023-01-30T00:00:00Z,384.18,386.4,381.78,382.07,74202018.0,385.0133333333333,EVALUATION,0.014709346454838235
SPY,2023-01-31T00:00:00Z,382.59,387.74,382.24,387.69,86811786.0,385.56333333333333,EVALUATION,0.010627047383218624
SPY,2023-02-01T00:00:00Z,386.48,394.55,383.75,391.81,101459155.0,387.19,EVALUATION,0.01454786758888238
SPY,2023-02-02T00:00:00Z,395.68,398.97,393.79,397.51,101654463.0,392.33666666666664,EVALUATION,-0.010616085129933728
SPY,2023-02-03T00:00:00Z,392.56,397.69,392.09,393.29,94630250.0,394.2033333333333,EVALUATION,-0.006127793739988396
SPY,2023-02-06T00:00:00Z,390.85,392.28,389.23,390.88,60295325.0,393.8933333333333,EVALUATION,0.013098649201801038
SPY,2023-02-07T00:00:00Z,389.97,397.24,388.73,396.0,90990745.0,393.39,EVALUATION,-0.010934343434343408
SPY,2023-02-08T00:00:00Z,394.03,395.37,390.98,391.67,76227462.0,392.85,EVALUATION,-0.008680777184875144
SPY,2023-02-09T00:00:00Z,395.25,395.4,387.05,388.27,78694859.0,391.98,EVALUATION,0.002343729878692802
SPY,2023-02-10T00:00:00Z,387.1,389.56,386.29,389.18,70726597.0,389.70666666666665,EVALUATION,0.011742638367850278
SPY,2023-02-13T00:00:00Z,389.83,393.88,389.37,393.75,64913539.0,390.4,EVALUATION,-0.00048253968253963997
SPY,2023-02-14T00:00:00Z,392.23,395.86,389.63,393.56,88389313.0,392.1633333333333,EVALUATION,0.003252363045024742
SPY,2023-02-15T00:00:00Z,391.38,394.92,390.54,394.84,61685279.0,394.04999999999995,EVALUATION,-0.013752406037888631
SPY,2023-02-16T00:00:00Z,389.89,393.82,389.27,389.41,76431469.0,392.60333333333335,EVALUATION,-0.0025166277188567454
SPY,2023-02-17T00:00:00Z,387.29,388.67,385.37,388.43,89166502.0,390.8933333333333,EVALUATION,-0.0200550935818552
SPY,2023-02-21T00:00:00Z,384.43,385.48,380.38,380.64,82655924.0,386.15999999999997,EVALUATION,-0.001366120218579181
SPY,2023-02-22T00:00:00Z,381.05,382.59,378.67,380.12,83742293.0,383.06333333333333,EVALUATION,0.005314111333263094
SPY,2023-02-23T00:00:00Z,383.0,383.61,377.93,382.14,96242399.0,380.96666666666664,EVALUATION,-0.010676715339927756
SPY,2023-02-24T00:00:00Z,377.14,378.89,375.44,378.06,108144871.0,380.1066666666667,EVALUATION,0.0033857059725967975
SPY,2023-02-27T00:00:00Z,381.38,382.74,378.41,379.34,80444736.0,379.84666666666664,EVALUATION,-0.0036906205514840584
SPY,2023-02-28T00:00:00Z,378.87,380.82,377.84,377.94,96438567.0,378.44666666666666,EVALUATION,-0.003836587818172199
SPY,2023-03-01T00:00:00Z,377.13,378.35,375.19,376.49,99706823.0,377.92333333333335,EVALUATION,0.007782411219421581
SPY,2023-03-02T00:00:00Z,374.53,380.26,374.19,379.42,85404726.0,377.95000000000005,EVALUATION,0.016024458383848916
SPY,2023-03-03T00:00:00Z,381.23,385.75,380.58,385.5,90032260.0,380.47,EVALUATION,0.0007003891050583189
SPY,2023-03-06T00:00:00Z,386.32,388.61,385.33,385.77,72795946.0,383.56333333333333,EVALUATION,-0.015320009331985296
SPY,2023-03-07T00:00:00Z,385.72,385.96,379.24,379.86,108310596.0,383.71000000000004,EVALUATION,0.0016321802769441174
SPY,2023-03-08T00:00:00Z,379.97,381.23,378.26,380.48,74746632.0,382.0366666666667,EVALUATION,-0.018450378469302087
SPY,2023-03-09T00:00:00Z,381.26,382.92,372.48,373.46,111945322.0,377.93333333333334,EVALUATION,-0.01443260322390616
SPY,2023-03-10T00:00:00Z,372.91,374.98,366.55,368.07,189443810.0,374.00333333333333,EVALUATION,-0.0014127747439345306
SPY,2023-03-13T00:00:00Z,364.16,372.34,363.05,367.55,157748594.0,369.6933333333333,EVALUATION,0.016514759896612663
SPY,2023-03-14T00:00:00Z,372.45,375.26,369.16,373.62,149752357.0,369.74666666666667,EVALUATION,-0.006263048016701522
SPY,2023-03-15T00:00:00Z,368.05,371.48,365.97,371.28,172976539.0,370.81666666666666,EVALUATION,0.017560870502047132
SPY,2023-03-16T00:00:00Z,368.94,378.14,368.43,377.8,143753940.0,374.23333333333335,EVALUATION,-0.011699311805188017
SPY,2023-03-17T00:00:00Z,376.47,377.6,372.0,373.38,140069974.0,374.1533333333333,EVALUATION,0.009614869569875228
SPY,2023-03-20T00:00:00Z,374.16,377.38,373.46,376.97,93055783.0,376.05,EVALUATION,0.013131018383425674
SPY,2023-03-21T00:00:00Z,380.32,382.4,378.73,381.92,91524248.0,377.42333333333335,EVALUATION,-0.017045454545454475
SPY,2023-03-22T00:00:00Z,381.75,385.35,375.37,375.41,111746583.0,378.1,EVALUATION,0.002717029381209768
SPY,2023-03-23T00:00:00Z,378.26,382.28,373.73,376.43,119351319.0,377.92,EVALUATION,0.006561644927343568
SPY,2023-03-24T00:00:00Z,375.15,378.98,372.82,378.9,107684280.0,376.91333333333336,EVALUATION,0.001847453153866585
SPY,2023-03-27T00:00:00Z,381.16,381.93,378.71,379.6,74010408.0,378.31,EVALUATION,-0.002239199157007432
SPY,2023-03-28T00:00:00Z,378.91,379.6,376.92,378.75,62871680.0,379.08333333333337,EVALUATION,0.014547854785478487
SPY,2023-03-29T00:00:00Z,382.89,384.5,381.7,384.26,77497876.0,380.87,EVALUATION,0.0058554103992087825
SPY,2023-03-30T00:00:00Z,386.88,387.13,384.65,386.51,69840049.0,383.17333333333335,EVALUATION,0.014074668184522965
SPY,2023-03-31T00:00:00Z,387.43,392.25,387.32,391.95,111956715.0,387.5733333333334,EVALUATION,0.0038270187523918864
SPY,2023-04-03T00:00:00Z,391.44,393.85,391.05,393.45,67391097.0,390.63666666666666,EVALUATION,-0.005540729444656223
SPY,2023-04-04T00:00:00Z,394.09,394.38,389.9,391.27,66601534.0,392.22333333333336,EVALUATION,-0.0026324532931223388
SPY,2023-04-05T00:00:00Z,390.54,391.29,388.59,390.24,65200243.0,391.6533333333333,EVALUATION,0.003895038950389562
SPY,2023-04-06T00:00:00Z,389.45,392.04,388.4,391.76,63743345.0,391.09000000000003,EVALUATION,0.0010465591178272504
SPY,2023-04-10T00:00:00Z,389.29,392.24,388.68,392.17,63681042.0,391.39,EVALUATION,0.000254991457786069
SPY,2023-04-11T00:00:00Z,392.79,393.67,391.5,392.27,59297945.0,392.06666666666666,EVALUATION,-0.004078823259489606
SPY,2023-04-12T00:00:00Z,394.33,394.62,390.09,390.67,86420379.0,391.7033333333333,EVALUATION,0.013284869583024106
SPY,2023-04-13T00:00:00Z,391.75,396.22,390.62,395.86,85814754.0,392.93333333333334,EVALUATION,-0.0024503612388219187
SPY,2023-04-14T00:00:00Z,395.23,397.41,392.6,394.89,78135828.0,393.8066666666667,EVALUATION,0.0035959381093468856
SPY,2023-04-17T00:00:00Z,394.81,396.33,393.58,396.31,66424139.0,395.68666666666667,EVALUATION,0.000656052080441949
SPY,2023-04-18T00:00:00Z,397.88,398.02,395.2,396.57,63559997.0,395.9233333333333,EVALUATION,-0.0001765136041556037
SPY,2023-04-19T00:00:00Z,394.66,397.4,394.61,396.5,55227330.0,396.46,EVALUATION,-0.0054476670870113875
SPY,2023-04-20T00:00:00Z,393.7,396.08,392.8,394.34,75840359.0,395.8033333333333,EVALUATION,0.0007607648222347496
SPY,2023-04-21T00:00:00Z,394.64,395.1,392.7,394.64,73434638.0,395.15999999999997,EVALUATION,0.0010642610987228185
SPY,2023-04-24T00:00:00Z,394.44,395.48,393.11,395.06,64332095.0,394.67999999999995,EVALUATION,-0.015871006935655352
SPY,2023-04-25T00:00:00Z,393.09,393.65,388.73,388.79,97766721.0,392.83,EVALUATION,-0.004243936315234564
SPY,2023-04-26T00:00:00Z,389.4,390.47,386.58,387.14,80447049.0,390.33,EVALUATION,0.019915276127499215
SPY,2023-04-27T00:00:00Z,389.67,395.11,389.42,394.85,92968369.0,390.26,EVALUATION,0.008534886665822583
SPY,2023-04-28T00:00:00Z,393.97,398.23,393.91,398.22,89312589.0,393.4033333333333,EVALUATION,-0.0010295816382904777
SPY,2023-05-01T00:00:00Z,397.78,399.83,397.58,397.81,62122254.0,396.96000000000004,EVALUATION,-0.011236519946708268
SPY,2023-05-02T00:00:00Z,397.11,397.15,390.45,393.34,103998484.0,396.45666666666665,EVALUATION,-0.006864290435755316
SPY,2023-05-03T00:00:00Z,393.84,396.24,390.4,390.64,91531769.0,393.92999999999995,EVALUATION,-0.007065328691378214
SPY,2023-05-04T00:00:00Z,389.6,389.92,386.55,387.88,94901863.0,390.62,EVALUATION,0.018510879653501178
SPY,2023-05-05T00:00:00Z,391.5,396.1,391.24,395.06,87832433.0,391.1933333333333,EVALUATION,0.0002531261074267821
SPY,2023-05-08T00:00:00Z,395.38,395.64,393.76,395.16,50046768.0,392.7,EVALUATION,-0.004377973479097075
SPY,2023-05-09T00:00:00Z,393.62,394.54,393.2,393.43,49220119.0,394.55,EVALUATION,0.004676816714536125
SPY,2023-05-10T00:00:00Z,396.25,396.88,391.46,395.27,96142922.0,394.62,EVALUATION,-0.0017456422192425602
SPY,2023-05-11T00:00:00Z,394.41,394.87,392.51,394.58,70157064.0,394.4266666666667,EVALUATION,-0.0013178569618328417
SPY,2023-05-12T00:00:00Z,395.81,396.02,391.65,394.06,70441226.0,394.63666666666666,EVALUATION,0.003451251078516071
SPY,2023-05-15T00:00:00Z,394.66,395.82,392.76,395.42,54289383.0,394.68666666666667,EVALUATION,-0.006676445298669842
SPY,2023-05-16T00:00:00Z,394.32,395.23,392.77,392.78,57705495.0,394.08666666666664,EVALUATION,0.012144202861652964
SPY,2023-05-17T00:00:00Z,394.79,398.14,393.15,397.55,87286957.0,395.25,EVALUATION,0.0096340083008426
SPY,2023-05-18T00:00:00Z,397.23,401.8,397.01,401.38,97177195.0,397.2366666666667,EVALUATION,-0.001469928745826854
SPY,2023-05-19T00:00:00Z,402.28,402.8,399.58,400.79,103625186.0,399.90666666666664,EVALUATION,0.00039921155717448364
SPY,2023-05-22T00:00:00Z,400.81,402.49,399.58,400.95,60745399.0,401.03999999999996,EVALUATION,-0.011223344556677839
SPY,2023-05-23T00:00:00Z,399.32,400.89,396.06,396.45,86383493.0,399.39666666666665,EVALUATION,-0.007239248328919201
SPY,2023-05-24T00:00:00Z,394.86,395.24,392.42,393.58,89213678.0,396.99333333333334,EVALUATION,0.00866405813303528
SPY,2023-05-25T00:00:00Z,397.08,398.44,394.85,396.99,90961606.0,395.67333333333335,EVALUATION,0.01294742940628213
SPY,2023-05-26T00:00:00Z,397.64,402.85,397.57,402.13,93687752.0,397.56666666666666,EVALUATION,0.0003978812821725519
SPY,2023-05-30T00:00:00Z,404.06,404.58,400.9,402.29,72215960.0,400.47,EVALUATION,-0.005568122498694983
SPY,2023-05-31T00:00:00Z,400.47,401.37,398.49,400.05,111771940.0,401.49,EVALUATION,0.00952380952380949
SPY,2023-06-01T00:00:00Z,400.28,404.91,399.04,403.86,88865018.0,402.06666666666666,EVALUATION,0.014460456593869075
SPY,2023-06-02T00:00:00Z,406.42,410.48,405.89,409.7,91426171.0,404.53666666666663,EVALUATION,-0.0019282401757382273
SPY,2023-06-05T00:00:00Z,410.04,411.37,408.21,408.91,70216018.0,407.49,EVALUATION,0.0021765180602089096
SPY,2023-06-06T00:00:00Z,408.5,410.32,407.85,409.8,64022176.0,409.47,EVALUATION,-0.0034651049292337976
SPY,2023-06-07T00:00:00Z,410.19,411.32,407.96,408.38,85372762.0,409.03,EVALUATION,0.006048288358881493
SPY,2023-06-08T00:00:00Z,408.45,411.3,407.68,410.85,61952842.0,409.6766666666667,EVALUATION,0.0018011439698184528
SPY,2023-06-09T00:00:00Z,411.65,413.59,410.61,411.59,85647169.0,410.2733333333333,EVALUATION,0.00908671250516302
SPY,2023-06-12T00:00:00Z,412.57,415.4,411.85,415.33,76256703.0,412.59000000000003,EVALUATION,0.006573086461368005
SPY,2023-06-13T00:00:00Z,416.78,418.7,416.12,418.06,95898626.0,414.99333333333334,EVALUATION,0.0011960005740803137
SPY,2023-06-14T00:00:00Z,418.4,420.36,415.12,418.56,100608099.0,417.31666666666666,EVALUATION,0.012399655963302836
SPY,2023-06-15T00:00:00Z,417.75,424.99,417.65,423.75,110301303.0,420.12333333333333,EVALUATION,-0.003398230088495602
SPY,2023-06-16T00:00:00Z,425.73,426.29,421.84,422.31,114164649.0,421.54,EVALUATION,-0.005185764012218486
SPY,2023-06-20T00:00:00Z,420.38,421.26,418.05,420.12,76160359.0,422.06,EVALUATION,-0.005141388174807249
SPY,2023-06-21T00:00:00Z,419.14,419.93,417.38,417.96,76982252.0,420.13,EVALUATION,0.003612785912527672
SPY,2023-06-22T00:00:00Z,417.01,419.58,416.68,419.47,70637175.0,419.18333333333334,EVALUATION,-0.007557155458078113
SPY,2023-06-23T00:00:00Z,416.03,418.08,415.59,416.3,92075438.0,417.91,EVALUATION,-0.004083593562334786
SPY,2023-06-26T00:00:00Z,415.73,417.65,414.36,414.6,72823560.0,416.7900000000001,EVALUATION,0.010974433188615462
SPY,2023-06-27T00:00:00Z,415.47,419.76,415.02,419.15,72813700.0,416.6833333333334,EVALUATION,0.0005010139568175642
SPY,2023-06-28T00:00:00Z,418.07,420.37,417.45,419.36,75635976.0,417.7033333333334,EVALUATION,0.003934566959175934
SPY,2023-06-29T00:00:00Z,418.94,421.17,418.54,421.01,67882305.0,419.84000000000003,EVALUATION,0.011804945250706744
SPY,2023-06-30T00:00:00Z,424.21,426.96,423.89,425.98,102201286.0,422.1166666666667,EVALUATION,0.0011502887459504674
SPY,2023-07-03T00:00:00Z,425.63,426.75,425.35,426.47,32501144.0,424.4866666666667,EVALUATION,-0.0015006917250921514
SPY,2023-07-05T00:00:00Z,424.66,426.56,424.65,425.83,58418434.0,426.09333333333336,EVALUATION,-0.007820022074536803
SPY,2023-07-06T00:00:00Z,422.27,422.92,420.0,422.5,80658303.0,424.93333333333334,EVALUATION,-0.0025325443786982094
SPY,2023-07-07T00:00:00Z,421.51,425.36,421.19,421.43,86134179.0,423.25333333333333,EVALUATION,0.002538974444154407
SPY,2023-07-10T00:00:00Z,421.08,422.67,420.51,422.5,62443502.0,422.1433333333333,EVALUATION,0.006366863905325371
SPY,2023-07-11T00:00:00Z,423.26,425.68,422.29,425.19,64463753.0,423.03999999999996,EVALUATION,0.008043462922458167
SPY,2023-07-12T00:00:00Z,428.97,430.01,427.54,428.61,91924527.0,425.43333333333334,EVALUATION,0.007932619397587493
SPY,2023-07-13T00:00:00Z,430.42,432.8,429.99,432.01,72425242.0,428.60333333333335,EVALUATION,-0.0006249855327422615
SPY,2023-07-14T00:00:00Z,432.89,433.74,430.98,431.74,69815823.0,430.78666666666663,EVALUATION,0.0034743132440819835
SPY,2023-07-17T00:00:00Z,431.6,434.29,431.55,433.24,52680223.0,432.33,EVALUATION,0.007432370048933601
SPY,2023-07-18T00:00:00Z,432.92,437.11,432.48,436.46,80744449.0,433.8133333333333,EVALUATION,0.0022224258809513397
SPY,2023-07-19T00:00:00Z,437.25,438.61,436.39,437.43,65891689.0,435.71,EVALUATION,-0.00662963216971868
SPY,2023-07-20T00:00:00Z,436.44,437.34,433.82,434.53,70591643.0,436.14,EVALUATION,0.0
SPY,2023-07-21T00:00:00Z,436.24,436.44,434.52,434.53,71275619.0,435.49666666666667,EVALUATION,0.004464593929072835
SPY,2023-07-24T00:00:00Z,435.67,437.28,434.64,436.47,54023384.0,435.1766666666667,EVALUATION,0.002726418768758343
SPY,2023-07-25T00:00:00Z,436.2,438.91,436.15,437.66,55191240.0,436.22,EVALUATION,0.00015994150710585409
SPY,2023-07-26T00:00:00Z,436.73,439.15,435.68,437.73,71052885.0,437.2866666666667,EVALUATION,-0.006625088524889855
SPY,2023-07-27T00:00:00Z,441.1,441.51,433.93,434.83,92194375.0,436.74,EVALUATION,0.009796932134397363
SPY,2023-07-28T00:00:00Z,438.09,439.91,434.83,439.09,80011791.0,437.21666666666664,EVALUATION,0.0018902730647476496
SPY,2023-07-31T00:00:00Z,439.56,440.28,438.24,439.92,62040450.0,437.94666666666666,EVALUATION,-0.002864157119476296
SPY,2023-08-01T00:00:00Z,438.46,439.4,437.71,438.66,55502201.0,439.22333333333336,EVALUATION,-0.013905986413167426
SPY,2023-08-02T00:00:00Z,435.56,435.82,431.81,432.56,93933371.0,437.0466666666667,EVALUATION,-0.002866654336970642
SPY,2023-08-03T00:00:00Z,430.55,433.2,429.91,431.32,64928592.0,434.18,EVALUATION,-0.004521005286098445
SPY,2023-08-04T00:00:00Z,433.13,435.22,428.85,429.37,101621488.0,431.08333333333337,EVALUATION,0.00873372615692758
SPY,2023-08-07T00:00:00Z,431.2,433.27,430.5,433.12,58357466.0,431.27,EVALUATION,-0.004363686738086403
SPY,2023-08-08T00:00:00Z,430.59,433.1,427.89,431.23,71361326.0,431.24,EVALUATION,-0.006678570600375688
SPY,2023-08-09T00:00:00Z,431.5,431.67,427.59,428.35,78789577.0,430.9,EVALUATION,0.00037352632193288215
SPY,2023-08-10T00:00:00Z,430.7,434.07,427.34,428.51,93005596.0,429.36333333333334,EVALUATION,-0.0005834169564303826
SPY,2023-08-11T00:00:00Z,426.64,429.27,426.04,428.26,68690903.0,428.37333333333333,EVALUATION,0.005510671087657126
SPY,2023-08-14T00:00:00Z,427.34,430.62,427.04,430.62,47867443.0,429.13,EVALUATION,-0.011657609957735349
SPY,2023-08-15T00:00:00Z,428.85,429.21,425.04,425.6,75707535.0,428.15999999999997,EVALUATION,-0.007330827067669188
SPY,2023-08-16T00:00:00Z,425.19,426.84,422.37,422.48,80107206.0,426.23333333333335,EVALUATION,-0.0076216625639083935
SPY,2023-08-17T00:00:00Z,423.94,424.2,418.74,419.26,95711317.0,422.4466666666667,EVALUATION,0.00047703095930917705
SPY,2023-08-18T00:00:00Z,416.45,420.49,416.11,419.46,98851962.0,420.4,EVALUATION,0.006508367901587819
SPY,2023-08-21T00:00:00Z,420.47,422.93,418.33,422.19,68718959.0,420.3033333333333,EVALUATION,-0.0027002060683578577
SPY,2023-08-22T00:00:00Z,423.96,423.96,420.49,421.05,65062863.0,420.9,EVALUATION,0.01113881961762253
SPY,2023-08-23T00:00:00Z,422.11,426.35,421.96,425.74,68441023.0,422.99333333333334,EVALUATION,-0.013858223328792274
SPY,2023-08-24T00:00:00Z,427.33,427.84,419.8,419.84,88517274.0,422.21,EVALUATION,0.007050304878048808
SPY,2023-08-25T00:00:00Z,421.56,424.08,418.02,422.8,102325105.0,422.7933333333333,EVALUATION,0.006338694418164703
SPY,2023-08-28T00:00:00Z,424.98,426.09,422.8,425.48,61595395.0,422.7066666666667,EVALUATION,0.014454263420137226
SPY,2023-08-29T00:00:00Z,425.37,431.91,425.19,431.63,83081918.0,426.63666666666666,EVALUATION,0.0041239024164214655
SPY,2023-08-30T00:00:00Z,431.97,434.04,431.26,433.41,69053913.0,430.17333333333335,EVALUATION,-0.0014766618213701843
SPY,2023-08-31T00:00:00Z,434.02,435.16,432.59,432.77,66084565.0,432.60333333333335,EVALUATION,0.0018716639323428375
SPY,2023-09-01T00:00:00Z,435.48,435.96,432.13,433.58,58944100.0,433.25333333333333,EVALUATION,-0.004312929563171752
SPY,2023-09-05T00:00:00Z,433.14,433.45,431.64,431.71,55166212.0,432.68666666666667,EVALUATION,-0.0067406360751429695
SPY,2023-09-06T00:00:00Z,430.9,431.0,426.49,428.8,70758514.0,431.36333333333334,EVALUATION,-0.003055037313432818
SPY,2023-09-07T00:00:00Z,425.81,428.16,425.47,427.49,70355427.0,429.33333333333337,EVALUATION,0.001497111043533117
SPY,2023-09-08T00:00:00Z,427.53,429.66,427.18,428.13,62068439.0,428.14,EVALUATION,0.0065867843879194865
SPY,2023-09-11T00:00:00Z,430.74,431.25,429.04,430.95,60180120.0,428.8566666666667,EVALUATION,-0.005499477897667915
SPY,2023-09-12T00:00:00Z,429.5,431.02,428.01,428.58,67565424.0,429.22,EVALUATION,0.0011666433338000104
SPY,2023-09-13T00:00:00Z,428.8,430.24,427.71,429.08,60199274.0,429.53666666666663,EVALUATION,0.008623100587302979
SPY,2023-09-14T00:00:00Z,431.54,433.47,430.24,432.78,83430816.0,430.14666666666665,EVALUATION,-0.012038449096538617
SPY,2023-09-15T00:00:00Z,431.2,431.53,427.13,427.57,111907859.0,429.81,EVALUATION,0.000584699581355208
SPY,2023-09-18T00:00:00Z,427.26,429.11,426.79,427.82,55752214.0,429.39,EVALUATION,-0.0020803141508110023
SPY,2023-09-19T00:00:00Z,426.9,427.49,424.26,426.93,66514650.0,427.44,EVALUATION,-0.0091818330873914
SPY,2023-09-20T00:00:00Z,428.18,428.59,422.8,423.01,82562603.0,425.91999999999996,EVALUATION,-0.016548072149594528
SPY,2023-09-21T00:00:00Z,420.17,420.43,415.86,416.01,104095828.0,421.98333333333335,EVALUATION,-0.002235523184538901
SPY,2023-09-22T00:00:00Z,417.04,418.63,414.66,415.08,100829685.0,418.0333333333333,EVALUATION,0.0041919629950852855
SPY,2023-09-25T00:00:00Z,413.87,416.86,413.44,416.82,70874824.0,415.96999999999997,EVALUATION,-0.014682596804376002
SPY,2023-09-26T00:00:00Z,413.8,414.5,409.87,410.7,96172890.0,414.2,EVALUATION,0.00041392744095447576
SPY,2023-09-27T00:00:00Z,411.87,412.43,407.24,410.87,104707452.0,412.7966666666667,EVALUATION,0.005792586462871396
SPY,2023-09-28T00:00:00Z,410.32,414.92,409.73,413.25,92258310.0,411.6066666666667,EVALUATION,-0.002444041137326103
SPY,2023-09-29T00:00:00Z,416.28,416.46,410.73,412.24,115111320.0,412.12,EVALUATION,-0.0003881234232486763
SPY,2023-10-02T00:00:00Z,411.41,413.32,409.33,412.08,83798601.0,412.5233333333333,EVALUATION,-0.013395457192778015
SPY,2023-10-03T00:00:00Z,409.91,412.14,405.2,406.56,103760609.0,410.2933333333333,EVALUATION,0.007280598189689069
SPY,2023-10-04T00:00:00Z,407.03,410.27,405.57,409.52,87452970.0,409.38666666666666,EVALUATION,-0.0003662824770462869
SPY,2023-10-05T00:00:00Z,409.24,410.21,406.16,409.37,70142746.0,408.48333333333335,EVALUATION,0.011871900725505036
SPY,2023-10-06T00:00:00Z,406.93,415.76,405.61,414.23,113273311.0,411.04,EVALUATION,0.00639741206576061
SPY,2023-10-09T00:00:00Z,412.34,417.45,411.79,416.88,80374364.0,413.49333333333334,EVALUATION,0.00520533486854724
SPY,2023-10-10T00:00:00Z,417.51,421.64,417.11,419.05,78607270.0,416.72,EVALUATION,0.0041045221333968485
SPY,2023-10-11T00:00:00Z,420.11,421.02,417.74,420.77,62451738.0,418.9,EVALUATION,-0.006107849894241513
SPY,2023-10-12T00:00:00Z,421.38,421.75,415.86,418.2,81154231.0,419.34000000000003,EVALUATION,-0.004973696795791405
SPY,2023-10-13T00:00:00Z,419.7,420.89,414.56,416.12,95201134.0,418.36333333333334,EVALUATION,0.010525809862539592
SPY,2023-10-16T00:00:00Z,418.36,421.56,418.12,420.5,75433196.0,418.2733333333333,EVALUATION,-4.7562425683711496e-05
SPY,2023-10-17T00:00:00Z,417.38,422.52,417.04,420.48,75324710.0,419.0333333333333,EVALUATION,-0.013318112633181167
SPY,2023-10-18T00:00:00Z,418.71,419.67,413.8,414.88,93559799.0,418.62,EVALUATION,-0.008797724643270333
SPY,2023-10-19T00:00:00Z,415.59,417.39,410.55,411.23,121322959.0,415.53,EVALUATION,-0.01228023247331178
SPY,2023-10-20T00:00:00Z,410.8,411.34,406.07,406.18,123919876.0,410.7633333333333,EVALUATION,-0.0017479935004184322
SPY,2023-10-23T00:00:00Z,404.65,409.32,402.91,405.47,92035097.0,407.62666666666667,EVALUATION,0.007546797543591222
SPY,2023-10-24T00:00:00Z,407.59,409.68,405.74,408.53,78564241.0,406.7266666666667,EVALUATION,-0.014344111815533633
SPY,2023-10-25T00:00:00Z,406.85,406.88,402.15,402.67,94223200.0,405.5566666666666,EVALUATION,-0.01197009958526829
SPY,2023-10-26T00:00:00Z,401.61,402.45,396.93,397.85,115156763.0,403.01666666666665,EVALUATION,-0.004549453311549545
SPY,2023-10-27T00:00:00Z,399.43,399.82,394.63,396.04,107367673.0,398.85333333333335,EVALUATION,0.011968488031511848
SPY,2023-10-30T00:00:00Z,398.82,401.83,397.53,400.78,86562677.0,398.22333333333336,EVALUATION,0.006262787564249805
SPY,2023-10-31T00:00:00Z,401.35,403.61,399.45,403.29,79665152.0,400.0366666666667,EVALUATION,0.010687098613900714
SPY,2023-11-01T00:00:00Z,404.26,408.41,403.73,407.6,98068117.0,403.89,EVALUATION,0.01916094210009822
SPY,2023-11-02T00:00:00Z,411.38,415.56,411.36,415.41,94938911.0,408.76666666666665,EVALUATION,0.009123516525841868
SPY,2023-11-03T00:00:00Z,417.7,420.74,417.58,419.2,100167777.0,414.07,EVALUATION,0.0022900763358779663
SPY,2023-11-06T00:00:00Z,419.95,420.6,418.22,420.16,67831662.0,418.25666666666666,EVALUATION,0.0028560548362528415
SPY,2023-11-07T00:00:00Z,420.16,421.99,419.02,421.36,64256116.0,420.24,EVALUATION,0.0007357129295613163
SPY,2023-11-08T00:00:00Z,421.96,422.48,419.37,421.67,61746029.0,421.0633333333334,EVALUATION,-0.007802309863163215
SPY,2023-11-09T00:00:00Z,422.8,422.84,417.95,418.38,83174419.0,420.47,EVALUATION,0.015607820641522219
SPY,2023-11-10T00:00:00Z,420.44,425.21,418.37,424.91,89558056.0,421.65333333333336,EVALUATION,-0.0009649102162812007
SPY,2023-11-13T00:00:00Z,423.58,425.6,422.79,424.5,52236070.0,422.5966666666667,EVALUATION,0.019411071849234407
SPY,2023-11-14T00:00:00Z,430.41,434.02,430.19,432.74,97176937.0,427.3833333333333,EVALUATION,0.002102879327078533
SPY,2023-11-15T00:00:00Z,434.07,435.29,432.8,433.65,77327573.0,430.2966666666666,EVALUATION,0.001222183788769815
SPY,2023-11-16T00:00:00Z,433.21,434.5,432.15,434.18,66665799.0,433.5233333333333,EVALUATION,0.0012437238011884233
SPY,2023-11-17T00:00:00Z,434.19,435.33,433.28,434.72,83193904.0,434.1833333333333,EVALUATION,0.007706109679793904
SPY,2023-11-20T00:00:00Z,434.47,438.9,434.46,438.07,70055635.0,435.65666666666664,EVALUATION,-0.0021914305932840827
SPY,2023-11-21T00:00:00Z,437.03,437.95,435.85,437.11,49244640.0,436.6333333333333,EVALUATION,0.0038663036764201575
SPY,2023-11-22T00:00:00Z,438.76,440.11,437.71,438.8,59446575.0,437.99333333333334,EVALUATION,0.0006153144940748145
SPY,2023-11-24T00:00:00Z,438.85,439.27,438.52,439.07,29737377.0,438.3266666666667,EVALUATION,-0.0017992575215797224
SPY,2023-11-27T00:00:00Z,438.45,439.26,437.9,438.28,50505987.0,438.7166666666667,EVALUATION,0.0010039244318702512
SPY,2023-11-28T00:00:00Z,437.9,440.01,437.34,438.72,62115013.0,438.69,EVALUATION,-0.0007066010211524976
SPY,2023-11-29T00:00:00Z,440.86,441.98,438.01,438.41,63145994.0,438.47,EVALUATION,0.0039232681736274255
SPY,2023-11-30T00:00:00Z,439.25,440.48,437.18,440.13,79752702.0,439.0866666666667,EVALUATION,0.0059300661168291136
SPY,2023-12-01T00:00:00Z,439.53,443.27,438.94,442.74,89183402.0,440.42666666666673,EVALUATION,-0.005262682386953932
SPY,2023-12-04T00:00:00Z,439.36,442.76,438.15,440.41,72431488.0,441.09333333333336,EVALUATION,-0.00018164891805372285
SPY,2023-12-05T00:00:00Z,439.03,441.28,438.66,440.33,69793569.0,441.16,EVALUATION,-0.004042422728408157
SPY,2023-12-06T00:00:00Z,442.46,442.49,438.12,438.55,69124885.0,439.7633333333333,EVALUATION,0.007638809713829575
SPY,2023-12-07T00:00:00Z,440.63,442.54,440.03,441.9,67002346.0,440.26,EVALUATION,0.004299615297578718
SPY,2023-12-08T00:00:00Z,441.16,444.32,440.91,443.8,83194404.0,441.41666666666663,EVALUATION,0.0038756196484901473
SPY,2023-12-11T00:00:00Z,443.31,445.7,443.09,445.52,65803711.0,443.74,EVALUATION,0.0045789190159812865
SPY,2023-12-12T00:00:00Z,445.18,447.66,444.18,447.56,68329617.0,445.62666666666667,EVALUATION,0.0137858611135937
SPY,2023-12-13T00:00:00Z,447.93,453.98,447.58,453.73,93277960.0,448.93666666666667,EVALUATION,0.003217772684195319
SPY,2023-12-14T00:00:00Z,455.66,456.85,452.53,455.19,119028953.0,452.15999999999997,EVALUATION,-0.0016476636129967304
SPY,2023-12-15T00:00:00Z,454.59,455.76,452.59,454.44,141554383.0,454.4533333333333,EVALUATION,0.005611301822022741
SPY,2023-12-18T00:00:00Z,456.04,457.97,454.98,456.99,70375385.0,455.53999999999996,EVALUATION,0.006083284098120201
SPY,2023-12-19T00:00:00Z,457.54,459.85,457.46,459.77,55762005.0,457.06666666666666,EVALUATION,-0.013854753463688363
SPY,2023-12-20T00:00:00Z,458.92,460.79,452.98,453.4,102920959.0,456.72,EVALUATION,0.00948389942655492
SPY,2023-12-21T00:00:00Z,456.37,457.97,453.96,457.7,86679796.0,456.95666666666665,EVALUATION,0.0020100502512563345
SPY,2023-12-22T00:00:00Z,458.82,460.3,456.73,458.62,67160419.0,456.5733333333333,EVALUATION,0.004230081548994846
SPY,2023-12-26T00:00:00Z,459.03,461.46,458.95,460.56,55386952.0,458.96000000000004,EVALUATION,0.0018021538996004782
SPY,2023-12-27T00:00:00Z,460.35,461.53,459.82,461.39,68000811.0,460.19,EVALUATION,0.00036845185201239694
SPY,2023-12-28T00:00:00Z,461.75,462.4,461.15,461.56,77158117.0,461.16999999999996,EVALUATION,-0.0028815321951641826
SPY,2023-12-29T00:00:00Z,461.37,461.89,458.28,460.23,122288349.0,461.05999999999995,EVALUATION,-0.005605892705821125
SPY,2024-01-02T00:00:00Z,457.18,458.64,455.56,457.65,123007793.0,459.8133333333333,EVALUATION,-0.008172183983393366
SPY,2024-01-03T00:00:00Z,455.5,456.24,453.31,453.91,103595966.0,457.2633333333333,EVALUATION,-0.003216496662334034
SPY,2024-01-04T00:00:00Z,453.44,456.02,452.23,452.45,84232169.0,454.66999999999996,EVALUATION,0.0013703171621173293
SPY,2024-01-05T00:00:00Z,452.66,455.51,451.63,453.07,86118913.0,453.1433333333333,EVALUATION,0.01428035402917871
SPY,2024-01-08T00:00:00Z,453.57,459.69,453.44,459.54,74879074.0,455.02,EVALUATION,-0.00152326239282774
SPY,2024-01-09T00:00:00Z,456.9,459.86,456.39,458.84,65931439.0,457.15,EVALUATION,0.005666463255165288
SPY,2024-01-10T00:00:00Z,459.11,462.3,458.83,461.44,67310640.0,459.94,EVALUATION,-0.00045509708737856425
SPY,2024-01-11T00:00:00Z,462.44,462.95,457.27,461.23,77940823.0,460.50333333333333,EVALUATION,0.0006937970210090239
SPY,2024-01-12T00:00:00Z,462.68,463.41,460.15,461.55,58026520.0,461.40666666666664,EVALUATION,-0.0036615751272884856
SPY,2024-01-16T00:00:00Z,460.18,461.49,458.05,459.86,85015070.0,460.88,EVALUATION,-0.00556691166876877
SPY,2024-01-17T00:00:00Z,456.85,457.79,454.96,457.3,68843871.0,459.57,EVALUATION,0.008900065602449159
SPY,2024-01-18T00:00:00Z,458.97,461.92,457.43,461.37,91856348.0,459.51,EVALUATION,0.012462882285367405
SPY,2024-01-19T00:00:00Z,462.49,467.4,461.42,467.12,110834483.0,461.93,EVALUATION,0.0021193697550949686
SPY,2024-01-22T00:00:00Z,468.65,469.82,467.46,468.11,76044931.0,465.5333333333333,EVALUATION,0.002905300036316172
SPY,2024-01-23T00:00:00Z,468.65,469.71,467.57,469.47,49945297.0,468.23333333333335,EVALUATION,0.0011076320105649629
SPY,2024-01-24T00:00:00Z,472.33,473.26,469.5,469.99,81765039.0,469.19,EVALUATION,0.005425647354199148
SPY,2024-01-25T00:00:00Z,472.1,472.81,469.99,472.54,72524989.0,470.6666666666667,EVALUATION,-0.001269733779151072
SPY,2024-01-26T00:00:00Z,472.12,473.6,471.1,471.94,76641609.0,471.49,EVALUATION,0.007924736195279003
SPY,2024-01-29T00:00:00Z,472.25,475.82,471.71,475.68,61322751.0,473.38666666666666,EVALUATION,-0.00077783383787422
SPY,2024-01-30T00:00:00Z,474.99,476.02,474.56,475.31,58618386.0,474.31,EVALUATION,-0.016305148219057042
SPY,2024-01-31T00:00:00Z,473.12,473.56,467.54,467.56,126011062.0,472.85,EVALUATION,0.013089229189836571
SPY,2024-02-01T00:00:00Z,469.25,473.71,468.45,473.68,91891637.0,472.18333333333334,EVALUATION,0.010513426786015856
SPY,2024-02-02T00:00:00Z,474.11,480.31,473.77,478.66,99228192.0,473.3,EVALUATION,-0.0036351481218401815
SPY,2024-02-05T00:00:00Z,478.03,478.69,474.67,476.92,75685102.0,476.42,EVALUATION,0.0029145349324835035
SPY,2024-02-06T00:00:00Z,477.86,478.63,476.44,478.31,55918602.0,477.96333333333337,EVALUATION,0.008320963391942549
SPY,2024-02-07T00:00:00Z,480.54,482.71,479.64,482.29,70556506.0,479.17333333333335,EVALUATION,0.00045615708391211207
SPY,2024-02-08T00:00:00Z,482.29,482.89,481.48,482.51,52343636.0,481.0366666666667,EVALUATION,0.005782263580029534
SPY,2024-02-09T00:00:00Z,483.01,485.73,482.67,485.3,63979375.0,483.3666666666667,EVALUATION,-0.0004533278384505346
SPY,2024-02-12T00:00:00Z,485.27,487.52,484.37,485.08,56502283.0,484.2966666666667,EVALUATION,-0.01377092438360683
SPY,2024-02-13T00:00:00Z,478.84,481.32,475.14,478.4,113099199.0,482.9266666666667,EVALUATION,0.009092809364548593
SPY,2024-02-14T00:00:00Z,481.03,483.23,478.71,482.75,68387827.0,482.07666666666665,EVALUATION,0.006897980321077135
SPY,2024-02-15T00:00:00Z,483.45,486.26,482.97,486.08,61682960.0,482.40999999999997,EVALUATION,-0.004978604344963666
SPY,2024-02-16T00:00:00Z,485.78,486.91,482.92,483.66,75532928.0,484.1633333333333,EVALUATION,-0.005499731216143666
SPY,2024-02-20T00:00:00Z,481.93,482.59,478.76,481.0,71736740.0,483.58000000000004,EVALUATION,0.000893970893970808
SPY,2024-02-21T00:00:00Z,479.7,481.59,477.9,481.43,59603771.0,482.03,EVALUATION,0.020709137361610175
SPY,2024-02-22T00:00:00Z,488.02,492.35,487.06,491.4,76402535.0,484.61,EVALUATION,0.0006919006919008375
SPY,2024-02-23T00:00:00Z,493.11,493.94,491.01,491.74,61321818.0,488.18999999999994,EVALUATION,-0.0036808069304917757
SPY,2024-02-26T00:00:00Z,492.17,492.61,489.81,489.93,50386738.0,491.0233333333333,EVALUATION,0.0018574082011715287
SPY,2024-02-27T00:00:00Z,490.62,491.07,488.73,490.84,48831828.0,490.83666666666664,EVALUATION,-0.001303887213755961
SPY,2024-02-28T00:00:00Z,489.3,490.77,488.94,490.2,56506634.0,490.3233333333333,EVALUATION,0.003590371277029769
SPY,2024-02-29T00:00:00Z,491.95,493.57,489.31,491.96,83924795.0,491.0,EVALUATION,0.009391007398975582
SPY,2024-03-01T00:00:00Z,492.83,497.0,492.42,496.58,76844844.0,492.9133333333333,EVALUATION,-0.0010874380764428482
SPY,2024-03-04T00:00:00Z,495.78,497.88,495.75,496.04,49799257.0,494.86,EVALUATION,-0.009979033948875227
SPY,2024-03-05T00:00:00Z,494.05,494.49,488.89,491.09,73320623.0,494.57,EVALUATION,0.005049990836710316
SPY,2024-03-06T00:00:00Z,494.35,495.82,492.29,493.57,68392367.0,493.56666666666666,EVALUATION,0.009927669834066233
SPY,2024-03-07T00:00:00Z,496.86,499.52,493.63,498.47,58652085.0,494.37666666666667,EVALUATION,-0.005998354966196606
SPY,2024-03-08T00:00:00Z,499.1,501.78,494.91,495.48,86532535.0,495.84000000000003,EVALUATION,-0.0008476628723662616
SPY,2024-03-11T00:00:00Z,494.28,495.64,492.36,495.06,62557183.0,496.3366666666667,EVALUATION,0.010746172181149705
SPY,2024-03-12T00:00:00Z,497.16,500.96,494.65,500.38,73694439.0,496.97333333333336,EVALUATION,-0.0015588153003716076
SPY,2024-03-13T00:00:00Z,500.7,500.88,498.16,499.6,55104088.0,498.3466666666667,EVALUATION,-0.0019815852682145696
SPY,2024-03-14T00:00:00Z,500.57,500.72,495.58,498.61,110171820.0,499.53,EVALUATION,-0.006859068209622787
SPY,2024-03-15T00:00:00Z,495.56,497.0,493.53,495.19,107646297.0,497.8,EVALUATION,0.0059371150467497635
SPY,2024-03-18T00:00:00Z,499.24,500.67,497.72,498.13,88893331.0,497.31,EVALUATION,0.0055607973822093815
SPY,2024-03-19T00:00:00Z,497.44,501.17,496.44,500.9,60755263.0,498.0733333333333,EVALUATION,0.009243361948492623
SPY,2024-03-20T00:00:00Z,500.96,505.67,500.29,505.53,69594574.0,501.52,EVALUATION,0.0033034636915711957
SPY,2024-03-21T00:00:00Z,508.36,509.06,506.92,507.2,60256112.0,504.5433333333333,EVALUATION,-0.0018927444794952786
SPY,2024-03-22T00:00:00Z,507.11,507.59,506.01,506.24,79070842.0,506.3233333333333,EVALUATION,-0.0027654867256637905
SPY,2024-03-25T00:00:00Z,504.87,505.99,504.69,504.84,48512108.0,506.09333333333336,EVALUATION,-0.0018421678155454702
SPY,2024-03-26T00:00:00Z,506.26,506.6,503.51,503.91,65463744.0,504.99666666666667,EVALUATION,0.008394356135023928
SPY,2024-03-27T00:00:00Z,506.72,508.18,504.56,508.14,82999777.0,505.63,EVALUATION,-0.00017711654268504073
SPY,2024-03-28T00:00:00Z,508.18,509.54,507.76,508.05,96294886.0,506.7,EVALUATION,-0.00175179608306264
SPY,2024-04-01T00:00:00Z,508.78,509.32,506.01,507.16,62477540.0,507.7833333333333,EVALUATION,-0.006349081157820069
SPY,2024-04-02T00:00:00Z,503.35,504.07,501.65,503.94,74230308.0,506.3833333333333,EVALUATION,0.0010913997698138722
SPY,2024-04-03T00:00:00Z,502.85,505.99,502.8,504.49,59155759.0,505.19666666666666,EVALUATION,-0.012210351047592716
SPY,2024-04-04T00:00:00Z,508.48,508.82,498.03,498.33,96908074.0,502.25333333333333,EVALUATION,0.010454919430899379
SPY,2024-04-05T00:00:00Z,499.68,505.49,499.25,503.54,74546483.0,502.12,EVALUATION,0.0005560630734400274
SPY,2024-04-08T00:00:00Z,504.24,505.24,503.01,503.82,48401702.0,501.89666666666665,EVALUATION,0.0011512047953634585
SPY,2024-04-09T00:00:00Z,505.55,505.79,499.58,504.4,68124385.0,503.91999999999996,EVALUATION,-0.010011895321173636
SPY,2024-04-10T00:00:00Z,498.73,501.33,497.38,499.35,82652806.0,502.5233333333333,EVALUATION,0.0075498147591868126
SPY,2024-04-11T00:00:00Z,500.87,504.56,497.37,503.12,70099007.0,502.29,EVALUATION,-0.013793925902369164
SPY,2024-04-12T00:00:00Z,499.6,501.0,494.46,496.18,92486785.0,499.55000000000007,EVALUATION,-0.012535773308073761
SPY,2024-04-15T00:00:00Z,500.33,500.5,489.12,489.96,92101447.0,496.42,EVALUATION,-0.0018164748142704967
SPY,2024-04-16T00:00:00Z,490.44,491.95,487.79,489.07,73484020.0,491.7366666666667,EVALUATION,-0.0059296215265708385
SPY,2024-04-17T00:00:00Z,491.51,491.68,484.78,486.17,75910305.0,488.4,EVALUATION,-0.0020568936791657277
SPY,2024-04-18T00:00:00Z,487.56,489.65,484.24,485.17,74548085.0,486.80333333333334,EVALUATION,-0.00871859348269688
SPY,2024-04-19T00:00:00Z,485.09,486.08,479.67,480.94,102212587.0,484.09333333333336,EVALUATION,0.009211128207260888
SPY,2024-04-22T00:00:00Z,483.53,487.95,481.2,485.37,67962998.0,483.82666666666665,EVALUATION,0.011867235305025092
SPY,2024-04-23T00:00:00Z,487.37,491.55,485.18,491.13,64633620.0,485.81333333333333,EVALUATION,-0.0004886689878443873
SPY,2024-04-24T00:00:00Z,492.01,492.8,488.68,490.89,55928076.0,489.13,EVALUATION,-0.003789036240298249
SPY,2024-04-25T00:00:00Z,484.84,489.79,483.2,489.03,69122368.0,490.35,EVALUATION,0.00946772181665767
SPY,2024-04-26T00:00:00Z,491.81,495.23,491.17,493.66,64306118.0,491.1933333333333,EVALUATION,0.0035449499655633154
SPY,2024-04-29T00:00:00Z,495.44,496.08,492.68,495.41,46415449.0,492.70000000000005,EVALUATION,-0.01584546133505582
SPY,2024-04-30T00:00:00Z,493.95,494.92,487.56,487.56,77483566.0,492.21000000000004,EVALUATION,-0.0032406267946508693
SPY,2024-05-01T00:00:00Z,486.98,493.59,485.51,485.98,80242839.0,489.65000000000003,EVALUATION,0.009341948228322128
SPY,2024-05-02T00:00:00Z,489.67,491.36,485.2,490.52,62685179.0,488.02,EVALUATION,0.012395009377803134
SPY,2024-05-03T00:00:00Z,496.48,497.83,493.95,496.6,72838709.0,491.0333333333333,EVALUATION,0.010330245670559846
SPY,2024-05-06T00:00:00Z,498.99,501.77,498.56,501.73,47264703.0,496.2833333333333,EVALUATION,0.0011161381619595456
SPY,2024-05-07T00:00:00Z,502.69,503.68,501.62,502.29,52561299.0,500.2066666666667,EVALUATION,7.963527046128682e-05
SPY,2024-05-08T00:00:00Z,500.46,502.87,500.34,502.33,42047214.0,502.1166666666667,EVALUATION,0.005773097366273294
SPY,2024-05-09T00:00:00Z,502.52,505.27,501.86,505.23,43643668.0,503.2833333333333,EVALUATION,0.0012865427627020143
SPY,2024-05-10T00:00:00Z,506.82,507.62,504.67,505.88,52233171.0,504.48,EVALUATION,0.0001383727366173204
SPY,2024-05-13T00:00:00Z,507.55,507.66,504.81,505.95,36716361.0,505.68666666666667,EVALUATION,0.004585433343215817
SPY,2024-05-14T00:00:00Z,506.14,508.78,505.61,508.27,57535867.0,506.7,EVALUATION,0.01237531233399558
SPY,2024-05-15T00:00:00Z,510.73,514.85,510.1,514.56,59504897.0,509.5933333333333,EVALUATION,-0.002060012437810843
SPY,2024-05-16T00:00:00Z,514.66,516.25,513.36,513.5,50244827.0,512.1099999999999,EVALUATION,0.0014410905550146236
SPY,2024-05-17T00:00:00Z,513.62,514.31,512.17,514.24,59187585.0,514.0999999999999,EVALUATION,0.0011667703795892326
SPY,2024-05-20T00:00:00Z,514.36,516.29,513.97,514.84,37764206.0,514.1933333333334,EVALUATION,0.00244736228731246
SPY,2024-05-21T00:00:00Z,514.08,516.25,513.87,516.1,33437001.0,515.06,EVALUATION,-0.002887037395853498
SPY,2024-05-22T00:00:00Z,515.41,516.12,512.45,514.61,48389968.0,515.1833333333334,EVALUATION,-0.007306503954450871
SPY,2024-05-23T00:00:00Z,517.65,517.76,509.65,510.85,57211197.0,513.8533333333334,EVALUATION,0.00661642360771264
SPY,2024-05-24T00:00:00Z,512.69,515.04,511.75,514.23,41331076.0,513.23,EVALUATION,0.00070007584154963
SPY,2024-05-28T00:00:00Z,515.04,515.27,511.97,514.59,36269602.0,513.2233333333334,EVALUATION,-0.006995860782370467
SPY,2024-05-29T00:00:00Z,510.58,512.16,510.28,510.99,45190323.0,513.27,EVALUATION,-0.0066341807080373405
SPY,2024-05-30T00:00:00Z,509.45,510.11,506.36,507.6,46468510.0,511.06000000000006,EVALUATION,0.009101654846335627
SPY,2024-05-31T00:00:00Z,508.55,512.35,503.47,512.22,90785855.0,510.27000000000004,EVALUATION,0.0008199601733629436
SPY,2024-06-03T00:00:00Z,513.82,514.11,507.59,512.64,46835702.0,510.82000000000005,EVALUATION,0.001111891385767949
SPY,2024-06-04T00:00:00Z,511.34,513.95,509.88,513.21,34632661.0,512.69,EVALUATION,0.011885972603807193
SPY,2024-06-05T00:00:00Z,515.52,519.33,513.54,519.31,47610365.0,515.0533333333333,EVALUATION,-1.925632088728424e-05
SPY,2024-06-06T00:00:00Z,519.61,520.04,517.38,519.3,30808530.0,517.2733333333333,EVALUATION,-0.0012131715771230844
SPY,2024-06-07T00:00:00Z,518.33,521.47,517.24,518.67,43224525.0,519.0933333333332,EVALUATION,0.003084813079607507
SPY,2024-06-10T00:00:00Z,517.87,520.59,517.27,520.27,35729252.0,519.4133333333333,EVALUATION,0.0024218194399061588
SPY,2024-06-11T00:00:00Z,518.73,521.59,516.77,521.53,36383411.0,520.1566666666666,EVALUATION,0.008206622821314236
SPY,2024-06-12T00:00:00Z,526.07,528.49,524.78,525.81,63251305.0,522.5366666666666,EVALUATION,0.002015937315760663
SPY,2024-06-13T00:00:00Z,527.55,527.72,524.09,526.87,44760949.0,524.7366666666667,EVALUATION,0.0006073604494467588
SPY,2024-06-14T00:00:00Z,525.34,527.22,524.34,527.19,40089895.0,526.6233333333333,EVALUATION,0.007966767199681257
SPY,2024-06-17T00:00:00Z,526.51,532.77,526.05,531.39,55839457.0,528.4833333333333,EVALUATION,0.0025405069722803653
SPY,2024-06-18T00:00:00Z,531.44,532.86,531.03,532.74,41376417.0,530.44,EVALUATION,-0.0027217779780006612
SPY,2024-06-20T00:00:00Z,533.66,534.32,529.52,531.29,70328226.0,531.8066666666666,EVALUATION,-0.0013363699674375784
SPY,2024-06-21T00:00:00Z,530.47,531.69,529.12,530.58,64513859.0,531.5366666666666,EVALUATION,-0.0032605827584907265
SPY,2024-06-24T00:00:00Z,530.4,532.95,528.73,528.85,45528654.0,530.24,EVALUATION,0.003857426491443716
SPY,2024-06-25T00:00:00Z,530.07,531.25,528.56,530.89,38273346.0,530.1066666666667,EVALUATION,0.0012431953888751845
SPY,2024-06-26T00:00:00Z,529.78,532.26,529.13,531.55,38550637.0,530.43,EVALUATION,0.0015802840748753155
SPY,2024-06-27T00:00:00Z,531.41,532.96,530.67,532.39,35041480.0,531.61,EVALUATION,-0.003944476793328211
SPY,2024-06-28T00:00:00Z,533.16,536.2,529.06,530.29,75925045.0,531.41,EVALUATION,0.0020743366837014943
SPY,2024-07-01T00:00:00Z,531.67,531.91,528.64,531.39,40297810.0,531.3566666666667,EVALUATION,0.006718229548918986
SPY,2024-07-02T00:00:00Z,529.79,534.96,529.74,534.96,40434792.0,532.2133333333334,EVALUATION,0.0044676237475698155
SPY,2024-07-03T00:00:00Z,534.65,537.71,534.61,537.35,32789911.0,534.5666666666667,EVALUATION,0.005769051828417249
SPY,2024-07-05T00:00:00Z,537.65,540.85,537.02,540.45,41488389.0,537.5866666666667,EVALUATION,0.0011471921546859498
SPY,2024-07-08T00:00:00Z,541.23,542.02,540.01,541.07,36110451.0,539.6233333333333,EVALUATION,0.0009795405400410129
SPY,2024-07-09T00:00:00Z,542.03,542.92,541.3,541.6,27314125.0,541.04,EVALUATION,0.009896602658788778
SPY,2024-07-10T00:00:00Z,542.81,547.3,542.52,546.96,38701220.0,543.21,EVALUATION,-0.008629515869533422
SPY,2024-07-11T00:00:00Z,547.07,547.94,541.61,542.24,53054184.0,543.6,EVALUATION,0.006307170256712791
SPY,2024-07-12T00:00:00Z,543.36,549.25,542.89,545.66,53084405.0,544.9533333333334,EVALUATION,0.0027489645566836085
SPY,2024-07-15T00:00:00Z,547.65,550.38,545.31,547.16,40584293.0,545.02,EVALUATION,0.005939761678485311
SPY,2024-07-16T00:00:00Z,548.46,550.7,547.72,550.41,36475260.0,547.7433333333333,EVALUATION,-0.014025907959520967
SPY,2024-07-17T00:00:00Z,544.5,546.17,542.37,542.69,57118956.0,546.7533333333333,EVALUATION,-0.00768394479352863
SPY,2024-07-18T00:00:00Z,544.22,545.2,536.34,538.52,56270392.0,543.8733333333333,EVALUATION,-0.006647849662036576
SPY,2024-07-19T00:00:00Z,538.28,539.9,533.89,534.94,65509081.0,538.7166666666667,EVALUATION,0.010318914270759372
SPY,2024-07-22T00:00:00Z,538.85,541.06,536.92,540.46,43346720.0,537.9733333333334,EVALUATION,-0.0015727343374163372
SPY,2024-07-23T00:00:00Z,540.35,542.49,539.12,539.61,34439561.0,538.3366666666667,EVALUATION,-0.02266451696595695
SPY,2024-07-24T00:00:00Z,534.81,535.12,526.46,527.38,74515266.0,535.8166666666666,EVALUATION,-0.005214456369221465
SPY,2024-07-25T00:00:00Z,527.5,533.45,523.7,524.63,61158288.0,530.54,EVALUATION,0.011207898900177149
SPY,2024-07-26T00:00:00Z,528.4,533.19,527.63,530.51,53763788.0,527.5066666666667,EVALUATION,0.0005843433677028553
SPY,2024-07-29T00:00:00Z,532.05,533.05,528.83,530.82,39515824.0,528.6533333333334,EVALUATION,-0.005067631212087087
SPY,2024-07-30T00:00:00Z,532.28,533.33,524.73,528.13,46853632.0,529.82,EVALUATION,0.01626493476984847
SPY,2024-07-31T00:00:00Z,534.93,539.34,533.57,536.72,65663388.0,531.89,EVALUATION,-0.014178715158742028
SPY,2024-08-01T00:00:00Z,538.43,540.67,525.63,529.11,76428732.0,531.3199999999999,EVALUATION,-0.01861616677061484
SPY,2024-08-02T00:00:00Z,522.04,523.25,515.07,519.26,82789070.0,528.3633333333333,EVALUATION,-0.029118360744135874
SPY,2024-08-05T00:00:00Z,498.55,510.18,497.21,504.14,146267391.0,517.5033333333333,EVALUATION,0.009223628357202474
SPY,2024-08-06T00:00:00Z,505.93,516.19,504.62,508.79,84826312.0,510.73,EVALUATION,-0.006682521275968578
SPY,2024-08-07T00:00:00Z,514.95,517.99,504.8,505.39,70698340.0,506.1066666666667,EVALUATION,0.023110864876630055
SPY,2024-08-08T00:00:00Z,510.5,517.69,508.49,517.07,63276589.0,510.4166666666667,EVALUATION,0.0044094610014118185
SPY,2024-08-09T00:00:00Z,516.25,520.83,515.03,519.35,45619558.0,513.9366666666667,EVALUATION,0.0005198806200057415
SPY,2024-08-12T00:00:00Z,520.54,522.02,517.36,519.62,42542069.0,518.6800000000001,EVALUATION,0.016454332011854644
SPY,2024-08-13T00:00:00Z,522.8,528.4,522.56,528.17,52333073.0,522.38,EVALUATION,0.003161860764526736
SPY,2024-08-14T00:00:00Z,528.96,531.01,526.3,529.84,42446929.0,525.8766666666667,EVALUATION,0.01713724898082436
SPY,2024-08-15T00:00:00Z,535.44,539.2,534.83,538.92,60846812.0,532.31,EVALUATION,0.0022452312031471244
SPY,2024-08-16T00:00:00Z,537.31,540.82,537.15,540.13,44430728.0,536.2966666666666,EVALUATION,0.009553255697702268
SPY,2024-08-19T00:00:00Z,540.53,545.29,539.69,545.29,39121793.0,541.4466666666666,EVALUATION,-0.0016321590346420889
SPY,2024-08-20T00:00:00Z,544.84,546.49,543.06,544.4,33732264.0,543.2733333333333,EVALUATION,0.0034349742836150554
SPY,2024-08-21T00:00:00Z,545.45,547.73,540.53,546.27,41514600.0,545.3199999999999,EVALUATION,-0.00783495341131668
SPY,2024-08-22T00:00:00Z,548.16,548.77,540.78,541.99,56121456.0,544.22,EVALUATION,0.010627502352441809
SPY,2024-08-23T00:00:00Z,545.21,548.68,543.03,547.75,50639393.0,545.3366666666667,EVALUATION,-0.00239160200821531
SPY,2024-08-26T00:00:00Z,548.77,549.48,544.74,546.44,35788609.0,545.3933333333333,EVALUATION,0.0013725203133005959
SPY,2024-08-27T00:00:00Z,545.17,547.68,544.03,547.19,32693898.0,547.1266666666667,EVALUATION,-0.005811509713262386
SPY,2024-08-28T00:00:00Z,546.85,547.28,540.84,544.01,41066024.0,545.88,EVALUATION,9.19100751823887e-05
SPY,2024-08-29T00:00:00Z,545.97,549.26,542.92,544.06,38715176.0,545.0866666666667,EVALUATION,0.009557769363673252
SPY,2024-08-30T00:00:00Z,546.42,549.76,542.88,549.26,62700110.0,545.7766666666666,EVALUATION,-0.02059134107708538
SPY,2024-09-03T00:00:00Z,546.13,546.46,535.45,537.95,60600113.0,543.7566666666667,EVALUATION,-0.002044799702574651
SPY,2024-09-04T00:00:00Z,536.12,540.24,535.4,536.85,47224939.0,541.3533333333334,EVALUATION,-0.0024215330166714732
SPY,2024-09-05T00:00:00Z,536.79,539.63,533.1,535.55,44264258.0,536.7833333333333,EVALUATION,-0.01684249836616558
SPY,2024-09-06T00:00:00Z,535.87,537.48,525.64,526.53,68493805.0,532.9766666666667,EVALUATION,0.011205439386169802
SPY,2024-09-09T00:00:00Z,530.71,533.69,528.79,532.43,40445822.0,531.5033333333333,EVALUATION,0.0043573803129051125
SPY,2024-09-10T00:00:00Z,534.33,535.1,529.48,534.75,36394579.0,531.2366666666667,EVALUATION,0.010247779336138407
SPY,2024-09-11T00:00:00Z,534.66,541.15,526.14,540.23,75248608.0,535.8033333333333,EVALUATION,0.008422338633544912
SPY,2024-09-12T00:00:00Z,540.81,545.09,538.6,544.78,51892735.0,539.9200000000001,EVALUATION,0.005231469584052295
SPY,2024-09-13T00:00:00Z,545.39,548.62,545.13,547.63,39310501.0,544.2133333333334,EVALUATION,0.0014791008527657024
SPY,2024-09-16T00:00:00Z,547.37,548.7,545.57,548.44,36656122.0,546.95,EVALUATION,0.0004011377725912091
SPY,2024-09-17T00:00:00Z,550.64,552.08,546.44,548.66,49320970.0,548.2433333333333,EVALUATION,-0.0029708744942222864
SPY,2024-09-18T00:00:00Z,549.31,554.14,546.48,547.03,59044937.0,548.0433333333333,EVALUATION,0.01707401787836149
SPY,2024-09-19T00:00:00Z,556.4,558.22,553.54,556.37,75315470.0,550.6866666666667,EVALUATION,-0.001725470460305245
SPY,2024-09-20T00:00:00Z,555.01,556.44,552.4,555.41,77503110.0,552.9366666666667,EVALUATION,0.0024846509785563242
SPY,2024-09-23T00:00:00Z,556.47,557.44,555.26,556.79,44116922.0,556.19,EVALUATION,0.002873614827852533
SPY,2024-09-24T00:00:00Z,557.59,558.45,554.77,558.39,46805672.0,556.8633333333333,EVALUATION,-0.0022027615107720333
SPY,2024-09-25T00:00:00Z,558.23,558.96,556.05,557.16,38428587.0,557.4466666666667,EVALUATION,0.003966544619139922
SPY,2024-09-26T00:00:00Z,561.4,561.72,557.02,559.37,48336004.0,558.3066666666666,EVALUATION,-0.0014659348910381897
SPY,2024-09-27T00:00:00Z,560.43,561.24,557.53,558.55,42100928.0,558.36,EVALUATION,0.004010384030077807
SPY,2024-09-30T00:00:00Z,557.53,561.4,555.24,560.79,63655448.0,559.5699999999999,EVALUATION,-0.008951657483193265
SPY,2024-10-01T00:00:00Z,560.44,561.09,553.21,555.77,72668778.0,558.3699999999999,EVALUATION,0.0004138402576605582
SPY,2024-10-02T00:00:00Z,554.88,557.02,552.49,556.0,38097798.0,557.52,EVALUATION,-0.00181654676258991
SPY,2024-10-03T00:00:00Z,554.54,556.92,552.71,554.99,40846466.0,555.5866666666667,EVALUATION,0.009081244707111802
SPY,2024-10-04T00:00:00Z,559.41,560.4,555.26,560.03,43005186.0,557.0066666666667,EVALUATION,-0.009035230255521887
SPY,2024-10-07T00:00:00Z,558.39,559.03,553.82,554.97,49964690.0,556.6633333333333,EVALUATION,0.009459970809232887
SPY,2024-10-08T00:00:00Z,557.53,560.81,556.66,560.22,37398693.0,558.4066666666666,EVALUATION,0.00692585055870909
SPY,2024-10-09T00:00:00Z,560.21,564.65,559.61,564.1,37912244.0,559.7633333333333,EVALUATION,-0.0017550079773089866
SPY,2024-10-10T00:00:00Z,562.76,564.53,561.51,563.11,44138060.0,562.4766666666667,EVALUATION,0.005984621121983169
SPY,2024-10-11T00:00:00Z,563.03,567.21,562.89,566.48,42267994.0,564.5633333333334,EVALUATION,0.008173280610083378
SPY,2024-10-14T00:00:00Z,568.08,572.04,567.6,571.11,36217215.0,566.9000000000001,EVALUATION,-0.007756824429619669
SPY,2024-10-15T00:00:00Z,571.38,571.68,565.47,566.68,54203636.0,568.09,EVALUATION,0.004341074327662842
SPY,2024-10-16T00:00:00Z,566.68,569.66,565.87,569.14,30725436.0,568.9766666666667,EVALUATION,8.785184664583667e-05
SPY,2024-10-17T00:00:00Z,572.67,572.87,569.0,569.19,34393714.0,568.3366666666667,EVALUATION,0.003847572866705118
SPY,2024-10-18T00:00:00Z,570.87,572.16,569.41,571.38,37416801.0,569.9033333333334,EVALUATION,-0.0016451398368860781
SPY,2024-10-21T00:00:00Z,570.65,571.63,567.48,570.44,36439010.0,570.3366666666667,EVALUATION,-0.0005259098239955851
SPY,2024-10-22T00:00:00Z,567.92,571.29,567.26,570.14,34183835.0,570.6533333333333,EVALUATION,-0.009138106429999682
SPY,2024-10-23T00:00:00Z,568.12,568.56,561.43,564.93,49314574.0,568.5033333333333,EVALUATION,0.0021595595914538634
SPY,2024-10-24T00:00:00Z,566.87,566.95,563.54,566.15,34979860.0,567.0733333333333,EVALUATION,-0.0003532632694513982
SPY,2024-10-25T00:00:00Z,568.37,571.25,565.01,565.95,47268176.0,565.6766666666666,EVALUATION,0.0030921459492887493
SPY,2024-10-28T00:00:00Z,569.41,569.54,567.4,567.7,30174704.0,566.6,EVALUATION,0.0016205742469612705
SPY,2024-10-29T00:00:00Z,566.74,569.73,565.36,568.62,42899661.0,567.4233333333334,EVALUATION,-0.003024867222398142
SPY,2024-10-30T00:00:00Z,568.15,570.14,566.2,566.9,41435839.0,567.74,EVALUATION,-0.019597812665373082
SPY,2024-10-31T00:00:00Z,562.55,562.62,555.59,555.79,60182451.0,563.77,EVALUATION,0.004210223285773473
SPY,2024-11-01T00:00:00Z,558.41,562.54,557.72,558.13,45667533.0,560.2733333333333,EVALUATION,-0.0021500367297941914
SPY,2024-11-04T00:00:00Z,558.27,559.56,555.05,556.93,38216975.0,556.9499999999999,EVALUATION,0.012102059504785156
SPY,2024-11-05T00:00:00Z,557.84,563.7,557.63,563.67,39478322.0,559.5766666666666,EVALUATION,0.024854968332534977
SPY,2024-11-06T00:00:00Z,575.88,578.55,572.16,577.68,68181968.0,566.0933333333332,EVALUATION,0.007737847943498188
SPY,2024-11-07T00:00:00Z,579.68,583.16,579.6,582.15,47233212.0,574.5,EVALUATION,0.00432878124194791
SPY,2024-11-08T00:00:00Z,582.7,586.09,582.69,584.67,46444893.0,581.5,EVALUATION,0.0009578052576668661
SPY,2024-11-11T00:00:00Z,586.25,586.61,583.51,585.23,37586773.0,584.0166666666667,EVALUATION,-0.0031098884199375343
SPY,2024-11-12T00:00:00Z,585.15,585.75,580.94,583.41,43006128.0,584.4366666666667,EVALUATION,0.0004799369225760852
SPY,2024-11-13T00:00:00Z,583.87,585.69,581.51,583.69,47388640.0,584.11,EVALUATION,-0.0064246432181466195
SPY,2024-11-14T00:00:00Z,583.82,584.3,579.26,579.94,38904109.0,582.3466666666667,EVALUATION,-0.012811670172776624
SPY,2024-11-15T00:00:00Z,576.39,576.86,570.66,572.51,75988766.0,578.7133333333334,EVALUATION,0.004104731795077754
SPY,2024-11-18T00:00:00Z,572.97,576.17,572.11,574.86,37084081.0,575.77,EVALUATION,0.003653063354555952
SPY,2024-11-19T00:00:00Z,571.49,577.69,570.83,576.96,49422046.0,574.7766666666666,EVALUATION,0.0003293122573486684
SPY,2024-11-20T00:00:00Z,577.04,577.44,571.42,577.15,49893334.0,576.3233333333334,EVALUATION,0.005371220653209718
SPY,2024-11-21T00:00:00Z,579.99,581.67,574.17,580.25,46750285.0,578.12,EVALUATION,0.0031021111589830674
SPY,2024-11-22T00:00:00Z,580.24,582.68,579.75,582.05,38226390.0,579.8166666666666,EVALUATION,0.003384588952839218
SPY,2024-11-25T00:00:00Z,585.97,587.28,581.75,584.02,42441393.0,582.1066666666666,EVALUATION,0.005222423889593042
SPY,2024-11-26T00:00:00Z,585.27,587.74,584.55,587.07,45621288.0,584.38,EVALUATION,-0.0030149726608412752
SPY,2024-11-27T00:00:00Z,586.89,587.27,583.78,585.3,34000163.0,585.4633333333334,EVALUATION,0.006201947719118417
SPY,2024-11-29T00:00:00Z,586.11,589.71,585.83,588.93,30177351.0,587.1,EVALUATION,0.001799874348394681
SPY,2024-12-02T00:00:00Z,589.34,590.66,588.85,589.99,31745989.0,588.0733333333333,EVALUATION,0.00045763487516725654
SPY,2024-12-03T00:00:00Z,589.75,590.51,588.73,590.26,26906629.0,589.7266666666667,EVALUATION,0.00621759902415886
SPY,2024-12-04T00:00:00Z,591.94,594.17,591.28,593.93,42787561.0,591.3933333333333,EVALUATION,-0.0016500260973514314
SPY,2024-12-05T00:00:00Z,593.93,594.73,592.6,592.95,28762183.0,592.38,EVALUATION,0.0018888607808416058
SPY,2024-12-06T00:00:00Z,593.71,595.3,593.3,594.07,31241549.0,593.65,EVALUATION,-0.005150908142138255
SPY,2024-12-09T00:00:00Z,593.96,594.12,590.43,591.01,34742738.0,592.6766666666667,EVALUATION,-0.0030963943080489775
SPY,2024-12-10T00:00:00Z,591.69,592.11,588.52,589.18,37234515.0,591.42,EVALUATION,0.007722597508401652
SPY,2024-12-11T00:00:00Z,592.09,594.68,591.81,593.73,28677723.0,591.3066666666666,EVALUATION,-0.005153857814158003
SPY,2024-12-12T00:00:00Z,592.87,593.44,590.67,590.67,31543812.0,591.1933333333333,EVALUATION,-0.00020315912438417794
SPY,2024-12-13T00:00:00Z,592.69,593.41,589.19,590.55,35904730.0,591.65,EVALUATION,0.0042841419016173
SPY,2024-12-16T00:00:00Z,592.3,594.04,591.53,593.08,43695179.0,591.4333333333334,EVALUATION,-0.004130977271194491
SPY,2024-12-17T00:00:00Z,590.53,591.49,589.26,590.63,55773545.0,591.4200000000001,EVALUATION,-0.0297986895349035
SPY,2024-12-18T00:00:00Z,590.33,592.7,572.65,573.03,108248729.0,585.58,EVALUATION,-0.00031411967959782405
SPY,2024-12-19T00:00:00Z,577.99,579.6,572.61,572.85,85919452.0,578.8366666666667,EVALUATION,0.012010124814523904
SPY,2024-12-20T00:00:00Z,570.53,584.24,569.69,579.73,125716674.0,575.2033333333334,EVALUATION,0.005985544995083858
SPY,2024-12-23T00:00:00Z,579.48,583.8,576.31,583.2,57635828.0,578.5933333333334,EVALUATION,0.011128257887517146
SPY,2024-12-24T00:00:00Z,584.55,589.73,583.97,589.69,33160097.0,584.2066666666667,EVALUATION,6.783225084361355e-05
SPY,2024-12-26T00:00:00Z,587.92,590.84,586.53,589.73,41338891.0,587.5400000000001,EVALUATION,-0.010530242653417732
SPY,2024-12-27T00:00:00Z,586.0,586.23,579.36,583.52,64969310.0,587.6466666666668,EVALUATION,-0.011413490540169935
SPY,2024-12-30T00:00:00Z,576.54,580.31,573.12,576.86,56578757.0,583.37,EVALUATION,-0.0036403980168498995
SPY,2024-12-31T00:00:00Z,578.51,579.23,573.13,574.76,57052654.0,578.38,EVALUATION,-0.0024531978564965584
SPY,2025-01-02T00:00:00Z,578.01,579.71,569.29,573.35,50203975.0,574.99,EVALUATION,0.012505450422952702
SPY,2025-01-03T00:00:00Z,576.18,581.16,575.1,580.52,37888459.0,576.21,EVALUATION,0.005753462413009114
SPY,2025-01-06T00:00:00Z,584.75,588.12,582.14,583.86,47679442.0,579.2433333333333,EVALUATION,-0.011304079745144469
SPY,2025-01-07T00:00:00Z,585.88,586.21,575.45,577.26,60393052.0,580.5466666666666,EVALUATION,0.0014724734088626956
SPY,2025-01-08T00:00:00Z,577.33,579.17,573.89,578.11,47304672.0,579.7433333333333,EVALUATION,-0.0152739098095519
SPY,2025-01-10T00:00:00Z,574.57,574.63,567.38,569.28,73105046.0,574.8833333333333,EVALUATION,0.0015458122540752406
SPY,2025-01-13T00:00:00Z,564.65,570.51,564.24,570.16,47910060.0,572.5166666666667,EVALUATION,0.0013855759786727262
SPY,2025-01-14T00:00:00Z,573.07,573.7,567.18,570.95,48420580.0,570.13,EVALUATION,0.01818022593922408
SPY,2025-01-15T00:00:00Z,578.92,582.47,577.82,581.33,56900159.0,574.1466666666666,EVALUATION,-0.0019266165517004552
SPY,2025-01-16T00:00:00Z,582.7,582.87,579.52,580.21,44319662.0,577.4966666666667,EVALUATION,0.01004808603781382
SPY,2025-01-17T00:00:00Z,585.43,587.78,584.11,586.04,58070628.0,582.5266666666666,EVALUATION,0.009146133369735798
SPY,2025-01-21T00:00:00Z,589.07,591.41,587.11,591.4,42532853.0,585.8833333333333,EVALUATION,0.005630706797429941
SPY,2025-01-22T00:00:00Z,594.22,596.08,593.67,594.73,48195973.0,590.7233333333334,EVALUATION,0.005447850285003275
SPY,2025-01-23T00:00:00Z,594.1,597.97,593.83,597.97,41152102.0,594.7,EVALUATION,-0.0029098449755005085
SPY,2025-01-24T00:00:00Z,598.03,598.98,595.08,596.23,34604693.0,596.3100000000001,EVALUATION,-0.01415561108968022
SPY,2025-01-27T00:00:00Z,583.32,588.11,583.16,587.79,70361125.0,593.9966666666667,EVALUATION,0.008608516647101938
SPY,2025-01-28T00:00:00Z,589.02,593.68,585.72,592.85,44433322.0,592.29,EVALUATION,-0.004486801045795685
SPY,2025-01-29T00:00:00Z,592.06,592.46,587.65,590.19,37177429.0,590.2766666666666,EVALUATION,0.00537115166302371
SPY,2025-01-30T00:00:00Z,592.3,594.88,589.11,593.36,39281255.0,592.1333333333333,EVALUATION,-0.005325603343669938
SPY,2025-01-31T00:00:00Z,595.77,598.18,589.44,590.2,66671471.0,591.25,EVALUATION,-0.006726533378515809
SPY,2025-02-03T00:00:00Z,581.22,588.7,579.09,586.23,65713364.0,589.9300000000001,EVALUATION,0.006703853436364371
SPY,2025-02-04T00:00:00Z,586.28,590.67,585.74,590.16,33024773.0,588.8633333333333,EVALUATION,0.004049749220550236
SPY,2025-02-05T00:00:00Z,589.04,592.7,587.02,592.55,30653149.0,589.6466666666666,EVALUATION,0.0034764998734284625
SPY,2025-02-06T00:00:00Z,594.29,594.74,590.99,594.61,35771503.0,592.44,EVALUATION,-0.009148853870604379
SPY,2025-02-07T00:00:00Z,595.17,596.39,588.46,589.17,50188662.0,592.11,EVALUATION,0.006789211942223705
SPY,2025-02-10T00:00:00Z,592.36,593.81,591.1,593.17,26023524.0,592.3166666666666,EVALUATION,0.0007586358042384056
SPY,2025-02-11T00:00:00Z,590.91,594.16,590.8,593.62,30056740.0,591.9866666666667,EVALUATION,-0.003217546578619279
SPY,2025-02-12T00:00:00Z,587.63,592.87,586.95,591.71,45076076.0,592.8333333333334,EVALUATION,0.010545706511635888
SPY,2025-02-13T00:00:00Z,592.81,598.16,591.55,597.95,40921297.0,594.4266666666667,EVALUATION,-3.344761267676244e-05
SPY,2025-02-14T00:00:00Z,598.16,599.19,597.31,597.93,26910448.0,595.8633333333333,EVALUATION,0.0029267640024752684
SPY,2025-02-18T00:00:00Z,599.08,599.68,596.63,599.68,26749030.0,598.52,EVALUATION,0.0023512540021346506
SPY,2025-02-19T00:00:00Z,598.3,601.39,597.79,601.09,30898690.0,599.5666666666666,EVALUATION,-0.004159110948443678
SPY,2025-02-20T00:00:00Z,599.73,599.87,595.3,598.59,36554002.0,599.7866666666666,EVALUATION,-0.017106867806010784
SPY,2025-02-21T00:00:00Z,598.38,598.51,587.89,588.35,76519818.0,596.01,EVALUATION,-0.004538115067561965
SPY,2025-02-24T00:00:00Z,590.39,591.38,584.97,585.68,50737213.0,590.8733333333333,EVALUATION,-0.00498565769703585
SPY,2025-02-25T00:00:00Z,585.62,586.34,578.17,582.76,58266472.0,585.5966666666667,EVALUATION,0.0005147916809664643
SPY,2025-02-26T00:00:00Z,584.42,588.0,580.43,583.06,43321578.0,583.8333333333333,EVALUATION,-0.015967481905807213
SPY,2025-02-27T00:00:00Z,585.32,586.47,573.36,573.75,74196664.0,579.8566666666667,EVALUATION,0.015599128540304985
SPY,2025-02-28T00:00:00Z,574.25,583.23,571.19,582.7,88744106.0,579.8366666666667,EVALUATION,-0.01750471940964482
SPY,2025-03-03T00:00:00Z,584.67,585.8,568.7,572.5,74249199.0,576.3166666666667,EVALUATION,-0.011842794759825304
SPY,2025-03-04T00:00:00Z,568.51,574.08,561.2,565.72,109648212.0,573.6400000000001,EVALUATION,0.010747366188220253
SPY,2025-03-05T00:00:00Z,565.55,573.58,562.01,571.8,71230528.0,570.0066666666667,EVALUATION,-0.017750961874781312
SPY,2025-03-06T00:00:00Z,564.37,568.97,559.11,561.65,80094868.0,566.39,EVALUATION,0.005608475028932469
SPY,2025-03-07T00:00:00Z,559.87,566.24,554.71,564.8,81158816.0,566.0833333333333,EVALUATION,-0.0266466005665722
SPY,2025-03-10T00:00:00Z,556.63,558.54,544.86,549.75,99326624.0,558.7333333333333,EVALUATION,-0.008312869486130192
SPY,2025-03-11T00:00:00Z,548.6,553.13,541.36,545.18,88102109.0,553.2433333333333,EVALUATION,0.005319344069848686
SPY,2025-03-12T00:00:00Z,551.31,552.23,543.0,548.08,69601767.0,547.6700000000001,EVALUATION,-0.01333746898263033
SPY,2025-03-13T00:00:00Z,547.7,548.31,539.06,540.77,74079414.0,544.6766666666667,EVALUATION,0.02065573164191825
SPY,2025-03-14T00:00:00Z,545.37,552.94,540.84,551.94,62660321.0,546.9300000000001,EVALUATION,0.00771823024241769
SPY,2025-03-17T00:00:00Z,551.92,558.71,551.49,556.2,49008709.0,549.6366666666667,EVALUATION,-0.010805465659834534
SPY,2025-03-18T00:00:00Z,553.89,554.11,548.26,550.19,66041422.0,552.7766666666666,EVALUATION,0.010887148076119013
SPY,2025-03-19T00:00:00Z,551.96,559.92,550.78,556.18,66554250.0,554.19,EVALUATION,-0.002894746305152851
SPY,2025-03-20T00:00:00Z,552.45,559.55,551.74,554.57,62958195.0,553.6466666666666,EVALUATION,0.000324575797464588
SPY,2025-03-21T00:00:00Z,550.13,555.65,548.9,554.75,83762964.0,555.1666666666666,EVALUATION,0.017917981072555378
SPY,2025-03-24T00:00:00Z,561.46,565.74,560.87,564.69,58766795.0,558.0033333333333,EVALUATION,0.002390692238219083
SPY,2025-03-25T00:00:00Z,565.89,566.98,564.3,566.04,38355735.0,561.8266666666666,EVALUATION,-0.01192495230019075
SPY,2025-03-26T00:00:00Z,565.78,566.9,557.91,559.29,52228898.0,563.3399999999999,EVALUATION,-0.0026640919737525026
SPY,2025-03-27T00:00:00Z,557.9,561.56,555.7,557.8,42164248.0,561.0433333333333,EVALUATION,-0.020132664037289194
SPY,2025-03-28T00:00:00Z,556.28,557.0,545.99,546.57,71662653.0,554.5533333333333,EVALUATION,0.006714601972299894
SPY,2025-03-31T00:00:00Z,540.83,551.54,537.92,550.24,95328113.0,551.5366666666666,EVALUATION,0.0028169526025005887
SPY,2025-04-01T00:00:00Z,548.33,553.73,544.62,551.79,54609641.0,549.5333333333333,EVALUATION,0.006324869968647562
SPY,2025-04-02T00:00:00Z,545.97,558.14,545.73,555.28,76014544.0,552.4366666666666,EVALUATION,-0.04927243912980839
SPY,2025-04-03T00:00:00Z,536.19,539.0,527.92,527.92,125985998.0,544.9966666666667,EVALUATION,-0.05855053796029697
SPY,2025-04-04T00:00:00Z,515.1,517.26,496.8,497.01,217962675.0,526.7366666666667,EVALUATION,-0.001770588116939309
SPY,2025-04-07T00:00:00Z,481.19,514.61,473.92,496.13,256611355.0,507.02,EVALUATION,-0.015661217825972962
SPY,2025-04-08T00:00:00Z,513.32,516.39,481.16,488.36,165794399.0,493.8333333333333,EVALUATION,0.10500450487345403
SPY,2025-04-09T00:00:00Z,485.37,539.64,484.98,539.64,241835081.0,508.0433333333333,EVALUATION,-0.043806982432732955
SPY,2025-04-10T00:00:00Z,523.46,524.77,500.99,516.0,162331225.0,514.6666666666666,EVALUATION,0.01782945736434116
SPY,2025-04-11T00:00:00Z,514.45,527.65,511.56,525.2,97866334.0,526.9466666666667,EVALUATION,0.009710586443259617
SPY,2025-04-14T00:00:00Z,535.15,535.37,525.12,530.3,68033993.0,523.8333333333334,EVALUATION,-0.0028097303413162633
SPY,2025-04-15T00:00:00Z,530.84,534.34,528.03,528.81,56892874.0,528.1033333333334,EVALUATION,-0.02221970083772995
SPY,2025-04-16T00:00:00Z,522.98,529.08,511.78,517.06,83484814.0,525.39,EVALUATION,0.0014311685297645482
SPY,2025-04-17T00:00:00Z,519.01,522.47,515.34,517.8,79866673.0,521.2233333333334,EVALUATION,-0.023812282734646417
SPY,2025-04-21T00:00:00Z,512.63,513.16,500.14,505.47,69368129.0,513.4433333333334,EVALUATION,0.02601539161572397
SPY,2025-04-22T00:00:00Z,511.63,520.64,510.7,518.62,75948017.0,513.9633333333334,EVALUATION,0.01550268018973422
SPY,2025-04-23T00:00:00Z,531.59,536.5,525.14,526.66,90590658.0,516.9166666666666,EVALUATION,0.02103824099039242
SPY,2025-04-24T00:00:00Z,527.93,538.47,526.69,537.74,64150418.0,527.6733333333333,EVALUATION,0.007233979246475952
SPY,2025-04-25T00:00:00Z,537.7,542.03,534.79,541.63,61119590.0,535.3433333333332,EVALUATION,0.0003877185532559224
SPY,2025-04-28T00:00:00Z,542.37,544.49,536.1,541.84,47613755.0,540.4033333333333,EVALUATION,0.006293370736748738
SPY,2025-04-29T00:00:00Z,539.93,546.36,539.57,545.25,47775121.0,542.9066666666666,EVALUATION,0.0004034846400733372
SPY,2025-04-30T00:00:00Z,538.61,547.41,532.66,545.47,93101463.0,544.1866666666667,EVALUATION,0.007076466166791917
SPY,2025-05-01T00:00:00Z,551.2,554.84,548.73,549.33,63186146.0,546.6833333333334,EVALUATION,0.014854459068319503
SPY,2025-05-02T00:00:00Z,555.49,559.08,553.18,557.49,60717270.0,550.7633333333333,EVALUATION,-0.00574001327378082
SPY,2025-05-05T00:00:00Z,553.36,557.38,552.51,554.29,38659222.0,553.7033333333334,EVALUATION,-0.00835302819823558
SPY,2025-05-06T00:00:00Z,548.8,554.13,547.85,549.66,48264708.0,553.8133333333333,EVALUATION,0.004202597969654054
SPY,2025-05-07T00:00:00Z,550.98,554.59,546.94,551.97,55733229.0,551.9733333333334,EVALUATION,0.006956899831512375
SPY,2025-05-08T00:00:00Z,555.99,560.98,552.51,555.81,65130787.0,552.48,EVALUATION,-0.0012594231841814851
SPY,2025-05-09T00:00:00Z,557.21,558.21,553.55,555.11,37603427.0,554.2966666666666,EVALUATION,0.03303849687449345
SPY,2025-05-12T00:00:00Z,571.96,573.46,567.6,573.45,78993570.0,561.4566666666667,EVALUATION,0.006609120237160981
SPY,2025-05-13T00:00:00Z,573.86,579.44,573.3,577.24,67947225.0,568.6,EVALUATION,0.001281962441965323
SPY,2025-05-14T00:00:00Z,578.19,579.34,575.95,577.98,66283531.0,576.2233333333334,EVALUATION,0.004879061559223352
SPY,2025-05-15T00:00:00Z,575.98,581.3,575.52,580.8,71268145.0,578.6733333333333,EVALUATION,0.006336088154270003
SPY,2025-05-16T00:00:00Z,581.58,584.77,579.64,584.48,76052101.0,581.0866666666667,EVALUATION,0.0010949904188337634
SPY,2025-05-19T00:00:00Z,578.48,585.79,578.48,585.12,68168509.0,583.4666666666667,EVALUATION,-0.0033668307355756433
SPY,2025-05-20T00:00:00Z,583.39,584.33,579.95,583.15,60614492.0,584.25,EVALUATION,-0.016856726399725463
SPY,2025-05-21T00:00:00Z,578.81,582.88,572.3,573.32,95197657.0,580.53,EVALUATION,0.0004011721202816787
SPY,2025-05-22T00:00:00Z,573.13,577.02,571.89,573.55,70860417.0,576.6733333333333,EVALUATION,-0.00683462644930688
SPY,2025-05-23T00:00:00Z,566.56,572.29,566.18,569.63,76029046.0,572.1666666666666,EVALUATION,0.02080297737127612
SPY,2025-05-27T00:00:00Z,576.48,581.63,568.96,581.48,72588475.0,574.8866666666667,EVALUATION,-0.005795556167022098
SPY,2025-05-28T00:00:00Z,581.88,583.07,577.38,578.11,68445512.0,576.4066666666668,EVALUATION,0.0039438861116396495
SPY,2025-05-29T00:00:00Z,583.36,583.49,576.48,580.39,70073758.0,579.9933333333333,EVALUATION,-0.00110270680059954
SPY,2025-05-30T00:00:00Z,579.29,581.46,573.69,579.75,90601242.0,579.4166666666667,EVALUATION,0.005623113410953007
SPY,2025-06-02T00:00:00Z,578.14,583.09,575.49,583.01,61630502.0,581.05,EVALUATION,0.0057117373629955726
SPY,2025-06-03T00:00:00Z,582.65,587.31,582.17,586.34,63606204.0,583.0333333333333,EVALUATION,-0.0002728792168368299
SPY,2025-06-04T00:00:00Z,587.19,588.17,585.75,586.18,57314199.0,585.1766666666667,EVALUATION,-0.00482786857279327
SPY,2025-06-05T00:00:00Z,587.85,589.2,581.38,583.35,92436397.0,585.29,EVALUATION,0.01026827804919872
SPY,2025-06-06T00:00:00Z,588.86,591.0,587.09,589.34,66588743.0,586.29,EVALUATION,0.0008993110937658422
SPY,2025-06-09T00:00:00Z,589.91,591.41,588.7,589.87,53016418.0,587.52,EVALUATION,0.005662264566768993
SPY,2025-06-10T00:00:00Z,590.4,593.6,589.29,593.21,66246973.0,590.8066666666667,EVALUATION,-0.002848906795232864
SPY,2025-06-11T00:00:00Z,594.3,595.16,589.46,591.52,73658225.0,591.5333333333333,EVALUATION,0.003972815796591922
SPY,2025-06-12T00:00:00Z,590.19,593.87,589.71,593.87,64129003.0,592.8666666666667,EVALUATION,-0.011180898176368581
SPY,2025-06-13T00:00:00Z,588.71,592.0,585.74,587.23,89487793.0,590.8733333333333,EVALUATION,0.009519268429746486
SPY,2025-06-16T00:00:00Z,590.58,594.56,590.4,592.82,79984125.0,591.3066666666667,EVALUATION,-0.008552343038359167
SPY,2025-06-17T00:00:00Z,590.39,591.9,586.99,587.75,82209365.0,589.2666666666667,EVALUATION,-0.00015312632922170888
SPY,2025-06-18T00:00:00Z,588.65,591.38,586.71,587.66,76605029.0,589.41,EVALUATION,-0.0023482966341081823
SPY,2025-06-20T00:00:00Z,590.33,591.39,584.88,586.28,94051374.0,587.23,EVALUATION,0.009875827249778313
SPY,2025-06-23T00:00:00Z,587.03,592.46,583.93,592.07,87426039.0,588.67,EVALUATION,0.011062881078250708
SPY,2025-06-24T00:00:00Z,596.2,599.67,595.29,598.62,67735293.0,592.3233333333333,EVALUATION,0.0005512679162074097
SPY,2025-06-25T00:00:00Z,599.73,600.42,597.39,598.95,62114767.0,596.5466666666666,EVALUATION,0.007830369813840887
SPY,2025-06-26T00:00:00Z,600.8,604.07,600.18,603.64,78548361.0,600.4033333333333,EVALUATION,0.004969849579219421
SPY,2025-06-27T00:00:00Z,604.63,608.1,602.61,606.64,86258398.0,603.0766666666667,EVALUATION,0.004780429909006845
SPY,2025-06-30T00:00:00Z,609.07,610.89,606.76,609.54,92502541.0,606.6066666666667,EVALUATION,-0.0003281162844110952
SPY,2025-07-01T00:00:00Z,608.07,610.5,607.24,609.34,70030140.0,608.5066666666667,EVALUATION,0.0045294909246069714
SPY,2025-07-02T00:00:00Z,608.93,612.14,608.31,612.1,66510374.0,610.3266666666666,EVALUATION,0.00789086750530954
SPY,2025-07-03T00:00:00Z,614.07,617.85,614.06,616.93,51065578.0,612.79,EVALUATION,-0.007456275428330494
SPY,2025-07-07T00:00:00Z,614.97,615.63,609.56,612.33,74814505.0,613.7866666666666,EVALUATION,-0.0005552561527281119
SPY,2025-07-08T00:00:00Z,612.99,613.74,611.18,611.99,59024585.0,613.75,EVALUATION,0.0059968300135622155
SPY,2025-07-09T00:00:00Z,614.39,616.31,612.56,615.66,66113326.0,613.3266666666667,EVALUATION,0.0028262352597212548
SPY,2025-07-10T00:00:00Z,615.8,618.44,614.63,617.4,57527933.0,615.0166666666667,EVALUATION,-0.003514739229024899
SPY,2025-07-11T00:00:00Z,614.36,616.45,613.17,615.23,63670226.0,616.0966666666667,EVALUATION,0.0019017278091120193
SPY,2025-07-14T00:00:00Z,614.78,616.75,613.43,616.4,51898518.0,616.3433333333334,EVALUATION,-0.004266709928617773
SPY,2025-07-15T00:00:00Z,619.08,619.41,613.69,613.77,74317260.0,615.1333333333333,EVALUATION,0.0033400133600536286
SPY,2025-07-16T00:00:00Z,615.35,616.32,609.73,615.82,88964127.0,615.33,EVALUATION,0.006121918742489685
SPY,2025-07-17T00:00:00Z,616.0,619.95,615.78,619.59,68885558.0,616.3933333333333,EVALUATION,-0.0007262867380042337
SPY,2025-07-18T00:00:00Z,620.83,621.0,618.03,619.14,65621496.0,618.1833333333334,EVALUATION,0.0018897179959298516
SPY,2025-07-21T00:00:00Z,620.31,623.04,619.89,620.31,63374984.0,619.68,EVALUATION,0.00014508874594976184
SPY,2025-07-22T00:00:00Z,620.64,621.26,617.76,620.4,60046288.0,619.9499999999999,EVALUATION,0.008510638297872353
SPY,2025-07-23T00:00:00Z,623.05,625.68,621.26,625.68,71015836.0,622.1299999999999,EVALUATION,0.00031965221838636815
SPY,2025-07-24T00:00:00Z,626.06,627.59,625.46,625.88,71307134.0,623.9866666666667,EVALUATION,0.0042340384738288606
SPY,2025-07-25T00:00:00Z,626.54,629.0,626.3,628.53,56865364.0,626.6966666666666,EVALUATION,-0.0002545622325107466
SPY,2025-07-28T00:00:00Z,628.9,629.46,626.99,628.37,54917102.0,627.5933333333334,EVALUATION,-0.002641755653516209
SPY,2025-07-29T00:00:00Z,629.76,630.08,625.8,626.71,60556278.0,627.87,EVALUATION,-0.0012605511321026608
SPY,2025-07-30T00:00:00Z,627.36,629.1,623.04,625.92,80413429.0,627.0,EVALUATION,-0.0037384969325151562
SPY,2025-07-31T00:00:00Z,630.85,631.24,622.28,623.58,103385246.0,625.4033333333333,EVALUATION,-0.016405272779755675
SPY,2025-08-01T00:00:00Z,617.87,617.91,610.96,613.35,140103572.0,620.95,EVALUATION,0.015211543164587837
SPY,2025-08-04T00:00:00Z,617.25,622.72,617.16,622.68,73218015.0,619.87,EVALUATION,-0.00507483779790574
SPY,2025-08-05T00:00:00Z,623.29,624.09,618.6,619.52,68051401.0,618.5166666666667,EVALUATION,0.007667226239669311
SPY,2025-08-06T00:00:00Z,620.59,624.92,619.68,624.27,64357525.0,622.1566666666666,EVALUATION,-0.0008489916222147453
SPY,2025-08-07T00:00:00Z,627.68,628.41,620.65,623.74,74205791.0,622.51,EVALUATION,0.007807740404655705
SPY,2025-08-08T00:00:00Z,625.53,629.07,625.21,628.61,64051626.0,625.54,EVALUATION,-0.001988514341165426
SPY,2025-08-11T00:00:00Z,628.88,630.35,626.12,627.36,58742300.0,626.5699999999999,EVALUATION,0.01064779393011972
SPY,2025-08-12T00:00:00Z,629.7,634.2,628.22,634.04,64821798.0,630.0033333333333,EVALUATION,0.0034224970033438495
SPY,2025-08-13T00:00:00Z,636.23,637.5,634.03,636.21,60092790.0,632.5366666666666,EVALUATION,9.430848304803341e-05
SPY,2025-08-14T00:00:00Z,634.14,636.93,633.7,636.27,59327466.0,635.5066666666667,EVALUATION,-0.0023417731466202074
SPY,2025-08-15T00:00:00Z,637.3,637.4,633.87,634.78,68592507.0,635.7533333333333,EVALUATION,-0.00022054885157063442
SPY,2025-08-18T00:00:00Z,634.21,635.33,633.54,634.64,43804914.0,635.23,EVALUATION,-0.00542039581495013
SPY,2025-08-19T00:00:00Z,634.47,635.44,629.89,631.2,69750731.0,633.54,EVALUATION,-0.0026615969581750276
SPY,2025-08-20T00:00:00Z,630.8,631.05,624.43,629.52,88890298.0,631.7866666666666,EVALUATION,-0.00400304994281353
SPY,2025-08-21T00:00:00Z,627.72,629.39,625.28,627.0,54805775.0,629.24,EVALUATION,0.015358851674641238
SPY,2025-08-22T00:00:00Z,629.18,637.8,628.68,636.63,84083214.0,631.05,EVALUATION,-0.004398159056280604
SPY,2025-08-25T00:00:00Z,635.37,636.61,633.71,633.83,51274332.0,632.4866666666667,EVALUATION,0.004180931795591869
SPY,2025-08-26T00:00:00Z,633.56,636.82,632.94,636.48,51581565.0,635.6466666666666,EVALUATION,0.0022781548516841443
SPY,2025-08-27T00:00:00Z,635.9,638.66,635.75,637.93,48341069.0,636.0799999999999,EVALUATION,0.0035427084476353787
SPY,2025-08-28T00:00:00Z,638.53,640.74,636.66,640.19,61519461.0,638.2,EVALUATION,-0.0059669785532421304
SPY,2025-08-29T00:00:00Z,638.76,639.12,634.49,636.37,74423178.0,638.1633333333333,EVALUATION,-0.007401354557883044
SPY,2025-09-02T00:00:00Z,628.92,631.87,626.38,631.66,81983545.0,636.0733333333333,EVALUATION,0.00541430516417063
SPY,2025-09-03T00:00:00Z,634.02,635.54,631.84,635.08,70820898.0,634.37,EVALUATION,0.008361151351010898
SPY,2025-09-04T00:00:00Z,635.75,640.42,634.85,640.39,65219228.0,635.71,EVALUATION,-0.002904480082449812
SPY,2025-09-05T00:00:00Z,642.71,643.43,634.67,638.53,84304124.0,638.0,EVALUATION,0.002458772493070027
SPY,2025-09-08T00:00:00Z,639.89,641.1,638.52,640.1,63130164.0,639.6733333333334,EVALUATION,0.0023121387283238093
SPY,2025-09-09T00:00:00Z,640.24,642.1,638.51,641.58,66133856.0,640.07,EVALUATION,0.0028835063437138153
SPY,2025-09-10T00:00:00Z,644.83,645.74,641.88,643.43,78034529.0,641.7033333333334,EVALUATION,0.00831481280014934
SPY,2025-09-11T00:00:00Z,645.38,649.47,644.8,648.78,69895740.0,644.5966666666667,EVALUATION,-0.0003390979993218579
SPY,2025-09-12T00:00:00Z,648.75,650.24,648.06,648.56,72780135.0,646.9233333333333,EVALUATION,0.00533489576908841
SPY,2025-09-15T00:00:00Z,650.76,652.15,650.47,652.02,63772412.0,649.7866666666666,EVALUATION,-0.001380325756878631
SPY,2025-09-16T00:00:00Z,652.57,652.88,650.34,651.12,61168953.0,650.5666666666666,EVALUATION,-0.0012440103206783348
SPY,2025-09-17T00:00:00Z,651.13,652.82,645.5,650.31,101952244.0,651.15,EVALUATION,0.00467469360766426
SPY,2025-09-18T00:00:00Z,652.98,655.94,651.39,653.35,90458735.0,651.5933333333332,EVALUATION,0.00495905716690892
SPY,2025-09-19T00:00:00Z,655.23,657.43,653.29,656.59,97945620.0,653.4166666666666,EVALUATION,0.004721363407910628
SPY,2025-09-22T00:00:00Z,655.1,660.14,655.07,659.69,69452201.0,656.5433333333333,EVALUATION,-0.005441950006821461
SPY,2025-09-23T00:00:00Z,659.57,660.19,654.88,656.1,81708872.0,657.46,EVALUATION,-0.003185490016765824
SPY,2025-09-24T00:00:00Z,657.39,657.49,652.6,654.01,68082229.0,656.6,EVALUATION,-0.004602376110456996
SPY,2025-09-25T00:00:00Z,650.89,652.34,647.39,651.0,89622067.0,653.7033333333334,EVALUATION,0.005729646697388624
SPY,2025-09-26T00:00:00Z,652.44,655.27,650.83,654.73,69179209.0,653.2466666666667,EVALUATION,0.002810318757350494
SPY,2025-09-29T00:00:00Z,657.24,658.15,654.76,656.57,73499015.0,654.1,EVALUATION,0.0037619751130875123
SPY,2025-09-30T00:00:00Z,655.82,659.5,654.52,659.04,86288028.0,656.78,EVALUATION,0.0033988832240834377
SPY,2025-10-01T00:00:00Z,656.06,662.19,655.95,661.28,72545369.0,658.9633333333334,EVALUATION,0.0011644084200337357
SPY,2025-10-02T00:00:00Z,663.26,663.38,659.63,662.05,56895993.0,660.79,EVALUATION,-1.510459935050168e-05
SPY,2025-10-03T00:00:00Z,662.81,665.46,661.0,662.04,70494350.0,661.79,EVALUATION,0.003579844118180242
SPY,2025-10-06T00:00:00Z,664.42,665.3,662.28,664.41,54623260.0,662.8333333333333,EVALUATION,-0.003702533074456893
SPY,2025-10-07T00:00:00Z,665.33,665.78,660.51,661.95,72020067.0,662.8,EVALUATION,0.0059521111866454035
SPY,2025-10-08T00:00:00Z,663.06,665.99,662.24,665.89,60702241.0,664.0833333333334,EVALUATION,-0.0028833591133670122
SPY,2025-10-09T00:00:00Z,666.31,666.72,662.04,663.97,66501941.0,663.9366666666667,EVALUATION,-0.027034353961775448
SPY,2025-10-10T00:00:00Z,664.92,666.73,645.84,646.02,159422589.0,658.6266666666667,EVALUATION,0.015340082350391526
SPY,2025-10-13T00:00:00Z,653.57,658.0,652.7,655.93,79560517.0,655.3066666666666,EVALUATION,-0.0012196423398838085
SPY,2025-10-14T00:00:00Z,650.13,658.69,646.17,655.13,88779560.0,652.36,EVALUATION,0.004441866499778513
SPY,2025-10-15T00:00:00Z,659.67,663.05,651.87,658.04,81702555.0,656.3666666666667,EVALUATION,-0.006808096772232708
SPY,2025-10-16T00:00:00Z,659.67,661.54,650.07,653.56,110563346.0,655.5766666666666,EVALUATION,0.005676601995226127
SPY,2025-10-17T00:00:00Z,652.43,658.62,651.08,657.27,96500870.0,656.29,EVALUATION,0.010391467737763893
SPY,2025-10-20T00:00:00Z,660.17,665.0,660.12,664.1,60492650.0,658.31,EVALUATION,-1.5057973196785923e-05
SPY,2025-10-21T00:00:00Z,664.24,665.78,662.8,664.09,56248835.0,661.82,EVALUATION,-0.005195078980258727
SPY,2025-10-22T00:00:00Z,664.8,664.8,656.19,660.64,80564006.0,662.9433333333334,EVALUATION,0.005933640106563276
SPY,2025-10-23T00:00:00Z,660.96,665.5,660.64,664.56,65604461.0,663.0966666666667,EVALUATION,0.00817081979053813
SPY,2025-10-24T00:00:00Z,669.21,671.2,668.41,669.99,74356527.0,665.0633333333333,EVALUATION,0.011791220764489019
SPY,2025-10-27T00:00:00Z,675.41,678.19,674.8,677.89,63293828.0,670.8133333333333,EVALUATION,0.0026552980572069895
SPY,2025-10-28T00:00:00Z,679.68,681.52,677.49,679.69,61737972.0,675.8566666666667,EVALUATION,0.0004855154555751806
SPY,2025-10-29T00:00:00Z,681.34,682.31,675.55,680.02,85340645.0,679.2,EVALUATION,-0.010999676480103582
SPY,2025-10-30T00:00:00Z,676.57,678.59,672.54,672.54,76335751.0,677.4166666666666,EVALUATION,0.00328604990037773
SPY,2025-10-31T00:00:00Z,677.7,677.74,671.96,674.75,87164122.0,675.77,EVALUATION,0.001867358280844833
SPY,2025-11-03T00:00:00Z,678.32,678.45,672.65,676.01,57315025.0,674.4333333333333,EVALUATION,-0.011848937145900185
SPY,2025-11-04T00:00:00Z,668.86,672.67,667.35,668.0,78426969.0,672.92,EVALUATION,0.0034730538922156384
SPY,2025-11-05T00:00:00Z,667.74,673.56,666.94,670.32,74402376.0,671.4433333333334,EVALUATION,-0.01074113856068748
SPY,2025-11-06T00:00:00Z,669.22,670.12,661.55,663.12,85035298.0,667.1466666666666,EVALUATION,0.0009952949692362267
SPY,2025-11-07T00:00:00Z,660.75,663.89,654.12,663.78,100592443.0,665.74,EVALUATION,0.015592515592515621
SPY,2025-11-10T00:00:00Z,669.98,674.87,667.79,674.13,75842888.0,667.01,EVALUATION,0.0022992597866879905
SPY,2025-11-11T00:00:00Z,672.66,676.24,671.45,675.68,58953385.0,671.1966666666667,EVALUATION,0.0005475964953824963
SPY,2025-11-12T00:00:00Z,677.45,677.62,673.65,676.05,62312484.0,675.2866666666666,EVALUATION,-0.016581613785962457
SPY,2025-11-13T00:00:00Z,673.21,673.56,663.33,664.84,103457788.0,672.19,EVALUATION,-0.00016545334215756213
SPY,2025-11-14T00:00:00Z,658.25,668.42,656.15,664.73,96846672.0,668.54,EVALUATION,-0.009327095211589698
SPY,2025-11-17T00:00:00Z,662.52,666.49,655.07,658.53,90456105.0,662.7,EVALUATION,-0.008397491382321154
SPY,2025-11-18T00:00:00Z,655.0,657.99,648.83,653.0,114467488.0,658.7533333333333,EVALUATION,0.003874425727411923
SPY,2025-11-19T00:00:00Z,653.7,660.19,651.68,655.53,94702955.0,655.6866666666666,EVALUATION,-0.015254831968025906
SPY,2025-11-20T00:00:00Z,665.7,668.32,644.9,645.53,165293521.0,651.3533333333332,EVALUATION,0.00997629854538129
SPY,2025-11-21T00:00:00Z,648.03,657.43,643.87,651.97,123956203.0,651.01,EVALUATION,0.01470926576376197
SPY,2025-11-24T00:00:00Z,655.59,662.88,654.5,661.56,80437940.0,653.02,EVALUATION,0.009402019469133549
SPY,2025-11-25T00:00:00Z,661.46,668.96,657.36,667.78,81077088.0,660.4366666666667,EVALUATION,0.006903471203090872
SPY,2025-11-26T00:00:00Z,670.37,674.39,669.47,672.39,71879597.0,667.2433333333333,EVALUATION,0.005458141852198839
SPY,2025-11-28T00:00:00Z,673.56,676.34,673.21,676.06,49212030.0,672.0766666666666,EVALUATION,-0.004555808656036331
SPY,2025-12-01T00:00:00Z,671.53,675.67,671.46,672.98,61201193.0,673.81,EVALUATION,0.001842551041635776
SPY,2025-12-02T00:00:00Z,674.61,676.49,672.05,674.22,62953844.0,674.4200000000001,EVALUATION,0.00347067722701766
SPY,2025-12-03T00:00:00Z,673.27,677.57,672.4,676.56,57238481.0,674.5866666666667,EVALUATION,0.0007242520988530732
SPY,2025-12-04T00:00:00Z,677.95,678.02,674.04,677.05,61970336.0,675.9433333333333,EVALUATION,0.001905324569825062
SPY,2025-12-05T00:00:00Z,678.12,681.01,677.24,678.34,79241045.0,677.3166666666666,EVALUATION,-0.003007341451189749
SPY,2025-12-08T00:00:00Z,679.23,679.28,674.26,676.3,55231462.0,677.23,EVALUATION,-0.0008576075706046016
SPY,2025-12-09T00:00:00Z,675.83,678.04,675.27,675.72,58310055.0,676.7866666666666,EVALUATION,0.006629965074291144
SPY,2025-12-10T00:00:00Z,675.24,681.58,674.01,680.2,85671334.0,677.4066666666666,EVALUATION,0.002322846221699315
SPY,2025-12-11T00:00:00Z,677.8,681.86,674.85,681.78,86173678.0,679.2333333333333,EVALUATION,-0.010751268737715924
SPY,2025-12-12T00:00:00Z,680.79,681.5,671.89,674.45,113160347.0,678.8100000000001,EVALUATION,-0.0015123433909112194
SPY,2025-12-15T00:00:00Z,678.39,678.41,671.97,673.43,90810952.0,676.5533333333333,EVALUATION,-0.0027322810091618965
SPY,2025-12-16T00:00:00Z,671.95,673.78,667.74,671.59,122030631.0,673.1566666666668,EVALUATION,-0.011003737399306157
SPY,2025-12-17T00:00:00Z,672.6,673.14,664.0,664.2,110625198.0,669.74,EVALUATION,0.007557964468533518
SPY,2025-12-18T00:00:00Z,670.34,673.44,667.67,669.22,108650128.0,668.3366666666667,EVALUATION,0.009055318131556023
SPY,2025-12-19T00:00:00Z,671.32,675.78,671.2,675.28,103599543.0,669.5666666666667,EVALUATION,0.006234450894443855
SPY,2025-12-22T00:00:00Z,678.61,680.02,675.28,679.49,69556733.0,674.6633333333334,EVALUATION,0.00457696213336467
SPY,2025-12-23T00:00:00Z,678.59,682.83,678.54,682.6,64839951.0,679.1233333333333,EVALUATION,0.003515968356284871
SPY,2025-12-24T00:00:00Z,682.59,685.44,682.44,685.0,39445560.0,682.3633333333333,EVALUATION,-0.00010218978102194409
SPY,2025-12-26T00:00:00Z,685.26,686.27,683.9,684.93,41613347.0,684.1766666666666,EVALUATION,-0.00356240783729711
SPY,2025-12-29T00:00:00Z,682.18,683.83,680.72,682.49,62559503.0,684.14,EVALUATION,-0.0012307872642822737
SPY,2025-12-30T00:00:00Z,682.09,683.19,681.23,681.65,47160671.0,683.0233333333333,EVALUATION,-0.00740849409521005
SPY,2025-12-31T00:00:00Z,681.78,682.0,676.4,676.6,74144801.0,680.2466666666667,EVALUATION,0.001832692876145403
SPY,2026-01-02T00:00:00Z,680.36,681.52,674.52,677.84,89377203.0,678.6966666666667,EVALUATION,0.006668240292694305
SPY,2026-01-05T00:00:00Z,681.19,684.06,681.02,682.36,71753091.0,678.9333333333334,EVALUATION,0.005949938448912562
SPY,2026-01-06T00:00:00Z,682.57,686.92,682.42,686.42,69273827.0,682.2066666666667,EVALUATION,-0.003234171498499361
SPY,2026-01-07T00:00:00Z,686.79,688.55,683.95,684.2,75588337.0,684.3266666666667,EVALUATION,-0.0001023092662965075
SPY,2026-01-08T00:00:00Z,683.45,685.23,682.13,684.13,64019200.0,684.9166666666666,EVALUATION,0.006621548536096977
SPY,2026-01-09T00:00:00Z,685.25,689.89,683.81,688.66,80125467.0,685.6633333333333,EVALUATION,0.001568263003514092
SPY,2026-01-12T00:00:00Z,685.3,690.66,685.25,689.74,63976002.0,687.51,EVALUATION,-0.0020007539072693925
SPY,2026-01-13T00:00:00Z,690.07,690.66,685.96,688.36,78309726.0,688.92,EVALUATION,-0.0049102213957812335
SPY,2026-01-14T00:00:00Z,685.61,686.33,680.69,684.98,94676684.0,687.6933333333334,EVALUATION,0.002715407749131371
SPY,2026-01-15T00:00:00Z,689.15,690.03,685.86,686.84,77861974.0,686.7266666666667,EVALUATION,-0.0008298876011880729
SPY,2026-01-16T00:00:00Z,688.25,688.84,684.72,686.27,79289200.0,686.03,EVALUATION,-0.02035641948504241
SPY,2026-01-20T00:00:00Z,676.18,679.43,671.3,672.3,111623277.0,681.8033333333333,EVALUATION,0.011542466160940013
SPY,2026-01-21T00:00:00Z,674.35,683.37,672.84,680.06,127844467.0,679.5433333333333,EVALUATION,0.005220127635797045
SPY,2026-01-22T00:00:00Z,684.47,685.74,681.56,683.61,77112243.0,678.6566666666666,EVALUATION,0.0003657055923698138
SPY,2026-01-23T00:00:00Z,682.79,685.57,681.8,683.86,63059578.0,682.51,EVALUATION,0.005074137981458282
SPY,2026-01-26T00:00:00Z,685.11,688.72,684.54,687.33,60473813.0,684.9333333333334,EVALUATION,0.003986440283415549
SPY,2026-01-27T00:00:00Z,688.77,691.1,688.16,690.07,55506147.0,687.0866666666667,EVALUATION,-0.00010143898445091892
SPY,2026-01-28T00:00:00Z,691.62,692.4,688.53,690.0,61172165.0,689.1333333333333,EVALUATION,-0.0019855072463768053
SPY,2026-01-29T00:00:00Z,690.96,691.63,679.49,688.63,97486198.0,689.5666666666666,EVALUATION,-0.0029769251993087
SPY,2026-01-30T00:00:00Z,686.4,688.8,681.76,686.58,101835131.0,688.4033333333333,EVALUATION,0.004966646275743392
SPY,2026-02-02T00:00:00Z,684.2,691.5,68.47,689.99,79286521.0,688.4,EVALUATION,-0.008463890781025829
SPY,2026-02-03T00:00:00Z,690.78,691.53,678.7,684.15,107904611.0,686.9066666666666,EVALUATION,-0.004838120295256765
SPY,2026-02-04T00:00:00Z,684.97,686.06,676.44,680.84,105204600.0,684.9933333333333,EVALUATION,-0.012484577874390501
SPY,2026-02-05T00:00:00Z,675.63,678.36,670.52,672.34,113610812.0,679.11,EVALUATION,0.01918672100425378
SPY,2026-02-06T00:00:00Z,676.15,686.91,675.54,685.24,89127566.0,679.4733333333334,EVALUATION,0.004815830949740141
SPY,2026-02-09T00:00:00Z,684.05,690.44,682.97,688.54,73885192.0,682.04,EVALUATION,-0.002643274174339849
SPY,2026-02-10T00:00:00Z,689.53,691.11,686.27,686.72,65185725.0,686.8333333333333,EVALUATION,-0.00021842963653306846
SPY,2026-02-11T00:00:00Z,690.96,691.7,683.81,686.57,76353872.0,687.2766666666666,EVALUATION,-0.015453631821955582
SPY,2026-02-12T00:00:00Z,688.83,689.93,675.07,675.96,118828963.0,683.0833333333334,EVALUATION,0.0006953074146398563
SPY,2026-02-13T00:00:00Z,676.38,680.93,672.24,676.43,96267487.0,679.6533333333334,EVALUATION,0.0016261845275933329
SPY,2026-02-17T00:00:00Z,674.84,679.6,670.51,677.53,81354660.0,676.64,EVALUATION,0.005032987469189676
SPY,2026-02-18T00:00:00Z,678.69,683.78,677.51,680.94,73570341.0,678.3,EVALUATION,-0.002643404705260477
SPY,2026-02-19T00:00:00Z,678.51,680.83,676.23,679.14,58649363.0,679.2033333333334,EVALUATION,0.007244456224047902
SPY,2026-02-20T00:00:00Z,677.0,684.68,676.42,684.06,100033986.0,681.38,EVALUATION,-0.010218401894570461
SPY,2026-02-23T00:00:00Z,682.47,684.62,675.07,677.07,90667777.0,680.09,EVALUATION,0.007266604634675877
SPY,2026-02-24T00:00:00Z,676.58,682.98,674.7,681.99,73879636.0,681.04,EVALUATION,0.008445871640346603
SPY,2026-02-25T00:00:00Z,684.8,688.27,684.72,687.75,56447240.0,682.27,EVALUATION,-0.005554343874954681
SPY,2026-02-26T00:00:00Z,687.88,687.89,679.01,683.93,71763014.0,684.5566666666666,EVALUATION,-0.004810433816326176
SPY,2026-02-27T00:00:00Z,677.76,681.51,676.33,680.64,83410162.0,684.1066666666667,EVALUATION,0.0005729901269393434
SPY,2026-03-02T00:00:00Z,673.41,683.25,672.73,681.03,87604490.0,681.8666666666667,EVALUATION,-0.008810184573366797
SPY,2026-03-03T00:00:00Z,669.8,677.29,664.44,675.03,105122181.0,678.9,EVALUATION,0.007051538450142836
SPY,2026-03-04T00:00:00Z,676.32,681.73,674.32,679.79,79278994.0,678.6166666666667,EVALUATION,-0.005575251180511609
SPY,2026-03-05T00:00:00Z,676.76,680.19,670.34,676.0,106716391.0,676.94,EVALUATION,-0.01310650887573972
SPY,2026-03-06T00:00:00Z,668.16,670.84,664.54,667.14,100796751.0,674.31,EVALUATION,0.008753784812782994
SPY,2026-03-09T00:00:00Z,661.19,674.62,657.23,672.98,102774914.0,672.04,EVALUATION,-0.0016048025201343963
SPY,2026-03-10T00:00:00Z,672.44,678.03,669.5,671.9,81585842.0,670.6733333333334,EVALUATION,-0.0012501860395892628
SPY,2026-03-11T00:00:00Z,672.3,674.78,668.09,671.06,68519802.0,671.98,EVALUATION,-0.015184931302715032
SPY,2026-03-12T00:00:00Z,665.93,666.41,660.68,660.87,108960383.0,667.9433333333333,EVALUATION,-0.00565920680315346
SPY,2026-03-13T00:00:00Z,664.05,667.09,656.2,657.13,97287732.0,663.02,EVALUATION,0.010165416279883654
SPY,2026-03-16T00:00:00Z,663.17,666.83,661.92,663.81,82112619.0,660.6033333333332,EVALUATION,0.002636296530633686
SPY,2026-03-17T00:00:00Z,667.15,669.18,664.48,665.56,87193712.0,662.1666666666666,EVALUATION,-0.013958170563134753
SPY,2026-03-18T00:00:00Z,663.15,664.5,656.04,656.27,82139971.0,661.88,EVALUATION,-0.0024532585673580076
SPY,2026-03-19T00:00:00Z,651.85,657.81,650.06,654.66,111355978.0,658.8299999999999,EVALUATION,-0.014297497937860948
SPY,2026-03-20T00:00:00Z,653.2,653.38,641.47,645.3,163708346.0,652.0766666666666,EVALUATION,0.010506741050674284
SPY,2026-03-23T00:00:00Z,654.75,659.28,650.64,652.08,134908956.0,650.6800000000001,EVALUATION,-0.0033584836216415948
SPY,2026-03-24T00:00:00Z,648.04,653.72,646.6,649.89,96536775.0,649.09,EVALUATION,0.005570173413962376
SPY,2026-03-25T00:00:00Z,655.35,657.56,650.94,653.51,90728937.0,651.8266666666667,EVALUATION,-0.017857416106868973
SPY,2026-03-26T00:00:00Z,648.77,651.55,641.57,641.84,96572697.0,648.4133333333334,EVALUATION,-0.017060326561136763
SPY,2026-03-27T00:00:00Z,639.26,639.42,629.91,630.89,103743913.0,642.08,EVALUATION,-0.003328630981629166
SPY,2026-03-30T00:00:00Z,636.88,637.14,626.11,628.79,99377166.0,633.84,EVALUATION,0.02905580559487264
SPY,2026-03-31T00:00:00Z,635.72,648.26,634.76,647.06,152604652.0,635.5799999999999,EVALUATION,0.0075418044694466335
SPY,2026-04-01T00:00:00Z,650.6,655.2,649.71,651.94,97921207.0,642.5966666666667,EVALUATION,0.0008896524220018964
SPY,2026-04-02T00:00:00Z,643.16,654.88,641.86,652.52,68431760.0,650.5066666666667,EVALUATION,0.004735487034880137
SPY,2026-04-06T00:00:00Z,652.55,656.4,652.22,655.61,39197388.0,653.3566666666667,EVALUATION,0.0004423361449641394
SPY,2026-04-07T00:00:00Z,653.34,656.29,647.78,655.9,70057264.0,654.6766666666666,EVALUATION,0.025461198353407655
SPY,2026-04-08T00:00:00Z,672.98,673.67,668.08,672.6,93677757.0,661.37,EVALUATION,0.00576865893547418
SPY,2026-04-09T00:00:00Z,671.44,677.73,670.37,676.48,57197883.0,668.3266666666667,EVALUATION,-0.0006504257332072827
SPY,2026-04-10T00:00:00Z,677.89,678.59,675.03,676.04,42320741.0,675.04,EVALUATION,0.009762735932784983
SPY,2026-04-13T00:00:00Z,674.0,682.84,673.17,682.64,54263576.0,678.3866666666667,EVALUATION,0.0121879760928163
SPY,2026-04-14T00:00:00Z,684.22,691.08,684.19,690.96,63547765.0,683.2133333333334,EVALUATION,0.007887576704874277
SPY,2026-04-15T00:00:00Z,691.76,696.75,690.7,696.41,58310636.0,690.0033333333333,EVALUATION,0.0024554500940539015
SPY,2026-04-16T00:00:00Z,697.53,699.24,695.01,698.12,50037766.0,695.1633333333334,EVALUATION,0.0120896121010714
SPY,2026-04-17T00:00:00Z,702.58,708.8,702.2,706.56,70739977.0,700.3633333333333,EVALUATION,-0.001995584239130377
SPY,2026-04-20T00:00:00Z,705.21,706.33,702.58,705.15,43593498.0,703.2766666666666,EVALUATION,-0.006551797489895761
SPY,2026-04-21T00:00:00Z,706.7,707.69,699.1,700.53,59014672.0,704.0799999999999,EVALUATION,0.010135183361169364
SPY,2026-04-22T00:00:00Z,705.58,707.86,704.65,707.63,42583611.0,704.4366666666666,EVALUATION,-0.003886211720814603
SPY,2026-04-23T00:00:00Z,705.92,708.77,698.74,704.88,56244485.0,704.3466666666667,EVALUATION,0.00774599931903297
SPY,2026-04-24T00:00:00Z,707.17,710.87,705.44,710.34,45278698.0,707.6166666666667,EVALUATION,0.0017315651659768339
SPY,2026-04-27T00:00:00Z,709.58,712.02,708.71,711.57,33179855.0,708.9300000000001,EVALUATION,-0.00487654060738929
SPY,2026-04-28T00:00:00Z,708.23,709.29,705.68,708.1,43186985.0,710.0033333333333,EVALUATION,-0.00015534529021321575
SPY,2026-04-29T00:00:00Z,707.42,708.61,704.8,707.99,41928677.0,709.22,EVALUATION,0.009957767765081282
SPY,2026-04-30T00:00:00Z,711.03,716.16,706.86,715.04,67313196.0,710.3766666666667,EVALUATION,0.0027690758558962525
SPY,2026-05-01T00:00:00Z,717.62,721.22,716.84,717.02,43135976.0,713.35,EVALUATION,-0.0036679590527460837
SPY,2026-05-04T00:00:00Z,716.44,718.48,711.39,714.39,52017943.0,715.4833333333333,EVALUATION,0.008020828958972048
SPY,2026-05-05T00:00:00Z,718.13,721.39,717.85,720.12,37011872.0,717.1766666666666,EVALUATION,0.013900461034272116
SPY,2026-05-06T00:00:00Z,724.49,730.89,724.15,730.13,53373841.0,721.5466666666666,EVALUATION,-0.003067946803993804
SPY,2026-05-07T00:00:00Z,731.35,732.42,726.07,727.89,51811081.0,726.0466666666666,EVALUATION,0.008256742090150926
SPY,2026-05-08T00:00:00Z,731.23,734.36,730.87,733.9,47309511.0,730.64,EVALUATION,0.0022755143752555274
SPY,2026-05-11T00:00:00Z,732.74,737.06,732.74,735.57,44122056.0,732.4533333333334,EVALUATION,-0.0015090338105142598
SPY,2026-05-12T00:00:00Z,733.18,735.12,728.14,734.46,54273627.0,734.6433333333334,EVALUATION,0.005595948043460419
SPY,2026-05-13T00:00:00Z,734.75,740.16,731.76,738.57,44279823.0,736.2,EVALUATION,0.00789363228942408
SPY,2026-05-14T00:00:00Z,739.9,745.75,739.81,744.4,45389220.0,739.1433333333334,EVALUATION,-0.012036539494895138
SPY,2026-05-15T00:00:00Z,738.05,739.71,734.24,735.44,60513211.0,739.47,EVALUATION,-0.0006934624170565895
SPY,2026-05-18T00:00:00Z,736.1,737.68,729.69,734.93,47930194.0,738.2566666666667,EVALUATION,-0.006667301647775958
SPY,2026-05-19T00:00:00Z,731.08,733.93,727.84,730.03,54323631.0,733.4666666666667,EVALUATION,0.010246154267632868
SPY,2026-05-20T00:00:00Z,732.0,738.13,730.19,737.51,45832492.0,734.1566666666666,EVALUATION,0.001993193312633146
SPY,2026-05-21T00:00:00Z,734.92,741.12,733.32,738.98,43396522.0,735.5066666666667,EVALUATION,0.003924328127960175
SPY,2026-05-22T00:00:00Z,742.48,745.17,740.73,741.88,41833274.0,739.4566666666667,EVALUATION,0.006645279560036688
SPY,2026-05-26T00:00:00Z,746.23,748.34,744.6,746.81,41224290.0,742.5566666666666,EVALUATION,-0.00017407372691846668
SPY,2026-05-27T00:00:00Z,747.1,747.59,744.45,746.68,42182638.0,745.1233333333332,EVALUATION,0.005517758611453427
SPY,2026-05-28T00:00:00Z,746.47,751.34,745.45,750.8,41635596.0,748.0966666666666,EVALUATION,0.0024906766116143952
SPY,2026-05-29T00:00:00Z,752.09,754.26,750.89,752.67,55157560.0,750.05,EVALUATION,0.0027236371849550522
SPY,2026-06-01T00:00:00Z,751.55,756.45,750.89,754.72,43743307.0,752.73,EVALUATION,0.0013514945940216183
SPY,2026-06-02T00:00:00Z,753.21,756.57,752.94,755.74,31659089.0,754.3766666666667,EVALUATION,-0.007012993886786445
SPY,2026-06-03T00:00:00Z,754.33,754.98,749.77,750.44,51481600.0,753.6333333333333,EVALUATION,0.0037711209423803016
SPY,2026-06-04T00:00:00Z,748.31,754.49,747.68,753.27,49997957.0,753.15,EVALUATION,-0.025807479389860166
SPY,2026-06-05T00:00:00Z,748.52,749.03,731.82,733.83,94079416.0,745.8466666666667,EVALUATION,0.0022621043020862874
SPY,2026-06-08T00:00:00Z,739.61,741.58,734.47,735.49,49409156.0,740.8633333333333,EVALUATION,-0.0029232212538579105
SPY,2026-06-09T00:00:00Z,739.88,743.14,718.95,733.34,87632447.0,734.22,EVALUATION,-0.015777129298824577
SPY,2026-06-10T00:00:00Z,729.69,734.66,721.67,721.77,60413773.0,730.2,EVALUATION,0.016999875306538126
SPY,2026-06-11T00:00:00Z,725.09,736.27,720.75,734.04,86398845.0,729.7166666666667,EVALUATION,0.0054084246090131405
SPY,2026-06-12T00:00:00Z,736.98,740.69,731.33,738.01,57157800.0,731.2733333333333,EVALUATION,0.017642037370767305
SPY,2026-06-15T00:00:00Z,748.06,752.87,747.97,751.03,60270690.0,741.0266666666666,EVALUATION,-0.0059651412060770515
SPY,2026-06-16T00:00:00Z,750.75,751.63,746.1,746.55,67210550.0,745.1966666666667,EVALUATION,-0.012484093496751614
SPY,2026-06-17T00:00:00Z,747.5,748.36,735.49,737.23,86738310.0,744.9366666666667,EVALUATION,0.010390244564111528
SPY,2026-06-18T00:00:00Z,745.91,746.38,742.02,744.89,88133310.0,742.89,EVALUATION,-0.0031414034286941783
SPY,2026-06-22T00:00:00Z,745.85,748.32,741.29,742.55,46731169.0,741.5566666666666,EVALUATION,-0.014531008012928393
SPY,2026-06-23T00:00:00Z,731.99,737.8,730.49,731.76,66917430.0,739.7333333333333,EVALUATION,-0.00046463321307532723
SPY,2026-06-24T00:00:00Z,733.35,738.11,729.03,731.42,57507627.0,735.2433333333333,EVALUATION,0.0014492357332314132
SPY,2026-06-25T00:00:00Z,737.08,737.54,727.79,732.48,54195404.0,731.8866666666667,EVALUATION,-0.0072356924421145274
SPY,2026-06-26T00:00:00Z,727.14,734.71,714.81,727.18,71104306.0,730.3599999999999,EVALUATION,0.01647460051156524
SPY,2026-06-29T00:00:00Z,734.7,739.72,730.28,739.16,58501605.0,732.9399999999999,EVALUATION,0.007792629471291779
SPY,2026-06-30T00:00:00Z,739.45,746.17,739.05,744.92,55693737.0,737.0866666666666,EVALUATION,-0.0013558502926488414
SPY,2026-07-01T00:00:00Z,743.15,747.58,740.54,743.91,47175555.0,742.6633333333333,EVALUATION,-0.0013039211732600586
SPY,2026-07-02T00:00:00Z,745.55,749.45,738.2,742.94,57575794.0,743.9233333333333,EVALUATION,0.00872210407300722
SPY,2026-07-06T00:00:00Z,746.89,750.55,745.56,749.42,50768534.0,745.4233333333333,EVALUATION,-0.004750340263136699
SPY,2026-07-07T00:00:00Z,748.36,749.1,743.36,745.86,43789259.0,746.0733333333333,EVALUATION,-0.003097095969753161
SPY,2026-07-08T00:00:00Z,741.32,744.3,737.68,743.55,43833354.0,746.2766666666666,EVALUATION,0.00847286665321767
SPY,2026-07-09T00:00:00Z,745.5,750.11,743.74,749.85,41503216.0,746.4200000000001,EVALUATION,0.004307528172301067
SPY,2026-07-10T00:00:00Z,750.19,753.55,746.25,753.08,42260129.0,748.8266666666667,EVALUATION,-0.007661868592978349
SPY,2026-07-13T00:00:00Z,750.61,752.04,746.15,747.31,44096964.0,750.08,EVALUATION,0.0035594331669588364
SPY,2026-07-14T00:00:00Z,749.05,751.47,746.81,749.97,35205607.0,750.12,EVALUATION,0.003960158406336234
SPY,2026-07-15T00:00:00Z,752.37,753.71,748.34,752.94,43913069.0,750.0733333333334,EVALUATION,-0.00541875846681017
SPY,2026-07-16T00:00:00Z,750.9,752.7,746.03,748.86,46475759.0,750.59,EVALUATION,-0.00989504046150147
SPY,2026-07-17T00:00:00Z,740.24,745.44,738.97,741.45,62723008.0,747.75,EVALUATION,-0.0016184503338054768
SPY,2026-07-20T00:00:00Z,745.21,746.88,739.67,740.25,50500548.0,743.52,EVALUATION,0.008348530901722384
SPY,2026-07-21T00:00:00Z,744.44,747.18,742.34,746.43,34385946.0,742.71,EVALUATION,-0.0011655480085205339
SPY,2026-07-22T00:00:00Z,744.77,748.16,744.52,745.56,32896257.0,744.0799999999999,EVALUATION,-0.012353130532753775
SPY,2026-07-23T00:00:00Z,737.54,740.72,733.39,736.35,55502098.0,742.78,EVALUATION,0.0010185373803217601
SPY,2026-07-24T00:00:00Z,736.68,741.88,735.46,737.1,44843800.0,739.6700000000001,EVALUATION,0.0002170668837335743
SPY,2026-07-27T00:00:00Z,743.06,743.68,734.05,737.26,41536532.0,736.9033333333334,EVALUATION,0.002400781271193253
SPY,2026-07-28T00:00:00Z,737.36,740.95,734.16,739.03,47379272.0,737.7966666666666,EVALUATION,-0.015398562981205122
SPY,2026-07-29T00:00:00Z,738.14,740.84,727.29,727.65,70750566.0,734.6466666666666,EVALUATION,0.01676630248058819
SPY,2026-07-30T00:00:00Z,734.23,740.61,732.77,739.85,66868279.0,735.51,EVALUATION,0.007204163006014674
SPY,2026-07-31T00:00:00Z,742.84,747.04,735.85,745.18,62511105.0,737.56,EVALUATION,0.014238170643334547
SPY,2026-08-03T00:00:00Z,747.58,756.7,746.95,755.79,60014445.0,746.9399999999999,EVALUATION,0.01803411000410171
SPY,2026-08-04T00:00:00Z,758.75,771.49,758.64,769.42,69231912.0,756.7966666666666,EVALUATION,-0.0020015076291232115
SPY,2026-08-05T00:00:00Z,773.93,774.93,767.6,767.88,44774888.0,764.3633333333332,EVALUATION,-0.0015887899150909268
SPY,2026-08-06T00:00:00Z,768.3,769.91,765.56,766.66,38491050.0,767.9866666666667,EVALUATION,0.006104400907834151
SPY,2026-08-07T00:00:00Z,769.11,772.0,767.7,771.34,43663040.0,768.6266666666667,EVALUATION,-0.0002852179324293047
SPY,2026-08-10T00:00:00Z,770.69,773.13,769.71,771.12,39337305.0,769.7066666666667,EVALUATION,-0.0032031331050939027
SPY,2026-08-11T00:00:00Z,772.61,772.69,767.29,768.65,36805242.0,770.37,EVALUATION,0.0025108957262733878
SPY,2026-08-12T00:00:00Z,772.79,772.98,769.37,770.58,33236038.0,770.1166666666667,EVALUATION,0.006968776765553297
SPY,2026-08-13T00:00:00Z,772.95,777.44,772.19,775.95,35695716.0,771.7266666666667,EVALUATION,-0.001971776531993097
SPY,2026-08-14T00:00:00Z,776.61,776.87,773.51,774.42,31437396.0,773.6500000000001,EVALUATION,-0.004726117610598823
SPY,2026-08-17T00:00:00Z,774.26,774.85,770.6,770.76,34439149.0,773.71,EVALUATION,-0.006759561990762442
SPY,2026-08-18T00:00:00Z,766.8,767.59,765.02,765.55,43979763.0,770.2433333333333,EVALUATION,0.002103063157207208
SPY,2026-08-19T00:00:00Z,768.45,770.56,766.2,767.16,40363941.0,767.8233333333333,EVALUATION,-0.008407633348975319
SPY,2026-08-20T00:00:00Z,764.06,766.25,760.15,760.71,45438509.0,764.4733333333334,EVALUATION,0.004088285943395054
SPY,2026-08-21T00:00:00Z,764.15,765.95,762.28,763.82,39251890.0,763.8966666666668,EVALUATION,-0.0029326281060982895
SPY,2026-08-24T00:00:00Z,762.89,763.32,760.19,761.58,32505361.0,762.0366666666667,EVALUATION,0.003190735050815352
SPY,2026-08-25T00:00:00Z,764.26,764.88,761.16,764.01,27475227.0,763.1366666666667,EVALUATION,0.0002225101765682691
SPY,2026-08-26T00:00:00Z,762.84,765.45,762.04,764.18,28810662.0,763.2566666666667,EVALUATION,0.006556047004632637
SPY,2026-08-27T00:00:00Z,766.6,770.44,765.26,769.19,34599995.0,765.7933333333333,EVALUATION,-0.002275120581390788
SPY,2026-08-28T00:00:00Z,769.85,773.38,766.4,767.44,36806117.0,766.9366666666667,EVALUATION,-0.0029839466277494786
SPY,2026-08-31T00:00:00Z,765.43,766.09,762.82,765.15,38903113.0,767.26,EVALUATION,-0.006874469058354538
SPY,2026-09-01T00:00:00Z,760.12,762.78,757.6,759.89,41180135.0,764.16,EVALUATION,0.004434852412849244
SPY,2026-09-02T00:00:00Z,760.56,764.53,759.84,763.26,29619038.0,762.7666666666667,EVALUATION,0.010468254592144177
SPY,2026-09-03T00:00:00Z,766.0,772.11,765.55,771.25,43573653.0,764.8,EVALUATION,-0.0038508914100486846
SPY,2026-09-04T00:00:00Z,770.1,770.96,767.1,768.28,34119246.0,767.5966666666666,EVALUATION,-0.005492789087311989
SPY,2026-09-08T00:00:00Z,767.17,767.79,763.24,764.06,44800583.0,767.8633333333332,EVALUATION,-0.004646231971311088
SPY,2026-09-09T00:00:00Z,762.19,762.58,759.06,760.51,32854839.0,764.2833333333333,EVALUATION,-0.005995976384268409
SPY,2026-09-10T00:00:00Z,756.15,758.23,754.77,755.95,42761740.0,760.1733333333333,EVALUATION,0.008532310337985294
SPY,2026-09-11T00:00:00Z,762.83,764.48,761.71,762.4,45555311.0,759.62,EVALUATION,-0.004459601259181545
SPY,2026-09-14T00:00:00Z,757.12,761.63,756.05,759.0,44028969.0,759.1166666666667,EVALUATION,-0.004598155467720688
SPY,2026-09-15T00:00:00Z,758.23,758.47,754.28,755.51,46265454.0,758.97,EVALUATION,-0.0044076186946566676
SPY,2026-09-16T00:00:00Z,757.62,759.78,747.74,752.18,59259903.0,755.5633333333333,EVALUATION,0.011340370655960053
SPY,2026-09-17T00:00:00Z,761.26,761.68,758.08,760.71,49685398.0,756.1333333333333,EVALUATION,0.0012882701686582898
SPY,2026-09-18T00:00:00Z,761.31,762.0,757.971,761.69,65377133.0,758.1933333333334,EVALUATION,0.015504995470598137
SPY,2026-09-21T00:00:00Z,766.251,774.89,766.03,773.5,50567900.0,765.3,EVALUATION,-0.00015513897866836768
SPY,2026-09-22T00:00:00Z,774.03,775.14,772.57,773.38,34874238.0,769.5233333333333,EVALUATION,-0.007202151594300377
SPY,2026-09-23T00:00:00Z,772.79,773.05,766.5,767.81,54982805.0,771.5633333333333,EVALUATION,-0.0008205154921139268
SPY,2026-09-24T00:00:00Z,764.065,768.95,763.245,767.18,44055221.0,769.4566666666667,EVALUATION,0.005435491019056826
SPY,2026-09-25T00:00:00Z,768.78,772.28,766.29,771.35,36735822.0,768.78,EVALUATION,-0.007441498671160951
SPY,2026-09-28T00:00:00Z,768.35,769.54,763.715,765.61,42752751.0,768.0466666666666,EVALUATION,-0.0018416687347343474
SPY,2026-09-29T00:00:00Z,766.83,766.98,762.35,764.2,37009343.0,767.0533333333334,EVALUATION,-0.002054436011515337
SPY,2026-09-30T00:00:00Z,766.45,769.41,762.18,762.63,62848369.0,764.1466666666668,EVALUATION,0.0017833025189148977
SPY,2026-10-01T00:00:00Z,764.36,765.65,758.7901,763.99,48524799.0,763.6066666666667,SUPPORT_FORWARD_RETURN,
