instrument,timestamp,open,high,low,close,volume,sma_close_3,row_role,forward_return_1d
QYLD,2016-01-04T00:00:00Z,7.024,7.024,6.867,6.967,33566.0,,SUPPORT_SMA3_WARMUP,
QYLD,2016-01-05T00:00:00Z,6.976,6.976,6.912,6.957,14843.0,,SUPPORT_SMA3_WARMUP,
QYLD,2016-01-06T00:00:00Z,6.921,6.927,6.855,6.909,22517.0,6.944333333333333,EVALUATION,-0.034882037921551534
QYLD,2016-01-07T00:00:00Z,6.819,6.822,6.629,6.668,72475.0,6.844666666666667,EVALUATION,0.002699460107978391
QYLD,2016-01-08T00:00:00Z,6.683,6.726,6.674,6.686,7845.0,6.754333333333333,EVALUATION,-0.004187855219862313
QYLD,2016-01-11T00:00:00Z,6.744,6.744,6.518,6.658,47993.0,6.670666666666667,EVALUATION,0.013817963352358076
QYLD,2016-01-12T00:00:00Z,6.719,6.765,6.63,6.75,20497.0,6.698,EVALUATION,-0.032592592592592506
QYLD,2016-01-13T00:00:00Z,7.048,7.048,6.509,6.53,40040.0,6.646000000000001,EVALUATION,0.019754977029096343
QYLD,2016-01-14T00:00:00Z,6.512,6.683,6.43,6.659,23814.0,6.646333333333333,EVALUATION,-0.02027331431145818
QYLD,2016-01-15T00:00:00Z,6.539,6.542,6.328,6.524,71210.0,6.571,EVALUATION,-0.010729613733905574
QYLD,2016-01-19T00:00:00Z,6.43,6.496,6.43,6.454,22181.0,6.545666666666666,EVALUATION,0.002169197396963085
QYLD,2016-01-20T00:00:00Z,6.392,6.469,6.294,6.468,35157.0,6.481999999999999,EVALUATION,0.0018552875695734272
QYLD,2016-01-21T00:00:00Z,6.529,6.529,6.392,6.48,15640.0,6.467333333333333,EVALUATION,0.008024691358024638
QYLD,2016-01-22T00:00:00Z,6.544,6.562,6.504,6.532,4915.0,6.493333333333334,EVALUATION,-0.0009185548071035665
QYLD,2016-01-25T00:00:00Z,6.529,6.554,6.522,6.526,13457.0,6.512666666666666,EVALUATION,0.004596996628869254
QYLD,2016-01-26T00:00:00Z,6.51,6.559,6.507,6.556,19879.0,6.538,EVALUATION,-0.010524710189139697
QYLD,2016-01-27T00:00:00Z,6.502,6.544,6.478,6.487,17577.0,6.523,EVALUATION,0.008786804377986623
QYLD,2016-01-28T00:00:00Z,6.662,6.662,6.474,6.544,30446.0,6.529,EVALUATION,0.008863080684596625
QYLD,2016-01-29T00:00:00Z,6.574,6.64,6.55,6.602,41200.0,6.544333333333333,EVALUATION,0.00227203877612836
QYLD,2016-02-01T00:00:00Z,6.599,6.638,6.562,6.617,43561.0,6.587666666666667,EVALUATION,-0.008614175608281704
QYLD,2016-02-02T00:00:00Z,6.626,6.626,6.56,6.56,9407.0,6.593,EVALUATION,-0.0015243902439023849
QYLD,2016-02-03T00:00:00Z,6.581,6.581,6.501,6.55,17765.0,6.575666666666667,EVALUATION,0.001832061068702373
QYLD,2016-02-04T00:00:00Z,6.574,6.574,6.504,6.562,14319.0,6.557333333333333,EVALUATION,-0.028802194452910657
QYLD,2016-02-05T00:00:00Z,6.532,6.532,6.367,6.373,27864.0,6.495,EVALUATION,-0.010983838066844553
QYLD,2016-02-08T00:00:00Z,6.309,6.322,6.239,6.303,53032.0,6.4126666666666665,EVALUATION,0.004442329049658911
QYLD,2016-02-09T00:00:00Z,6.248,6.385,6.248,6.331,11410.0,6.335666666666667,EVALUATION,0.009003317011530454
QYLD,2016-02-10T00:00:00Z,6.376,6.449,6.376,6.388,24160.0,6.340666666666667,EVALUATION,-0.00939261114589851
QYLD,2016-02-11T00:00:00Z,6.3,6.358,6.252,6.328,20912.0,6.349,EVALUATION,0.014854614412136424
QYLD,2016-02-12T00:00:00Z,6.392,6.422,6.372,6.422,19523.0,6.379333333333333,EVALUATION,0.0213329180940518
QYLD,2016-02-16T00:00:00Z,6.58,6.58,6.524,6.559,10906.0,6.436333333333334,EVALUATION,0.01585607562128377
QYLD,2016-02-17T00:00:00Z,6.622,6.671,6.608,6.663,15301.0,6.548,EVALUATION,-0.0030016509079994202
QYLD,2016-02-18T00:00:00Z,6.62,6.656,6.62,6.643,17253.0,6.621666666666666,EVALUATION,0.0024085503537558672
QYLD,2016-02-19T00:00:00Z,6.62,6.675,6.62,6.659,21824.0,6.654999999999999,EVALUATION,0.005706562546929028
QYLD,2016-02-22T00:00:00Z,6.662,6.726,6.662,6.697,12260.0,6.666333333333333,EVALUATION,-0.0032850530088099905
QYLD,2016-02-23T00:00:00Z,6.702,6.717,6.641,6.675,22136.0,6.677,EVALUATION,0.0040449438202248
QYLD,2016-02-24T00:00:00Z,6.647,6.702,6.573,6.702,19341.0,6.691333333333334,EVALUATION,0.004625484929871693
QYLD,2016-02-25T00:00:00Z,6.748,6.748,6.656,6.733,18064.0,6.703333333333333,EVALUATION,0.0011881776325559645
QYLD,2016-02-26T00:00:00Z,6.748,6.748,6.709,6.741,7782.0,6.725333333333333,EVALUATION,0.0008900756564307333
QYLD,2016-02-29T00:00:00Z,6.748,6.77,6.745,6.747,12615.0,6.740333333333333,EVALUATION,0.010226767452200969
QYLD,2016-03-01T00:00:00Z,6.779,6.816,6.758,6.816,8489.0,6.768,EVALUATION,-0.0017605633802816323
QYLD,2016-03-02T00:00:00Z,6.804,6.807,6.745,6.804,21540.0,6.789,EVALUATION,-0.0007348618459729339
QYLD,2016-03-03T00:00:00Z,6.758,6.807,6.758,6.799,5634.0,6.806333333333333,EVALUATION,0.0
QYLD,2016-03-04T00:00:00Z,6.813,6.816,6.764,6.799,20403.0,6.800666666666666,EVALUATION,-0.00014708045300781958
QYLD,2016-03-07T00:00:00Z,6.791,6.807,6.77,6.798,5111.0,6.798666666666667,EVALUATION,0.0008826125330980705
QYLD,2016-03-08T00:00:00Z,6.767,6.807,6.767,6.804,11645.0,6.800333333333334,EVALUATION,0.0008818342151675207
QYLD,2016-03-09T00:00:00Z,6.764,6.81,6.764,6.81,28346.0,6.804,EVALUATION,-0.0004405286343611703
QYLD,2016-03-10T00:00:00Z,6.816,6.82,6.785,6.807,26540.0,6.807,EVALUATION,0.0038195974731893845
QYLD,2016-03-11T00:00:00Z,6.862,6.862,6.819,6.833,10702.0,6.816666666666666,EVALUATION,0.0033660178545293906
QYLD,2016-03-14T00:00:00Z,6.764,6.856,6.764,6.856,22230.0,6.832000000000001,EVALUATION,-0.0021878646441072513
QYLD,2016-03-15T00:00:00Z,6.862,6.862,6.825,6.841,19570.0,6.843333333333334,EVALUATION,0.0019003069726648558
QYLD,2016-03-16T00:00:00Z,6.856,6.862,6.816,6.854,17207.0,6.850333333333333,EVALUATION,-0.0014590020426028527
QYLD,2016-03-17T00:00:00Z,6.881,7.048,6.831,6.844,57289.0,6.846333333333334,EVALUATION,0.00043834015195787224
QYLD,2016-03-18T00:00:00Z,6.887,6.995,6.819,6.847,32609.0,6.848333333333334,EVALUATION,0.003505184752446322
QYLD,2016-03-21T00:00:00Z,7.071,7.071,6.828,6.871,23664.0,6.854,EVALUATION,-0.0017464706738467006
QYLD,2016-03-22T00:00:00Z,6.865,6.887,6.853,6.859,38027.0,6.859,EVALUATION,-0.0005831753899985248
QYLD,2016-03-23T00:00:00Z,6.893,6.893,6.849,6.855,10569.0,6.861666666666666,EVALUATION,0.0014587892049597873
QYLD,2016-03-24T00:00:00Z,6.908,6.916,6.816,6.865,36756.0,6.8596666666666675,EVALUATION,-0.0032046613255645173
QYLD,2016-03-28T00:00:00Z,6.865,6.865,6.815,6.843,16177.0,6.854333333333334,EVALUATION,0.006429928393979267
QYLD,2016-03-29T00:00:00Z,6.868,6.902,6.812,6.887,23941.0,6.865,EVALUATION,0.007114854072890919
QYLD,2016-03-30T00:00:00Z,6.905,6.942,6.902,6.936,20233.0,6.8886666666666665,EVALUATION,-0.0011534025374856371
QYLD,2016-03-31T00:00:00Z,6.936,6.964,6.877,6.928,7321.0,6.917,EVALUATION,0.00028868360277134464
QYLD,2016-04-01T00:00:00Z,6.936,6.941,6.905,6.93,7027.0,6.931333333333333,EVALUATION,0.0008658008658009031
QYLD,2016-04-04T00:00:00Z,6.958,6.958,6.905,6.936,16450.0,6.931333333333333,EVALUATION,-0.0014417531718569077
QYLD,2016-04-05T00:00:00Z,6.908,6.933,6.886,6.926,10152.0,6.930666666666667,EVALUATION,0.004187120993358384
QYLD,2016-04-06T00:00:00Z,6.945,6.956,6.936,6.955,31069.0,6.939,EVALUATION,-0.0018691588785046953
QYLD,2016-04-07T00:00:00Z,6.982,6.982,6.893,6.942,17367.0,6.941000000000001,EVALUATION,-0.0004321521175454368
QYLD,2016-04-08T00:00:00Z,6.961,6.961,6.911,6.939,16953.0,6.945333333333334,EVALUATION,0.0004323389537397304
QYLD,2016-04-11T00:00:00Z,6.905,6.948,6.905,6.942,15650.0,6.941000000000001,EVALUATION,0.002304811293575293
QYLD,2016-04-12T00:00:00Z,6.905,6.968,6.905,6.958,26675.0,6.9463333333333335,EVALUATION,0.0012934751365334396
QYLD,2016-04-13T00:00:00Z,6.989,6.989,6.945,6.967,27088.0,6.955666666666667,EVALUATION,0.0008612028132626293
QYLD,2016-04-14T00:00:00Z,6.995,6.995,6.926,6.973,17622.0,6.965999999999999,EVALUATION,-0.003585257421482746
QYLD,2016-04-15T00:00:00Z,6.94,6.961,6.933,6.948,28252.0,6.962666666666667,EVALUATION,-0.00043177892918822014
QYLD,2016-04-18T00:00:00Z,6.933,6.961,6.93,6.945,13840.0,6.955333333333334,EVALUATION,0.0027357811375090524
QYLD,2016-04-19T00:00:00Z,7.028,7.028,6.951,6.964,12734.0,6.952333333333334,EVALUATION,0.0015795519816197423
QYLD,2016-04-20T00:00:00Z,7.072,7.072,6.947,6.975,36950.0,6.961333333333333,EVALUATION,-0.002007168458781239
QYLD,2016-04-21T00:00:00Z,6.966,6.967,6.953,6.961,13041.0,6.966666666666667,EVALUATION,-0.007901163625915864
QYLD,2016-04-22T00:00:00Z,6.925,6.925,6.838,6.906,24340.0,6.947333333333333,EVALUATION,-0.0017376194613378804
QYLD,2016-04-25T00:00:00Z,6.912,6.912,6.875,6.894,10530.0,6.920333333333334,EVALUATION,-0.004351610095735481
QYLD,2016-04-26T00:00:00Z,6.875,6.9,6.859,6.864,21844.0,6.888,EVALUATION,-0.00451631701631694
QYLD,2016-04-27T00:00:00Z,6.828,6.835,6.775,6.833,31765.0,6.863666666666667,EVALUATION,-0.008049173130396658
QYLD,2016-04-28T00:00:00Z,6.794,6.869,6.775,6.778,20416.0,6.824999999999999,EVALUATION,-0.007524343464148653
QYLD,2016-04-29T00:00:00Z,6.772,6.772,6.685,6.727,12538.0,6.779333333333334,EVALUATION,0.008621971160992947
QYLD,2016-05-02T00:00:00Z,6.737,6.785,6.713,6.785,7759.0,6.763333333333334,EVALUATION,-0.0076639646278556794
QYLD,2016-05-03T00:00:00Z,6.727,6.762,6.71,6.733,7587.0,6.748333333333333,EVALUATION,-0.006237932570919313
QYLD,2016-05-04T00:00:00Z,6.722,6.722,6.682,6.691,12869.0,6.736333333333333,EVALUATION,-0.0002989089822148516
QYLD,2016-05-05T00:00:00Z,6.699,6.7,6.688,6.689,5489.0,6.704333333333333,EVALUATION,0.004484975332635699
QYLD,2016-05-06T00:00:00Z,6.682,6.719,6.644,6.719,39949.0,6.699666666666667,EVALUATION,0.00014883167137957898
QYLD,2016-05-09T00:00:00Z,6.732,6.735,6.682,6.72,18891.0,6.709333333333333,EVALUATION,0.01041666666666674
QYLD,2016-05-10T00:00:00Z,6.782,6.813,6.721,6.79,9539.0,6.743,EVALUATION,-0.003534609720176718
QYLD,2016-05-11T00:00:00Z,6.769,6.822,6.766,6.766,13461.0,6.758666666666667,EVALUATION,-0.005025125628140725
QYLD,2016-05-12T00:00:00Z,6.729,6.754,6.688,6.732,12642.0,6.762666666666666,EVALUATION,-0.004010695187165791
QYLD,2016-05-13T00:00:00Z,6.691,6.791,6.688,6.705,20095.0,6.734333333333334,EVALUATION,0.015659955257270708
QYLD,2016-05-16T00:00:00Z,6.691,6.81,6.691,6.81,13781.0,6.7490000000000006,EVALUATION,-0.013656387665198277
QYLD,2016-05-17T00:00:00Z,6.825,6.828,6.693,6.717,16351.0,6.744,EVALUATION,-0.005061783534315856
QYLD,2016-05-18T00:00:00Z,6.719,6.744,6.672,6.683,20474.0,6.736666666666666,EVALUATION,0.0035912015561874178
QYLD,2016-05-19T00:00:00Z,6.672,6.707,6.651,6.707,23186.0,6.702333333333333,EVALUATION,0.011629640673922914
QYLD,2016-05-20T00:00:00Z,6.738,6.8,6.738,6.785,6939.0,6.725,EVALUATION,0.00044215180545315036
QYLD,2016-05-23T00:00:00Z,6.81,6.81,6.748,6.788,19925.0,6.76,EVALUATION,0.009133765468473776
QYLD,2016-05-24T00:00:00Z,6.994,6.994,6.796,6.85,20614.0,6.807666666666666,EVALUATION,-0.0005839416058392999
QYLD,2016-05-25T00:00:00Z,6.86,6.876,6.797,6.846,11030.0,6.827999999999999,EVALUATION,-0.00029214139643585213
QYLD,2016-05-26T00:00:00Z,6.866,6.866,6.822,6.844,3695.0,6.846666666666667,EVALUATION,0.004237288135593209
QYLD,2016-05-27T00:00:00Z,6.866,6.898,6.834,6.873,10688.0,6.854333333333333,EVALUATION,-0.004655899898152183
QYLD,2016-05-31T00:00:00Z,6.92,6.92,6.839,6.841,11994.0,6.852666666666667,EVALUATION,-0.0002923549188714736
QYLD,2016-06-01T00:00:00Z,6.879,6.882,6.837,6.839,2440.0,6.851000000000001,EVALUATION,0.005410147682409772
QYLD,2016-06-02T00:00:00Z,6.857,6.888,6.841,6.876,11491.0,6.852,EVALUATION,0.0008726003490400203
QYLD,2016-06-03T00:00:00Z,6.854,6.885,6.85,6.882,14789.0,6.865666666666668,EVALUATION,-0.0008718395815169311
QYLD,2016-06-06T00:00:00Z,6.888,6.888,6.852,6.876,14151.0,6.878,EVALUATION,-0.00043630017452012115
QYLD,2016-06-07T00:00:00Z,6.857,6.898,6.844,6.873,38163.0,6.877000000000001,EVALUATION,0.001163974974538018
QYLD,2016-06-08T00:00:00Z,6.841,6.913,6.841,6.881,9070.0,6.876666666666667,EVALUATION,-0.0015986048539456954
QYLD,2016-06-09T00:00:00Z,6.851,6.901,6.844,6.87,28462.0,6.874666666666666,EVALUATION,-0.0037845705967975984
QYLD,2016-06-10T00:00:00Z,6.854,6.879,6.837,6.844,34197.0,6.865,EVALUATION,-0.0008766803039158555
QYLD,2016-06-13T00:00:00Z,6.835,6.898,6.835,6.838,12065.0,6.850666666666667,EVALUATION,0.007312079555425566
QYLD,2016-06-14T00:00:00Z,6.904,6.904,6.825,6.888,24253.0,6.8566666666666665,EVALUATION,-0.0017421602787456303
QYLD,2016-06-15T00:00:00Z,6.851,6.882,6.851,6.876,8106.0,6.867333333333333,EVALUATION,0.002763234438627027
QYLD,2016-06-16T00:00:00Z,6.854,6.901,6.833,6.895,37715.0,6.886333333333333,EVALUATION,-0.00870195794053652
QYLD,2016-06-17T00:00:00Z,6.851,6.894,6.797,6.835,39957.0,6.868666666666667,EVALUATION,0.003218727139722155
QYLD,2016-06-20T00:00:00Z,6.882,6.882,6.825,6.857,16876.0,6.862333333333334,EVALUATION,-0.0051042730056876096
QYLD,2016-06-21T00:00:00Z,6.851,6.851,6.822,6.822,5863.0,6.838,EVALUATION,0.0020521841102316696
QYLD,2016-06-22T00:00:00Z,6.858,6.874,6.834,6.836,10359.0,6.838333333333333,EVALUATION,0.002779403159742566
QYLD,2016-06-23T00:00:00Z,6.89,6.89,6.829,6.855,5599.0,6.837666666666667,EVALUATION,-0.013858497447118978
QYLD,2016-06-24T00:00:00Z,6.817,6.823,6.699,6.76,41407.0,6.817,EVALUATION,-0.01597633136094667
QYLD,2016-06-27T00:00:00Z,6.756,6.756,6.588,6.652,31527.0,6.7556666666666665,EVALUATION,0.012477450390860012
QYLD,2016-06-28T00:00:00Z,6.693,6.788,6.693,6.735,13027.0,6.715666666666667,EVALUATION,0.019153674832962153
QYLD,2016-06-29T00:00:00Z,6.811,6.883,6.81,6.864,11977.0,6.750333333333334,EVALUATION,0.0037878787878786735
QYLD,2016-06-30T00:00:00Z,6.867,6.898,6.861,6.89,16158.0,6.829666666666666,EVALUATION,0.0004354136429607358
QYLD,2016-07-01T00:00:00Z,6.906,6.915,6.884,6.893,7220.0,6.882333333333333,EVALUATION,0.0018859712752066216
QYLD,2016-07-05T00:00:00Z,6.931,6.931,6.865,6.906,19236.0,6.896333333333333,EVALUATION,-0.0002896032435563134
QYLD,2016-07-06T00:00:00Z,6.906,6.929,6.883,6.904,21982.0,6.901,EVALUATION,0.004345307068366111
QYLD,2016-07-07T00:00:00Z,6.883,6.937,6.883,6.934,10879.0,6.914666666666667,EVALUATION,0.00043265070666276273
QYLD,2016-07-08T00:00:00Z,6.994,6.994,6.899,6.937,39214.0,6.925000000000001,EVALUATION,0.003027245206861817
QYLD,2016-07-11T00:00:00Z,6.963,6.963,6.94,6.958,35115.0,6.943,EVALUATION,-0.0008623167576889967
QYLD,2016-07-12T00:00:00Z,6.988,6.988,6.931,6.952,73738.0,6.949,EVALUATION,-0.0018699654775603536
QYLD,2016-07-13T00:00:00Z,6.921,6.964,6.921,6.939,21316.0,6.949666666666667,EVALUATION,0.0015852428303790855
QYLD,2016-07-14T00:00:00Z,6.951,6.966,6.928,6.95,9281.0,6.947000000000001,EVALUATION,-0.004604316546762632
QYLD,2016-07-15T00:00:00Z,6.953,6.956,6.915,6.918,17471.0,6.935666666666667,EVALUATION,0.003324660306446958
QYLD,2016-07-18T00:00:00Z,6.945,6.969,6.94,6.941,15729.0,6.936333333333334,EVALUATION,-0.0008644287566633713
QYLD,2016-07-19T00:00:00Z,6.95,6.956,6.928,6.935,20344.0,6.931333333333333,EVALUATION,0.005046863734679219
QYLD,2016-07-20T00:00:00Z,6.989,6.989,6.964,6.97,32897.0,6.948666666666666,EVALUATION,-0.0010043041606886405
QYLD,2016-07-21T00:00:00Z,6.986,6.986,6.96,6.963,18812.0,6.9559999999999995,EVALUATION,0.0004308487720809939
QYLD,2016-07-22T00:00:00Z,6.976,6.979,6.941,6.966,8075.0,6.966333333333333,EVALUATION,-0.0008613264427218548
QYLD,2016-07-25T00:00:00Z,6.989,6.989,6.941,6.96,19238.0,6.963,EVALUATION,0.0008620689655172153
QYLD,2016-07-26T00:00:00Z,6.96,6.997,6.96,6.966,8876.0,6.964,EVALUATION,0.004593741027849596
QYLD,2016-07-27T00:00:00Z,7.014,7.024,6.983,6.998,5589.0,6.974666666666667,EVALUATION,-0.0004286939125464073
QYLD,2016-07-28T00:00:00Z,6.944,7.008,6.944,6.995,23139.0,6.9863333333333335,EVALUATION,-0.00014295925661189646
QYLD,2016-07-29T00:00:00Z,6.978,6.998,6.978,6.994,16305.0,6.995666666666667,EVALUATION,0.0032885330283101144
QYLD,2016-08-01T00:00:00Z,6.986,7.03,6.986,7.017,18924.0,7.002,EVALUATION,-0.002707709847513229
QYLD,2016-08-02T00:00:00Z,7.008,7.014,6.998,6.998,6063.0,7.003,EVALUATION,-0.0004286939125464073
QYLD,2016-08-03T00:00:00Z,7.008,7.021,6.995,6.995,9078.0,7.003333333333334,EVALUATION,0.0045746962115797984
QYLD,2016-08-04T00:00:00Z,6.998,7.03,6.992,7.027,13709.0,7.006666666666667,EVALUATION,0.0
QYLD,2016-08-05T00:00:00Z,7.017,7.03,7.016,7.027,14485.0,7.016333333333334,EVALUATION,0.0014230823964707096
QYLD,2016-08-08T00:00:00Z,7.03,7.04,7.024,7.037,11997.0,7.030333333333333,EVALUATION,0.0
QYLD,2016-08-09T00:00:00Z,7.033,7.04,7.027,7.037,7436.0,7.033666666666667,EVALUATION,0.002700014210601065
QYLD,2016-08-10T00:00:00Z,7.033,7.059,7.033,7.056,13317.0,7.043333333333333,EVALUATION,-0.007227891156462607
QYLD,2016-08-11T00:00:00Z,7.03,7.046,7.005,7.005,17351.0,7.032666666666667,EVALUATION,0.003997144896502602
QYLD,2016-08-12T00:00:00Z,7.046,7.049,7.014,7.033,17116.0,7.031333333333333,EVALUATION,-0.0004265605004977191
QYLD,2016-08-15T00:00:00Z,7.043,7.043,7.011,7.03,10175.0,7.022666666666667,EVALUATION,0.0009957325746798862
QYLD,2016-08-16T00:00:00Z,7.03,7.052,7.024,7.037,6447.0,7.033333333333333,EVALUATION,0.0011368480886742027
QYLD,2016-08-17T00:00:00Z,7.014,7.049,7.014,7.045,8521.0,7.037333333333333,EVALUATION,-0.0002838892831795725
QYLD,2016-08-18T00:00:00Z,7.046,7.049,7.04,7.043,3198.0,7.041666666666666,EVALUATION,-0.0004259548487860476
QYLD,2016-08-19T00:00:00Z,7.037,7.043,7.027,7.04,13045.0,7.042666666666666,EVALUATION,0.0
QYLD,2016-08-22T00:00:00Z,7.049,7.049,7.033,7.04,6919.0,7.041,EVALUATION,0.00369318181818179
QYLD,2016-08-23T00:00:00Z,7.043,7.08,7.043,7.066,18186.0,7.048666666666667,EVALUATION,-0.0077837531842626095
QYLD,2016-08-24T00:00:00Z,7.085,7.107,7.008,7.011,82156.0,7.039,EVALUATION,0.0031379261161033067
QYLD,2016-08-25T00:00:00Z,7.011,7.046,7.011,7.033,15440.0,7.036666666666667,EVALUATION,-0.002701549836485184
QYLD,2016-08-26T00:00:00Z,7.059,7.075,7.011,7.014,13116.0,7.019333333333334,EVALUATION,0.0059880239520957446
QYLD,2016-08-29T00:00:00Z,7.059,7.065,7.024,7.056,9080.0,7.0343333333333335,EVALUATION,-0.001842403628117939
QYLD,2016-08-30T00:00:00Z,7.062,7.062,7.017,7.043,21911.0,7.0376666666666665,EVALUATION,-0.0012778645463581428
QYLD,2016-08-31T00:00:00Z,7.043,7.043,7.016,7.034,9877.0,7.0443333333333324,EVALUATION,0.002558999147000307
QYLD,2016-09-01T00:00:00Z,7.027,7.052,7.023,7.052,7070.0,7.042999999999999,EVALUATION,0.0028360748723768037
QYLD,2016-09-02T00:00:00Z,7.057,7.081,7.053,7.072,9689.0,7.052666666666667,EVALUATION,0.0012726244343892468
QYLD,2016-09-06T00:00:00Z,7.085,7.088,7.056,7.081,9818.0,7.068333333333333,EVALUATION,0.0018358988843383273
QYLD,2016-09-07T00:00:00Z,7.083,7.097,7.075,7.094,6271.0,7.0823333333333345,EVALUATION,0.0
QYLD,2016-09-08T00:00:00Z,7.069,7.104,7.069,7.094,16350.0,7.089666666666668,EVALUATION,-0.014942204680011284
QYLD,2016-09-09T00:00:00Z,7.091,7.091,6.972,6.988,47680.0,7.058666666666667,EVALUATION,0.008586147681740153
QYLD,2016-09-12T00:00:00Z,6.988,7.064,6.954,7.048,9356.0,7.043333333333334,EVALUATION,-0.006242905788876318
QYLD,2016-09-13T00:00:00Z,7.033,7.033,6.963,7.004,9239.0,7.013333333333334,EVALUATION,0.005568246716162184
QYLD,2016-09-14T00:00:00Z,7.046,7.085,7.024,7.043,10507.0,7.031666666666666,EVALUATION,0.012778645463580762
QYLD,2016-09-15T00:00:00Z,7.049,7.133,7.049,7.133,3317.0,7.0600000000000005,EVALUATION,-0.0026636758727043297
QYLD,2016-09-16T00:00:00Z,7.097,7.133,7.097,7.114,8049.0,7.096666666666667,EVALUATION,0.002811357885858845
QYLD,2016-09-19T00:00:00Z,7.2,7.2,7.101,7.134,7056.0,7.127000000000001,EVALUATION,-0.0005606952621250993
QYLD,2016-09-20T00:00:00Z,7.114,7.155,7.114,7.13,2980.0,7.1259999999999994,EVALUATION,0.004207573632538653
QYLD,2016-09-21T00:00:00Z,7.112,7.16,7.105,7.16,13550.0,7.141333333333334,EVALUATION,0.001955307262569761
QYLD,2016-09-22T00:00:00Z,7.202,7.202,7.16,7.174,16352.0,7.1546666666666665,EVALUATION,-0.0005575689991637045
QYLD,2016-09-23T00:00:00Z,7.167,7.173,7.164,7.17,10325.0,7.168,EVALUATION,-0.003626220362622057
QYLD,2016-09-26T00:00:00Z,7.161,7.17,7.144,7.144,7405.0,7.1626666666666665,EVALUATION,0.004479283314669624
QYLD,2016-09-27T00:00:00Z,7.15,7.183,7.141,7.176,6970.0,7.163333333333334,EVALUATION,0.0
QYLD,2016-09-28T00:00:00Z,7.16,7.176,7.154,7.176,11692.0,7.165333333333333,EVALUATION,-0.0022296544035674826
QYLD,2016-09-29T00:00:00Z,7.156,7.18,7.144,7.16,17312.0,7.1706666666666665,EVALUATION,0.002513966480446994
QYLD,2016-09-30T00:00:00Z,7.163,7.18,7.163,7.178,12230.0,7.171333333333333,EVALUATION,0.0043187517414320364
QYLD,2016-10-03T00:00:00Z,7.193,7.218,7.176,7.209,11875.0,7.182333333333333,EVALUATION,-0.0008322929671242818
QYLD,2016-10-04T00:00:00Z,7.212,7.212,7.189,7.203,9645.0,7.196666666666667,EVALUATION,-0.0020824656393170216
QYLD,2016-10-05T00:00:00Z,7.212,7.212,7.188,7.188,4166.0,7.2,EVALUATION,-0.00027824151363375904
QYLD,2016-10-06T00:00:00Z,7.18,7.222,7.18,7.186,4991.0,7.192333333333334,EVALUATION,0.0004174784302810597
QYLD,2016-10-07T00:00:00Z,7.225,7.225,7.176,7.189,5743.0,7.187666666666667,EVALUATION,0.00639866462651284
QYLD,2016-10-10T00:00:00Z,7.204,7.235,7.204,7.235,8253.0,7.203333333333333,EVALUATION,-0.004561161022805904
QYLD,2016-10-11T00:00:00Z,7.231,7.231,7.157,7.202,13888.0,7.208666666666666,EVALUATION,-0.0004165509580672522
QYLD,2016-10-12T00:00:00Z,7.244,7.244,7.167,7.199,8111.0,7.212,EVALUATION,-0.0005556327267675076
QYLD,2016-10-13T00:00:00Z,7.16,7.206,7.128,7.195,29283.0,7.198666666666666,EVALUATION,-0.0002779708130646874
QYLD,2016-10-14T00:00:00Z,7.274,7.274,7.18,7.193,20995.0,7.195666666666666,EVALUATION,0.0004170721534826338
QYLD,2016-10-17T00:00:00Z,7.248,7.248,7.186,7.196,12753.0,7.1946666666666665,EVALUATION,0.004863813229571967
QYLD,2016-10-18T00:00:00Z,7.183,7.251,7.183,7.231,37447.0,7.206666666666667,EVALUATION,-0.001244641128474555
QYLD,2016-10-19T00:00:00Z,7.257,7.257,7.2,7.222,20207.0,7.216333333333333,EVALUATION,0.0040155081694821515
QYLD,2016-10-20T00:00:00Z,7.231,7.274,7.222,7.251,20552.0,7.2346666666666675,EVALUATION,0.0008274720728174145
QYLD,2016-10-21T00:00:00Z,7.244,7.275,7.225,7.257,14626.0,7.243333333333334,EVALUATION,0.008543475265261113
QYLD,2016-10-24T00:00:00Z,7.345,7.345,7.29,7.319,19610.0,7.275666666666667,EVALUATION,-0.002186090996037726
QYLD,2016-10-25T00:00:00Z,7.387,7.387,7.28,7.303,31818.0,7.293,EVALUATION,-0.005887991236478207
QYLD,2016-10-26T00:00:00Z,7.338,7.348,7.234,7.26,26001.0,7.2940000000000005,EVALUATION,0.0009641873278236623
QYLD,2016-10-27T00:00:00Z,7.338,7.338,7.241,7.267,10207.0,7.276666666666667,EVALUATION,-0.006742809962845819
QYLD,2016-10-28T00:00:00Z,7.355,7.355,7.218,7.218,24987.0,7.248333333333333,EVALUATION,0.0008312551953451042
QYLD,2016-10-31T00:00:00Z,7.283,7.283,7.208,7.224,10321.0,7.2363333333333335,EVALUATION,-0.005121816168327742
QYLD,2016-11-01T00:00:00Z,7.231,7.235,7.145,7.187,9809.0,7.209666666666667,EVALUATION,-0.005704744677890727
QYLD,2016-11-02T00:00:00Z,7.201,7.244,7.133,7.146,24983.0,7.185666666666666,EVALUATION,-0.003638399104394008
QYLD,2016-11-03T00:00:00Z,7.192,7.192,7.094,7.12,25761.0,7.151,EVALUATION,-0.00969101123595506
QYLD,2016-11-04T00:00:00Z,7.126,7.144,7.048,7.051,50613.0,7.105666666666667,EVALUATION,0.019429868103814973
QYLD,2016-11-07T00:00:00Z,7.192,7.24,7.162,7.188,52446.0,7.119666666666667,EVALUATION,0.002365052865887618
QYLD,2016-11-08T00:00:00Z,7.257,7.257,7.175,7.205,24523.0,7.148,EVALUATION,0.010409437890353868
QYLD,2016-11-09T00:00:00Z,7.175,7.306,7.175,7.28,25654.0,7.224333333333334,EVALUATION,-0.009890109890109855
QYLD,2016-11-10T00:00:00Z,7.263,7.263,7.123,7.208,28783.0,7.231,EVALUATION,-0.0018035516093229953
QYLD,2016-11-11T00:00:00Z,7.175,7.224,7.143,7.195,17932.0,7.227666666666667,EVALUATION,-0.010006949270326637
QYLD,2016-11-14T00:00:00Z,7.156,7.198,7.104,7.123,18441.0,7.175333333333334,EVALUATION,0.014179418784220132
QYLD,2016-11-15T00:00:00Z,7.192,7.263,7.192,7.224,19606.0,7.180666666666667,EVALUATION,0.0019379844961240345
QYLD,2016-11-16T00:00:00Z,7.265,7.302,7.237,7.238,12189.0,7.195,EVALUATION,0.013401492124896386
QYLD,2016-11-17T00:00:00Z,7.281,7.338,7.262,7.335,10485.0,7.265666666666666,EVALUATION,-0.0029993183367417187
QYLD,2016-11-18T00:00:00Z,7.306,7.335,7.282,7.313,9782.0,7.295333333333334,EVALUATION,0.006563653767263755
QYLD,2016-11-21T00:00:00Z,7.335,7.371,7.322,7.361,20153.0,7.336333333333332,EVALUATION,0.0013585110718652427
QYLD,2016-11-22T00:00:00Z,7.371,7.412,7.329,7.371,26208.0,7.348333333333333,EVALUATION,-0.0008140008140008481
QYLD,2016-11-23T00:00:00Z,7.391,7.391,7.359,7.365,18705.0,7.365666666666667,EVALUATION,0.0028513238289205045
QYLD,2016-11-25T00:00:00Z,7.359,7.424,7.359,7.386,8056.0,7.3740000000000006,EVALUATION,-0.0014893040888166453
QYLD,2016-11-28T00:00:00Z,7.451,7.451,7.336,7.375,8016.0,7.375333333333334,EVALUATION,0.0013559322033898091
QYLD,2016-11-29T00:00:00Z,7.345,7.434,7.345,7.385,106919.0,7.382,EVALUATION,-0.00758293838862556
QYLD,2016-11-30T00:00:00Z,7.483,7.483,7.329,7.329,66911.0,7.3629999999999995,EVALUATION,-0.008459544276163133
QYLD,2016-12-01T00:00:00Z,7.329,7.339,7.26,7.267,21129.0,7.327,EVALUATION,0.0017889087656528524
QYLD,2016-12-02T00:00:00Z,7.276,7.306,7.273,7.28,30507.0,7.292,EVALUATION,0.008516483516483486
QYLD,2016-12-05T00:00:00Z,7.293,7.361,7.282,7.342,15740.0,7.296333333333333,EVALUATION,-0.00040860800871689307
QYLD,2016-12-06T00:00:00Z,7.388,7.388,7.309,7.339,29794.0,7.320333333333334,EVALUATION,0.009401825861834023
QYLD,2016-12-07T00:00:00Z,7.293,7.408,7.293,7.408,14592.0,7.363,EVALUATION,-0.002159827213822907
QYLD,2016-12-08T00:00:00Z,7.437,7.437,7.386,7.392,15030.0,7.379666666666667,EVALUATION,0.0021645021645022577
QYLD,2016-12-09T00:00:00Z,7.46,7.46,7.38,7.408,17840.0,7.402666666666667,EVALUATION,0.0013498920086392197
QYLD,2016-12-12T00:00:00Z,7.411,7.431,7.405,7.418,9754.0,7.406000000000001,EVALUATION,0.005661903478026309
QYLD,2016-12-13T00:00:00Z,7.408,7.47,7.408,7.46,31146.0,7.4286666666666665,EVALUATION,-0.006970509383377954
QYLD,2016-12-14T00:00:00Z,7.445,7.445,7.408,7.408,9943.0,7.4286666666666665,EVALUATION,0.002159827213822796
QYLD,2016-12-15T00:00:00Z,7.454,7.456,7.408,7.424,27515.0,7.430666666666667,EVALUATION,-0.011045258620689724
QYLD,2016-12-16T00:00:00Z,7.451,7.451,7.342,7.342,24232.0,7.391333333333334,EVALUATION,0.00967038953963506
QYLD,2016-12-19T00:00:00Z,7.431,7.433,7.403,7.413,10213.0,7.393000000000001,EVALUATION,0.0028328611898016387
QYLD,2016-12-20T00:00:00Z,7.421,7.447,7.408,7.434,12218.0,7.396333333333334,EVALUATION,-0.001479687920365902
QYLD,2016-12-21T00:00:00Z,7.419,7.446,7.406,7.423,10124.0,7.423333333333334,EVALUATION,-0.00498450761147784
QYLD,2016-12-22T00:00:00Z,7.439,7.444,7.38,7.386,23499.0,7.414333333333333,EVALUATION,0.00541565123206067
QYLD,2016-12-23T00:00:00Z,7.449,7.449,7.386,7.426,25545.0,7.411666666666667,EVALUATION,0.002289253972528771
QYLD,2016-12-27T00:00:00Z,7.409,7.489,7.409,7.443,41813.0,7.418333333333333,EVALUATION,-0.0010748354158269802
QYLD,2016-12-28T00:00:00Z,7.469,7.469,7.401,7.435,14956.0,7.434666666666667,EVALUATION,-0.0039004707464693755
QYLD,2016-12-29T00:00:00Z,7.474,7.474,7.406,7.406,10912.0,7.427999999999999,EVALUATION,-0.0021604104779908706
QYLD,2016-12-30T00:00:00Z,7.396,7.409,7.366,7.39,15805.0,7.410333333333333,EVALUATION,0.0004059539918810362
QYLD,2017-01-03T00:00:00Z,7.439,7.439,7.377,7.393,23448.0,7.396333333333333,EVALUATION,0.006222101988367479
QYLD,2017-01-04T00:00:00Z,7.439,7.439,7.413,7.439,13275.0,7.407333333333334,EVALUATION,0.0026885334050275045
QYLD,2017-01-05T00:00:00Z,7.423,7.486,7.423,7.459,28508.0,7.4303333333333335,EVALUATION,0.004424185547660553
QYLD,2017-01-06T00:00:00Z,7.487,7.527,7.481,7.492,31620.0,7.463333333333333,EVALUATION,0.003603844100373843
QYLD,2017-01-09T00:00:00Z,7.489,7.522,7.474,7.519,22992.0,7.49,EVALUATION,-0.0006649820454847077
QYLD,2017-01-10T00:00:00Z,7.505,7.525,7.505,7.514,8977.0,7.508333333333333,EVALUATION,0.001996273622571154
QYLD,2017-01-11T00:00:00Z,7.565,7.565,7.509,7.529,53348.0,7.520666666666667,EVALUATION,0.0011953778722273434
QYLD,2017-01-12T00:00:00Z,7.515,7.545,7.479,7.538,29109.0,7.526999999999999,EVALUATION,0.0
QYLD,2017-01-13T00:00:00Z,7.555,7.555,7.505,7.538,31979.0,7.535,EVALUATION,0.0
QYLD,2017-01-17T00:00:00Z,7.562,7.562,7.522,7.538,79751.0,7.538,EVALUATION,0.0013266118333774557
QYLD,2017-01-18T00:00:00Z,7.585,7.585,7.509,7.548,20331.0,7.541333333333333,EVALUATION,0.0
QYLD,2017-01-19T00:00:00Z,7.568,7.568,7.535,7.548,10064.0,7.544666666666666,EVALUATION,0.0
QYLD,2017-01-20T00:00:00Z,7.581,7.581,7.538,7.548,17264.0,7.548,EVALUATION,-0.0030471648118706174
QYLD,2017-01-23T00:00:00Z,7.581,7.581,7.522,7.525,25593.0,7.540333333333333,EVALUATION,0.01102990033222584
QYLD,2017-01-24T00:00:00Z,7.598,7.621,7.562,7.608,34401.0,7.560333333333333,EVALUATION,0.0034174553101999905
QYLD,2017-01-25T00:00:00Z,7.65,7.65,7.588,7.634,18661.0,7.589,EVALUATION,-0.00275085145402143
QYLD,2017-01-26T00:00:00Z,7.63,7.647,7.587,7.613,27402.0,7.618333333333334,EVALUATION,0.004203336398266089
QYLD,2017-01-27T00:00:00Z,7.67,7.67,7.614,7.645,8637.0,7.6306666666666665,EVALUATION,-0.0019620667102681066
QYLD,2017-01-30T00:00:00Z,7.657,7.657,7.584,7.63,18079.0,7.629333333333333,EVALUATION,-0.0020969855832241313
QYLD,2017-01-31T00:00:00Z,7.64,7.64,7.597,7.614,7132.0,7.629666666666667,EVALUATION,0.0007880220646179215
QYLD,2017-02-01T00:00:00Z,7.614,7.663,7.608,7.62,24808.0,7.621333333333333,EVALUATION,0.002624671916010346
QYLD,2017-02-02T00:00:00Z,7.647,7.65,7.627,7.64,19640.0,7.624666666666666,EVALUATION,0.0018324607329842646
QYLD,2017-02-03T00:00:00Z,7.64,7.657,7.624,7.654,13646.0,7.638,EVALUATION,0.000783903841128808
QYLD,2017-02-06T00:00:00Z,7.68,7.682,7.633,7.66,11650.0,7.6513333333333335,EVALUATION,-0.0013054830287205776
QYLD,2017-02-07T00:00:00Z,7.73,7.73,7.65,7.65,16595.0,7.654666666666667,EVALUATION,0.0022222222222221255
QYLD,2017-02-08T00:00:00Z,7.644,7.674,7.631,7.667,52816.0,7.659000000000001,EVALUATION,0.0002608582235554824
QYLD,2017-02-09T00:00:00Z,7.7,7.7,7.65,7.669,46771.0,7.662000000000001,EVALUATION,0.001043160777154828
QYLD,2017-02-10T00:00:00Z,7.67,7.68,7.659,7.677,45335.0,7.670999999999999,EVALUATION,-0.001042073726716164
QYLD,2017-02-13T00:00:00Z,7.737,7.737,7.654,7.669,22017.0,7.671666666666667,EVALUATION,-0.0005215803885773029
QYLD,2017-02-14T00:00:00Z,7.707,7.707,7.647,7.665,32865.0,7.670333333333334,EVALUATION,-0.0001304631441617632
QYLD,2017-02-15T00:00:00Z,7.693,7.693,7.647,7.664,17591.0,7.666,EVALUATION,0.0007828810020877874
QYLD,2017-02-16T00:00:00Z,7.693,7.693,7.65,7.67,23380.0,7.666333333333333,EVALUATION,0.0029986962190351463
QYLD,2017-02-17T00:00:00Z,7.68,7.697,7.65,7.693,19412.0,7.675666666666666,EVALUATION,0.004809567138957638
QYLD,2017-02-21T00:00:00Z,7.747,7.757,7.713,7.73,30298.0,7.697666666666667,EVALUATION,-0.0015523932729625267
QYLD,2017-02-22T00:00:00Z,7.77,7.77,7.693,7.718,16572.0,7.713666666666667,EVALUATION,-0.0023322104172065483
QYLD,2017-02-23T00:00:00Z,7.73,7.73,7.68,7.7,47217.0,7.716,EVALUATION,-0.0003896103896103842
QYLD,2017-02-24T00:00:00Z,7.647,7.71,7.647,7.697,33583.0,7.705,EVALUATION,0.0016889697284656613
QYLD,2017-02-27T00:00:00Z,7.68,7.713,7.678,7.71,20882.0,7.702333333333334,EVALUATION,-0.0009079118028534339
QYLD,2017-02-28T00:00:00Z,7.713,7.713,7.673,7.703,40542.0,7.703333333333333,EVALUATION,0.005712060236271466
QYLD,2017-03-01T00:00:00Z,7.793,7.793,7.693,7.747,12767.0,7.72,EVALUATION,-0.002581644507551273
QYLD,2017-03-02T00:00:00Z,7.76,7.763,7.7,7.727,21467.0,7.725666666666667,EVALUATION,-0.0005176653293645916
QYLD,2017-03-03T00:00:00Z,7.677,7.74,7.677,7.723,34128.0,7.732333333333333,EVALUATION,0.005179334455522433
QYLD,2017-03-06T00:00:00Z,7.713,7.763,7.707,7.763,20671.0,7.737666666666667,EVALUATION,-0.0029627721241787253
QYLD,2017-03-07T00:00:00Z,7.763,7.763,7.733,7.74,15066.0,7.742,EVALUATION,0.002196382428940602
QYLD,2017-03-08T00:00:00Z,7.746,7.763,7.733,7.757,7973.0,7.753333333333334,EVALUATION,-0.000902410725795999
QYLD,2017-03-09T00:00:00Z,7.703,7.75,7.703,7.75,14280.0,7.7490000000000006,EVALUATION,-0.0016774193548386718
QYLD,2017-03-10T00:00:00Z,7.737,7.777,7.723,7.737,23947.0,7.748,EVALUATION,0.0012924906294429217
QYLD,2017-03-13T00:00:00Z,7.78,7.78,7.729,7.747,20323.0,7.744666666666667,EVALUATION,0.0020653156060410627
QYLD,2017-03-14T00:00:00Z,7.759,7.783,7.759,7.763,5386.0,7.7490000000000006,EVALUATION,0.0009017132551847329
QYLD,2017-03-15T00:00:00Z,7.763,7.793,7.76,7.77,12510.0,7.76,EVALUATION,-0.0029601029601029616
QYLD,2017-03-16T00:00:00Z,7.747,7.79,7.747,7.747,24510.0,7.76,EVALUATION,-0.0009035755776428678
QYLD,2017-03-17T00:00:00Z,7.768,7.793,7.723,7.74,86971.0,7.752333333333333,EVALUATION,0.0009043927648577643
QYLD,2017-03-20T00:00:00Z,7.7,7.77,7.697,7.747,54241.0,7.744666666666666,EVALUATION,-0.0077449335226539295
QYLD,2017-03-21T00:00:00Z,7.747,7.763,7.687,7.687,24315.0,7.724666666666667,EVALUATION,0.003122154286457679
QYLD,2017-03-22T00:00:00Z,7.684,7.718,7.684,7.711,13852.0,7.715,EVALUATION,-0.0012968486577616956
QYLD,2017-03-23T00:00:00Z,7.704,7.741,7.701,7.701,18432.0,7.699666666666667,EVALUATION,0.0010388261264770993
QYLD,2017-03-24T00:00:00Z,7.688,7.741,7.688,7.709,8927.0,7.707,EVALUATION,0.00466986638993383
QYLD,2017-03-27T00:00:00Z,7.708,7.755,7.681,7.745,26009.0,7.718333333333333,EVALUATION,0.0034861200774694012
QYLD,2017-03-28T00:00:00Z,7.745,7.805,7.728,7.772,20671.0,7.742,EVALUATION,0.005532681420483909
QYLD,2017-03-29T00:00:00Z,7.798,7.819,7.764,7.815,89358.0,7.777333333333333,EVALUATION,-0.0002559181062060656
QYLD,2017-03-30T00:00:00Z,7.805,7.815,7.805,7.813,5280.0,7.800000000000001,EVALUATION,-0.0010239344681940432
QYLD,2017-03-31T00:00:00Z,7.805,7.812,7.788,7.805,18183.0,7.811,EVALUATION,0.0005124919923127358
QYLD,2017-04-03T00:00:00Z,7.825,7.828,7.788,7.809,22020.0,7.809,EVALUATION,-0.0008964015879114884
QYLD,2017-04-04T00:00:00Z,7.819,7.821,7.792,7.802,21128.0,7.8053333333333335,EVALUATION,-0.004742373750320383
QYLD,2017-04-05T00:00:00Z,7.817,7.839,7.762,7.765,23431.0,7.792,EVALUATION,0.006310367031551856
QYLD,2017-04-06T00:00:00Z,7.758,7.822,7.758,7.814,19824.0,7.793666666666667,EVALUATION,0.0006398771435884854
QYLD,2017-04-07T00:00:00Z,7.822,7.839,7.799,7.819,11900.0,7.799333333333333,EVALUATION,0.00038368077759298735
QYLD,2017-04-10T00:00:00Z,7.835,7.835,7.809,7.822,10711.0,7.818333333333333,EVALUATION,-0.0029404244438762106
QYLD,2017-04-11T00:00:00Z,7.835,7.835,7.772,7.799,23180.0,7.8133333333333335,EVALUATION,-0.0005128862674702583
QYLD,2017-04-12T00:00:00Z,7.802,7.832,7.795,7.795,16198.0,7.8053333333333335,EVALUATION,-0.005131494547787052
QYLD,2017-04-13T00:00:00Z,7.8,7.829,7.755,7.755,49624.0,7.7829999999999995,EVALUATION,0.0043842682140553535
QYLD,2017-04-17T00:00:00Z,7.758,7.809,7.758,7.789,6665.0,7.7796666666666665,EVALUATION,0.0038515855693928014
QYLD,2017-04-18T00:00:00Z,7.802,7.828,7.788,7.819,23494.0,7.7876666666666665,EVALUATION,0.0019184038879651588
QYLD,2017-04-19T00:00:00Z,7.849,7.882,7.825,7.834,17380.0,7.814,EVALUATION,0.0031912177687005716
QYLD,2017-04-20T00:00:00Z,7.882,7.899,7.857,7.859,28016.0,7.8373333333333335,EVALUATION,0.00038172795521052016
QYLD,2017-04-21T00:00:00Z,7.854,7.879,7.846,7.862,43383.0,7.851666666666667,EVALUATION,0.005596540320529142
QYLD,2017-04-24T00:00:00Z,7.953,7.953,7.885,7.906,29142.0,7.875666666666667,EVALUATION,0.00037945863900845644
QYLD,2017-04-25T00:00:00Z,7.953,7.953,7.889,7.909,36415.0,7.892333333333333,EVALUATION,0.002402326463522675
QYLD,2017-04-26T00:00:00Z,7.978,7.978,7.904,7.928,53199.0,7.914333333333333,EVALUATION,0.0012613521695257202
QYLD,2017-04-27T00:00:00Z,7.999,7.999,7.924,7.938,25686.0,7.925,EVALUATION,-0.0017636684303350414
QYLD,2017-04-28T00:00:00Z,7.938,7.965,7.916,7.924,20894.0,7.93,EVALUATION,0.004290762241292212
QYLD,2017-05-01T00:00:00Z,7.968,7.968,7.897,7.958,25329.0,7.9399999999999995,EVALUATION,-0.0006282985674792574
QYLD,2017-05-02T00:00:00Z,7.968,7.968,7.938,7.953,24828.0,7.945,EVALUATION,-0.0010059097196026823
QYLD,2017-05-03T00:00:00Z,7.951,7.965,7.938,7.945,13637.0,7.952,EVALUATION,0.005915670232850889
QYLD,2017-05-04T00:00:00Z,7.951,7.992,7.941,7.992,27218.0,7.963333333333334,EVALUATION,0.0
QYLD,2017-05-05T00:00:00Z,7.919,7.995,7.919,7.992,16358.0,7.976333333333334,EVALUATION,-0.0021271271271271486
QYLD,2017-05-08T00:00:00Z,7.968,7.992,7.938,7.975,36142.0,7.9863333333333335,EVALUATION,-0.001504702194357277
QYLD,2017-05-09T00:00:00Z,7.998,8.003,7.948,7.963,33454.0,7.976666666666667,EVALUATION,0.0011302273012683273
QYLD,2017-05-10T00:00:00Z,7.961,7.998,7.961,7.972,22414.0,7.97,EVALUATION,0.0007526342197690106
QYLD,2017-05-11T00:00:00Z,7.972,8.002,7.968,7.978,27392.0,7.971,EVALUATION,0.0
QYLD,2017-05-12T00:00:00Z,7.982,7.986,7.957,7.978,20036.0,7.975999999999999,EVALUATION,0.0
QYLD,2017-05-15T00:00:00Z,8.002,8.053,7.958,7.978,21874.0,7.978,EVALUATION,0.0
QYLD,2017-05-16T00:00:00Z,8.009,8.009,7.96,7.978,24199.0,7.978,EVALUATION,0.0
QYLD,2017-05-17T00:00:00Z,7.992,7.996,7.938,7.978,30812.0,7.978,EVALUATION,0.0
QYLD,2017-05-18T00:00:00Z,7.955,7.986,7.955,7.978,17660.0,7.978,EVALUATION,0.003008272750062879
QYLD,2017-05-19T00:00:00Z,7.978,8.043,7.961,8.002,58580.0,7.986,EVALUATION,0.0038740314921268393
QYLD,2017-05-22T00:00:00Z,8.056,8.056,8.005,8.033,41815.0,8.004333333333333,EVALUATION,0.00124486493215481
QYLD,2017-05-23T00:00:00Z,8.1,8.1,8.039,8.043,36361.0,8.026,EVALUATION,0.002362302623399204
QYLD,2017-05-24T00:00:00Z,8.106,8.106,8.049,8.062,27364.0,8.046,EVALUATION,0.0033490449020094903
QYLD,2017-05-25T00:00:00Z,8.082,8.112,8.075,8.089,52766.0,8.064666666666666,EVALUATION,-0.0008653727283965962
QYLD,2017-05-26T00:00:00Z,8.099,8.099,8.068,8.082,16591.0,8.077666666666667,EVALUATION,0.0012373174956694655
QYLD,2017-05-30T00:00:00Z,8.16,8.16,8.079,8.092,26028.0,8.087666666666667,EVALUATION,-0.003336628769154859
QYLD,2017-05-31T00:00:00Z,8.174,8.174,8.065,8.065,58319.0,8.079666666666666,EVALUATION,0.005083694978301301
QYLD,2017-06-01T00:00:00Z,8.14,8.14,8.065,8.106,68752.0,8.087666666666667,EVALUATION,0.002097211941771482
QYLD,2017-06-02T00:00:00Z,8.14,8.175,8.081,8.123,20890.0,8.097999999999999,EVALUATION,0.00012310722639430338
QYLD,2017-06-05T00:00:00Z,8.143,8.146,8.112,8.124,29197.0,8.117666666666667,EVALUATION,-0.001477104874446189
QYLD,2017-06-06T00:00:00Z,8.141,8.143,8.109,8.112,40895.0,8.119666666666667,EVALUATION,0.0025887573964495925
QYLD,2017-06-07T00:00:00Z,8.107,8.15,8.099,8.133,45877.0,8.123000000000001,EVALUATION,-0.0017213820238533017
QYLD,2017-06-08T00:00:00Z,8.135,8.153,8.116,8.119,32169.0,8.121333333333332,EVALUATION,-0.0054193866239685695
QYLD,2017-06-09T00:00:00Z,8.177,8.177,8.065,8.075,96958.0,8.109,EVALUATION,0.0008668730650156498
QYLD,2017-06-12T00:00:00Z,8.075,8.089,7.98,8.082,55075.0,8.092,EVALUATION,0.0027220984904725576
QYLD,2017-06-13T00:00:00Z,8.068,8.116,8.068,8.104,41810.0,8.087,EVALUATION,0.002344521224086904
QYLD,2017-06-14T00:00:00Z,8.106,8.126,8.079,8.123,39818.0,8.103,EVALUATION,0.0007386433583651542
QYLD,2017-06-15T00:00:00Z,8.163,8.163,8.038,8.129,28725.0,8.118666666666666,EVALUATION,-0.004920654447041373
QYLD,2017-06-16T00:00:00Z,8.146,8.146,8.068,8.089,23322.0,8.113666666666667,EVALUATION,0.00754110520459883
QYLD,2017-06-19T00:00:00Z,8.15,8.15,8.108,8.15,25736.0,8.122666666666667,EVALUATION,0.0
QYLD,2017-06-20T00:00:00Z,8.15,8.191,8.134,8.15,52857.0,8.129666666666667,EVALUATION,-0.0008588957055214452
QYLD,2017-06-21T00:00:00Z,8.15,8.178,8.14,8.143,14775.0,8.147666666666668,EVALUATION,0.002456097261451573
QYLD,2017-06-22T00:00:00Z,8.202,8.202,8.13,8.163,20182.0,8.152000000000001,EVALUATION,0.0030625995344848445
QYLD,2017-06-23T00:00:00Z,8.161,8.195,8.156,8.188,16958.0,8.164666666666667,EVALUATION,-0.002076209086468106
QYLD,2017-06-26T00:00:00Z,8.188,8.207,8.15,8.171,42050.0,8.174,EVALUATION,-0.007098274385020198
QYLD,2017-06-27T00:00:00Z,8.198,8.198,8.106,8.113,52091.0,8.157333333333334,EVALUATION,0.0023419203747072626
QYLD,2017-06-28T00:00:00Z,8.154,8.154,8.089,8.132,22937.0,8.138666666666666,EVALUATION,-0.004058042302016673
QYLD,2017-06-29T00:00:00Z,8.167,8.167,8.032,8.099,35656.0,8.114666666666666,EVALUATION,0.0003704161007531681
QYLD,2017-06-30T00:00:00Z,8.092,8.126,8.056,8.102,17946.0,8.111,EVALUATION,-0.005060478894100218
QYLD,2017-07-03T00:00:00Z,8.071,8.137,8.054,8.061,15879.0,8.087333333333333,EVALUATION,0.007691353430095527
QYLD,2017-07-05T00:00:00Z,8.092,8.14,8.061,8.123,28211.0,8.095333333333333,EVALUATION,-0.005047396282161554
QYLD,2017-07-06T00:00:00Z,8.15,8.15,8.061,8.082,74973.0,8.088666666666667,EVALUATION,0.004330611234842907
QYLD,2017-07-07T00:00:00Z,8.085,8.145,8.085,8.117,31254.0,8.107333333333333,EVALUATION,0.007515091782678285
QYLD,2017-07-10T00:00:00Z,8.116,8.204,8.113,8.178,42164.0,8.125666666666667,EVALUATION,-0.002567865003668457
QYLD,2017-07-11T00:00:00Z,8.195,8.202,8.137,8.157,55159.0,8.150666666666668,EVALUATION,0.00527154591148693
QYLD,2017-07-12T00:00:00Z,8.191,8.222,8.161,8.2,27458.0,8.178333333333333,EVALUATION,0.0014634146341463428
QYLD,2017-07-13T00:00:00Z,8.188,8.25,8.18,8.212,18397.0,8.189666666666666,EVALUATION,0.002435460301996928
QYLD,2017-07-14T00:00:00Z,8.26,8.26,8.203,8.232,18921.0,8.214666666666666,EVALUATION,-0.0007288629737607355
QYLD,2017-07-17T00:00:00Z,8.222,8.233,8.209,8.226,38287.0,8.223333333333333,EVALUATION,0.0012156576707997857
QYLD,2017-07-18T00:00:00Z,8.222,8.245,8.195,8.236,1100218.0,8.231333333333334,EVALUATION,-0.0012141816415736084
QYLD,2017-07-19T00:00:00Z,8.22,8.246,8.196,8.226,86263.0,8.229333333333335,EVALUATION,0.0008509603695598944
QYLD,2017-07-20T00:00:00Z,8.27,8.27,8.195,8.233,54275.0,8.231666666666667,EVALUATION,-0.0037653346289324707
QYLD,2017-07-21T00:00:00Z,8.195,8.281,8.195,8.202,27446.0,8.220333333333334,EVALUATION,0.0020726652036087145
QYLD,2017-07-24T00:00:00Z,8.26,8.26,8.212,8.219,11363.0,8.218,EVALUATION,0.0008516851198443476
QYLD,2017-07-25T00:00:00Z,8.263,8.263,8.215,8.226,29873.0,8.215666666666667,EVALUATION,0.0019450522732797904
QYLD,2017-07-26T00:00:00Z,8.27,8.295,8.225,8.242,32946.0,8.229000000000001,EVALUATION,-0.007522446008250583
QYLD,2017-07-27T00:00:00Z,8.258,8.258,8.156,8.18,51856.0,8.216000000000001,EVALUATION,0.0029339853300733854
QYLD,2017-07-28T00:00:00Z,8.104,8.27,8.104,8.204,26652.0,8.208666666666668,EVALUATION,0.0017064846416381396
QYLD,2017-07-31T00:00:00Z,8.274,8.274,8.191,8.218,63364.0,8.200666666666667,EVALUATION,0.0
QYLD,2017-08-01T00:00:00Z,8.246,8.246,8.197,8.218,20918.0,8.213333333333333,EVALUATION,0.002798734485276233
QYLD,2017-08-02T00:00:00Z,8.237,8.256,8.201,8.241,201775.0,8.225666666666665,EVALUATION,-0.0031549569227035112
QYLD,2017-08-03T00:00:00Z,8.215,8.256,8.198,8.215,30527.0,8.224666666666666,EVALUATION,0.0032866707242849014
QYLD,2017-08-04T00:00:00Z,8.267,8.267,8.229,8.242,19261.0,8.232666666666667,EVALUATION,0.004610531424411368
QYLD,2017-08-07T00:00:00Z,8.274,8.28,8.218,8.28,62169.0,8.245666666666667,EVALUATION,-0.0007246376811594901
QYLD,2017-08-08T00:00:00Z,8.325,8.325,8.263,8.274,40622.0,8.265333333333333,EVALUATION,0.0007251631617113397
QYLD,2017-08-09T00:00:00Z,8.26,8.284,8.239,8.28,40829.0,8.277999999999999,EVALUATION,-0.017512077294685957
QYLD,2017-08-10T00:00:00Z,8.277,8.277,8.135,8.135,60105.0,8.229666666666667,EVALUATION,0.004302397049784856
QYLD,2017-08-11T00:00:00Z,8.108,8.205,8.108,8.17,23433.0,8.195,EVALUATION,0.014810281517747992
QYLD,2017-08-14T00:00:00Z,8.229,8.291,8.229,8.291,15523.0,8.198666666666666,EVALUATION,0.0008442889880593274
QYLD,2017-08-15T00:00:00Z,8.339,8.339,8.269,8.298,23196.0,8.253,EVALUATION,0.001566642564473364
QYLD,2017-08-16T00:00:00Z,8.311,8.332,8.279,8.311,29622.0,8.3,EVALUATION,-0.02033449645048735
QYLD,2017-08-17T00:00:00Z,8.343,8.343,8.142,8.142,46784.0,8.250333333333334,EVALUATION,0.002333578973225281
QYLD,2017-08-18T00:00:00Z,8.142,8.214,8.135,8.161,24076.0,8.204666666666666,EVALUATION,-0.002328146060531777
QYLD,2017-08-21T00:00:00Z,8.177,8.198,8.129,8.142,23737.0,8.148333333333333,EVALUATION,0.010685335298452392
QYLD,2017-08-22T00:00:00Z,8.187,8.263,8.187,8.229,26999.0,8.177333333333333,EVALUATION,-0.0012152144853566638
QYLD,2017-08-23T00:00:00Z,8.285,8.296,8.207,8.219,34766.0,8.196666666666665,EVALUATION,0.0013383623311840065
QYLD,2017-08-24T00:00:00Z,8.32,8.32,8.181,8.23,21774.0,8.225999999999999,EVALUATION,-0.0017010935601459165
QYLD,2017-08-25T00:00:00Z,8.233,8.275,8.216,8.216,17601.0,8.221666666666668,EVALUATION,0.0058422590068158975
QYLD,2017-08-28T00:00:00Z,8.282,8.282,8.23,8.264,29152.0,8.236666666666666,EVALUATION,0.0
QYLD,2017-08-29T00:00:00Z,8.261,8.292,8.212,8.264,22652.0,8.248,EVALUATION,0.00423523717328167
QYLD,2017-08-30T00:00:00Z,8.264,8.313,8.264,8.299,13849.0,8.275666666666666,EVALUATION,0.003373900469936242
QYLD,2017-08-31T00:00:00Z,8.317,8.334,8.303,8.327,28403.0,8.296666666666667,EVALUATION,-0.0012009126936471937
QYLD,2017-09-01T00:00:00Z,8.362,8.362,8.282,8.317,60282.0,8.314333333333334,EVALUATION,0.0
QYLD,2017-09-05T00:00:00Z,8.334,8.34,8.257,8.317,34723.0,8.320333333333334,EVALUATION,-0.0038475411807141757
QYLD,2017-09-06T00:00:00Z,8.358,8.358,8.283,8.285,34100.0,8.306333333333335,EVALUATION,0.0038624019312010205
QYLD,2017-09-07T00:00:00Z,8.3,8.322,8.288,8.317,38703.0,8.306333333333335,EVALUATION,0.0
QYLD,2017-09-08T00:00:00Z,8.341,8.344,8.303,8.317,149774.0,8.306333333333335,EVALUATION,0.0008416496332812606
QYLD,2017-09-11T00:00:00Z,8.32,8.341,8.296,8.324,38326.0,8.319333333333333,EVALUATION,-0.000840941854877375
QYLD,2017-09-12T00:00:00Z,8.303,8.341,8.296,8.317,37361.0,8.319333333333333,EVALUATION,-0.0004809426475892442
QYLD,2017-09-13T00:00:00Z,8.317,8.324,8.303,8.313,15938.0,8.318000000000001,EVALUATION,-0.0002405870323590742
QYLD,2017-09-14T00:00:00Z,8.327,8.327,8.289,8.311,59890.0,8.313666666666666,EVALUATION,0.003369028997713963
QYLD,2017-09-15T00:00:00Z,8.327,8.351,8.31,8.339,60630.0,8.321000000000002,EVALUATION,0.002278450653555586
QYLD,2017-09-18T00:00:00Z,8.362,8.386,8.315,8.358,41603.0,8.336,EVALUATION,0.0016750418760467234
QYLD,2017-09-19T00:00:00Z,8.383,8.383,8.334,8.372,41882.0,8.356333333333334,EVALUATION,-0.0023889154323936124
QYLD,2017-09-20T00:00:00Z,8.409,8.409,8.318,8.352,62279.0,8.360666666666667,EVALUATION,-0.00287356321839094
QYLD,2017-09-21T00:00:00Z,8.374,8.374,8.297,8.328,27989.0,8.350666666666667,EVALUATION,-0.0012007684918347028
QYLD,2017-09-22T00:00:00Z,8.318,8.332,8.29,8.318,31098.0,8.332666666666666,EVALUATION,-0.008896369319547959
QYLD,2017-09-25T00:00:00Z,8.318,8.318,8.23,8.244,33533.0,8.296666666666667,EVALUATION,0.0030325084910238775
QYLD,2017-09-26T00:00:00Z,8.293,8.3,8.248,8.269,39125.0,8.277,EVALUATION,0.0059257467650259965
QYLD,2017-09-27T00:00:00Z,8.265,8.342,8.265,8.318,66939.0,8.277,EVALUATION,-0.0013224332772300285
QYLD,2017-09-28T00:00:00Z,8.318,8.335,8.3,8.307,55908.0,8.298,EVALUATION,0.007583965330444142
QYLD,2017-09-29T00:00:00Z,8.314,8.384,8.311,8.37,53950.0,8.331666666666667,EVALUATION,0.0021505376344086446
QYLD,2017-10-02T00:00:00Z,8.405,8.405,8.361,8.388,15664.0,8.355,EVALUATION,0.0003576537911302857
QYLD,2017-10-03T00:00:00Z,8.402,8.402,8.384,8.391,24975.0,8.383,EVALUATION,0.0005958765343820893
QYLD,2017-10-04T00:00:00Z,8.402,8.402,8.381,8.396,35635.0,8.391666666666667,EVALUATION,0.005240590757503494
QYLD,2017-10-05T00:00:00Z,8.402,8.44,8.398,8.44,24830.0,8.409,EVALUATION,-0.00035545023696681444
QYLD,2017-10-06T00:00:00Z,8.44,8.447,8.409,8.437,26409.0,8.424333333333333,EVALUATION,0.00035557662676310997
QYLD,2017-10-09T00:00:00Z,8.419,8.458,8.419,8.44,28987.0,8.439,EVALUATION,0.0016587677725119487
QYLD,2017-10-10T00:00:00Z,8.447,8.458,8.405,8.454,36597.0,8.443666666666665,EVALUATION,0.0016560208185474323
QYLD,2017-10-11T00:00:00Z,8.493,8.493,8.445,8.468,25813.0,8.454,EVALUATION,0.00047236655644766756
QYLD,2017-10-12T00:00:00Z,8.486,8.486,8.455,8.472,29262.0,8.464666666666666,EVALUATION,0.0003541076487252326
QYLD,2017-10-13T00:00:00Z,8.51,8.51,8.468,8.475,24238.0,8.471666666666666,EVALUATION,0.0008259587020649217
QYLD,2017-10-16T00:00:00Z,8.517,8.517,8.461,8.482,36360.0,8.476333333333333,EVALUATION,0.0011789672247113359
QYLD,2017-10-17T00:00:00Z,8.496,8.496,8.464,8.492,26382.0,8.483,EVALUATION,-0.0007065473386717036
QYLD,2017-10-18T00:00:00Z,8.514,8.514,8.479,8.486,41120.0,8.486666666666668,EVALUATION,0.0005892057506480253
QYLD,2017-10-19T00:00:00Z,8.465,8.496,8.465,8.491,36816.0,8.489666666666668,EVALUATION,0.002708750441644092
QYLD,2017-10-20T00:00:00Z,8.489,8.531,8.489,8.514,31211.0,8.497,EVALUATION,-0.0027014329339910548
QYLD,2017-10-23T00:00:00Z,8.517,8.521,8.486,8.491,29285.0,8.498666666666667,EVALUATION,0.0005888587916618171
QYLD,2017-10-24T00:00:00Z,8.528,8.528,8.472,8.496,45561.0,8.500333333333334,EVALUATION,-0.002942561205273142
QYLD,2017-10-25T00:00:00Z,8.524,8.524,8.426,8.471,56747.0,8.486,EVALUATION,-0.000826348719159431
QYLD,2017-10-26T00:00:00Z,8.457,8.478,8.454,8.464,31619.0,8.477,EVALUATION,0.012878071833648308
QYLD,2017-10-27T00:00:00Z,8.549,8.573,8.525,8.573,27775.0,8.502666666666666,EVALUATION,0.000816516971888559
QYLD,2017-10-30T00:00:00Z,8.503,8.594,8.503,8.58,40253.0,8.539,EVALUATION,0.0004662004662003838
QYLD,2017-10-31T00:00:00Z,8.584,8.594,8.58,8.584,45285.0,8.579,EVALUATION,0.0016309412861137407
QYLD,2017-11-01T00:00:00Z,8.602,8.605,8.563,8.598,49658.0,8.587333333333333,EVALUATION,-0.000814142823912678
QYLD,2017-11-02T00:00:00Z,8.594,8.594,8.573,8.591,25998.0,8.591,EVALUATION,0.0008148061925272732
QYLD,2017-11-03T00:00:00Z,8.605,8.605,8.58,8.598,68653.0,8.595666666666666,EVALUATION,0.0029076529425446918
QYLD,2017-11-06T00:00:00Z,8.619,8.623,8.598,8.623,40206.0,8.604,EVALUATION,0.0
QYLD,2017-11-07T00:00:00Z,8.63,8.632,8.609,8.623,42847.0,8.614666666666666,EVALUATION,0.001159689203293457
QYLD,2017-11-08T00:00:00Z,8.63,8.633,8.598,8.633,49222.0,8.626333333333331,EVALUATION,-0.0008108421174561897
QYLD,2017-11-09T00:00:00Z,8.63,8.633,8.609,8.626,35291.0,8.627333333333333,EVALUATION,0.0008115001159285651
QYLD,2017-11-10T00:00:00Z,8.651,8.651,8.609,8.633,34245.0,8.630666666666666,EVALUATION,-0.0011583458820804138
QYLD,2017-11-13T00:00:00Z,8.63,8.633,8.598,8.623,30096.0,8.627333333333333,EVALUATION,-0.00046387568131733836
QYLD,2017-11-14T00:00:00Z,8.605,8.63,8.605,8.619,62935.0,8.625,EVALUATION,0.0008121591831997677
QYLD,2017-11-15T00:00:00Z,8.598,8.63,8.598,8.626,22580.0,8.622666666666666,EVALUATION,0.0012752144678878086
QYLD,2017-11-16T00:00:00Z,8.612,8.651,8.612,8.637,80202.0,8.627333333333333,EVALUATION,-0.004978580525645593
QYLD,2017-11-17T00:00:00Z,8.654,8.654,8.594,8.594,33752.0,8.619,EVALUATION,-0.00011636025133809902
QYLD,2017-11-20T00:00:00Z,8.633,8.633,8.57,8.593,43877.0,8.608,EVALUATION,0.0069824275573140415
QYLD,2017-11-21T00:00:00Z,8.594,8.654,8.594,8.653,43530.0,8.613333333333333,EVALUATION,0.001502369120536251
QYLD,2017-11-22T00:00:00Z,8.698,8.698,8.649,8.666,37512.0,8.637333333333334,EVALUATION,0.0013847219016847045
QYLD,2017-11-24T00:00:00Z,8.68,8.68,8.655,8.678,10969.0,8.665666666666667,EVALUATION,-0.0005761696243374859
QYLD,2017-11-27T00:00:00Z,8.691,8.693,8.662,8.673,60886.0,8.672333333333334,EVALUATION,0.0016142050040355294
QYLD,2017-11-28T00:00:00Z,8.673,8.698,8.673,8.687,40995.0,8.679333333333334,EVALUATION,-0.009324277656267976
QYLD,2017-11-29T00:00:00Z,8.694,8.694,8.584,8.606,47738.0,8.655333333333333,EVALUATION,0.004531722054380571
QYLD,2017-11-30T00:00:00Z,8.591,8.662,8.591,8.645,83653.0,8.645999999999999,EVALUATION,-0.0009253903990744661
QYLD,2017-12-01T00:00:00Z,8.641,8.647,8.528,8.637,31737.0,8.629333333333333,EVALUATION,-0.007294199374782928
QYLD,2017-12-04T00:00:00Z,8.687,8.687,8.574,8.574,43406.0,8.618666666666666,EVALUATION,0.0005831583858175726
QYLD,2017-12-05T00:00:00Z,8.538,8.63,8.531,8.579,39559.0,8.596666666666668,EVALUATION,0.0034969110618952026
QYLD,2017-12-06T00:00:00Z,8.574,8.63,8.552,8.609,21211.0,8.587333333333333,EVALUATION,0.003368567777906728
QYLD,2017-12-07T00:00:00Z,8.609,8.641,8.609,8.638,6289.0,8.608666666666668,EVALUATION,0.0011576753878212998
QYLD,2017-12-08T00:00:00Z,8.645,8.685,8.645,8.648,13852.0,8.631666666666668,EVALUATION,0.0065911193339500684
QYLD,2017-12-11T00:00:00Z,8.705,8.71,8.652,8.705,48762.0,8.663666666666668,EVALUATION,0.0003446295232625296
QYLD,2017-12-12T00:00:00Z,8.666,8.719,8.666,8.708,24369.0,8.687000000000001,EVALUATION,0.0012632062471289451
QYLD,2017-12-13T00:00:00Z,8.719,8.722,8.703,8.719,12369.0,8.710666666666667,EVALUATION,0.00011469205184089226
QYLD,2017-12-14T00:00:00Z,8.737,8.74,8.716,8.72,22664.0,8.715666666666667,EVALUATION,0.011238532110091626
QYLD,2017-12-15T00:00:00Z,8.733,8.832,8.719,8.818,14215.0,8.752333333333333,EVALUATION,0.002041279201633106
QYLD,2017-12-18T00:00:00Z,8.747,8.85,8.733,8.836,56140.0,8.791333333333334,EVALUATION,-0.0041874151199639
QYLD,2017-12-19T00:00:00Z,8.846,8.846,8.779,8.799,63332.0,8.817666666666668,EVALUATION,-0.003864075463120731
QYLD,2017-12-20T00:00:00Z,8.829,8.829,8.756,8.765,55888.0,8.8,EVALUATION,-0.001254991443240261
QYLD,2017-12-21T00:00:00Z,8.747,8.783,8.747,8.754,42320.0,8.772666666666666,EVALUATION,0.00034270047978068874
QYLD,2017-12-22T00:00:00Z,8.769,8.769,8.747,8.757,24602.0,8.758666666666667,EVALUATION,-0.0018271097407788206
QYLD,2017-12-26T00:00:00Z,8.751,8.751,8.73,8.741,23248.0,8.750666666666666,EVALUATION,0.00011440338634027825
QYLD,2017-12-27T00:00:00Z,8.754,8.761,8.737,8.742,27184.0,8.746666666666666,EVALUATION,0.0013726835964309458
QYLD,2017-12-28T00:00:00Z,8.73,8.776,8.73,8.754,59485.0,8.745666666666667,EVALUATION,-0.002741603838245288
QYLD,2017-12-29T00:00:00Z,8.769,8.769,8.73,8.73,29710.0,8.742,EVALUATION,0.009278350515463885
QYLD,2018-01-02T00:00:00Z,8.73,8.815,8.73,8.811,98523.0,8.765,EVALUATION,0.0028373623879243137
QYLD,2018-01-03T00:00:00Z,8.836,8.84,8.811,8.836,46812.0,8.792333333333334,EVALUATION,0.002037120869171405
QYLD,2018-01-04T00:00:00Z,8.843,8.859,8.836,8.854,233941.0,8.833666666666666,EVALUATION,0.0007906031172353334
QYLD,2018-01-05T00:00:00Z,8.879,8.879,8.829,8.861,163826.0,8.850333333333333,EVALUATION,0.0012413948764247174
QYLD,2018-01-08T00:00:00Z,8.893,8.893,8.861,8.872,81445.0,8.862333333333332,EVALUATION,0.0
QYLD,2018-01-09T00:00:00Z,8.89,8.89,8.872,8.872,63148.0,8.868333333333332,EVALUATION,0.00022542831379634976
QYLD,2018-01-10T00:00:00Z,8.868,8.893,8.861,8.874,150063.0,8.872666666666667,EVALUATION,0.00033806626098709103
QYLD,2018-01-11T00:00:00Z,8.89,8.89,8.865,8.877,25625.0,8.874333333333333,EVALUATION,0.0006759040216286483
QYLD,2018-01-12T00:00:00Z,8.897,8.899,8.861,8.883,60485.0,8.878,EVALUATION,-0.0009005966452774183
QYLD,2018-01-16T00:00:00Z,8.907,8.907,8.865,8.875,74902.0,8.878333333333334,EVALUATION,-0.00033802816901407073
QYLD,2018-01-17T00:00:00Z,8.879,8.879,8.819,8.872,89365.0,8.876666666666667,EVALUATION,-0.0005635707844904303
QYLD,2018-01-18T00:00:00Z,8.808,8.872,8.808,8.867,62214.0,8.871333333333334,EVALUATION,0.0025938874478401708
QYLD,2018-01-19T00:00:00Z,8.865,8.89,8.825,8.89,72893.0,8.876333333333333,EVALUATION,0.0056242969628794715
QYLD,2018-01-22T00:00:00Z,8.89,8.94,8.872,8.94,76104.0,8.899000000000001,EVALUATION,0.0015659955257272262
QYLD,2018-01-23T00:00:00Z,9.0,9.021,8.897,8.954,86345.0,8.928,EVALUATION,-0.002457002457002533
QYLD,2018-01-24T00:00:00Z,9.044,9.044,8.918,8.932,66710.0,8.942,EVALUATION,0.0
QYLD,2018-01-25T00:00:00Z,8.986,8.986,8.893,8.932,33010.0,8.939333333333334,EVALUATION,0.002910882221226929
QYLD,2018-01-26T00:00:00Z,8.961,8.961,8.937,8.958,66475.0,8.940666666666667,EVALUATION,-0.0004465282429113593
QYLD,2018-01-29T00:00:00Z,8.975,8.976,8.939,8.954,51826.0,8.948,EVALUATION,-0.002792048246593737
QYLD,2018-01-30T00:00:00Z,8.954,8.954,8.901,8.929,69163.0,8.947000000000001,EVALUATION,0.0006719677455482298
QYLD,2018-01-31T00:00:00Z,8.972,8.972,8.921,8.935,55366.0,8.939333333333334,EVALUATION,0.00011191941801902416
QYLD,2018-02-01T00:00:00Z,8.947,8.965,8.9,8.936,104005.0,8.933333333333334,EVALUATION,-0.008504923903312478
QYLD,2018-02-02T00:00:00Z,8.932,9.054,8.857,8.86,70879.0,8.910333333333334,EVALUATION,-0.02708803611738153
QYLD,2018-02-05T00:00:00Z,8.864,8.921,8.573,8.62,182062.0,8.805333333333333,EVALUATION,0.02993039443155454
QYLD,2018-02-06T00:00:00Z,8.537,9.047,8.483,8.878,155279.0,8.786,EVALUATION,-0.020950664564091004
QYLD,2018-02-07T00:00:00Z,8.803,8.817,8.688,8.692,95327.0,8.73,EVALUATION,-0.04187758858720669
QYLD,2018-02-08T00:00:00Z,8.731,8.817,8.325,8.328,117144.0,8.632666666666667,EVALUATION,0.019452449567723518
QYLD,2018-02-09T00:00:00Z,8.447,8.526,8.149,8.49,114962.0,8.503333333333334,EVALUATION,0.018256772673733712
QYLD,2018-02-12T00:00:00Z,8.522,8.681,8.519,8.645,80755.0,8.487666666666666,EVALUATION,0.004973973395026254
QYLD,2018-02-13T00:00:00Z,8.591,8.691,8.576,8.688,29646.0,8.607666666666667,EVALUATION,0.017725598526703523
QYLD,2018-02-14T00:00:00Z,8.645,8.842,8.645,8.842,84367.0,8.725,EVALUATION,0.01345849355349471
QYLD,2018-02-15T00:00:00Z,8.929,8.961,8.828,8.961,70631.0,8.830333333333334,EVALUATION,0.002008704385671134
QYLD,2018-02-16T00:00:00Z,8.968,9.038,8.965,8.979,72412.0,8.927333333333333,EVALUATION,-0.0007795968370641893
QYLD,2018-02-20T00:00:00Z,8.957,9.008,8.936,8.972,120448.0,8.970666666666666,EVALUATION,0.004346856888096218
QYLD,2018-02-21T00:00:00Z,9.055,9.08,9.008,9.011,146858.0,8.987333333333332,EVALUATION,-0.002330484962823065
QYLD,2018-02-22T00:00:00Z,9.109,9.109,8.986,8.99,62321.0,8.991,EVALUATION,0.012013348164627402
QYLD,2018-02-23T00:00:00Z,9.008,9.098,9.004,9.098,69726.0,9.033,EVALUATION,0.002857770938667903
QYLD,2018-02-26T00:00:00Z,9.149,9.149,9.078,9.124,66071.0,9.070666666666668,EVALUATION,-0.0028496273564225794
QYLD,2018-02-27T00:00:00Z,9.149,9.149,9.091,9.098,58073.0,9.106666666666667,EVALUATION,-0.005935370411079388
QYLD,2018-02-28T00:00:00Z,9.124,9.127,9.044,9.044,51581.0,9.088666666666668,EVALUATION,-0.006413091552410433
QYLD,2018-03-01T00:00:00Z,9.084,9.084,8.914,8.986,47643.0,9.042666666666667,EVALUATION,0.007678611172935668
QYLD,2018-03-02T00:00:00Z,8.957,9.055,8.887,9.055,66039.0,9.028333333333332,EVALUATION,0.002760905577029238
QYLD,2018-03-05T00:00:00Z,9.055,9.117,8.997,9.08,253064.0,9.040333333333333,EVALUATION,0.004735682819383191
QYLD,2018-03-06T00:00:00Z,9.106,9.131,9.087,9.123,93612.0,9.086,EVALUATION,-0.002740326646936131
QYLD,2018-03-07T00:00:00Z,9.142,9.142,9.077,9.098,137556.0,9.100333333333333,EVALUATION,0.006045284677951068
QYLD,2018-03-08T00:00:00Z,9.178,9.178,9.131,9.153,75569.0,9.124666666666666,EVALUATION,0.003605375286791057
QYLD,2018-03-09T00:00:00Z,9.218,9.218,9.153,9.186,45241.0,9.145666666666667,EVALUATION,-0.0008708904855213584
QYLD,2018-03-12T00:00:00Z,9.229,9.229,9.156,9.178,89542.0,9.172333333333334,EVALUATION,0.0004358247984310726
QYLD,2018-03-13T00:00:00Z,9.2,9.207,9.182,9.182,68613.0,9.182,EVALUATION,0.0004356349379219804
QYLD,2018-03-14T00:00:00Z,9.196,9.2,9.171,9.186,68918.0,9.182,EVALUATION,0.001524058349662516
QYLD,2018-03-15T00:00:00Z,9.258,9.258,9.171,9.2,121950.0,9.189333333333334,EVALUATION,-0.001195652173912931
QYLD,2018-03-16T00:00:00Z,9.207,9.236,9.171,9.189,240646.0,9.191666666666666,EVALUATION,-0.013385569702905609
QYLD,2018-03-19T00:00:00Z,9.175,9.175,8.986,9.066,303233.0,9.151666666666667,EVALUATION,0.0019854401058900795
QYLD,2018-03-20T00:00:00Z,9.077,9.087,9.004,9.084,133189.0,9.113,EVALUATION,-0.0025319242624394223
QYLD,2018-03-21T00:00:00Z,9.113,9.127,9.034,9.061,92670.0,9.070333333333334,EVALUATION,-0.021410440348747284
QYLD,2018-03-22T00:00:00Z,9.061,9.061,8.834,8.867,113022.0,9.004000000000001,EVALUATION,-0.025262208187662116
QYLD,2018-03-23T00:00:00Z,8.863,8.889,8.64,8.643,90008.0,8.857000000000001,EVALUATION,0.03482587064676612
QYLD,2018-03-26T00:00:00Z,8.801,8.944,8.698,8.944,74356.0,8.818000000000001,EVALUATION,-0.030746869409660094
QYLD,2018-03-27T00:00:00Z,9.006,9.006,8.607,8.669,143747.0,8.752,EVALUATION,-0.009343638251240183
QYLD,2018-03-28T00:00:00Z,8.662,8.691,8.519,8.588,162385.0,8.733666666666666,EVALUATION,0.01630181648812301
QYLD,2018-03-29T00:00:00Z,8.625,8.799,8.544,8.728,69911.0,8.661666666666665,EVALUATION,-0.025779101741521537
QYLD,2018-04-02T00:00:00Z,8.709,8.709,8.416,8.503,153564.0,8.606333333333332,EVALUATION,0.008349994119722481
QYLD,2018-04-03T00:00:00Z,8.566,8.592,8.416,8.574,95624.0,8.601666666666667,EVALUATION,0.017028224865873742
QYLD,2018-04-04T00:00:00Z,8.39,8.728,8.368,8.72,115718.0,8.599,EVALUATION,0.004243119266055029
QYLD,2018-04-05T00:00:00Z,8.797,8.797,8.676,8.757,137676.0,8.683666666666667,EVALUATION,-0.024323398424117793
QYLD,2018-04-06T00:00:00Z,8.706,8.743,8.519,8.544,79655.0,8.673666666666668,EVALUATION,0.0077247191011233785
QYLD,2018-04-09T00:00:00Z,8.64,8.761,8.603,8.61,48905.0,8.637,EVALUATION,0.021718931475029235
QYLD,2018-04-10T00:00:00Z,8.761,8.805,8.662,8.797,89382.0,8.650333333333334,EVALUATION,-0.007502557690121758
QYLD,2018-04-11T00:00:00Z,8.779,8.834,8.724,8.731,67721.0,8.712666666666667,EVALUATION,0.011338907341656101
QYLD,2018-04-12T00:00:00Z,8.794,8.893,8.794,8.83,50295.0,8.786000000000001,EVALUATION,-0.0028312570781426905
QYLD,2018-04-13T00:00:00Z,8.896,8.896,8.764,8.805,59695.0,8.788666666666668,EVALUATION,0.005792163543441253
QYLD,2018-04-16T00:00:00Z,8.856,8.896,8.801,8.856,107565.0,8.830333333333334,EVALUATION,0.02314814814814814
QYLD,2018-04-17T00:00:00Z,8.951,9.083,8.933,9.061,81060.0,8.907333333333334,EVALUATION,0.00331089283743502
QYLD,2018-04-18T00:00:00Z,9.08,9.109,9.021,9.091,55792.0,9.002666666666666,EVALUATION,-0.009459905400945878
QYLD,2018-04-19T00:00:00Z,9.124,9.124,8.96,9.005,98138.0,9.052333333333333,EVALUATION,-0.014103275957801253
QYLD,2018-04-20T00:00:00Z,9.003,9.003,8.856,8.878,109337.0,8.991333333333333,EVALUATION,-0.0029285875197115896
QYLD,2018-04-23T00:00:00Z,8.915,8.915,8.808,8.852,43978.0,8.911666666666667,EVALUATION,-0.014460009037505661
QYLD,2018-04-24T00:00:00Z,8.944,8.944,8.684,8.724,92834.0,8.818,EVALUATION,0.004011921137093033
QYLD,2018-04-25T00:00:00Z,8.777,8.777,8.685,8.759,67483.0,8.778333333333332,EVALUATION,0.01096015526886629
QYLD,2018-04-26T00:00:00Z,8.737,8.888,8.737,8.855,97346.0,8.779333333333334,EVALUATION,0.004856013551665539
QYLD,2018-04-27T00:00:00Z,9.033,9.033,8.851,8.898,127332.0,8.837333333333333,EVALUATION,-0.0026972353337827437
QYLD,2018-04-30T00:00:00Z,8.914,8.947,8.851,8.874,86086.0,8.875666666666667,EVALUATION,0.005859815190443873
QYLD,2018-05-01T00:00:00Z,8.881,8.926,8.826,8.926,37852.0,8.899333333333333,EVALUATION,-0.0016804839793861381
QYLD,2018-05-02T00:00:00Z,8.966,8.966,8.911,8.911,3199.0,8.903666666666666,EVALUATION,-0.0004488834025361266
QYLD,2018-05-03T00:00:00Z,8.907,8.907,8.907,8.907,1787.0,8.914666666666665,EVALUATION,0.013697092174693948
QYLD,2018-05-04T00:00:00Z,8.94,9.03,8.914,9.029,55599.0,8.949,EVALUATION,0.002436593199689918
QYLD,2018-05-07T00:00:00Z,9.096,9.096,9.019,9.051,80215.0,8.995666666666667,EVALUATION,0.0004419401171140702
QYLD,2018-05-08T00:00:00Z,9.059,9.059,9.033,9.055,54730.0,9.045,EVALUATION,0.002871341800110505
QYLD,2018-05-09T00:00:00Z,9.077,9.088,9.05,9.081,72306.0,9.062333333333333,EVALUATION,-0.0007708402158351779
QYLD,2018-05-10T00:00:00Z,9.129,9.129,9.055,9.074,110792.0,9.07,EVALUATION,0.004077584306810822
QYLD,2018-05-11T00:00:00Z,9.103,9.111,9.081,9.111,100030.0,9.088666666666667,EVALUATION,0.0003292723081989024
QYLD,2018-05-14T00:00:00Z,9.129,9.129,9.077,9.114,86471.0,9.099666666666668,EVALUATION,-0.0007680491551460555
QYLD,2018-05-15T00:00:00Z,9.14,9.14,9.088,9.107,125215.0,9.110666666666667,EVALUATION,0.0012078620841111665
QYLD,2018-05-16T00:00:00Z,9.148,9.148,9.103,9.118,156669.0,9.113,EVALUATION,-0.0012064049133583277
QYLD,2018-05-17T00:00:00Z,9.133,9.133,9.096,9.107,137915.0,9.110666666666667,EVALUATION,0.00043922257604056547
QYLD,2018-05-18T00:00:00Z,9.07,9.118,9.055,9.111,104811.0,9.112,EVALUATION,0.0003292723081989024
QYLD,2018-05-21T00:00:00Z,9.185,9.185,9.077,9.114,119653.0,9.110666666666667,EVALUATION,0.0004388852315118097
QYLD,2018-05-22T00:00:00Z,9.185,9.226,9.103,9.118,130075.0,9.114333333333335,EVALUATION,0.005154639175257492
QYLD,2018-05-23T00:00:00Z,9.087,9.165,9.079,9.165,137384.0,9.132333333333333,EVALUATION,-0.001963993453355073
QYLD,2018-05-24T00:00:00Z,9.154,9.162,9.105,9.147,121951.0,9.143333333333333,EVALUATION,0.0024051601618018115
QYLD,2018-05-25T00:00:00Z,9.154,9.188,9.147,9.169,114678.0,9.160333333333334,EVALUATION,-0.0032718944268732564
QYLD,2018-05-29T00:00:00Z,9.154,9.161,9.117,9.139,153103.0,9.151666666666667,EVALUATION,0.004048582995951566
QYLD,2018-05-30T00:00:00Z,9.15,9.184,9.143,9.176,115471.0,9.161333333333333,EVALUATION,0.00043591979075841003
QYLD,2018-05-31T00:00:00Z,9.184,9.218,9.169,9.18,133065.0,9.165,EVALUATION,0.00577342047930296
QYLD,2018-06-01T00:00:00Z,9.21,9.236,9.188,9.233,163537.0,9.196333333333333,EVALUATION,-0.0008664572728258602
QYLD,2018-06-04T00:00:00Z,9.266,9.266,9.218,9.225,182362.0,9.212666666666667,EVALUATION,0.001626016260162677
QYLD,2018-06-05T00:00:00Z,9.244,9.274,9.22,9.24,202244.0,9.232666666666667,EVALUATION,-0.0007575757575757347
QYLD,2018-06-06T00:00:00Z,9.229,9.247,9.21,9.233,125337.0,9.232666666666667,EVALUATION,0.0
QYLD,2018-06-07T00:00:00Z,9.24,9.254,9.21,9.233,118321.0,9.235333333333333,EVALUATION,0.0
QYLD,2018-06-08T00:00:00Z,9.236,9.247,9.21,9.233,73795.0,9.233,EVALUATION,0.001191378750135197
QYLD,2018-06-11T00:00:00Z,9.233,9.247,9.229,9.244,175146.0,9.236666666666668,EVALUATION,0.0003245348334055542
QYLD,2018-06-12T00:00:00Z,9.259,9.262,9.229,9.247,152867.0,9.241333333333333,EVALUATION,-0.00032442954471723073
QYLD,2018-06-13T00:00:00Z,9.251,9.263,9.229,9.244,136912.0,9.245,EVALUATION,0.0
QYLD,2018-06-14T00:00:00Z,9.251,9.259,9.236,9.244,115753.0,9.245,EVALUATION,-0.003245348334054432
QYLD,2018-06-15T00:00:00Z,9.244,9.247,9.176,9.214,138244.0,9.234,EVALUATION,-0.005317994356414335
QYLD,2018-06-18T00:00:00Z,9.18,9.229,9.154,9.165,166455.0,9.207666666666666,EVALUATION,0.0021822149481725006
QYLD,2018-06-19T00:00:00Z,9.154,9.191,9.109,9.185,105086.0,9.188,EVALUATION,0.005225911812738238
QYLD,2018-06-20T00:00:00Z,9.229,9.278,9.203,9.233,201598.0,9.194333333333333,EVALUATION,-0.004548900682335044
QYLD,2018-06-21T00:00:00Z,9.244,9.246,9.165,9.191,131040.0,9.203000000000001,EVALUATION,-0.00032640626700031206
QYLD,2018-06-22T00:00:00Z,9.203,9.21,9.15,9.188,108443.0,9.204,EVALUATION,-0.014366565084893534
QYLD,2018-06-25T00:00:00Z,9.184,9.184,8.977,9.056,282211.0,9.145,EVALUATION,0.0020980565371024884
QYLD,2018-06-26T00:00:00Z,9.075,9.112,9.033,9.075,132388.0,9.106333333333334,EVALUATION,-0.011680440771349887
QYLD,2018-06-27T00:00:00Z,9.101,9.134,8.969,8.969,150420.0,9.033333333333333,EVALUATION,0.008027650797190367
QYLD,2018-06-28T00:00:00Z,8.988,9.064,8.946,9.041,137378.0,9.028333333333332,EVALUATION,0.0016591085056960608
QYLD,2018-06-29T00:00:00Z,9.041,9.112,9.041,9.056,82853.0,9.022,EVALUATION,0.006625441696113121
QYLD,2018-07-02T00:00:00Z,9.041,9.116,8.992,9.116,136818.0,9.071,EVALUATION,-0.008227292672224551
QYLD,2018-07-03T00:00:00Z,9.097,9.142,9.032,9.041,108776.0,9.071,EVALUATION,0.008295542528481192
QYLD,2018-07-05T00:00:00Z,9.108,9.116,9.041,9.116,119805.0,9.091,EVALUATION,0.012395787626151789
QYLD,2018-07-06T00:00:00Z,9.116,9.237,9.101,9.229,67935.0,9.128666666666666,EVALUATION,0.005742767363744905
QYLD,2018-07-09T00:00:00Z,9.263,9.282,9.24,9.282,136531.0,9.209,EVALUATION,0.0011850894203835338
QYLD,2018-07-10T00:00:00Z,9.312,9.312,9.257,9.293,99942.0,9.267999999999999,EVALUATION,-0.001614118153448696
QYLD,2018-07-11T00:00:00Z,9.278,9.285,9.255,9.278,124743.0,9.284333333333333,EVALUATION,0.006466910972192208
QYLD,2018-07-12T00:00:00Z,9.312,9.338,9.289,9.338,136647.0,9.302999999999999,EVALUATION,0.0
QYLD,2018-07-13T00:00:00Z,9.35,9.35,9.302,9.338,96641.0,9.318,EVALUATION,0.0012850717498393838
QYLD,2018-07-16T00:00:00Z,9.361,9.361,9.323,9.35,157770.0,9.341999999999999,EVALUATION,0.0007486631016042633
QYLD,2018-07-17T00:00:00Z,9.331,9.357,9.317,9.357,118766.0,9.348333333333333,EVALUATION,-0.001603077909586248
QYLD,2018-07-18T00:00:00Z,9.372,9.372,9.327,9.342,151959.0,9.349666666666668,EVALUATION,0.0016056518946692133
QYLD,2018-07-19T00:00:00Z,9.383,9.41,9.321,9.357,131868.0,9.352,EVALUATION,0.0
QYLD,2018-07-20T00:00:00Z,9.38,9.406,9.334,9.357,117674.0,9.352,EVALUATION,0.004809233728759299
QYLD,2018-07-23T00:00:00Z,9.376,9.406,9.334,9.402,97471.0,9.372,EVALUATION,0.0015954052329292256
QYLD,2018-07-24T00:00:00Z,9.417,9.466,9.398,9.417,146890.0,9.392,EVALUATION,0.006583837740256948
QYLD,2018-07-25T00:00:00Z,9.463,9.486,9.414,9.479,141308.0,9.432666666666666,EVALUATION,-0.008017723388543008
QYLD,2018-07-26T00:00:00Z,9.475,9.475,9.376,9.403,270298.0,9.433,EVALUATION,-0.006487291290013797
QYLD,2018-07-27T00:00:00Z,9.429,9.46,9.3,9.342,98236.0,9.408000000000001,EVALUATION,-0.010597302504816941
QYLD,2018-07-30T00:00:00Z,9.357,9.357,9.198,9.243,173132.0,9.329333333333334,EVALUATION,0.007032348804500543
QYLD,2018-07-31T00:00:00Z,9.293,9.337,9.213,9.308,109587.0,9.297666666666666,EVALUATION,0.0037602062741728393
QYLD,2018-08-01T00:00:00Z,9.308,9.361,9.308,9.343,110653.0,9.298,EVALUATION,0.011238360269720582
QYLD,2018-08-02T00:00:00Z,9.327,9.448,9.287,9.448,116326.0,9.366333333333333,EVALUATION,-0.00021168501270119044
QYLD,2018-08-03T00:00:00Z,9.482,9.482,9.4,9.446,113260.0,9.412333333333333,EVALUATION,0.006246030065636399
QYLD,2018-08-06T00:00:00Z,9.482,9.513,9.452,9.505,120998.0,9.466333333333333,EVALUATION,0.001998947922146055
QYLD,2018-08-07T00:00:00Z,9.524,9.532,9.486,9.524,148964.0,9.491666666666667,EVALUATION,0.0008399832003360697
QYLD,2018-08-08T00:00:00Z,9.535,9.547,9.505,9.532,87810.0,9.520333333333333,EVALUATION,-0.0004196391103650221
QYLD,2018-08-09T00:00:00Z,9.543,9.551,9.486,9.528,135222.0,9.528,EVALUATION,-0.0019941225860621303
QYLD,2018-08-10T00:00:00Z,9.486,9.573,9.486,9.509,114216.0,9.523,EVALUATION,-0.0008413082343043943
QYLD,2018-08-13T00:00:00Z,9.528,9.543,9.486,9.501,78524.0,9.512666666666666,EVALUATION,0.004841595621513539
QYLD,2018-08-14T00:00:00Z,9.562,9.562,9.501,9.547,102727.0,9.519,EVALUATION,-0.005132502356761437
QYLD,2018-08-15T00:00:00Z,9.528,9.528,9.443,9.498,134378.0,9.515333333333334,EVALUATION,0.0027374184038744254
QYLD,2018-08-16T00:00:00Z,9.577,9.577,9.506,9.524,141841.0,9.523,EVALUATION,0.0
QYLD,2018-08-17T00:00:00Z,9.551,9.551,9.448,9.524,96602.0,9.515333333333333,EVALUATION,0.0015749685006301029
QYLD,2018-08-20T00:00:00Z,9.547,9.547,9.486,9.539,191253.0,9.529,EVALUATION,0.0
QYLD,2018-08-21T00:00:00Z,9.585,9.585,9.515,9.539,210407.0,9.533999999999999,EVALUATION,0.0014676590837614523
QYLD,2018-08-22T00:00:00Z,9.542,9.565,9.519,9.553,115427.0,9.543666666666667,EVALUATION,0.000837433267036447
QYLD,2018-08-23T00:00:00Z,9.553,9.633,9.543,9.561,148844.0,9.551,EVALUATION,0.003556113377261916
QYLD,2018-08-24T00:00:00Z,9.568,9.595,9.565,9.595,183276.0,9.569666666666667,EVALUATION,0.0015633142261592958
QYLD,2018-08-27T00:00:00Z,9.633,9.633,9.595,9.61,112898.0,9.588666666666667,EVALUATION,0.001248699271592102
QYLD,2018-08-28T00:00:00Z,9.649,9.653,9.573,9.622,162882.0,9.609,EVALUATION,0.0015589274579090873
QYLD,2018-08-29T00:00:00Z,9.633,9.641,9.603,9.637,355543.0,9.623,EVALUATION,-0.0011414340562416747
QYLD,2018-08-30T00:00:00Z,9.622,9.637,9.613,9.626,104552.0,9.628333333333334,EVALUATION,0.0004155412424684535
QYLD,2018-08-31T00:00:00Z,9.626,9.637,9.599,9.63,140368.0,9.631,EVALUATION,0.0003115264797506345
QYLD,2018-09-04T00:00:00Z,9.641,9.645,9.603,9.633,592847.0,9.629666666666667,EVALUATION,-0.0031142946122703075
QYLD,2018-09-05T00:00:00Z,9.633,9.633,9.58,9.603,175787.0,9.622,EVALUATION,-0.0023950848693116145
QYLD,2018-09-06T00:00:00Z,9.572,9.603,9.549,9.58,244881.0,9.605333333333334,EVALUATION,-0.00041753653444676075
QYLD,2018-09-07T00:00:00Z,9.576,9.603,9.542,9.576,144768.0,9.586333333333334,EVALUATION,0.0024018379281536273
QYLD,2018-09-10T00:00:00Z,9.61,9.614,9.565,9.599,241689.0,9.585,EVALUATION,0.003958745702677291
QYLD,2018-09-11T00:00:00Z,9.599,9.637,9.572,9.637,169650.0,9.604000000000001,EVALUATION,0.0
QYLD,2018-09-12T00:00:00Z,9.645,9.645,9.582,9.637,130649.0,9.624333333333334,EVALUATION,0.001245200788626999
QYLD,2018-09-13T00:00:00Z,9.656,9.664,9.63,9.649,137235.0,9.641,EVALUATION,0.0015545652399213683
QYLD,2018-09-14T00:00:00Z,9.668,9.672,9.649,9.664,261320.0,9.65,EVALUATION,-0.0011382450331125504
QYLD,2018-09-17T00:00:00Z,9.668,9.668,9.63,9.653,378668.0,9.655333333333333,EVALUATION,0.0015539210608099818
QYLD,2018-09-18T00:00:00Z,9.672,9.672,9.645,9.668,119581.0,9.661666666666667,EVALUATION,-0.0008274720728174145
QYLD,2018-09-19T00:00:00Z,9.672,9.676,9.653,9.66,188867.0,9.660333333333334,EVALUATION,0.0016563146997929934
QYLD,2018-09-20T00:00:00Z,9.672,9.687,9.649,9.676,172707.0,9.668,EVALUATION,-0.004754030591153313
QYLD,2018-09-21T00:00:00Z,9.699,9.699,9.591,9.63,224698.0,9.655333333333335,EVALUATION,0.002699896157840165
QYLD,2018-09-24T00:00:00Z,9.63,9.656,9.579,9.656,166395.0,9.654,EVALUATION,0.0008285004142500885
QYLD,2018-09-25T00:00:00Z,9.672,9.672,9.63,9.664,123970.0,9.65,EVALUATION,0.00041390728476820016
QYLD,2018-09-26T00:00:00Z,9.684,9.715,9.653,9.668,213627.0,9.662666666666667,EVALUATION,0.004447662391394491
QYLD,2018-09-27T00:00:00Z,9.668,9.726,9.668,9.711,134775.0,9.681000000000001,EVALUATION,-0.0012357120790855713
QYLD,2018-09-28T00:00:00Z,9.695,9.719,9.688,9.699,116962.0,9.692666666666668,EVALUATION,0.002783792143520092
QYLD,2018-10-01T00:00:00Z,9.722,9.746,9.707,9.726,195877.0,9.712,EVALUATION,-0.0004112687641375512
QYLD,2018-10-02T00:00:00Z,9.726,9.742,9.71,9.722,141505.0,9.715666666666667,EVALUATION,0.0016457519029007273
QYLD,2018-10-03T00:00:00Z,9.746,9.757,9.722,9.738,259406.0,9.728666666666667,EVALUATION,-0.010269049086054638
QYLD,2018-10-04T00:00:00Z,9.746,9.746,9.591,9.638,261366.0,9.699333333333334,EVALUATION,-0.00840423324341144
QYLD,2018-10-05T00:00:00Z,9.649,9.649,9.456,9.557,213618.0,9.644333333333334,EVALUATION,-0.0032436957204143857
QYLD,2018-10-08T00:00:00Z,9.557,9.58,9.418,9.526,138569.0,9.573666666666666,EVALUATION,0.0028343480999371007
QYLD,2018-10-09T00:00:00Z,9.518,9.599,9.488,9.553,122585.0,9.545333333333334,EVALUATION,-0.034753480582016216
QYLD,2018-10-10T00:00:00Z,9.541,9.541,9.171,9.221,498149.0,9.433333333333334,EVALUATION,-0.019520659364494097
QYLD,2018-10-11T00:00:00Z,9.186,9.244,8.951,9.041,380983.0,9.271666666666667,EVALUATION,0.03008516756995916
QYLD,2018-10-12T00:00:00Z,9.24,9.321,9.113,9.313,181058.0,9.191666666666666,EVALUATION,-0.013207344572103596
QYLD,2018-10-15T00:00:00Z,9.282,9.282,9.148,9.19,76606.0,9.181333333333333,EVALUATION,0.030250272034820558
QYLD,2018-10-16T00:00:00Z,9.263,9.475,9.26,9.468,182589.0,9.323666666666666,EVALUATION,-0.001689902830587231
QYLD,2018-10-17T00:00:00Z,9.506,9.506,9.36,9.452,161138.0,9.37,EVALUATION,-0.020842149809564003
QYLD,2018-10-18T00:00:00Z,9.425,9.425,9.205,9.255,112550.0,9.391666666666667,EVALUATION,0.0
QYLD,2018-10-19T00:00:00Z,9.317,9.391,9.217,9.255,65882.0,9.320666666666668,EVALUATION,0.006699081577525634
QYLD,2018-10-22T00:00:00Z,9.275,9.356,9.255,9.317,97401.0,9.275666666666668,EVALUATION,-0.003327251261135644
QYLD,2018-10-23T00:00:00Z,9.225,9.304,9.09,9.286,213637.0,9.286,EVALUATION,-0.037475769976308304
QYLD,2018-10-24T00:00:00Z,9.242,9.283,8.919,8.938,227924.0,9.180333333333333,EVALUATION,0.029201163571268562
QYLD,2018-10-25T00:00:00Z,9.051,9.229,9.027,9.199,162460.0,9.141,EVALUATION,-0.019458636808348806
QYLD,2018-10-26T00:00:00Z,8.977,9.164,8.912,9.02,144275.0,9.052333333333333,EVALUATION,-0.0177383592017738
QYLD,2018-10-29T00:00:00Z,9.125,9.172,8.7,8.86,217366.0,9.026333333333334,EVALUATION,0.011060948081264232
QYLD,2018-10-30T00:00:00Z,8.833,8.965,8.806,8.958,112418.0,8.946,EVALUATION,0.023889260995757944
QYLD,2018-10-31T00:00:00Z,9.114,9.229,9.086,9.172,151824.0,8.996666666666666,EVALUATION,0.011883994766681116
QYLD,2018-11-01T00:00:00Z,9.199,9.293,9.145,9.281,120355.0,9.137,EVALUATION,-0.01303738821247713
QYLD,2018-11-02T00:00:00Z,9.301,9.32,9.128,9.16,356254.0,9.204333333333334,EVALUATION,0.0
QYLD,2018-11-05T00:00:00Z,9.188,9.192,9.082,9.16,208321.0,9.200333333333333,EVALUATION,0.008951965065502332
QYLD,2018-11-06T00:00:00Z,9.16,9.27,9.16,9.242,96770.0,9.187333333333333,EVALUATION,0.022397749404890588
QYLD,2018-11-07T00:00:00Z,9.32,9.449,9.301,9.449,152724.0,9.283666666666667,EVALUATION,-0.0012699756587999378
QYLD,2018-11-08T00:00:00Z,9.457,9.457,9.398,9.437,103356.0,9.376000000000001,EVALUATION,-0.011126417293631286
QYLD,2018-11-09T00:00:00Z,9.398,9.398,9.262,9.332,80073.0,9.406,EVALUATION,-0.025932276039434266
QYLD,2018-11-12T00:00:00Z,9.289,9.289,9.051,9.09,134026.0,9.286333333333333,EVALUATION,-0.0020902090209020674
QYLD,2018-11-13T00:00:00Z,9.11,9.218,9.047,9.071,82846.0,9.164333333333333,EVALUATION,-0.007386175724837463
QYLD,2018-11-14T00:00:00Z,9.172,9.184,8.959,9.004,95105.0,9.055,EVALUATION,0.017325633051976874
QYLD,2018-11-15T00:00:00Z,9.008,9.192,8.911,9.16,168023.0,9.078333333333333,EVALUATION,-0.005021834061135322
QYLD,2018-11-16T00:00:00Z,9.094,9.223,8.997,9.114,104719.0,9.092666666666666,EVALUATION,-0.01974983541803832
QYLD,2018-11-19T00:00:00Z,9.114,9.114,8.907,8.934,146710.0,9.069333333333333,EVALUATION,-0.015222744571300573
QYLD,2018-11-20T00:00:00Z,8.821,8.911,8.704,8.798,275297.0,8.948666666666666,EVALUATION,0.011820868379176952
QYLD,2018-11-21T00:00:00Z,8.902,8.965,8.871,8.902,144311.0,8.878,EVALUATION,-0.005729049651763463
QYLD,2018-11-23T00:00:00Z,8.902,8.902,8.847,8.851,77880.0,8.850333333333333,EVALUATION,0.017399163936278272
QYLD,2018-11-26T00:00:00Z,8.91,9.005,8.882,9.005,189207.0,8.919333333333334,EVALUATION,0.00210993892282052
QYLD,2018-11-27T00:00:00Z,8.993,9.044,8.93,9.024,258702.0,8.96,EVALUATION,0.01617907801418439
QYLD,2018-11-28T00:00:00Z,9.044,9.185,9.028,9.17,239332.0,9.066333333333333,EVALUATION,-0.0017448200654307522
QYLD,2018-11-29T00:00:00Z,9.158,9.201,9.119,9.154,133772.0,9.116,EVALUATION,0.0039327070133274855
QYLD,2018-11-30T00:00:00Z,9.162,9.205,9.154,9.19,80335.0,9.171333333333333,EVALUATION,0.01109902067464641
QYLD,2018-12-03T00:00:00Z,9.32,9.335,9.267,9.292,205219.0,9.212,EVALUATION,-0.01947912182522593
QYLD,2018-12-04T00:00:00Z,9.28,9.3,9.079,9.111,180461.0,9.197666666666667,EVALUATION,0.004280540006585509
QYLD,2018-12-06T00:00:00Z,8.969,9.154,8.969,9.15,201958.0,9.184333333333335,EVALUATION,-0.019344262295081904
QYLD,2018-12-07T00:00:00Z,9.142,9.154,8.949,8.973,144929.0,9.078000000000001,EVALUATION,0.009249972138637874
QYLD,2018-12-10T00:00:00Z,8.981,9.095,8.867,9.056,254338.0,9.059666666666667,EVALUATION,0.0020980565371024884
QYLD,2018-12-11T00:00:00Z,9.107,9.158,9.008,9.075,213083.0,9.034666666666666,EVALUATION,0.006942148760330724
QYLD,2018-12-12T00:00:00Z,9.131,9.209,9.115,9.138,199498.0,9.089666666666666,EVALUATION,0.0021886627270737424
QYLD,2018-12-13T00:00:00Z,9.146,9.205,9.111,9.158,89120.0,9.123666666666667,EVALUATION,-0.018017034286962108
QYLD,2018-12-14T00:00:00Z,9.174,9.174,8.961,8.993,198455.0,9.096333333333334,EVALUATION,-0.02546424997220076
QYLD,2018-12-17T00:00:00Z,8.938,8.993,8.705,8.764,261083.0,8.971666666666668,EVALUATION,0.00901414879050666
QYLD,2018-12-18T00:00:00Z,8.827,8.904,8.766,8.843,138049.0,8.866666666666667,EVALUATION,-0.02453918353499951
QYLD,2018-12-19T00:00:00Z,8.914,8.948,8.544,8.626,224024.0,8.744333333333334,EVALUATION,-0.017737073962438954
QYLD,2018-12-20T00:00:00Z,8.626,8.685,8.359,8.473,313821.0,8.647333333333334,EVALUATION,-0.0385931783311696
QYLD,2018-12-21T00:00:00Z,8.492,8.559,8.024,8.146,442620.0,8.415000000000001,EVALUATION,-0.03191750552418371
QYLD,2018-12-24T00:00:00Z,8.067,8.122,7.878,7.886,207599.0,8.168333333333333,EVALUATION,0.028911995942176194
QYLD,2018-12-26T00:00:00Z,7.878,8.272,7.653,8.114,311875.0,8.048666666666668,EVALUATION,0.035987182647276184
QYLD,2018-12-27T00:00:00Z,8.079,8.406,8.079,8.406,224318.0,8.135333333333334,EVALUATION,-0.004401617891982013
QYLD,2018-12-28T00:00:00Z,8.387,8.466,8.331,8.369,233514.0,8.296333333333333,EVALUATION,0.01111243876209822
QYLD,2018-12-31T00:00:00Z,8.367,8.509,8.367,8.462,366542.0,8.412333333333333,EVALUATION,0.0
QYLD,2019-01-02T00:00:00Z,8.315,8.482,8.315,8.462,101869.0,8.431,EVALUATION,-0.014062869298038239
QYLD,2019-01-03T00:00:00Z,8.359,8.457,8.339,8.343,199817.0,8.422333333333333,EVALUATION,0.02145511206999884
QYLD,2019-01-04T00:00:00Z,8.486,8.561,8.379,8.522,105073.0,8.442333333333334,EVALUATION,0.00551513729171571
QYLD,2019-01-07T00:00:00Z,8.554,8.595,8.552,8.569,148329.0,8.478000000000002,EVALUATION,0.005601587116349727
QYLD,2019-01-08T00:00:00Z,8.629,8.637,8.565,8.617,102707.0,8.569333333333335,EVALUATION,-0.0023209933851690012
QYLD,2019-01-09T00:00:00Z,8.597,8.66,8.585,8.597,226888.0,8.594333333333333,EVALUATION,0.0051180644410842024
QYLD,2019-01-10T00:00:00Z,8.633,8.658,8.597,8.641,103941.0,8.618333333333332,EVALUATION,0.002314546927438821
QYLD,2019-01-11T00:00:00Z,8.637,8.661,8.609,8.661,105939.0,8.633,EVALUATION,-0.002771042604779894
QYLD,2019-01-14T00:00:00Z,8.653,8.668,8.625,8.637,108180.0,8.646333333333333,EVALUATION,0.001852495079309957
QYLD,2019-01-15T00:00:00Z,8.625,8.657,8.617,8.653,159282.0,8.650333333333334,EVALUATION,-0.0018490696868138645
QYLD,2019-01-16T00:00:00Z,8.641,8.657,8.625,8.637,164729.0,8.642333333333333,EVALUATION,0.0013893713094823568
QYLD,2019-01-17T00:00:00Z,8.637,8.657,8.634,8.649,102136.0,8.646333333333333,EVALUATION,0.006359116660885844
QYLD,2019-01-18T00:00:00Z,8.685,8.736,8.637,8.704,311588.0,8.663333333333334,EVALUATION,-0.0040211397058823595
QYLD,2019-01-22T00:00:00Z,8.693,8.708,8.657,8.669,132180.0,8.674,EVALUATION,0.0012688891452299345
QYLD,2019-01-23T00:00:00Z,8.7,8.727,8.616,8.68,135651.0,8.684333333333333,EVALUATION,0.004147465437787989
QYLD,2019-01-24T00:00:00Z,8.704,8.724,8.668,8.716,89601.0,8.688333333333333,EVALUATION,0.0064249655805417305
QYLD,2019-01-25T00:00:00Z,8.732,8.776,8.732,8.772,98792.0,8.722666666666665,EVALUATION,-0.004559963520291976
QYLD,2019-01-28T00:00:00Z,8.732,8.74,8.684,8.732,224896.0,8.739999999999998,EVALUATION,-0.005955107650022828
QYLD,2019-01-29T00:00:00Z,8.732,8.748,8.664,8.68,178752.0,8.728,EVALUATION,0.014746543778801913
QYLD,2019-01-30T00:00:00Z,8.712,8.824,8.704,8.808,103886.0,8.739999999999998,EVALUATION,0.004995458673932918
QYLD,2019-01-31T00:00:00Z,8.824,8.893,8.811,8.852,310416.0,8.78,EVALUATION,0.002711251694532235
QYLD,2019-02-01T00:00:00Z,8.856,8.904,8.852,8.876,156840.0,8.845333333333333,EVALUATION,0.006759801712483249
QYLD,2019-02-04T00:00:00Z,8.892,8.946,8.888,8.936,186777.0,8.888,EVALUATION,0.0013428827215757888
QYLD,2019-02-05T00:00:00Z,8.936,8.972,8.932,8.948,198735.0,8.92,EVALUATION,0.0004470272686634136
QYLD,2019-02-06T00:00:00Z,8.948,8.98,8.94,8.952,180397.0,8.945333333333334,EVALUATION,-0.003127792672028673
QYLD,2019-02-07T00:00:00Z,8.948,8.952,8.904,8.924,124202.0,8.941333333333333,EVALUATION,0.0008964589870015249
QYLD,2019-02-08T00:00:00Z,8.892,8.94,8.876,8.932,98624.0,8.936,EVALUATION,0.0017913121361397
QYLD,2019-02-11T00:00:00Z,8.948,8.956,8.94,8.948,164401.0,8.934666666666667,EVALUATION,0.0026821636119802594
QYLD,2019-02-12T00:00:00Z,8.968,8.981,8.964,8.972,146752.0,8.950666666666667,EVALUATION,0.0
QYLD,2019-02-13T00:00:00Z,8.972,8.993,8.972,8.972,228961.0,8.963999999999999,EVALUATION,0.0014489522960321466
QYLD,2019-02-14T00:00:00Z,8.981,8.993,8.948,8.985,172030.0,8.976333333333333,EVALUATION,-0.00089037284362814
QYLD,2019-02-15T00:00:00Z,9.021,9.025,8.924,8.977,290622.0,8.978,EVALUATION,0.004010248412609885
QYLD,2019-02-19T00:00:00Z,8.956,9.021,8.952,9.013,248140.0,8.991666666666667,EVALUATION,-0.001442361034061923
QYLD,2019-02-20T00:00:00Z,9.007,9.023,8.982,9.0,246555.0,8.996666666666666,EVALUATION,-0.0015555555555555323
QYLD,2019-02-21T00:00:00Z,8.986,9.031,8.95,8.986,155200.0,8.999666666666666,EVALUATION,0.004340084576007097
QYLD,2019-02-22T00:00:00Z,8.998,9.031,8.986,9.025,150394.0,9.003666666666668,EVALUATION,0.002880886426592788
QYLD,2019-02-25T00:00:00Z,9.063,9.096,9.031,9.051,199145.0,9.020666666666667,EVALUATION,-0.0008838802342283625
QYLD,2019-02-26T00:00:00Z,9.039,9.083,9.023,9.043,224148.0,9.039666666666665,EVALUATION,0.0013269932544510699
QYLD,2019-02-27T00:00:00Z,9.039,9.056,9.002,9.055,85718.0,9.049666666666667,EVALUATION,0.0008834897846494716
QYLD,2019-02-28T00:00:00Z,9.051,9.077,9.043,9.063,108937.0,9.053666666666667,EVALUATION,0.002648129758358042
QYLD,2019-03-01T00:00:00Z,9.1,9.1,9.059,9.087,122289.0,9.068333333333333,EVALUATION,0.0
QYLD,2019-03-04T00:00:00Z,9.1,9.116,9.045,9.087,231080.0,9.079,EVALUATION,0.00044018928139100133
QYLD,2019-03-05T00:00:00Z,9.096,9.1,9.079,9.091,199330.0,9.088333333333333,EVALUATION,-0.0013199868001319004
QYLD,2019-03-06T00:00:00Z,9.096,9.1,9.067,9.079,160192.0,9.085666666666667,EVALUATION,-0.004846348716819104
QYLD,2019-03-07T00:00:00Z,9.071,9.075,9.017,9.035,264935.0,9.068333333333333,EVALUATION,-0.0013281682346431012
QYLD,2019-03-08T00:00:00Z,8.974,9.023,8.922,9.023,113098.0,9.045666666666667,EVALUATION,0.012966862462595596
QYLD,2019-03-11T00:00:00Z,9.059,9.14,9.059,9.14,171063.0,9.066,EVALUATION,-0.0004376367614881138
QYLD,2019-03-12T00:00:00Z,9.168,9.168,9.108,9.136,242703.0,9.099666666666668,EVALUATION,0.00043782837127870344
QYLD,2019-03-13T00:00:00Z,9.193,9.193,9.124,9.14,248782.0,9.138666666666667,EVALUATION,-0.0004376367614881138
QYLD,2019-03-14T00:00:00Z,9.18,9.18,9.124,9.136,248376.0,9.137333333333334,EVALUATION,0.008428196147110434
QYLD,2019-03-15T00:00:00Z,9.172,9.253,9.162,9.213,138218.0,9.163,EVALUATION,0.0004341691088680655
QYLD,2019-03-18T00:00:00Z,9.298,9.298,9.197,9.217,365124.0,9.188666666666666,EVALUATION,0.0
QYLD,2019-03-19T00:00:00Z,9.245,9.265,9.205,9.217,193981.0,9.215666666666667,EVALUATION,0.0030378648150155563
QYLD,2019-03-20T00:00:00Z,9.222,9.263,9.194,9.245,129627.0,9.226333333333333,EVALUATION,0.001946998377501341
QYLD,2019-03-21T00:00:00Z,9.226,9.288,9.223,9.263,312854.0,9.241666666666667,EVALUATION,-0.007448990607794359
QYLD,2019-03-22T00:00:00Z,9.271,9.275,9.182,9.194,193132.0,9.234,EVALUATION,0.0008701326952358368
QYLD,2019-03-25T00:00:00Z,9.182,9.218,9.145,9.202,164096.0,9.219666666666667,EVALUATION,0.0004346881112800016
QYLD,2019-03-26T00:00:00Z,9.243,9.255,9.204,9.206,161256.0,9.200666666666667,EVALUATION,-0.0013034977188788321
QYLD,2019-03-27T00:00:00Z,9.226,9.239,9.147,9.194,152459.0,9.200666666666667,EVALUATION,0.003045464433325984
QYLD,2019-03-28T00:00:00Z,9.206,9.235,9.194,9.222,132917.0,9.207333333333334,EVALUATION,0.004445890262416041
QYLD,2019-03-29T00:00:00Z,9.239,9.279,9.222,9.263,184795.0,9.226333333333333,EVALUATION,0.004858037352909461
QYLD,2019-04-01T00:00:00Z,9.308,9.324,9.284,9.308,366721.0,9.264333333333333,EVALUATION,0.0012892135797164528
QYLD,2019-04-02T00:00:00Z,9.32,9.328,9.308,9.32,172608.0,9.297,EVALUATION,0.0013948497854077146
QYLD,2019-04-03T00:00:00Z,9.324,9.365,9.324,9.333,226650.0,9.320333333333334,EVALUATION,0.0008571734704809764
QYLD,2019-04-04T00:00:00Z,9.337,9.349,9.32,9.341,228779.0,9.331333333333333,EVALUATION,0.0012846590300825689
QYLD,2019-04-05T00:00:00Z,9.377,9.377,9.345,9.353,478358.0,9.342333333333332,EVALUATION,0.00042767026622470006
QYLD,2019-04-08T00:00:00Z,9.357,9.364,9.345,9.357,327935.0,9.350333333333333,EVALUATION,-0.0004274874425562736
QYLD,2019-04-09T00:00:00Z,9.357,9.365,9.345,9.353,272521.0,9.354333333333333,EVALUATION,0.0008553405324496222
QYLD,2019-04-10T00:00:00Z,9.349,9.365,9.349,9.361,212889.0,9.357,EVALUATION,0.0
QYLD,2019-04-11T00:00:00Z,9.365,9.373,9.357,9.361,222812.0,9.358333333333334,EVALUATION,0.0004273047751308656
QYLD,2019-04-12T00:00:00Z,9.365,9.369,9.361,9.365,213894.0,9.362333333333334,EVALUATION,0.0
QYLD,2019-04-15T00:00:00Z,9.39,9.39,9.349,9.365,366414.0,9.363666666666667,EVALUATION,0.0008542445274959398
QYLD,2019-04-16T00:00:00Z,9.369,9.377,9.357,9.373,423586.0,9.367666666666667,EVALUATION,-0.0008535154166221526
QYLD,2019-04-17T00:00:00Z,9.373,9.377,9.365,9.365,574385.0,9.367666666666667,EVALUATION,0.0004271222637479699
QYLD,2019-04-18T00:00:00Z,9.373,9.377,9.333,9.369,183362.0,9.369,EVALUATION,0.0022414345180916673
QYLD,2019-04-22T00:00:00Z,9.373,9.39,9.349,9.39,198412.0,9.374666666666666,EVALUATION,0.003833865814696358
QYLD,2019-04-23T00:00:00Z,9.39,9.443,9.39,9.426,322061.0,9.395,EVALUATION,-0.002440059410142137
QYLD,2019-04-24T00:00:00Z,9.434,9.434,9.402,9.403,285556.0,9.406333333333334,EVALUATION,0.0002126980750822849
QYLD,2019-04-25T00:00:00Z,9.438,9.438,9.397,9.405,256648.0,9.411333333333333,EVALUATION,0.0022328548644339197
QYLD,2019-04-26T00:00:00Z,9.405,9.43,9.397,9.426,156261.0,9.411333333333333,EVALUATION,0.0008487163165711298
QYLD,2019-04-29T00:00:00Z,9.442,9.446,9.434,9.434,184186.0,9.421666666666667,EVALUATION,-0.0016959932160270919
QYLD,2019-04-30T00:00:00Z,9.422,9.446,9.372,9.418,590848.0,9.425999999999998,EVALUATION,0.0004247186239116907
QYLD,2019-05-01T00:00:00Z,9.446,9.451,9.418,9.422,233362.0,9.424666666666667,EVALUATION,-0.0013797495223943912
QYLD,2019-05-02T00:00:00Z,9.422,9.442,9.372,9.409,239969.0,9.416333333333334,EVALUATION,0.004463811244552973
QYLD,2019-05-03T00:00:00Z,9.434,9.459,9.422,9.451,482107.0,9.427333333333333,EVALUATION,-0.0017987514548726269
QYLD,2019-05-06T00:00:00Z,9.393,9.442,9.377,9.434,240732.0,9.431333333333333,EVALUATION,-0.012613949544201808
QYLD,2019-05-07T00:00:00Z,9.405,9.409,9.282,9.315,526984.0,9.4,EVALUATION,0.0026838432635534204
QYLD,2019-05-08T00:00:00Z,9.319,9.364,9.282,9.34,214186.0,9.363,EVALUATION,-0.002676659528907943
QYLD,2019-05-09T00:00:00Z,9.282,9.335,9.204,9.315,382638.0,9.323333333333334,EVALUATION,0.004401502952227521
QYLD,2019-05-10T00:00:00Z,9.261,9.356,9.175,9.356,436646.0,9.337,EVALUATION,-0.030782385634886777
QYLD,2019-05-13T00:00:00Z,9.192,9.192,9.05,9.068,425216.0,9.246333333333332,EVALUATION,0.011358623731804185
QYLD,2019-05-14T00:00:00Z,9.105,9.212,9.089,9.171,514270.0,9.198333333333332,EVALUATION,0.013411841674844771
QYLD,2019-05-15T00:00:00Z,9.117,9.315,9.105,9.294,274502.0,9.177666666666667,EVALUATION,0.010652033570045294
QYLD,2019-05-16T00:00:00Z,9.298,9.434,9.282,9.393,205945.0,9.286000000000001,EVALUATION,-0.007878207175556207
QYLD,2019-05-17T00:00:00Z,9.298,9.418,9.296,9.319,290318.0,9.335333333333335,EVALUATION,-0.010194226848374344
QYLD,2019-05-20T00:00:00Z,9.245,9.261,9.187,9.224,190725.0,9.312000000000001,EVALUATION,0.007805724197744945
QYLD,2019-05-21T00:00:00Z,9.27,9.311,9.261,9.296,198525.0,9.279666666666667,EVALUATION,-0.002366609294320199
QYLD,2019-05-22T00:00:00Z,9.27,9.303,9.212,9.274,190802.0,9.264666666666667,EVALUATION,-0.011214147077851955
QYLD,2019-05-23T00:00:00Z,9.199,9.204,9.112,9.17,299340.0,9.246666666666666,EVALUATION,-0.0027262813522356266
QYLD,2019-05-24T00:00:00Z,9.208,9.249,9.141,9.145,152359.0,9.196333333333333,EVALUATION,0.0
QYLD,2019-05-28T00:00:00Z,9.187,9.241,9.141,9.145,236425.0,9.153333333333332,EVALUATION,-0.010388190267905828
QYLD,2019-05-29T00:00:00Z,9.1,9.116,9.013,9.05,344229.0,9.113333333333333,EVALUATION,0.00828729281767937
QYLD,2019-05-30T00:00:00Z,9.075,9.133,9.071,9.125,199471.0,9.106666666666667,EVALUATION,-0.013260273972602765
QYLD,2019-05-31T00:00:00Z,9.029,9.054,8.971,9.004,200799.0,9.059666666666667,EVALUATION,-0.02343402932030214
QYLD,2019-06-03T00:00:00Z,8.971,8.979,8.755,8.793,380203.0,8.974,EVALUATION,0.02786307289889689
QYLD,2019-06-04T00:00:00Z,8.813,9.038,8.813,9.038,209707.0,8.945,EVALUATION,0.007302500553219682
QYLD,2019-06-05T00:00:00Z,9.096,9.104,9.017,9.104,146113.0,8.978333333333332,EVALUATION,0.0050527240773288185
QYLD,2019-06-06T00:00:00Z,9.121,9.174,9.08,9.15,102387.0,9.097333333333333,EVALUATION,0.019016393442622848
QYLD,2019-06-07T00:00:00Z,9.187,9.336,9.187,9.324,210368.0,9.192666666666668,EVALUATION,0.007614757614757606
QYLD,2019-06-10T00:00:00Z,9.349,9.448,9.349,9.395,235729.0,9.289666666666667,EVALUATION,0.0030867482703564875
QYLD,2019-06-11T00:00:00Z,9.44,9.444,9.395,9.424,153162.0,9.381,EVALUATION,-0.004456706281833589
QYLD,2019-06-12T00:00:00Z,9.411,9.415,9.369,9.382,144599.0,9.400333333333332,EVALUATION,0.004903005755702461
QYLD,2019-06-13T00:00:00Z,9.395,9.436,9.395,9.428,154790.0,9.411333333333333,EVALUATION,-0.001378871446754526
QYLD,2019-06-14T00:00:00Z,9.444,9.444,9.37,9.415,128359.0,9.408333333333333,EVALUATION,0.005735528412108337
QYLD,2019-06-17T00:00:00Z,9.44,9.482,9.43,9.469,208921.0,9.437333333333333,EVALUATION,0.007498151863977176
QYLD,2019-06-18T00:00:00Z,9.515,9.552,9.507,9.54,238660.0,9.474666666666666,EVALUATION,0.003039832285115507
QYLD,2019-06-19T00:00:00Z,9.548,9.573,9.519,9.569,158032.0,9.526,EVALUATION,0.0012540495349564473
QYLD,2019-06-20T00:00:00Z,9.602,9.61,9.573,9.581,245467.0,9.563333333333333,EVALUATION,-0.0012524788644190377
QYLD,2019-06-21T00:00:00Z,9.602,9.606,9.545,9.569,194989.0,9.573,EVALUATION,0.0016720660466087445
QYLD,2019-06-24T00:00:00Z,9.577,9.598,9.575,9.585,186100.0,9.578333333333333,EVALUATION,-0.009076682316119133
QYLD,2019-06-25T00:00:00Z,9.602,9.602,9.461,9.498,224712.0,9.550666666666668,EVALUATION,0.0033691303432301645
QYLD,2019-06-26T00:00:00Z,9.555,9.563,9.493,9.53,183855.0,9.537666666666667,EVALUATION,0.00220356768100749
QYLD,2019-06-27T00:00:00Z,9.559,9.559,9.53,9.551,130245.0,9.526333333333334,EVALUATION,-0.000942309705790012
QYLD,2019-06-28T00:00:00Z,9.568,9.574,9.534,9.542,208734.0,9.541,EVALUATION,0.013204778872353717
QYLD,2019-07-01T00:00:00Z,9.643,9.677,9.639,9.668,174488.0,9.587,EVALUATION,0.00175837815473745
QYLD,2019-07-02T00:00:00Z,9.677,9.689,9.639,9.685,279649.0,9.631666666666668,EVALUATION,0.003923593185338081
QYLD,2019-07-03T00:00:00Z,9.706,9.723,9.689,9.723,102908.0,9.692,EVALUATION,0.0
QYLD,2019-07-05T00:00:00Z,9.71,9.723,9.685,9.723,178598.0,9.710333333333335,EVALUATION,-0.0025712228735986775
QYLD,2019-07-08T00:00:00Z,9.723,9.723,9.647,9.698,278209.0,9.714666666666666,EVALUATION,0.0029903072798516117
QYLD,2019-07-09T00:00:00Z,9.693,9.731,9.685,9.727,218051.0,9.716000000000001,EVALUATION,0.0025701655186594063
QYLD,2019-07-10T00:00:00Z,9.748,9.76,9.739,9.752,231855.0,9.725666666666667,EVALUATION,0.0017432321575061582
QYLD,2019-07-11T00:00:00Z,9.773,9.773,9.754,9.769,295354.0,9.749333333333334,EVALUATION,0.0008189169822907516
QYLD,2019-07-12T00:00:00Z,9.777,9.781,9.765,9.777,372092.0,9.766,EVALUATION,0.0
QYLD,2019-07-15T00:00:00Z,9.781,9.781,9.769,9.777,246287.0,9.774333333333333,EVALUATION,0.00040912345300214703
QYLD,2019-07-16T00:00:00Z,9.777,9.781,9.771,9.781,365557.0,9.778333333333332,EVALUATION,-0.0004089561394541308
QYLD,2019-07-17T00:00:00Z,9.827,9.827,9.773,9.777,197747.0,9.778333333333332,EVALUATION,0.0
QYLD,2019-07-18T00:00:00Z,9.773,9.794,9.773,9.777,339267.0,9.778333333333332,EVALUATION,-0.004704919709522248
QYLD,2019-07-19T00:00:00Z,9.798,9.836,9.731,9.731,357433.0,9.761666666666667,EVALUATION,0.0064741547631281815
QYLD,2019-07-22T00:00:00Z,9.777,9.798,9.748,9.794,355953.0,9.767333333333333,EVALUATION,0.004288339799877416
QYLD,2019-07-23T00:00:00Z,9.84,9.84,9.79,9.836,482158.0,9.786999999999999,EVALUATION,0.0032533550223667884
QYLD,2019-07-24T00:00:00Z,9.824,9.874,9.807,9.868,314162.0,9.832666666666666,EVALUATION,-0.0047628698824483395
QYLD,2019-07-25T00:00:00Z,9.862,9.862,9.811,9.821,230826.0,9.841666666666667,EVALUATION,0.005803889624274472
QYLD,2019-07-26T00:00:00Z,9.862,9.883,9.836,9.878,159697.0,9.855666666666668,EVALUATION,-0.0008098805426201006
QYLD,2019-07-29T00:00:00Z,9.874,9.878,9.84,9.87,205808.0,9.856333333333334,EVALUATION,-0.002532928064842843
QYLD,2019-07-30T00:00:00Z,9.866,9.866,9.828,9.845,161851.0,9.864333333333333,EVALUATION,-0.005992889791772593
QYLD,2019-07-31T00:00:00Z,9.87,9.87,9.726,9.786,300949.0,9.833666666666666,EVALUATION,-0.005211526670754196
QYLD,2019-08-01T00:00:00Z,9.794,9.878,9.688,9.735,385807.0,9.788666666666666,EVALUATION,-0.013456599897277877
QYLD,2019-08-02T00:00:00Z,9.688,9.688,9.583,9.604,417347.0,9.708333333333332,EVALUATION,-0.03071636817992507
QYLD,2019-08-05T00:00:00Z,9.494,9.494,9.228,9.309,849103.0,9.549333333333333,EVALUATION,0.015361478139435114
QYLD,2019-08-06T00:00:00Z,9.372,9.465,9.338,9.452,421424.0,9.454999999999998,EVALUATION,0.003597122302158251
QYLD,2019-08-07T00:00:00Z,9.376,9.499,9.279,9.486,377554.0,9.415666666666667,EVALUATION,0.02266497997048278
QYLD,2019-08-08T00:00:00Z,9.528,9.705,9.524,9.701,230142.0,9.546333333333333,EVALUATION,-0.007834243892382298
QYLD,2019-08-09T00:00:00Z,9.693,9.695,9.553,9.625,242441.0,9.604000000000001,EVALUATION,-0.010493506493506555
QYLD,2019-08-12T00:00:00Z,9.566,9.587,9.473,9.524,303720.0,9.616666666666667,EVALUATION,0.019949601007980045
QYLD,2019-08-13T00:00:00Z,9.697,9.748,9.507,9.714,322035.0,9.621,EVALUATION,-0.030883261272390383
QYLD,2019-08-14T00:00:00Z,9.575,9.575,9.414,9.414,464373.0,9.550666666666666,EVALUATION,0.001380922031017695
QYLD,2019-08-15T00:00:00Z,9.427,9.467,9.351,9.427,230207.0,9.518333333333333,EVALUATION,0.015699586294685375
QYLD,2019-08-16T00:00:00Z,9.503,9.587,9.503,9.575,290969.0,9.472,EVALUATION,0.007415143603133334
QYLD,2019-08-19T00:00:00Z,9.71,9.71,9.604,9.646,491235.0,9.549333333333333,EVALUATION,-0.003006427534729461
QYLD,2019-08-20T00:00:00Z,9.625,9.646,9.612,9.617,323981.0,9.612666666666668,EVALUATION,0.0029115108661743605
QYLD,2019-08-21T00:00:00Z,9.671,9.705,9.641,9.645,295099.0,9.636000000000001,EVALUATION,0.0
QYLD,2019-08-22T00:00:00Z,9.671,9.68,9.607,9.645,244460.0,9.635666666666667,EVALUATION,-0.018558838776568165
QYLD,2019-08-23T00:00:00Z,9.628,9.65,9.437,9.466,333575.0,9.585333333333333,EVALUATION,0.009507711810690989
QYLD,2019-08-26T00:00:00Z,9.564,9.564,9.509,9.556,193382.0,9.555666666666665,EVALUATION,-0.0004185851820844855
QYLD,2019-08-27T00:00:00Z,9.594,9.599,9.53,9.552,196579.0,9.524666666666665,EVALUATION,0.0035594639865996758
QYLD,2019-08-28T00:00:00Z,9.552,9.594,9.5,9.586,167033.0,9.564666666666666,EVALUATION,0.00792822866680587
QYLD,2019-08-29T00:00:00Z,9.658,9.671,9.62,9.662,269163.0,9.6,EVALUATION,0.0
QYLD,2019-08-30T00:00:00Z,9.68,9.684,9.637,9.662,216097.0,9.636666666666667,EVALUATION,-0.004346926102256399
QYLD,2019-09-03T00:00:00Z,9.65,9.658,9.599,9.62,184683.0,9.648,EVALUATION,0.008004158004158102
QYLD,2019-09-04T00:00:00Z,9.684,9.697,9.658,9.697,414204.0,9.659666666666666,EVALUATION,0.005259358564504435
QYLD,2019-09-05T00:00:00Z,9.756,9.765,9.739,9.748,323701.0,9.688333333333333,EVALUATION,0.0013336068937217505
QYLD,2019-09-06T00:00:00Z,9.769,9.773,9.752,9.761,322685.0,9.735333333333333,EVALUATION,-0.0009220366765698707
QYLD,2019-09-09T00:00:00Z,9.786,9.786,9.748,9.752,311823.0,9.753666666666666,EVALUATION,0.0030762920426579132
QYLD,2019-09-10T00:00:00Z,9.765,9.782,9.736,9.782,323318.0,9.765,EVALUATION,0.0004089143324472744
QYLD,2019-09-11T00:00:00Z,9.786,9.786,9.765,9.786,203303.0,9.773333333333333,EVALUATION,0.0
QYLD,2019-09-12T00:00:00Z,9.807,9.82,9.778,9.786,189580.0,9.784666666666666,EVALUATION,0.0009196811771918778
QYLD,2019-09-13T00:00:00Z,9.803,9.803,9.786,9.795,175715.0,9.789,EVALUATION,0.001225114854517706
QYLD,2019-09-16T00:00:00Z,9.799,9.807,9.786,9.807,275299.0,9.796,EVALUATION,0.0
QYLD,2019-09-17T00:00:00Z,9.799,9.807,9.79,9.807,219051.0,9.803,EVALUATION,-0.00020393596410739345
QYLD,2019-09-18T00:00:00Z,9.803,9.82,9.79,9.805,279796.0,9.806333333333333,EVALUATION,0.0007139214686384676
QYLD,2019-09-19T00:00:00Z,9.807,9.82,9.807,9.812,232544.0,9.808,EVALUATION,-0.006522625356706113
QYLD,2019-09-20T00:00:00Z,9.842,9.848,9.692,9.748,383613.0,9.788333333333332,EVALUATION,0.00041034058268385465
QYLD,2019-09-23T00:00:00Z,9.735,9.761,9.718,9.752,319941.0,9.770666666666667,EVALUATION,-0.009639048400328254
QYLD,2019-09-24T00:00:00Z,9.752,9.778,9.624,9.658,432832.0,9.719333333333333,EVALUATION,0.008697452888797086
QYLD,2019-09-25T00:00:00Z,9.661,9.751,9.592,9.742,281120.0,9.717333333333334,EVALUATION,-0.003490043112297392
QYLD,2019-09-26T00:00:00Z,9.729,9.734,9.661,9.708,284270.0,9.702666666666667,EVALUATION,-0.008446641944787836
QYLD,2019-09-27T00:00:00Z,9.725,9.755,9.575,9.626,250130.0,9.692,EVALUATION,0.008934136713068863
QYLD,2019-09-30T00:00:00Z,9.661,9.722,9.652,9.712,216595.0,9.682,EVALUATION,-0.0063838550247116155
QYLD,2019-10-01T00:00:00Z,9.738,9.772,9.626,9.65,398677.0,9.662666666666667,EVALUATION,-0.015854922279792794
QYLD,2019-10-02T00:00:00Z,9.605,9.605,9.459,9.497,380436.0,9.619666666666667,EVALUATION,0.011793197851953208
QYLD,2019-10-03T00:00:00Z,9.519,9.609,9.411,9.609,321220.0,9.585333333333333,EVALUATION,0.012488292226038089
QYLD,2019-10-04T00:00:00Z,9.643,9.742,9.64,9.729,262929.0,9.611666666666666,EVALUATION,-0.0013362113269606013
QYLD,2019-10-07T00:00:00Z,9.708,9.755,9.695,9.716,287800.0,9.684666666666667,EVALUATION,-0.013277068752573062
QYLD,2019-10-08T00:00:00Z,9.678,9.688,9.583,9.587,392579.0,9.677333333333333,EVALUATION,0.010326483780118911
QYLD,2019-10-09T00:00:00Z,9.661,9.716,9.631,9.686,182380.0,9.663,EVALUATION,0.005368573198430759
QYLD,2019-10-10T00:00:00Z,9.678,9.764,9.669,9.738,237406.0,9.670333333333334,EVALUATION,0.008420620250564781
QYLD,2019-10-11T00:00:00Z,9.815,9.858,9.798,9.82,278235.0,9.748000000000001,EVALUATION,0.002545824847250522
QYLD,2019-10-14T00:00:00Z,9.837,9.863,9.828,9.845,286027.0,9.801,EVALUATION,0.009243270695784567
QYLD,2019-10-15T00:00:00Z,9.884,9.944,9.871,9.936,401773.0,9.867,EVALUATION,-0.0005032206119163218
QYLD,2019-10-16T00:00:00Z,9.927,9.944,9.906,9.931,281592.0,9.904,EVALUATION,0.001711811499345517
QYLD,2019-10-17T00:00:00Z,9.961,9.961,9.94,9.948,427475.0,9.938333333333333,EVALUATION,-0.009047044632086831
QYLD,2019-10-18T00:00:00Z,9.91,9.948,9.809,9.858,563947.0,9.912333333333333,EVALUATION,0.0065936295394601885
QYLD,2019-10-21T00:00:00Z,9.884,9.927,9.884,9.923,433540.0,9.909666666666666,EVALUATION,-0.0033256071752493233
QYLD,2019-10-22T00:00:00Z,9.944,9.948,9.884,9.89,380241.0,9.890333333333334,EVALUATION,-0.00030333670374116384
QYLD,2019-10-23T00:00:00Z,9.883,9.917,9.87,9.887,369434.0,9.9,EVALUATION,0.005461717406695765
QYLD,2019-10-24T00:00:00Z,9.922,9.948,9.904,9.941,246251.0,9.906,EVALUATION,0.004124333568051419
QYLD,2019-10-25T00:00:00Z,9.939,9.982,9.935,9.982,218837.0,9.936666666666667,EVALUATION,0.0013023442195951862
QYLD,2019-10-28T00:00:00Z,10.02,10.02,9.995,9.995,475772.0,9.972666666666667,EVALUATION,-0.000800400200099971
QYLD,2019-10-29T00:00:00Z,10.01,10.01,9.982,9.987,428396.0,9.988,EVALUATION,0.0023029938920595683
QYLD,2019-10-30T00:00:00Z,10.01,10.01,9.978,10.01,377358.0,9.997333333333334,EVALUATION,0.0009990009990010762
QYLD,2019-10-31T00:00:00Z,10.02,10.02,9.991,10.02,321682.0,10.005666666666666,EVALUATION,0.001996007984031989
QYLD,2019-11-01T00:00:00Z,10.04,10.04,10.02,10.04,427087.0,10.023333333333333,EVALUATION,0.0
QYLD,2019-11-04T00:00:00Z,10.04,10.06,10.04,10.04,585465.0,10.033333333333331,EVALUATION,0.0019920318725101804
QYLD,2019-11-05T00:00:00Z,10.06,10.06,10.04,10.06,238080.0,10.046666666666667,EVALUATION,0.0
QYLD,2019-11-06T00:00:00Z,10.06,10.06,10.03,10.06,416423.0,10.053333333333333,EVALUATION,-0.0009940357852882276
QYLD,2019-11-07T00:00:00Z,10.06,10.07,10.05,10.05,582114.0,10.056666666666667,EVALUATION,0.0019900497512437276
QYLD,2019-11-08T00:00:00Z,10.06,10.07,10.05,10.07,290396.0,10.06,EVALUATION,0.0
QYLD,2019-11-11T00:00:00Z,10.06,10.07,10.06,10.07,368178.0,10.063333333333334,EVALUATION,0.0
QYLD,2019-11-12T00:00:00Z,10.07,10.07,10.06,10.07,553316.0,10.07,EVALUATION,-0.0009930486593843213
QYLD,2019-11-13T00:00:00Z,10.07,10.07,10.05,10.06,670260.0,10.066666666666666,EVALUATION,0.0009940357852882276
QYLD,2019-11-14T00:00:00Z,10.07,10.07,10.05,10.07,270793.0,10.066666666666666,EVALUATION,0.005958291956305928
QYLD,2019-11-15T00:00:00Z,10.12,10.13,10.09,10.13,498054.0,10.086666666666668,EVALUATION,0.000987166831194486
QYLD,2019-11-18T00:00:00Z,10.15,10.16,10.11,10.14,328605.0,10.113333333333333,EVALUATION,0.0019723865877712132
QYLD,2019-11-19T00:00:00Z,10.16,10.17,10.13,10.16,438575.0,10.143333333333334,EVALUATION,-0.0029527559055116948
QYLD,2019-11-20T00:00:00Z,10.14,10.17,10.07,10.13,339779.0,10.143333333333334,EVALUATION,-0.001974333662389083
QYLD,2019-11-21T00:00:00Z,10.12,10.12,10.1,10.11,292097.0,10.133333333333333,EVALUATION,0.0
QYLD,2019-11-22T00:00:00Z,10.13,10.14,10.09,10.11,332697.0,10.116666666666667,EVALUATION,0.007912957467853587
QYLD,2019-11-25T00:00:00Z,10.14,10.19,10.14,10.19,226508.0,10.136666666666667,EVALUATION,0.0009813542688910104
QYLD,2019-11-26T00:00:00Z,10.19,10.21,10.19,10.2,254910.0,10.166666666666666,EVALUATION,0.0019607843137257053
QYLD,2019-11-27T00:00:00Z,10.22,10.23,10.2,10.22,224596.0,10.203333333333333,EVALUATION,-0.0009784735812132794
QYLD,2019-11-29T00:00:00Z,10.23,10.23,10.2,10.21,193432.0,10.21,EVALUATION,-0.004897159647404559
QYLD,2019-12-02T00:00:00Z,10.2,10.22,10.13,10.16,385816.0,10.196666666666667,EVALUATION,-0.0029527559055116948
QYLD,2019-12-03T00:00:00Z,10.09,10.13,10.04,10.13,298553.0,10.166666666666668,EVALUATION,0.001974333662388972
QYLD,2019-12-04T00:00:00Z,10.15,10.17,10.15,10.15,322930.0,10.146666666666667,EVALUATION,0.002955665024630516
QYLD,2019-12-05T00:00:00Z,10.18,10.18,10.14,10.18,322884.0,10.153333333333332,EVALUATION,0.003929273084479545
QYLD,2019-12-06T00:00:00Z,10.21,10.24,10.18,10.22,541771.0,10.183333333333334,EVALUATION,0.0
QYLD,2019-12-09T00:00:00Z,10.24,10.24,10.2,10.22,317725.0,10.206666666666667,EVALUATION,0.0
QYLD,2019-12-10T00:00:00Z,10.22,10.23,10.2,10.22,347216.0,10.22,EVALUATION,0.001956947162426559
QYLD,2019-12-11T00:00:00Z,10.23,10.24,10.22,10.24,399046.0,10.226666666666667,EVALUATION,0.0029296875
QYLD,2019-12-12T00:00:00Z,10.24,10.28,10.23,10.27,446550.0,10.243333333333334,EVALUATION,0.0009737098344693162
QYLD,2019-12-13T00:00:00Z,10.27,10.29,10.26,10.28,678231.0,10.263333333333334,EVALUATION,0.001945525291829009
QYLD,2019-12-16T00:00:00Z,10.29,10.3,10.29,10.3,336589.0,10.283333333333333,EVALUATION,0.0
QYLD,2019-12-17T00:00:00Z,10.3,10.3,10.28,10.3,390902.0,10.293333333333333,EVALUATION,0.0
QYLD,2019-12-18T00:00:00Z,10.3,10.31,10.3,10.3,254879.0,10.3,EVALUATION,0.000970873786407811
QYLD,2019-12-19T00:00:00Z,10.3,10.31,10.3,10.31,473008.0,10.303333333333335,EVALUATION,0.004849660523763344
QYLD,2019-12-20T00:00:00Z,10.36,10.37,10.33,10.36,354253.0,10.323333333333334,EVALUATION,0.0
QYLD,2019-12-23T00:00:00Z,10.37,10.38,10.36,10.36,377230.0,10.343333333333334,EVALUATION,0.0019305019305020377
QYLD,2019-12-24T00:00:00Z,10.37,10.38,10.37,10.38,210205.0,10.366666666666667,EVALUATION,0.0019267822736031004
QYLD,2019-12-26T00:00:00Z,10.39,10.41,10.38,10.4,288299.0,10.38,EVALUATION,-0.0009615384615384581
QYLD,2019-12-27T00:00:00Z,10.42,10.42,10.39,10.39,341533.0,10.39,EVALUATION,-0.0019249278152070337
QYLD,2019-12-30T00:00:00Z,10.41,10.41,10.34,10.37,390039.0,10.386666666666667,EVALUATION,0.0009643201542912649
QYLD,2019-12-31T00:00:00Z,10.36,10.39,10.35,10.38,317007.0,10.38,EVALUATION,0.005780346820809079
QYLD,2020-01-02T00:00:00Z,10.43,10.44,10.41,10.44,559545.0,10.396666666666667,EVALUATION,-0.0009578544061302763
QYLD,2020-01-03T00:00:00Z,10.41,10.44,10.4,10.43,441359.0,10.416666666666668,EVALUATION,0.0009587727708533222
QYLD,2020-01-06T00:00:00Z,10.4,10.45,10.4,10.44,455309.0,10.436666666666667,EVALUATION,0.0009578544061301653
QYLD,2020-01-07T00:00:00Z,10.45,10.47,10.44,10.45,430893.0,10.44,EVALUATION,0.002870813397129357
QYLD,2020-01-08T00:00:00Z,10.44,10.48,10.43,10.48,487092.0,10.456666666666667,EVALUATION,0.0
QYLD,2020-01-09T00:00:00Z,10.48,10.5,10.48,10.48,674554.0,10.47,EVALUATION,0.0
QYLD,2020-01-10T00:00:00Z,10.49,10.49,10.48,10.48,531596.0,10.48,EVALUATION,0.000954198473282375
QYLD,2020-01-13T00:00:00Z,10.49,10.49,10.48,10.49,470855.0,10.483333333333334,EVALUATION,0.0009532888465204614
QYLD,2020-01-14T00:00:00Z,10.5,10.5,10.48,10.5,462225.0,10.49,EVALUATION,-0.0009523809523809268
QYLD,2020-01-15T00:00:00Z,10.49,10.5,10.48,10.49,324229.0,10.493333333333332,EVALUATION,0.0009532888465204614
QYLD,2020-01-16T00:00:00Z,10.49,10.5,10.49,10.5,437242.0,10.496666666666666,EVALUATION,0.003809523809523707
QYLD,2020-01-17T00:00:00Z,10.55,10.55,10.5,10.54,447576.0,10.51,EVALUATION,0.0
QYLD,2020-01-21T00:00:00Z,10.54,10.6,10.51,10.54,874038.0,10.526666666666667,EVALUATION,-0.000948766603415585
QYLD,2020-01-22T00:00:00Z,10.56,10.57,10.52,10.53,394019.0,10.536666666666665,EVALUATION,0.0018993352326686086
QYLD,2020-01-23T00:00:00Z,10.54,10.56,10.52,10.55,241041.0,10.54,EVALUATION,-0.0037914691943128354
QYLD,2020-01-24T00:00:00Z,10.57,10.58,10.48,10.51,461039.0,10.530000000000001,EVALUATION,-0.013320647002854513
QYLD,2020-01-27T00:00:00Z,10.36,10.42,10.29,10.37,776648.0,10.476666666666667,EVALUATION,0.012536162005786
QYLD,2020-01-28T00:00:00Z,10.41,10.5,10.41,10.5,363027.0,10.46,EVALUATION,0.0
QYLD,2020-01-29T00:00:00Z,10.51,10.53,10.47,10.5,329698.0,10.456666666666667,EVALUATION,0.0028571428571428914
QYLD,2020-01-30T00:00:00Z,10.46,10.53,10.43,10.53,454512.0,10.51,EVALUATION,-0.009496676163342821
QYLD,2020-01-31T00:00:00Z,10.54,10.54,10.4,10.43,542544.0,10.486666666666666,EVALUATION,0.009587727708533
QYLD,2020-02-03T00:00:00Z,10.47,10.54,10.47,10.53,313439.0,10.496666666666666,EVALUATION,0.008547008547008517
QYLD,2020-02-04T00:00:00Z,10.58,10.63,10.58,10.62,375045.0,10.526666666666666,EVALUATION,0.0
QYLD,2020-02-05T00:00:00Z,10.67,10.67,10.61,10.62,499863.0,10.59,EVALUATION,0.0037664783427495685
QYLD,2020-02-06T00:00:00Z,10.65,10.66,10.64,10.66,495495.0,10.633333333333333,EVALUATION,-0.0009380863039399889
QYLD,2020-02-07T00:00:00Z,10.65,10.66,10.64,10.65,378983.0,10.643333333333333,EVALUATION,0.0028169014084507005
QYLD,2020-02-10T00:00:00Z,10.66,10.68,10.65,10.68,392249.0,10.663333333333334,EVALUATION,-0.000936329588014928
QYLD,2020-02-11T00:00:00Z,10.7,10.7,10.67,10.67,618444.0,10.666666666666668,EVALUATION,0.0018744142455482393
QYLD,2020-02-12T00:00:00Z,10.71,10.71,10.68,10.69,481077.0,10.68,EVALUATION,0.00093545369504211
QYLD,2020-02-13T00:00:00Z,10.69,10.7,10.69,10.7,452504.0,10.686666666666666,EVALUATION,-0.0009345794392523477
QYLD,2020-02-14T00:00:00Z,10.7,10.71,10.69,10.69,429425.0,10.693333333333332,EVALUATION,0.00093545369504211
QYLD,2020-02-18T00:00:00Z,10.7,10.71,10.69,10.7,435882.0,10.696666666666665,EVALUATION,0.0009345794392525697
QYLD,2020-02-19T00:00:00Z,10.71,10.72,10.7,10.71,561239.0,10.7,EVALUATION,0.0
QYLD,2020-02-20T00:00:00Z,10.71,10.71,10.7,10.71,481849.0,10.706666666666667,EVALUATION,-0.01400560224089642
QYLD,2020-02-21T00:00:00Z,10.66,10.7,10.51,10.56,768411.0,10.66,EVALUATION,-0.027462121212121327
QYLD,2020-02-24T00:00:00Z,10.3,10.35,10.22,10.27,1220104.0,10.513333333333334,EVALUATION,-0.02434274586173324
QYLD,2020-02-25T00:00:00Z,10.34,10.36,9.979,10.02,1312589.0,10.283333333333333,EVALUATION,0.00698602794411185
QYLD,2020-02-26T00:00:00Z,10.06,10.24,10.01,10.09,777347.0,10.126666666666667,EVALUATION,-0.048265609514370644
QYLD,2020-02-27T00:00:00Z,9.816,9.986,9.585,9.603,1641852.0,9.904333333333334,EVALUATION,-0.002290950744558984
QYLD,2020-02-28T00:00:00Z,9.249,9.608,9.227,9.581,1824436.0,9.758,EVALUATION,0.04999478133806501
QYLD,2020-03-02T00:00:00Z,9.697,10.07,9.608,10.06,974575.0,9.748000000000001,EVALUATION,-0.026739562624254476
QYLD,2020-03-03T00:00:00Z,10.11,10.19,9.684,9.791,971130.0,9.810666666666666,EVALUATION,0.03870901848636499
QYLD,2020-03-04T00:00:00Z,9.953,10.17,9.863,10.17,535266.0,10.007000000000001,EVALUATION,-0.03067846607669611
QYLD,2020-03-05T00:00:00Z,9.912,10.07,9.8,9.858,906469.0,9.939666666666668,EVALUATION,-0.01308581862446756
QYLD,2020-03-06T00:00:00Z,9.545,9.742,9.464,9.729,1039216.0,9.919,EVALUATION,-0.07184705519580636
QYLD,2020-03-09T00:00:00Z,9.061,9.361,8.958,9.03,1125644.0,9.539,EVALUATION,0.052048726467331274
QYLD,2020-03-10T00:00:00Z,9.375,9.5,9.048,9.5,750076.0,9.419666666666666,EVALUATION,-0.040105263157894755
QYLD,2020-03-11T00:00:00Z,9.285,9.37,8.981,9.119,882177.0,9.216333333333333,EVALUATION,-0.09233468582081372
QYLD,2020-03-12T00:00:00Z,8.461,8.815,8.277,8.277,2051159.0,8.965333333333334,EVALUATION,0.0844508880028998
QYLD,2020-03-13T00:00:00Z,8.864,9.045,8.331,8.976,1103072.0,8.790666666666667,EVALUATION,-0.1022727272727274
QYLD,2020-03-16T00:00:00Z,8.062,8.6,7.838,8.058,877936.0,8.437000000000001,EVALUATION,0.046165301563663386
QYLD,2020-03-17T00:00:00Z,8.197,8.551,7.852,8.43,847129.0,8.488,EVALUATION,-0.03190984578884937
QYLD,2020-03-18T00:00:00Z,7.973,8.333,7.713,8.161,1307070.0,8.216333333333333,EVALUATION,0.010415390270800184
QYLD,2020-03-19T00:00:00Z,8.112,8.506,7.897,8.246,1010984.0,8.279,EVALUATION,-0.009822944457919203
QYLD,2020-03-20T00:00:00Z,8.412,8.483,8.089,8.165,789530.0,8.190666666666665,EVALUATION,-0.0026944274341700325
QYLD,2020-03-23T00:00:00Z,8.143,8.224,7.831,8.143,853641.0,8.184666666666667,EVALUATION,0.032788898440378134
QYLD,2020-03-24T00:00:00Z,8.46,8.482,8.31,8.41,521926.0,8.239333333333333,EVALUATION,0.0038049940546966976
QYLD,2020-03-25T00:00:00Z,8.505,8.591,8.369,8.442,919051.0,8.331666666666667,EVALUATION,0.01812366737739879
QYLD,2020-03-26T00:00:00Z,8.387,8.663,8.387,8.595,694146.0,8.482333333333333,EVALUATION,-0.02361838278068662
QYLD,2020-03-27T00:00:00Z,8.451,8.546,8.369,8.392,593706.0,8.476333333333333,EVALUATION,0.029671115347950527
QYLD,2020-03-30T00:00:00Z,8.464,8.663,8.464,8.641,409473.0,8.542666666666666,EVALUATION,0.008911005670640071
QYLD,2020-03-31T00:00:00Z,8.677,8.754,8.659,8.718,887720.0,8.583666666666666,EVALUATION,-0.019270474879559463
QYLD,2020-04-01T00:00:00Z,8.528,8.654,8.46,8.55,647833.0,8.636333333333333,EVALUATION,0.012163742690058488
QYLD,2020-04-02T00:00:00Z,8.636,8.695,8.509,8.654,578725.0,8.640666666666666,EVALUATION,0.0005777675063556309
QYLD,2020-04-03T00:00:00Z,8.654,8.727,8.586,8.659,419185.0,8.621,EVALUATION,0.02379027601339634
QYLD,2020-04-06T00:00:00Z,8.817,8.894,8.799,8.865,517498.0,8.725999999999999,EVALUATION,0.0012408347433727762
QYLD,2020-04-07T00:00:00Z,8.908,9.023,8.844,8.876,605811.0,8.8,EVALUATION,0.005633168093736041
QYLD,2020-04-08T00:00:00Z,8.885,8.932,8.867,8.926,427009.0,8.889,EVALUATION,-0.00515348420345052
QYLD,2020-04-09T00:00:00Z,8.939,8.939,8.867,8.88,563581.0,8.894,EVALUATION,0.007207207207207134
QYLD,2020-04-13T00:00:00Z,8.885,8.962,8.871,8.944,438609.0,8.916666666666668,EVALUATION,0.0010062611806795907
QYLD,2020-04-14T00:00:00Z,8.939,8.98,8.927,8.953,955098.0,8.925666666666668,EVALUATION,-0.0020104992739862215
QYLD,2020-04-15T00:00:00Z,8.912,8.953,8.894,8.935,474697.0,8.944,EVALUATION,-0.004029099048685092
QYLD,2020-04-16T00:00:00Z,8.944,8.969,8.785,8.899,1273933.0,8.929,EVALUATION,0.016181593437464947
QYLD,2020-04-17T00:00:00Z,9.093,9.098,8.903,9.043,725330.0,8.959,EVALUATION,-0.01061594603560767
QYLD,2020-04-20T00:00:00Z,8.974,9.02,8.917,8.947,514423.0,8.963,EVALUATION,-0.020453783391080838
QYLD,2020-04-21T00:00:00Z,8.887,8.896,8.692,8.764,478575.0,8.918,EVALUATION,0.016659059790050224
QYLD,2020-04-22T00:00:00Z,8.855,8.938,8.819,8.91,591527.0,8.873666666666667,EVALUATION,0.002020202020202033
QYLD,2020-04-23T00:00:00Z,8.942,9.006,8.896,8.928,603969.0,8.867333333333335,EVALUATION,0.01232078853046592
QYLD,2020-04-24T00:00:00Z,8.956,9.052,8.915,9.038,572363.0,8.958666666666668,EVALUATION,0.007634432396547819
QYLD,2020-04-27T00:00:00Z,9.139,9.152,9.07,9.107,508848.0,9.024333333333333,EVALUATION,-0.009553091028878802
QYLD,2020-04-28T00:00:00Z,9.166,9.166,9.002,9.02,508821.0,9.055,EVALUATION,0.017738359201773912
QYLD,2020-04-29T00:00:00Z,9.139,9.184,9.1,9.18,700815.0,9.102333333333332,EVALUATION,-0.0009803921568627416
QYLD,2020-04-30T00:00:00Z,9.148,9.184,9.134,9.171,447634.0,9.123666666666667,EVALUATION,-0.011994329953113003
QYLD,2020-05-01T00:00:00Z,9.056,9.134,9.011,9.061,560193.0,9.137333333333334,EVALUATION,0.008608321377331363
QYLD,2020-05-04T00:00:00Z,9.056,9.139,9.033,9.139,343949.0,9.123666666666667,EVALUATION,0.00744063901958647
QYLD,2020-05-05T00:00:00Z,9.203,9.248,9.184,9.207,349816.0,9.135666666666667,EVALUATION,0.0024980992722927198
QYLD,2020-05-06T00:00:00Z,9.248,9.257,9.207,9.23,319759.0,9.192,EVALUATION,0.0015167930660888729
QYLD,2020-05-07T00:00:00Z,9.253,9.289,9.221,9.244,398486.0,9.227,EVALUATION,0.006382518390307235
QYLD,2020-05-08T00:00:00Z,9.294,9.317,9.257,9.303,408696.0,9.259,EVALUATION,0.0034397506180801063
QYLD,2020-05-11T00:00:00Z,9.331,9.344,9.303,9.335,441144.0,9.294,EVALUATION,-0.0014997321906803363
QYLD,2020-05-12T00:00:00Z,9.34,9.358,9.321,9.321,669341.0,9.319666666666667,EVALUATION,0.0005364231305655665
QYLD,2020-05-13T00:00:00Z,9.317,9.338,9.271,9.326,433599.0,9.327333333333334,EVALUATION,0.00289513188934154
QYLD,2020-05-14T00:00:00Z,9.326,9.358,9.276,9.353,424137.0,9.333333333333332,EVALUATION,0.0010691756655618612
QYLD,2020-05-15T00:00:00Z,9.239,9.367,9.23,9.363,738995.0,9.347333333333333,EVALUATION,0.009078286873865249
QYLD,2020-05-18T00:00:00Z,9.438,9.453,9.415,9.448,740822.0,9.388,EVALUATION,-0.002540220152413286
QYLD,2020-05-19T00:00:00Z,9.448,9.484,9.424,9.424,366622.0,9.411666666666667,EVALUATION,0.006897283531409393
QYLD,2020-05-20T00:00:00Z,9.48,9.512,9.466,9.489,781363.0,9.453666666666667,EVALUATION,-0.0014753925598062212
QYLD,2020-05-21T00:00:00Z,9.508,9.508,9.448,9.475,452813.0,9.462666666666667,EVALUATION,0.0005277044854881119
QYLD,2020-05-22T00:00:00Z,9.461,9.494,9.429,9.48,439393.0,9.481333333333334,EVALUATION,0.002953586497890237
QYLD,2020-05-26T00:00:00Z,9.519,9.572,9.498,9.508,751059.0,9.487666666666666,EVALUATION,0.0009465713083718352
QYLD,2020-05-27T00:00:00Z,9.508,9.535,9.42,9.517,730573.0,9.501666666666665,EVALUATION,-0.0009456761584533124
QYLD,2020-05-28T00:00:00Z,9.512,9.551,9.48,9.508,992753.0,9.511,EVALUATION,0.0028397139251157277
QYLD,2020-05-29T00:00:00Z,9.508,9.568,9.494,9.535,338227.0,9.52,EVALUATION,0.003460933403251154
QYLD,2020-06-01T00:00:00Z,9.54,9.572,9.526,9.568,624992.0,9.536999999999999,EVALUATION,0.0024038461538460343
QYLD,2020-06-02T00:00:00Z,9.586,9.595,9.544,9.591,565010.0,9.564666666666666,EVALUATION,0.0
QYLD,2020-06-03T00:00:00Z,9.581,9.604,9.577,9.591,676062.0,9.583333333333332,EVALUATION,0.0013554373892190608
QYLD,2020-06-04T00:00:00Z,9.604,9.609,9.57,9.604,724958.0,9.595333333333333,EVALUATION,0.0005206164098292554
QYLD,2020-06-05T00:00:00Z,9.618,9.623,9.604,9.609,687574.0,9.601333333333333,EVALUATION,0.0
QYLD,2020-06-08T00:00:00Z,9.628,9.637,9.609,9.609,802421.0,9.607333333333333,EVALUATION,0.0009366219169528733
QYLD,2020-06-09T00:00:00Z,9.623,9.623,9.609,9.618,527629.0,9.612,EVALUATION,0.0010397171969223074
QYLD,2020-06-10T00:00:00Z,9.618,9.628,9.6,9.628,921517.0,9.618333333333332,EVALUATION,-0.007685916078105537
QYLD,2020-06-11T00:00:00Z,9.591,9.632,9.544,9.554,920405.0,9.6,EVALUATION,0.002407368641406782
QYLD,2020-06-12T00:00:00Z,9.604,9.632,9.554,9.577,745717.0,9.586333333333334,EVALUATION,0.005325258431659208
QYLD,2020-06-15T00:00:00Z,9.554,9.651,9.554,9.628,834601.0,9.586333333333334,EVALUATION,0.0009347735770668386
QYLD,2020-06-16T00:00:00Z,9.632,9.651,9.618,9.637,960445.0,9.614,EVALUATION,0.0
QYLD,2020-06-17T00:00:00Z,9.632,9.646,9.618,9.637,606487.0,9.634,EVALUATION,0.0018678011829407204
QYLD,2020-06-18T00:00:00Z,9.632,9.655,9.623,9.655,478562.0,9.643,EVALUATION,0.002900051786639102
QYLD,2020-06-19T00:00:00Z,9.701,9.761,9.628,9.683,750622.0,9.658333333333333,EVALUATION,0.005266962718165846
QYLD,2020-06-22T00:00:00Z,9.701,9.734,9.659,9.734,597528.0,9.690666666666667,EVALUATION,0.004725703718923224
QYLD,2020-06-23T00:00:00Z,9.766,9.808,9.748,9.78,692313.0,9.732333333333333,EVALUATION,-0.010429447852760565
QYLD,2020-06-24T00:00:00Z,9.766,9.78,9.622,9.678,744157.0,9.730666666666668,EVALUATION,0.0067162636908451034
QYLD,2020-06-25T00:00:00Z,9.659,9.743,9.603,9.743,381481.0,9.733666666666668,EVALUATION,-0.014369290772862642
QYLD,2020-06-26T00:00:00Z,9.743,9.743,9.58,9.603,844256.0,9.674666666666667,EVALUATION,0.008330729980214446
QYLD,2020-06-29T00:00:00Z,9.608,9.683,9.524,9.683,679644.0,9.676333333333334,EVALUATION,0.011050294330269494
QYLD,2020-06-30T00:00:00Z,9.683,9.79,9.669,9.79,361810.0,9.692,EVALUATION,0.008580183861082835
QYLD,2020-07-01T00:00:00Z,9.771,9.874,9.771,9.874,528164.0,9.782333333333334,EVALUATION,0.0018229694146241204
QYLD,2020-07-02T00:00:00Z,9.902,9.92,9.874,9.892,573561.0,9.852,EVALUATION,0.005661140315406543
QYLD,2020-07-06T00:00:00Z,9.953,9.962,9.916,9.948,693786.0,9.904666666666667,EVALUATION,-0.001809408926417455
QYLD,2020-07-07T00:00:00Z,9.93,9.962,9.921,9.93,662008.0,9.923333333333334,EVALUATION,0.003726082578046297
QYLD,2020-07-08T00:00:00Z,9.948,9.967,9.93,9.967,511627.0,9.948333333333334,EVALUATION,0.0
QYLD,2020-07-09T00:00:00Z,9.967,9.967,9.93,9.967,453361.0,9.954666666666666,EVALUATION,0.0009029798334503347
QYLD,2020-07-10T00:00:00Z,9.962,9.986,9.953,9.976,499498.0,9.97,EVALUATION,-0.003207698476343279
QYLD,2020-07-13T00:00:00Z,9.995,10.0,9.934,9.944,735189.0,9.962333333333333,EVALUATION,0.004625905068382785
QYLD,2020-07-14T00:00:00Z,9.948,9.99,9.925,9.99,602210.0,9.97,EVALUATION,0.0010010010010010895
QYLD,2020-07-15T00:00:00Z,9.986,10.0,9.974,10.0,719090.0,9.978000000000002,EVALUATION,0.0020000000000000018
QYLD,2020-07-16T00:00:00Z,9.99,10.02,9.976,10.02,493776.0,10.003333333333334,EVALUATION,-0.0009980039920159944
QYLD,2020-07-17T00:00:00Z,10.02,10.03,9.925,10.01,777220.0,10.01,EVALUATION,0.009990009990009874
QYLD,2020-07-20T00:00:00Z,10.03,10.12,9.987,10.11,766273.0,10.046666666666667,EVALUATION,-0.0059347181008900796
QYLD,2020-07-21T00:00:00Z,10.11,10.12,10.04,10.05,575729.0,10.056666666666667,EVALUATION,0.0029850746268655914
QYLD,2020-07-22T00:00:00Z,10.06,10.08,10.04,10.08,407439.0,10.08,EVALUATION,-0.012499999999999956
QYLD,2020-07-23T00:00:00Z,10.08,10.08,9.95,9.954,609278.0,10.028,EVALUATION,-0.004721719911593425
QYLD,2020-07-24T00:00:00Z,9.893,9.945,9.825,9.907,649696.0,9.980333333333334,EVALUATION,0.01140607651155734
QYLD,2020-07-27T00:00:00Z,9.969,10.03,9.945,10.02,413396.0,9.960333333333333,EVALUATION,-0.0027944111776445624
QYLD,2020-07-28T00:00:00Z,10.03,10.07,9.983,9.992,566247.0,9.973,EVALUATION,0.006805444355484358
QYLD,2020-07-29T00:00:00Z,10.04,10.07,10.01,10.06,440785.0,10.024000000000001,EVALUATION,0.0009940357852882276
QYLD,2020-07-30T00:00:00Z,10.0,10.07,9.973,10.07,665547.0,10.040666666666667,EVALUATION,0.00893743793445867
QYLD,2020-07-31T00:00:00Z,10.14,10.16,10.08,10.16,634702.0,10.096666666666668,EVALUATION,0.004921259842519676
QYLD,2020-08-03T00:00:00Z,10.19,10.23,10.19,10.21,516537.0,10.146666666666668,EVALUATION,0.002938295788442735
QYLD,2020-08-04T00:00:00Z,10.21,10.24,10.2,10.24,448016.0,10.203333333333333,EVALUATION,0.0029296875
QYLD,2020-08-05T00:00:00Z,10.26,10.27,10.24,10.27,492037.0,10.24,EVALUATION,0.0
QYLD,2020-08-06T00:00:00Z,10.27,10.27,10.24,10.27,564314.0,10.26,EVALUATION,0.0
QYLD,2020-08-07T00:00:00Z,10.28,10.28,10.23,10.27,482261.0,10.27,EVALUATION,0.0009737098344693162
QYLD,2020-08-10T00:00:00Z,10.27,10.29,10.24,10.28,585205.0,10.273333333333333,EVALUATION,-0.0058365758754862496
QYLD,2020-08-11T00:00:00Z,10.28,10.28,10.22,10.22,707034.0,10.256666666666666,EVALUATION,0.005870841487279677
QYLD,2020-08-12T00:00:00Z,10.26,10.3,10.25,10.28,420406.0,10.26,EVALUATION,0.0009727626459143934
QYLD,2020-08-13T00:00:00Z,10.31,10.32,10.28,10.29,601165.0,10.263333333333332,EVALUATION,0.0019436345966958868
QYLD,2020-08-14T00:00:00Z,10.31,10.32,10.29,10.31,400868.0,10.293333333333333,EVALUATION,0.0029097963142579175
QYLD,2020-08-17T00:00:00Z,10.32,10.34,10.32,10.34,453679.0,10.313333333333333,EVALUATION,-0.0009671179883945502
QYLD,2020-08-18T00:00:00Z,10.33,10.34,10.32,10.33,538371.0,10.326666666666668,EVALUATION,0.0
QYLD,2020-08-19T00:00:00Z,10.33,10.33,10.32,10.33,689746.0,10.333333333333334,EVALUATION,0.0019361084220717029
QYLD,2020-08-20T00:00:00Z,10.33,10.35,10.33,10.35,604470.0,10.336666666666666,EVALUATION,0.0038647342995170586
QYLD,2020-08-21T00:00:00Z,10.34,10.39,10.33,10.39,576212.0,10.356666666666666,EVALUATION,0.0
QYLD,2020-08-24T00:00:00Z,10.45,10.45,10.35,10.39,741416.0,10.376666666666667,EVALUATION,0.002887391722810273
QYLD,2020-08-25T00:00:00Z,10.42,10.44,10.39,10.42,555577.0,10.4,EVALUATION,0.007677543186180413
QYLD,2020-08-26T00:00:00Z,10.45,10.51,10.44,10.5,520593.0,10.436666666666667,EVALUATION,-0.0019047619047618536
QYLD,2020-08-27T00:00:00Z,10.51,10.52,10.44,10.48,573862.0,10.466666666666667,EVALUATION,0.003816793893129722
QYLD,2020-08-28T00:00:00Z,10.5,10.52,10.48,10.52,468468.0,10.5,EVALUATION,0.000950570342205248
QYLD,2020-08-31T00:00:00Z,10.52,10.55,10.5,10.53,744762.0,10.51,EVALUATION,0.003798670465337217
QYLD,2020-09-01T00:00:00Z,10.57,10.59,10.54,10.57,795851.0,10.54,EVALUATION,0.0018921475875117721
QYLD,2020-09-02T00:00:00Z,10.58,10.6,10.54,10.59,909612.0,10.563333333333333,EVALUATION,-0.01510859301227574
QYLD,2020-09-03T00:00:00Z,10.56,10.57,10.35,10.43,1132952.0,10.53,EVALUATION,-0.003835091083413178
QYLD,2020-09-04T00:00:00Z,10.37,10.45,10.02,10.39,1647016.0,10.469999999999999,EVALUATION,-0.02694898941289714
QYLD,2020-09-08T00:00:00Z,10.15,10.3,10.08,10.11,1584350.0,10.309999999999999,EVALUATION,0.022749752720079064
QYLD,2020-09-09T00:00:00Z,10.22,10.39,10.21,10.34,952369.0,10.28,EVALUATION,-0.014506769825918808
QYLD,2020-09-10T00:00:00Z,10.42,10.44,10.15,10.19,1038977.0,10.213333333333333,EVALUATION,-0.001962708537782132
QYLD,2020-09-11T00:00:00Z,10.25,10.31,10.06,10.17,732868.0,10.233333333333334,EVALUATION,0.019665683382497523
QYLD,2020-09-14T00:00:00Z,10.26,10.4,10.25,10.37,540105.0,10.243333333333332,EVALUATION,0.010607521697203692
QYLD,2020-09-15T00:00:00Z,10.44,10.51,10.44,10.48,597224.0,10.34,EVALUATION,-0.011450381679389388
QYLD,2020-09-16T00:00:00Z,10.51,10.51,10.35,10.36,987465.0,10.403333333333332,EVALUATION,-0.013513513513513375
QYLD,2020-09-17T00:00:00Z,10.13,10.28,10.07,10.22,1137621.0,10.353333333333333,EVALUATION,-0.011741682974559797
QYLD,2020-09-18T00:00:00Z,10.26,10.28,9.988,10.1,993418.0,10.226666666666667,EVALUATION,0.002970297029702973
QYLD,2020-09-21T00:00:00Z,9.993,10.13,9.945,10.13,843346.0,10.15,EVALUATION,0.005923000987166693
QYLD,2020-09-22T00:00:00Z,10.16,10.22,10.1,10.19,435846.0,10.14,EVALUATION,-0.011776251226692791
QYLD,2020-09-23T00:00:00Z,10.19,10.21,10.04,10.07,486608.0,10.13,EVALUATION,0.0009930486593843213
QYLD,2020-09-24T00:00:00Z,9.987,10.15,9.973,10.08,447229.0,10.113333333333333,EVALUATION,0.016865079365079305
QYLD,2020-09-25T00:00:00Z,10.09,10.25,10.09,10.25,446707.0,10.133333333333333,EVALUATION,0.005853658536585371
QYLD,2020-09-28T00:00:00Z,10.3,10.32,10.27,10.31,572271.0,10.213333333333333,EVALUATION,0.0019398642095052043
QYLD,2020-09-29T00:00:00Z,10.32,10.34,10.31,10.33,593750.0,10.296666666666667,EVALUATION,0.0029041626331074433
QYLD,2020-09-30T00:00:00Z,10.33,10.39,10.29,10.36,550488.0,10.333333333333334,EVALUATION,0.0019305019305020377
QYLD,2020-10-01T00:00:00Z,10.37,10.41,10.37,10.38,468362.0,10.356666666666667,EVALUATION,-0.004816955684007751
QYLD,2020-10-02T00:00:00Z,10.3,10.38,10.29,10.33,498331.0,10.356666666666667,EVALUATION,0.00871248789932233
QYLD,2020-10-05T00:00:00Z,10.37,10.43,10.37,10.42,436475.0,10.376666666666667,EVALUATION,-0.0038387715930900956
QYLD,2020-10-06T00:00:00Z,10.43,10.43,10.35,10.38,594715.0,10.376666666666667,EVALUATION,0.00481695568400764
QYLD,2020-10-07T00:00:00Z,10.4,10.44,10.39,10.43,336450.0,10.41,EVALUATION,0.0028763183125599667
QYLD,2020-10-08T00:00:00Z,10.46,10.46,10.44,10.46,382300.0,10.423333333333334,EVALUATION,0.0019120458891013214
QYLD,2020-10-09T00:00:00Z,10.46,10.48,10.45,10.48,464605.0,10.456666666666667,EVALUATION,-0.002862595419847458
QYLD,2020-10-12T00:00:00Z,10.48,10.49,10.45,10.45,721372.0,10.463333333333333,EVALUATION,0.002870813397129357
QYLD,2020-10-13T00:00:00Z,10.45,10.48,10.45,10.48,521067.0,10.47,EVALUATION,0.0
QYLD,2020-10-14T00:00:00Z,10.47,10.48,10.45,10.48,594186.0,10.47,EVALUATION,-0.000954198473282375
QYLD,2020-10-15T00:00:00Z,10.45,10.49,10.45,10.47,964115.0,10.476666666666667,EVALUATION,-0.0019102196752628364
QYLD,2020-10-16T00:00:00Z,10.51,10.57,10.45,10.45,1012368.0,10.466666666666667,EVALUATION,-0.008612440191387516
QYLD,2020-10-19T00:00:00Z,10.53,10.54,10.34,10.36,842146.0,10.426666666666666,EVALUATION,0.0038610038610038533
QYLD,2020-10-20T00:00:00Z,10.38,10.45,10.35,10.4,466429.0,10.403333333333332,EVALUATION,-0.0009615384615384581
QYLD,2020-10-21T00:00:00Z,10.39,10.45,10.37,10.39,547581.0,10.383333333333333,EVALUATION,0.0019249278152069227
QYLD,2020-10-22T00:00:00Z,10.43,10.43,10.3,10.41,503533.0,10.4,EVALUATION,0.0028818443804032867
QYLD,2020-10-23T00:00:00Z,10.42,10.44,10.36,10.44,546666.0,10.413333333333334,EVALUATION,-0.011494252873563093
QYLD,2020-10-26T00:00:00Z,10.39,10.44,10.22,10.32,745950.0,10.39,EVALUATION,0.006782945736434121
QYLD,2020-10-27T00:00:00Z,10.36,10.4,10.32,10.39,465428.0,10.383333333333333,EVALUATION,-0.031761308950914335
QYLD,2020-10-28T00:00:00Z,10.26,10.26,10.05,10.06,1178998.0,10.256666666666668,EVALUATION,0.016898608349900535
QYLD,2020-10-29T00:00:00Z,10.08,10.3,10.08,10.23,504598.0,10.226666666666667,EVALUATION,-0.018572825024438022
QYLD,2020-10-30T00:00:00Z,10.17,10.19,9.952,10.04,849765.0,10.11,EVALUATION,0.0
QYLD,2020-11-02T00:00:00Z,10.08,10.16,9.957,10.04,648085.0,10.103333333333332,EVALUATION,0.017928286852589848
QYLD,2020-11-03T00:00:00Z,10.1,10.27,10.08,10.22,386880.0,10.1,EVALUATION,0.03424657534246567
QYLD,2020-11-04T00:00:00Z,10.45,10.6,10.44,10.57,920399.0,10.276666666666667,EVALUATION,0.014191106906338735
QYLD,2020-11-05T00:00:00Z,10.66,10.72,10.65,10.72,710135.0,10.503333333333334,EVALUATION,0.001865671641791078
QYLD,2020-11-06T00:00:00Z,10.68,10.76,10.65,10.74,621003.0,10.676666666666668,EVALUATION,-0.009310986964618184
QYLD,2020-11-09T00:00:00Z,10.84,10.84,10.63,10.64,934100.0,10.700000000000001,EVALUATION,-0.009398496240601628
QYLD,2020-11-10T00:00:00Z,10.59,10.63,10.44,10.54,731675.0,10.64,EVALUATION,0.01707779886148031
QYLD,2020-11-11T00:00:00Z,10.6,10.73,10.6,10.72,488487.0,10.633333333333333,EVALUATION,-0.001865671641791189
QYLD,2020-11-12T00:00:00Z,10.74,10.77,10.65,10.7,522021.0,10.653333333333332,EVALUATION,0.007476635514018781
QYLD,2020-11-13T00:00:00Z,10.72,10.79,10.69,10.78,387928.0,10.733333333333334,EVALUATION,0.007421150278293043
QYLD,2020-11-16T00:00:00Z,10.77,10.86,10.75,10.86,560245.0,10.78,EVALUATION,0.0
QYLD,2020-11-17T00:00:00Z,10.87,10.88,10.83,10.86,490510.0,10.833333333333332,EVALUATION,-0.0027624309392264568
QYLD,2020-11-18T00:00:00Z,10.86,10.9,10.82,10.83,552206.0,10.85,EVALUATION,0.006463527239150446
QYLD,2020-11-19T00:00:00Z,10.83,10.91,10.8,10.9,378643.0,10.863333333333333,EVALUATION,-0.003669724770642313
QYLD,2020-11-20T00:00:00Z,10.91,10.92,10.86,10.86,583104.0,10.863333333333333,EVALUATION,0.0018416206261511192
QYLD,2020-11-23T00:00:00Z,10.91,10.92,10.82,10.88,663467.0,10.879999999999999,EVALUATION,0.007352941176470562
QYLD,2020-11-24T00:00:00Z,10.92,10.96,10.86,10.96,574099.0,10.9,EVALUATION,0.0027372262773721623
QYLD,2020-11-25T00:00:00Z,10.97,10.99,10.95,10.99,518747.0,10.943333333333335,EVALUATION,0.0018198362147405778
QYLD,2020-11-27T00:00:00Z,11.01,11.03,11.0,11.01,267521.0,10.986666666666668,EVALUATION,0.0036330608537693543
QYLD,2020-11-30T00:00:00Z,11.05,11.05,10.96,11.05,846742.0,11.016666666666667,EVALUATION,0.002714932126696823
QYLD,2020-12-01T00:00:00Z,11.06,11.1,11.05,11.08,586699.0,11.046666666666667,EVALUATION,0.0009025270758122872
QYLD,2020-12-02T00:00:00Z,11.07,11.1,11.05,11.09,492239.0,11.073333333333334,EVALUATION,0.0018034265103696878
QYLD,2020-12-03T00:00:00Z,11.09,11.14,11.08,11.11,704791.0,11.093333333333334,EVALUATION,0.0009000900090008201
QYLD,2020-12-04T00:00:00Z,11.12,11.13,11.1,11.12,581820.0,11.106666666666666,EVALUATION,0.0017985611510793476
QYLD,2020-12-07T00:00:00Z,11.13,11.14,11.12,11.14,696312.0,11.123333333333333,EVALUATION,0.0008976660682225024
QYLD,2020-12-08T00:00:00Z,11.12,11.15,11.12,11.15,707717.0,11.136666666666667,EVALUATION,-0.004484304932735439
QYLD,2020-12-09T00:00:00Z,11.14,11.15,11.08,11.1,784746.0,11.129999999999999,EVALUATION,0.0009009009009008917
QYLD,2020-12-10T00:00:00Z,11.09,11.13,11.07,11.11,632672.0,11.12,EVALUATION,0.0018001800180018623
QYLD,2020-12-11T00:00:00Z,11.12,11.13,11.07,11.13,661667.0,11.113333333333333,EVALUATION,0.0017969451931716396
QYLD,2020-12-14T00:00:00Z,11.13,11.17,11.13,11.15,593479.0,11.13,EVALUATION,0.0017937219730941312
QYLD,2020-12-15T00:00:00Z,11.17,11.17,11.16,11.17,1039052.0,11.15,EVALUATION,0.0
QYLD,2020-12-16T00:00:00Z,11.17,11.18,11.16,11.17,828731.0,11.163333333333334,EVALUATION,0.001790510295434089
QYLD,2020-12-17T00:00:00Z,11.18,11.19,11.16,11.19,1123050.0,11.176666666666666,EVALUATION,-0.0017873100983020196
QYLD,2020-12-18T00:00:00Z,11.19,11.21,11.11,11.17,995493.0,11.176666666666666,EVALUATION,-0.0008952551477170445
QYLD,2020-12-21T00:00:00Z,11.08,11.17,11.02,11.16,1110248.0,11.173333333333334,EVALUATION,0.0008960573476701761
QYLD,2020-12-22T00:00:00Z,11.17,11.18,11.08,11.17,722924.0,11.166666666666666,EVALUATION,-0.0008952551477170445
QYLD,2020-12-23T00:00:00Z,11.17,11.2,11.15,11.16,626422.0,11.163333333333334,EVALUATION,0.0026881720430107503
QYLD,2020-12-24T00:00:00Z,11.16,11.21,11.16,11.19,423922.0,11.173333333333334,EVALUATION,0.008042895442359255
QYLD,2020-12-28T00:00:00Z,11.26,11.29,11.22,11.28,746740.0,11.21,EVALUATION,-0.0008865248226950229
QYLD,2020-12-29T00:00:00Z,11.33,11.33,11.26,11.27,1027152.0,11.246666666666666,EVALUATION,0.0017746228926351915
QYLD,2020-12-30T00:00:00Z,11.31,11.32,11.28,11.29,716532.0,11.28,EVALUATION,0.0
QYLD,2020-12-31T00:00:00Z,11.28,11.3,11.26,11.29,648286.0,11.283333333333333,EVALUATION,-0.005314437555358653
QYLD,2021-01-04T00:00:00Z,11.31,11.32,11.14,11.23,1098239.0,11.27,EVALUATION,0.005342831700801298
QYLD,2021-01-05T00:00:00Z,11.19,11.29,11.19,11.29,673983.0,11.27,EVALUATION,-0.005314437555358653
QYLD,2021-01-06T00:00:00Z,11.19,11.34,11.19,11.23,971930.0,11.25,EVALUATION,0.01335707925200369
QYLD,2021-01-07T00:00:00Z,11.26,11.39,11.26,11.38,849504.0,11.3,EVALUATION,0.002636203866432263
QYLD,2021-01-08T00:00:00Z,11.39,11.41,11.38,11.41,1111460.0,11.34,EVALUATION,-0.0017528483786152238
QYLD,2021-01-11T00:00:00Z,11.35,11.41,11.35,11.39,1031456.0,11.393333333333334,EVALUATION,0.0008779631255486642
QYLD,2021-01-12T00:00:00Z,11.38,11.41,11.36,11.4,761765.0,11.4,EVALUATION,0.0035087719298245723
QYLD,2021-01-13T00:00:00Z,11.41,11.45,11.41,11.44,719494.0,11.41,EVALUATION,-0.0017482517482516613
QYLD,2021-01-14T00:00:00Z,11.44,11.45,11.42,11.42,1126278.0,11.42,EVALUATION,-0.004378283712784703
QYLD,2021-01-15T00:00:00Z,11.43,11.45,11.26,11.37,1344591.0,11.41,EVALUATION,0.008795074758135568
QYLD,2021-01-19T00:00:00Z,11.47,11.48,11.41,11.47,1001794.0,11.42,EVALUATION,0.006974716652136115
QYLD,2021-01-20T00:00:00Z,11.5,11.57,11.49,11.55,686058.0,11.463333333333333,EVALUATION,0.0025974025974024872
QYLD,2021-01-21T00:00:00Z,11.58,11.59,11.55,11.58,942373.0,11.533333333333333,EVALUATION,-0.0008635578583764403
QYLD,2021-01-22T00:00:00Z,11.58,11.59,11.56,11.57,696195.0,11.566666666666666,EVALUATION,0.0034572169403628283
QYLD,2021-01-25T00:00:00Z,11.59,11.63,11.52,11.61,1042864.0,11.586666666666666,EVALUATION,-0.0008613264427217437
QYLD,2021-01-26T00:00:00Z,11.63,11.63,11.59,11.6,963177.0,11.593333333333334,EVALUATION,-0.012931034482758674
QYLD,2021-01-27T00:00:00Z,11.58,11.59,11.41,11.45,1575734.0,11.553333333333333,EVALUATION,0.005240174672489051
QYLD,2021-01-28T00:00:00Z,11.47,11.58,11.46,11.51,1027714.0,11.52,EVALUATION,-0.007819287576020795
QYLD,2021-01-29T00:00:00Z,11.49,11.51,11.35,11.42,1408458.0,11.459999999999999,EVALUATION,0.013134851138353776
QYLD,2021-02-01T00:00:00Z,11.47,11.58,11.46,11.57,907062.0,11.5,EVALUATION,0.006914433880726101
QYLD,2021-02-02T00:00:00Z,11.66,11.66,11.61,11.65,766700.0,11.546666666666667,EVALUATION,0.0008583690987125081
QYLD,2021-02-03T00:00:00Z,11.7,11.7,11.64,11.66,1080234.0,11.626666666666667,EVALUATION,0.0034305317324183626
QYLD,2021-02-04T00:00:00Z,11.69,11.7,11.67,11.7,785792.0,11.67,EVALUATION,0.0008547008547010737
QYLD,2021-02-05T00:00:00Z,11.71,11.73,11.67,11.71,1183972.0,11.690000000000001,EVALUATION,0.0017079419299743659
QYLD,2021-02-08T00:00:00Z,11.76,11.76,11.71,11.73,1176824.0,11.713333333333335,EVALUATION,-0.0008525149190110604
QYLD,2021-02-09T00:00:00Z,11.73,11.73,11.72,11.72,1175617.0,11.72,EVALUATION,-0.0017064846416383617
QYLD,2021-02-10T00:00:00Z,11.73,11.74,11.69,11.7,1204448.0,11.716666666666667,EVALUATION,0.002564102564102555
QYLD,2021-02-11T00:00:00Z,11.73,11.74,11.7,11.73,898576.0,11.716666666666667,EVALUATION,0.0
QYLD,2021-02-12T00:00:00Z,11.73,11.74,11.72,11.73,1376987.0,11.72,EVALUATION,0.0008525149190110604
QYLD,2021-02-16T00:00:00Z,11.74,11.75,11.73,11.74,1296379.0,11.733333333333334,EVALUATION,0.0
QYLD,2021-02-17T00:00:00Z,11.75,11.75,11.73,11.74,1054332.0,11.736666666666668,EVALUATION,-0.0008517887563883608
QYLD,2021-02-18T00:00:00Z,11.74,11.76,11.72,11.73,1259334.0,11.736666666666668,EVALUATION,0.0
QYLD,2021-02-19T00:00:00Z,11.79,11.79,11.7,11.73,2417939.0,11.733333333333334,EVALUATION,-0.017050298380221762
QYLD,2021-02-22T00:00:00Z,11.68,11.69,11.52,11.53,3078798.0,11.663333333333334,EVALUATION,-0.002601908065914982
QYLD,2021-02-23T00:00:00Z,11.38,11.54,11.17,11.5,2637773.0,11.586666666666666,EVALUATION,0.006956521739130528
QYLD,2021-02-24T00:00:00Z,11.45,11.59,11.34,11.58,1778028.0,11.536666666666667,EVALUATION,-0.029360967184801412
QYLD,2021-02-25T00:00:00Z,11.52,11.58,11.19,11.24,2457745.0,11.44,EVALUATION,0.006227758007117501
QYLD,2021-02-26T00:00:00Z,11.35,11.46,11.18,11.31,2164287.0,11.376666666666667,EVALUATION,0.026525198938991856
QYLD,2021-03-01T00:00:00Z,11.47,11.61,11.44,11.61,1408358.0,11.386666666666667,EVALUATION,-0.013781223083548677
QYLD,2021-03-02T00:00:00Z,11.62,11.65,11.44,11.45,1654520.0,11.456666666666667,EVALUATION,-0.026200873362445365
QYLD,2021-03-03T00:00:00Z,11.43,11.45,11.14,11.15,2595201.0,11.403333333333332,EVALUATION,-0.016143497757847514
QYLD,2021-03-04T00:00:00Z,11.15,11.24,10.82,10.97,3029328.0,11.19,EVALUATION,0.015496809480401108
QYLD,2021-03-05T00:00:00Z,11.09,11.16,10.73,11.14,2067170.0,11.086666666666666,EVALUATION,-0.02782764811490135
QYLD,2021-03-08T00:00:00Z,11.13,11.19,10.81,10.83,2220075.0,10.98,EVALUATION,0.03878116343490312
QYLD,2021-03-09T00:00:00Z,11.11,11.31,11.08,11.25,1538059.0,11.073333333333334,EVALUATION,-0.002666666666666595
QYLD,2021-03-10T00:00:00Z,11.39,11.4,11.19,11.22,1503091.0,11.1,EVALUATION,0.02317290552584672
QYLD,2021-03-11T00:00:00Z,11.38,11.52,11.36,11.48,1359391.0,11.316666666666666,EVALUATION,-0.008710801393728151
QYLD,2021-03-12T00:00:00Z,11.3,11.39,11.24,11.38,1572543.0,11.36,EVALUATION,0.011423550087873435
QYLD,2021-03-15T00:00:00Z,11.41,11.52,11.34,11.51,1270493.0,11.456666666666667,EVALUATION,0.005212858384013863
QYLD,2021-03-16T00:00:00Z,11.58,11.69,11.52,11.57,1400046.0,11.486666666666666,EVALUATION,0.004321521175453702
QYLD,2021-03-17T00:00:00Z,11.46,11.68,11.39,11.62,1545413.0,11.566666666666666,EVALUATION,-0.030120481927710774
QYLD,2021-03-18T00:00:00Z,11.44,11.47,11.24,11.27,2039351.0,11.486666666666666,EVALUATION,0.006211180124223725
QYLD,2021-03-19T00:00:00Z,11.26,11.35,11.19,11.34,1291035.0,11.41,EVALUATION,0.008818342151675429
QYLD,2021-03-22T00:00:00Z,11.43,11.46,11.36,11.44,1664345.0,11.35,EVALUATION,-0.0017482517482516613
QYLD,2021-03-23T00:00:00Z,11.44,11.47,11.4,11.42,1073466.0,11.399999999999999,EVALUATION,-0.007005253940455369
QYLD,2021-03-24T00:00:00Z,11.47,11.48,11.34,11.34,1126743.0,11.399999999999999,EVALUATION,0.0
QYLD,2021-03-25T00:00:00Z,11.3,11.36,11.24,11.34,1384325.0,11.366666666666667,EVALUATION,0.00970017636684295
QYLD,2021-03-26T00:00:00Z,11.35,11.45,11.3,11.45,906158.0,11.376666666666665,EVALUATION,-0.0008733624454148048
QYLD,2021-03-29T00:00:00Z,11.44,11.45,11.37,11.44,1296605.0,11.41,EVALUATION,-0.0008741258741258306
QYLD,2021-03-30T00:00:00Z,11.42,11.44,11.36,11.43,1040035.0,11.44,EVALUATION,0.006999125109361293
QYLD,2021-03-31T00:00:00Z,11.48,11.53,11.46,11.51,1141876.0,11.459999999999999,EVALUATION,0.006081668114682914
QYLD,2021-04-01T00:00:00Z,11.57,11.59,11.56,11.58,1288730.0,11.506666666666666,EVALUATION,0.0017271157167528806
QYLD,2021-04-05T00:00:00Z,11.62,11.62,11.6,11.6,2227414.0,11.563333333333333,EVALUATION,0.0017241379310344307
QYLD,2021-04-06T00:00:00Z,11.6,11.63,11.6,11.62,1260286.0,11.6,EVALUATION,0.000860585197934638
QYLD,2021-04-07T00:00:00Z,11.63,11.64,11.61,11.63,1500108.0,11.616666666666667,EVALUATION,0.0008598452278589797
QYLD,2021-04-08T00:00:00Z,11.65,11.65,11.62,11.64,1582268.0,11.63,EVALUATION,0.0008591065292096189
QYLD,2021-04-09T00:00:00Z,11.63,11.65,11.63,11.65,1469102.0,11.64,EVALUATION,0.0
QYLD,2021-04-12T00:00:00Z,11.66,11.66,11.63,11.65,1674441.0,11.646666666666667,EVALUATION,-0.0008583690987123971
QYLD,2021-04-13T00:00:00Z,11.65,11.65,11.64,11.64,2222887.0,11.646666666666667,EVALUATION,0.0008591065292096189
QYLD,2021-04-14T00:00:00Z,11.65,11.65,11.62,11.65,2495938.0,11.646666666666667,EVALUATION,0.0
QYLD,2021-04-15T00:00:00Z,11.65,11.65,11.64,11.65,2022630.0,11.646666666666667,EVALUATION,-0.0008583690987123971
QYLD,2021-04-16T00:00:00Z,11.66,11.68,11.6,11.64,2876726.0,11.646666666666667,EVALUATION,-0.006013745704467333
QYLD,2021-04-19T00:00:00Z,11.64,11.65,11.54,11.57,2654574.0,11.620000000000001,EVALUATION,-0.0034572169403630504
QYLD,2021-04-20T00:00:00Z,11.57,11.59,11.48,11.53,1631021.0,11.58,EVALUATION,0.006938421509106618
QYLD,2021-04-21T00:00:00Z,11.51,11.61,11.48,11.61,1674475.0,11.57,EVALUATION,-0.007751937984496138
QYLD,2021-04-22T00:00:00Z,11.61,11.62,11.48,11.52,1370251.0,11.553333333333333,EVALUATION,0.00954861111111116
QYLD,2021-04-23T00:00:00Z,11.55,11.64,11.54,11.63,1222300.0,11.586666666666666,EVALUATION,0.0034393809114359186
QYLD,2021-04-26T00:00:00Z,11.65,11.67,11.61,11.67,1465875.0,11.606666666666667,EVALUATION,-0.001713796058269046
QYLD,2021-04-27T00:00:00Z,11.67,11.68,11.62,11.65,1467410.0,11.65,EVALUATION,-0.0008583690987123971
QYLD,2021-04-28T00:00:00Z,11.66,11.67,11.62,11.64,1727355.0,11.653333333333334,EVALUATION,0.002577319587628857
QYLD,2021-04-29T00:00:00Z,11.7,11.71,11.59,11.67,1604343.0,11.653333333333334,EVALUATION,-0.0025706940874035134
QYLD,2021-04-30T00:00:00Z,11.64,11.67,11.61,11.64,1753537.0,11.65,EVALUATION,-0.002577319587628968
QYLD,2021-05-03T00:00:00Z,11.68,11.68,11.59,11.61,2499329.0,11.64,EVALUATION,-0.013781223083548677
QYLD,2021-05-04T00:00:00Z,11.59,11.61,11.34,11.45,4378453.0,11.566666666666666,EVALUATION,-0.0008733624454148048
QYLD,2021-05-05T00:00:00Z,11.53,11.54,11.4,11.44,2192940.0,11.5,EVALUATION,0.006118881118881037
QYLD,2021-05-06T00:00:00Z,11.45,11.51,11.35,11.51,1781851.0,11.466666666666665,EVALUATION,0.007819287576020795
QYLD,2021-05-07T00:00:00Z,11.6,11.64,11.55,11.6,1733616.0,11.516666666666666,EVALUATION,-0.02155172413793105
QYLD,2021-05-10T00:00:00Z,11.58,11.58,11.34,11.35,3680281.0,11.486666666666666,EVALUATION,-0.002643171806167355
QYLD,2021-05-11T00:00:00Z,11.14,11.34,11.09,11.32,3378893.0,11.423333333333334,EVALUATION,-0.02738515901060079
QYLD,2021-05-12T00:00:00Z,11.16,11.22,11.01,11.01,4609919.0,11.226666666666667,EVALUATION,0.010899182561308063
QYLD,2021-05-13T00:00:00Z,11.15,11.21,11.04,11.13,2526722.0,11.153333333333334,EVALUATION,0.0206648697214733
QYLD,2021-05-14T00:00:00Z,11.25,11.39,11.22,11.36,2126389.0,11.166666666666668,EVALUATION,-0.005281690140845008
QYLD,2021-05-17T00:00:00Z,11.31,11.33,11.2,11.3,2409915.0,11.263333333333334,EVALUATION,-0.0070796460176991705
QYLD,2021-05-18T00:00:00Z,11.35,11.37,11.21,11.22,2092548.0,11.293333333333333,EVALUATION,0.0008912655971480277
QYLD,2021-05-19T00:00:00Z,11.03,11.23,11.03,11.23,2555891.0,11.25,EVALUATION,0.019590382902938464
QYLD,2021-05-20T00:00:00Z,11.29,11.48,11.29,11.45,1811364.0,11.3,EVALUATION,-0.004366812227074135
QYLD,2021-05-21T00:00:00Z,11.5,11.51,11.38,11.4,2134306.0,11.36,EVALUATION,0.00877192982456143
QYLD,2021-05-24T00:00:00Z,11.47,11.52,11.44,11.5,1647683.0,11.45,EVALUATION,0.0008695652173913437
QYLD,2021-05-25T00:00:00Z,11.53,11.54,11.48,11.51,1508573.0,11.47,EVALUATION,0.0026064291920069316
QYLD,2021-05-26T00:00:00Z,11.52,11.55,11.51,11.54,1531577.0,11.516666666666666,EVALUATION,0.0008665511265166792
QYLD,2021-05-27T00:00:00Z,11.54,11.56,11.52,11.55,1453643.0,11.533333333333333,EVALUATION,0.0008658008658009031
QYLD,2021-05-28T00:00:00Z,11.57,11.59,11.55,11.56,1433723.0,11.55,EVALUATION,0.0008650519031141446
QYLD,2021-06-01T00:00:00Z,11.59,11.61,11.53,11.57,2160819.0,11.56,EVALUATION,0.0008643042350906516
QYLD,2021-06-02T00:00:00Z,11.59,11.6,11.56,11.58,2740424.0,11.57,EVALUATION,-0.0043177892918826455
QYLD,2021-06-03T00:00:00Z,11.55,11.58,11.5,11.53,2138849.0,11.56,EVALUATION,0.007805724197744945
QYLD,2021-06-04T00:00:00Z,11.59,11.62,11.57,11.62,2165864.0,11.576666666666666,EVALUATION,0.001721170395869276
QYLD,2021-06-07T00:00:00Z,11.63,11.64,11.61,11.64,2823588.0,11.596666666666668,EVALUATION,0.0
QYLD,2021-06-08T00:00:00Z,11.68,11.68,11.62,11.64,2539508.0,11.633333333333333,EVALUATION,0.0
QYLD,2021-06-09T00:00:00Z,11.66,11.68,11.63,11.64,2271217.0,11.64,EVALUATION,0.0017182130584192379
QYLD,2021-06-10T00:00:00Z,11.67,11.68,11.64,11.66,2372959.0,11.646666666666668,EVALUATION,0.0017152658662091813
QYLD,2021-06-11T00:00:00Z,11.69,11.69,11.66,11.68,2003625.0,11.66,EVALUATION,0.0008561643835616195
QYLD,2021-06-14T00:00:00Z,11.7,11.7,11.68,11.69,2841307.0,11.676666666666666,EVALUATION,0.0
QYLD,2021-06-15T00:00:00Z,11.71,11.71,11.68,11.69,2195464.0,11.686666666666666,EVALUATION,0.0
QYLD,2021-06-16T00:00:00Z,11.71,11.71,11.65,11.69,3393642.0,11.69,EVALUATION,0.0008554319931566301
QYLD,2021-06-17T00:00:00Z,11.7,11.71,11.69,11.7,2905796.0,11.693333333333333,EVALUATION,-0.008547008547008517
QYLD,2021-06-18T00:00:00Z,11.63,11.71,11.56,11.6,4950370.0,11.663333333333334,EVALUATION,0.0034482758620690834
QYLD,2021-06-21T00:00:00Z,11.61,11.64,11.54,11.64,3840447.0,11.646666666666667,EVALUATION,0.004295532646048095
QYLD,2021-06-22T00:00:00Z,11.66,11.7,11.63,11.69,2045926.0,11.643333333333334,EVALUATION,0.0008554319931566301
QYLD,2021-06-23T00:00:00Z,11.69,11.71,11.68,11.7,1791228.0,11.676666666666666,EVALUATION,0.0017094017094019254
QYLD,2021-06-24T00:00:00Z,11.71,11.73,11.7,11.72,1968799.0,11.703333333333333,EVALUATION,0.0017064846416381396
QYLD,2021-06-25T00:00:00Z,11.74,11.78,11.72,11.74,1812967.0,11.72,EVALUATION,0.0034071550255536653
QYLD,2021-06-28T00:00:00Z,11.75,11.81,11.74,11.78,2066519.0,11.746666666666666,EVALUATION,0.0
QYLD,2021-06-29T00:00:00Z,11.78,11.79,11.76,11.78,1906944.0,11.766666666666666,EVALUATION,0.0
QYLD,2021-06-30T00:00:00Z,11.77,11.8,11.76,11.78,1850549.0,11.78,EVALUATION,0.0
QYLD,2021-07-01T00:00:00Z,11.78,11.79,11.77,11.78,1781292.0,11.78,EVALUATION,0.002546689303905003
QYLD,2021-07-02T00:00:00Z,11.79,11.81,11.78,11.81,1751893.0,11.79,EVALUATION,0.0
QYLD,2021-07-06T00:00:00Z,11.8,11.82,11.79,11.81,2419701.0,11.8,EVALUATION,0.0
QYLD,2021-07-07T00:00:00Z,11.82,11.84,11.79,11.81,2495771.0,11.81,EVALUATION,-0.0008467400508044287
QYLD,2021-07-08T00:00:00Z,11.77,11.82,11.77,11.8,2838633.0,11.806666666666668,EVALUATION,0.0016949152542371504
QYLD,2021-07-09T00:00:00Z,11.81,11.82,11.81,11.82,2037093.0,11.81,EVALUATION,0.0008460236886631556
QYLD,2021-07-12T00:00:00Z,11.84,11.85,11.81,11.83,2773310.0,11.816666666666666,EVALUATION,0.0008453085376161074
QYLD,2021-07-13T00:00:00Z,11.83,11.84,11.82,11.84,3541965.0,11.83,EVALUATION,-0.0008445945945946276
QYLD,2021-07-14T00:00:00Z,11.85,11.85,11.82,11.83,3031103.0,11.833333333333334,EVALUATION,-0.0008453085376162184
QYLD,2021-07-15T00:00:00Z,11.84,11.84,11.81,11.82,3545102.0,11.83,EVALUATION,-0.005076142131979711
QYLD,2021-07-16T00:00:00Z,11.84,11.89,11.75,11.76,4966479.0,11.803333333333333,EVALUATION,-0.006802721088435382
QYLD,2021-07-19T00:00:00Z,11.73,11.73,11.63,11.68,5709224.0,11.753333333333334,EVALUATION,0.009417808219178037
QYLD,2021-07-20T00:00:00Z,11.73,11.81,11.68,11.79,2695693.0,11.743333333333332,EVALUATION,0.004240882103477617
QYLD,2021-07-21T00:00:00Z,11.78,11.84,11.78,11.84,2146515.0,11.77,EVALUATION,0.004222972972973027
QYLD,2021-07-22T00:00:00Z,11.86,11.89,11.85,11.89,1855286.0,11.84,EVALUATION,0.00420521446593769
QYLD,2021-07-23T00:00:00Z,11.91,11.94,11.89,11.94,2266509.0,11.89,EVALUATION,0.0
QYLD,2021-07-26T00:00:00Z,11.92,11.94,11.92,11.94,2813272.0,11.923333333333334,EVALUATION,-0.00335008375209378
QYLD,2021-07-27T00:00:00Z,11.94,11.94,11.82,11.9,3286203.0,11.926666666666666,EVALUATION,0.0025210084033613356
QYLD,2021-07-28T00:00:00Z,11.93,11.94,11.88,11.93,3589759.0,11.923333333333334,EVALUATION,0.0016764459346185756
QYLD,2021-07-29T00:00:00Z,11.94,11.96,11.93,11.95,2710350.0,11.926666666666666,EVALUATION,-0.0016736401673639323
QYLD,2021-07-30T00:00:00Z,11.91,11.94,11.88,11.93,2578108.0,11.936666666666666,EVALUATION,0.0008382229673091768
QYLD,2021-08-02T00:00:00Z,11.94,11.97,11.93,11.94,2869204.0,11.94,EVALUATION,0.002512562814070529
QYLD,2021-08-03T00:00:00Z,11.95,11.98,11.91,11.97,2148731.0,11.946666666666667,EVALUATION,0.0016708437761068229
QYLD,2021-08-04T00:00:00Z,11.96,11.99,11.96,11.99,1885939.0,11.966666666666667,EVALUATION,0.0016680567139282232
QYLD,2021-08-05T00:00:00Z,11.99,12.01,11.97,12.01,1694113.0,11.99,EVALUATION,0.0
QYLD,2021-08-06T00:00:00Z,12.0,12.01,11.99,12.01,2094373.0,12.003333333333332,EVALUATION,0.0016652789342215257
QYLD,2021-08-09T00:00:00Z,12.03,12.03,12.0,12.03,2713660.0,12.016666666666666,EVALUATION,-0.0008312551953449931
QYLD,2021-08-10T00:00:00Z,12.04,12.04,12.0,12.02,3008123.0,12.02,EVALUATION,0.0
QYLD,2021-08-11T00:00:00Z,12.03,12.03,12.0,12.02,3275234.0,12.023333333333333,EVALUATION,0.0016638935108153063
QYLD,2021-08-12T00:00:00Z,12.03,12.04,12.0,12.04,2521422.0,12.026666666666667,EVALUATION,0.0016611295681063787
QYLD,2021-08-13T00:00:00Z,12.05,12.06,12.04,12.06,2184477.0,12.04,EVALUATION,0.0
QYLD,2021-08-16T00:00:00Z,12.04,12.06,12.01,12.06,2828727.0,12.053333333333335,EVALUATION,-0.0016583747927032544
QYLD,2021-08-17T00:00:00Z,12.04,12.06,12.01,12.04,3580880.0,12.053333333333335,EVALUATION,-0.0016611295681062677
QYLD,2021-08-18T00:00:00Z,12.04,12.06,12.02,12.02,2889946.0,12.04,EVALUATION,0.0024958402662229595
QYLD,2021-08-19T00:00:00Z,12.0,12.06,11.94,12.05,4233378.0,12.036666666666665,EVALUATION,0.008298755186721962
QYLD,2021-08-20T00:00:00Z,12.07,12.16,12.04,12.15,3245335.0,12.073333333333334,EVALUATION,0.006584362139917754
QYLD,2021-08-23T00:00:00Z,12.18,12.26,12.17,12.23,3072679.0,12.143333333333334,EVALUATION,0.0008176614881438837
QYLD,2021-08-24T00:00:00Z,12.22,12.26,12.21,12.24,2358782.0,12.206666666666667,EVALUATION,0.0008169934640522847
QYLD,2021-08-25T00:00:00Z,12.23,12.25,12.23,12.25,2280342.0,12.24,EVALUATION,-0.0032653061224489077
QYLD,2021-08-26T00:00:00Z,12.22,12.25,12.21,12.21,1848985.0,12.233333333333334,EVALUATION,0.005733005733005614
QYLD,2021-08-27T00:00:00Z,12.22,12.28,12.22,12.28,1886826.0,12.246666666666666,EVALUATION,0.002442996742671122
QYLD,2021-08-30T00:00:00Z,12.28,12.32,12.27,12.31,1805586.0,12.266666666666666,EVALUATION,0.0
QYLD,2021-08-31T00:00:00Z,12.29,12.31,12.29,12.31,2280003.0,12.3,EVALUATION,0.0008123476848089783
QYLD,2021-09-01T00:00:00Z,12.33,12.33,12.3,12.32,2249004.0,12.313333333333333,EVALUATION,-0.0008116883116883189
QYLD,2021-09-02T00:00:00Z,12.34,12.34,12.3,12.31,2019040.0,12.313333333333333,EVALUATION,0.0016246953696181787
QYLD,2021-09-03T00:00:00Z,12.32,12.33,12.3,12.33,1893043.0,12.32,EVALUATION,0.0
QYLD,2021-09-07T00:00:00Z,12.34,12.34,12.32,12.33,2245132.0,12.323333333333334,EVALUATION,0.0008110300081103361
QYLD,2021-09-08T00:00:00Z,12.33,12.35,12.32,12.34,2598333.0,12.333333333333334,EVALUATION,-0.0008103727714748876
QYLD,2021-09-09T00:00:00Z,12.33,12.35,12.33,12.33,2305407.0,12.333333333333334,EVALUATION,0.0
QYLD,2021-09-10T00:00:00Z,12.35,12.38,12.32,12.33,2605182.0,12.333333333333334,EVALUATION,-0.0024330900243308973
QYLD,2021-09-13T00:00:00Z,12.34,12.35,12.3,12.3,5856090.0,12.32,EVALUATION,0.003252032520325132
QYLD,2021-09-14T00:00:00Z,12.33,12.34,12.32,12.34,4220080.0,12.323333333333334,EVALUATION,0.0016207455429497752
QYLD,2021-09-15T00:00:00Z,12.35,12.36,12.33,12.36,3722820.0,12.333333333333334,EVALUATION,-0.0008090614886731018
QYLD,2021-09-16T00:00:00Z,12.36,12.36,12.35,12.35,3520673.0,12.35,EVALUATION,-0.011336032388663875
QYLD,2021-09-17T00:00:00Z,12.36,12.36,12.19,12.21,9276884.0,12.306666666666667,EVALUATION,-0.013923013923014094
QYLD,2021-09-20T00:00:00Z,12.07,12.12,11.91,12.04,10767626.0,12.2,EVALUATION,0.0008305647840531893
QYLD,2021-09-21T00:00:00Z,12.08,12.12,12.01,12.05,3876916.0,12.1,EVALUATION,0.008298755186721962
QYLD,2021-09-22T00:00:00Z,12.09,12.18,12.06,12.15,3246135.0,12.079999999999998,EVALUATION,0.006584362139917754
QYLD,2021-09-23T00:00:00Z,12.19,12.24,12.17,12.23,2577402.0,12.143333333333334,EVALUATION,0.002452984464431651
QYLD,2021-09-24T00:00:00Z,12.16,12.26,12.16,12.26,2526682.0,12.213333333333335,EVALUATION,-0.0032626427406198255
QYLD,2021-09-27T00:00:00Z,12.18,12.22,12.14,12.22,3355993.0,12.236666666666668,EVALUATION,-0.022913256955810257
QYLD,2021-09-28T00:00:00Z,12.09,12.11,11.92,11.94,7316208.0,12.14,EVALUATION,0.002512562814070529
QYLD,2021-09-29T00:00:00Z,11.99,12.03,11.89,11.97,4447935.0,12.043333333333333,EVALUATION,-0.005847953216374324
QYLD,2021-09-30T00:00:00Z,11.96,12.02,11.87,11.9,4124474.0,11.936666666666667,EVALUATION,0.003361344537815114
QYLD,2021-10-01T00:00:00Z,11.91,11.98,11.77,11.94,6142961.0,11.936666666666667,EVALUATION,-0.019262981574539206
QYLD,2021-10-04T00:00:00Z,11.91,11.92,11.64,11.71,8486313.0,11.850000000000001,EVALUATION,0.014517506404782221
QYLD,2021-10-05T00:00:00Z,11.76,11.94,11.75,11.88,3304765.0,11.843333333333334,EVALUATION,0.005050505050504972
QYLD,2021-10-06T00:00:00Z,11.77,11.95,11.73,11.94,3605511.0,11.843333333333334,EVALUATION,0.011725293132328396
QYLD,2021-10-07T00:00:00Z,12.04,12.13,12.03,12.08,3143819.0,11.966666666666667,EVALUATION,-0.0066225165562914245
QYLD,2021-10-08T00:00:00Z,12.1,12.1,11.98,12.0,2375361.0,12.006666666666666,EVALUATION,-0.005833333333333357
QYLD,2021-10-11T00:00:00Z,11.96,12.07,11.91,11.93,3063037.0,12.003333333333334,EVALUATION,-0.003352891869237151
QYLD,2021-10-12T00:00:00Z,12.0,12.0,11.85,11.89,4035517.0,11.94,EVALUATION,0.006728343145500526
QYLD,2021-10-13T00:00:00Z,11.95,11.98,11.88,11.97,2528134.0,11.93,EVALUATION,0.01754385964912264
QYLD,2021-10-14T00:00:00Z,12.07,12.24,12.06,12.18,3477538.0,12.013333333333334,EVALUATION,0.004105090311987025
QYLD,2021-10-15T00:00:00Z,12.2,12.24,12.18,12.23,3143955.0,12.126666666666667,EVALUATION,0.004088307440719419
QYLD,2021-10-18T00:00:00Z,12.22,12.28,12.19,12.28,3798357.0,12.23,EVALUATION,0.002442996742671122
QYLD,2021-10-19T00:00:00Z,12.32,12.32,12.29,12.31,2811461.0,12.273333333333333,EVALUATION,0.0008123476848089783
QYLD,2021-10-20T00:00:00Z,12.32,12.33,12.29,12.32,2849235.0,12.303333333333333,EVALUATION,0.0016233766233766378
QYLD,2021-10-21T00:00:00Z,12.31,12.34,12.3,12.34,2351491.0,12.323333333333334,EVALUATION,-0.0016207455429497752
QYLD,2021-10-22T00:00:00Z,12.3,12.34,12.29,12.32,2263226.0,12.326666666666666,EVALUATION,0.0032467532467532756
QYLD,2021-10-25T00:00:00Z,12.32,12.36,12.3,12.36,2669115.0,12.34,EVALUATION,0.0008090614886731018
QYLD,2021-10-26T00:00:00Z,12.39,12.39,12.34,12.37,2873123.0,12.35,EVALUATION,-0.0008084074373484462
QYLD,2021-10-27T00:00:00Z,12.38,12.39,12.36,12.36,2857328.0,12.363333333333333,EVALUATION,0.003236245954692629
QYLD,2021-10-28T00:00:00Z,12.39,12.4,12.37,12.4,2321923.0,12.376666666666667,EVALUATION,0.0008064516129031585
QYLD,2021-10-29T00:00:00Z,12.36,12.41,12.35,12.41,2550211.0,12.39,EVALUATION,0.0008058017727639033
QYLD,2021-11-01T00:00:00Z,12.42,12.42,12.39,12.42,3117678.0,12.41,EVALUATION,0.0008051529790660261
QYLD,2021-11-02T00:00:00Z,12.42,12.43,12.41,12.43,2991240.0,12.42,EVALUATION,0.0008045052292839916
QYLD,2021-11-03T00:00:00Z,12.44,12.45,12.42,12.44,2863011.0,12.43,EVALUATION,0.000803858520900258
QYLD,2021-11-04T00:00:00Z,12.46,12.46,12.44,12.45,2939092.0,12.44,EVALUATION,0.0
QYLD,2021-11-05T00:00:00Z,12.46,12.46,12.44,12.45,2604804.0,12.446666666666665,EVALUATION,0.0008032128514057213
QYLD,2021-11-08T00:00:00Z,12.46,12.46,12.44,12.46,3496285.0,12.453333333333333,EVALUATION,-0.0008025682182987159
QYLD,2021-11-09T00:00:00Z,12.46,12.46,12.43,12.45,3663945.0,12.453333333333333,EVALUATION,0.0
QYLD,2021-11-10T00:00:00Z,12.44,12.45,12.43,12.45,2955307.0,12.453333333333333,EVALUATION,0.0008032128514057213
QYLD,2021-11-11T00:00:00Z,12.46,12.46,12.45,12.46,2282113.0,12.453333333333333,EVALUATION,0.0
QYLD,2021-11-12T00:00:00Z,12.46,12.46,12.45,12.46,2818036.0,12.456666666666667,EVALUATION,0.0008025682182986049
QYLD,2021-11-15T00:00:00Z,12.47,12.47,12.46,12.47,3355999.0,12.463333333333335,EVALUATION,-0.000801924619085792
QYLD,2021-11-16T00:00:00Z,12.47,12.47,12.46,12.46,3270730.0,12.463333333333335,EVALUATION,0.0
QYLD,2021-11-17T00:00:00Z,12.46,12.47,12.45,12.46,3500490.0,12.463333333333335,EVALUATION,-0.0008025682182987159
QYLD,2021-11-18T00:00:00Z,12.47,12.47,12.45,12.45,4950607.0,12.456666666666667,EVALUATION,0.0072289156626506035
QYLD,2021-11-19T00:00:00Z,12.5,12.56,12.48,12.54,3942180.0,12.483333333333333,EVALUATION,-0.0071770334928229484
QYLD,2021-11-22T00:00:00Z,12.57,12.6,12.45,12.45,5647434.0,12.479999999999999,EVALUATION,-0.002409638554216831
QYLD,2021-11-23T00:00:00Z,12.44,12.47,12.32,12.42,5233473.0,12.469999999999999,EVALUATION,0.0032206119162641045
QYLD,2021-11-24T00:00:00Z,12.38,12.46,12.31,12.46,3341786.0,12.443333333333332,EVALUATION,-0.014446227929374111
QYLD,2021-11-26T00:00:00Z,12.37,12.4,12.25,12.28,4209875.0,12.386666666666667,EVALUATION,0.017100977198697187
QYLD,2021-11-29T00:00:00Z,12.39,12.5,12.39,12.49,4463050.0,12.41,EVALUATION,-0.00960768614891927
QYLD,2021-11-30T00:00:00Z,12.46,12.5,12.29,12.37,5688013.0,12.379999999999999,EVALUATION,-0.01616814874696837
QYLD,2021-12-01T00:00:00Z,12.47,12.5,12.16,12.17,5565876.0,12.343333333333334,EVALUATION,0.009038619556285932
QYLD,2021-12-02T00:00:00Z,12.16,12.32,12.11,12.28,5778713.0,12.273333333333333,EVALUATION,-0.014657980456026065
QYLD,2021-12-03T00:00:00Z,12.34,12.34,11.96,12.1,11344413.0,12.183333333333334,EVALUATION,0.008264462809917328
QYLD,2021-12-06T00:00:00Z,12.13,12.23,11.98,12.2,5062667.0,12.193333333333332,EVALUATION,0.024590163934426368
QYLD,2021-12-07T00:00:00Z,12.38,12.51,12.37,12.5,4005023.0,12.266666666666666,EVALUATION,0.0040000000000000036
QYLD,2021-12-08T00:00:00Z,12.51,12.55,12.46,12.55,2485570.0,12.416666666666668,EVALUATION,-0.011155378486055856
QYLD,2021-12-09T00:00:00Z,12.52,12.56,12.41,12.41,2338441.0,12.486666666666668,EVALUATION,0.010475423045930521
QYLD,2021-12-10T00:00:00Z,12.48,12.55,12.41,12.54,2573268.0,12.5,EVALUATION,-0.011961722488038173
QYLD,2021-12-13T00:00:00Z,12.54,12.55,12.38,12.39,3640452.0,12.446666666666665,EVALUATION,-0.009685230024213176
QYLD,2021-12-14T00:00:00Z,12.24,12.33,12.13,12.27,5758799.0,12.399999999999999,EVALUATION,0.021189894050529734
QYLD,2021-12-15T00:00:00Z,12.3,12.55,12.13,12.53,5407057.0,12.396666666666667,EVALUATION,-0.023942537909018236
QYLD,2021-12-16T00:00:00Z,12.54,12.58,12.18,12.23,5731942.0,12.343333333333334,EVALUATION,-0.003270645952575757
QYLD,2021-12-17T00:00:00Z,12.16,12.3,12.07,12.19,6720961.0,12.316666666666666,EVALUATION,-0.005742411812961423
QYLD,2021-12-20T00:00:00Z,12.11,12.14,12.04,12.12,6756180.0,12.18,EVALUATION,0.014026402640264113
QYLD,2021-12-21T00:00:00Z,12.19,12.29,12.12,12.29,4079406.0,12.2,EVALUATION,0.007323026851098646
QYLD,2021-12-22T00:00:00Z,12.3,12.38,12.28,12.38,3640522.0,12.263333333333334,EVALUATION,0.0040387722132471104
QYLD,2021-12-23T00:00:00Z,12.43,12.44,12.38,12.43,3184434.0,12.366666666666667,EVALUATION,0.00482703137570395
QYLD,2021-12-27T00:00:00Z,12.45,12.49,12.44,12.49,4654870.0,12.433333333333334,EVALUATION,-0.0016012810248198228
QYLD,2021-12-28T00:00:00Z,12.5,12.5,12.46,12.47,4640521.0,12.463333333333335,EVALUATION,0.001603849238171584
QYLD,2021-12-29T00:00:00Z,12.5,12.5,12.45,12.49,4127422.0,12.483333333333334,EVALUATION,0.0
QYLD,2021-12-30T00:00:00Z,12.52,12.52,12.48,12.49,8839344.0,12.483333333333334,EVALUATION,-0.0024019215372297342
QYLD,2021-12-31T00:00:00Z,12.5,12.52,12.46,12.46,4110226.0,12.48,EVALUATION,0.004815409309791185
QYLD,2022-01-03T00:00:00Z,12.5,12.52,12.47,12.52,5464032.0,12.489999999999998,EVALUATION,-0.0031948881789136685
QYLD,2022-01-04T00:00:00Z,12.52,12.53,12.45,12.48,6538845.0,12.486666666666666,EVALUATION,-0.013621794871794823
QYLD,2022-01-05T00:00:00Z,12.47,12.48,12.3,12.31,9538546.0,12.436666666666667,EVALUATION,0.0
QYLD,2022-01-06T00:00:00Z,12.28,12.36,12.2,12.31,7224710.0,12.366666666666667,EVALUATION,-0.004874086108854647
QYLD,2022-01-07T00:00:00Z,12.32,12.35,12.19,12.25,7950622.0,12.29,EVALUATION,0.0016326530612245094
QYLD,2022-01-10T00:00:00Z,12.15,12.27,11.95,12.27,12825627.0,12.276666666666667,EVALUATION,0.00896495517522422
QYLD,2022-01-11T00:00:00Z,12.24,12.39,12.19,12.38,6054723.0,12.3,EVALUATION,0.003231017770597644
QYLD,2022-01-12T00:00:00Z,12.44,12.46,12.38,12.42,11483685.0,12.356666666666666,EVALUATION,-0.0185185185185186
QYLD,2022-01-13T00:00:00Z,12.47,12.47,12.19,12.19,11795856.0,12.33,EVALUATION,0.009023789991796649
QYLD,2022-01-14T00:00:00Z,12.14,12.31,12.12,12.3,6025008.0,12.303333333333335,EVALUATION,-0.02276422764227648
QYLD,2022-01-18T00:00:00Z,12.15,12.19,12.0,12.02,12004637.0,12.170000000000002,EVALUATION,-0.009983361064891727
QYLD,2022-01-19T00:00:00Z,12.09,12.15,11.88,11.9,8249327.0,12.073333333333334,EVALUATION,-0.013445378151260567
QYLD,2022-01-20T00:00:00Z,12.01,12.13,11.72,11.74,9942142.0,11.886666666666667,EVALUATION,-0.022998296422487186
QYLD,2022-01-21T00:00:00Z,11.65,11.74,11.46,11.47,14351235.0,11.703333333333333,EVALUATION,0.0043591979075849885
QYLD,2022-01-24T00:00:00Z,11.31,11.53,11.02,11.52,16902598.0,11.576666666666668,EVALUATION,-0.01475694444444442
QYLD,2022-01-25T00:00:00Z,11.37,11.48,11.24,11.35,8093663.0,11.446666666666667,EVALUATION,0.0017621145374449032
QYLD,2022-01-26T00:00:00Z,11.55,11.6,11.25,11.37,10724868.0,11.413333333333332,EVALUATION,-0.0079155672823219
QYLD,2022-01-27T00:00:00Z,11.48,11.51,11.25,11.28,5982038.0,11.333333333333332,EVALUATION,0.023049645390070816
QYLD,2022-01-28T00:00:00Z,11.33,11.56,11.19,11.54,6414192.0,11.396666666666665,EVALUATION,0.020797227036395194
QYLD,2022-01-31T00:00:00Z,11.57,11.78,11.55,11.78,4990614.0,11.533333333333331,EVALUATION,0.005093378607809784
QYLD,2022-02-01T00:00:00Z,11.8,11.85,11.71,11.84,4767383.0,11.719999999999999,EVALUATION,0.0033783783783785104
QYLD,2022-02-02T00:00:00Z,11.89,11.9,11.81,11.88,5138635.0,11.833333333333334,EVALUATION,-0.021885521885522063
QYLD,2022-02-03T00:00:00Z,11.72,11.79,11.6,11.62,5900203.0,11.780000000000001,EVALUATION,0.010327022375215211
QYLD,2022-02-04T00:00:00Z,11.66,11.81,11.61,11.74,4398939.0,11.746666666666666,EVALUATION,-0.0017035775127768327
QYLD,2022-02-07T00:00:00Z,11.77,11.8,11.69,11.72,4445239.0,11.693333333333333,EVALUATION,0.008532423208191142
QYLD,2022-02-08T00:00:00Z,11.71,11.83,11.67,11.82,2815418.0,11.76,EVALUATION,0.009306260575296044
QYLD,2022-02-09T00:00:00Z,11.9,11.93,11.87,11.93,3897285.0,11.823333333333334,EVALUATION,-0.010058675607711565
QYLD,2022-02-10T00:00:00Z,11.83,11.94,11.77,11.81,5544557.0,11.853333333333333,EVALUATION,-0.02116850127011005
QYLD,2022-02-11T00:00:00Z,11.81,11.84,11.51,11.56,6256147.0,11.766666666666667,EVALUATION,0.0017301038062282892
QYLD,2022-02-14T00:00:00Z,11.53,11.67,11.46,11.58,5527597.0,11.65,EVALUATION,0.022452504317789224
QYLD,2022-02-15T00:00:00Z,11.74,11.84,11.71,11.84,2785888.0,11.66,EVALUATION,0.0016891891891892552
QYLD,2022-02-16T00:00:00Z,11.78,11.88,11.69,11.86,3887833.0,11.76,EVALUATION,-0.027824620573355774
QYLD,2022-02-17T00:00:00Z,11.77,11.78,11.5,11.53,6822205.0,11.743333333333332,EVALUATION,-0.011274934952298254
QYLD,2022-02-18T00:00:00Z,11.56,11.57,11.33,11.4,9545836.0,11.596666666666668,EVALUATION,-0.004385964912280715
QYLD,2022-02-22T00:00:00Z,11.35,11.45,11.26,11.35,10642598.0,11.426666666666666,EVALUATION,-0.01585903083700435
QYLD,2022-02-23T00:00:00Z,11.43,11.44,11.16,11.17,7318107.0,11.306666666666667,EVALUATION,0.022381378692927445
QYLD,2022-02-24T00:00:00Z,10.87,11.42,10.85,11.42,9484950.0,11.313333333333333,EVALUATION,0.008756567425569184
QYLD,2022-02-25T00:00:00Z,11.47,11.52,11.35,11.52,6417199.0,11.37,EVALUATION,0.0008680555555555802
QYLD,2022-02-28T00:00:00Z,11.43,11.56,11.42,11.53,6039244.0,11.49,EVALUATION,-0.008673026886383273
QYLD,2022-03-01T00:00:00Z,11.52,11.54,11.38,11.43,5581742.0,11.493333333333332,EVALUATION,0.01049868766404205
QYLD,2022-03-02T00:00:00Z,11.48,11.57,11.42,11.55,4738092.0,11.503333333333334,EVALUATION,-0.0051948051948051965
QYLD,2022-03-03T00:00:00Z,11.6,11.6,11.44,11.49,3875358.0,11.49,EVALUATION,-0.006962576153176636
QYLD,2022-03-04T00:00:00Z,11.45,11.46,11.32,11.41,5175635.0,11.483333333333334,EVALUATION,-0.025416301489921245
QYLD,2022-03-07T00:00:00Z,11.4,11.43,11.09,11.12,6665701.0,11.34,EVALUATION,-0.0026978417266186883
QYLD,2022-03-08T00:00:00Z,11.09,11.34,10.97,11.09,7487722.0,11.206666666666667,EVALUATION,0.027953110910730494
QYLD,2022-03-09T00:00:00Z,11.3,11.43,11.24,11.4,5774087.0,11.203333333333333,EVALUATION,-0.0061403508771930015
QYLD,2022-03-10T00:00:00Z,11.3,11.36,11.2,11.33,3696537.0,11.273333333333333,EVALUATION,-0.015887025595763382
QYLD,2022-03-11T00:00:00Z,11.44,11.44,11.12,11.15,4883649.0,11.293333333333333,EVALUATION,-0.017937219730941756
QYLD,2022-03-14T00:00:00Z,11.12,11.21,10.91,10.95,7210571.0,11.143333333333334,EVALUATION,0.029223744292237397
QYLD,2022-03-15T00:00:00Z,11.04,11.29,10.97,11.27,4853256.0,11.123333333333333,EVALUATION,0.032830523513753374
QYLD,2022-03-16T00:00:00Z,11.41,11.64,11.29,11.64,6248678.0,11.286666666666667,EVALUATION,0.009450171821305808
QYLD,2022-03-17T00:00:00Z,11.62,11.75,11.56,11.75,4530026.0,11.553333333333333,EVALUATION,0.017021276595744705
QYLD,2022-03-18T00:00:00Z,11.74,11.95,11.67,11.95,5670754.0,11.78,EVALUATION,0.0
QYLD,2022-03-21T00:00:00Z,11.95,11.99,11.87,11.95,4735205.0,11.883333333333333,EVALUATION,0.006694560669456173
QYLD,2022-03-22T00:00:00Z,11.97,12.05,11.95,12.03,4361933.0,11.976666666666667,EVALUATION,-0.004156275976724744
QYLD,2022-03-23T00:00:00Z,11.98,12.05,11.97,11.98,3590732.0,11.986666666666666,EVALUATION,0.006677796327211993
QYLD,2022-03-24T00:00:00Z,12.02,12.07,11.98,12.06,3172708.0,12.023333333333333,EVALUATION,0.0016583747927030323
QYLD,2022-03-25T00:00:00Z,12.08,12.09,12.02,12.08,3730937.0,12.040000000000001,EVALUATION,0.004966887417218624
QYLD,2022-03-28T00:00:00Z,12.1,12.14,12.08,12.14,4272222.0,12.093333333333334,EVALUATION,0.0032948929159801743
QYLD,2022-03-29T00:00:00Z,12.18,12.19,12.13,12.18,5521136.0,12.133333333333333,EVALUATION,-0.0016420361247947435
QYLD,2022-03-30T00:00:00Z,12.18,12.18,12.14,12.16,3688720.0,12.16,EVALUATION,-0.0016447368421051989
QYLD,2022-03-31T00:00:00Z,12.17,12.17,12.12,12.14,3916555.0,12.16,EVALUATION,0.0016474464579900872
QYLD,2022-04-01T00:00:00Z,12.14,12.17,12.13,12.16,3260912.0,12.153333333333334,EVALUATION,0.0032894736842103978
QYLD,2022-04-04T00:00:00Z,12.17,12.21,12.17,12.2,4532585.0,12.166666666666668,EVALUATION,-0.003278688524590123
QYLD,2022-04-05T00:00:00Z,12.2,12.21,12.16,12.16,4787150.0,12.173333333333334,EVALUATION,-0.00328947368421062
QYLD,2022-04-06T00:00:00Z,12.12,12.14,12.07,12.12,5079448.0,12.16,EVALUATION,0.0008250825082509738
QYLD,2022-04-07T00:00:00Z,12.12,12.16,12.06,12.13,3742865.0,12.136666666666667,EVALUATION,-0.0008244023083265883
QYLD,2022-04-08T00:00:00Z,12.14,12.15,12.08,12.12,3009396.0,12.123333333333335,EVALUATION,-0.012376237623762276
QYLD,2022-04-11T00:00:00Z,12.06,12.07,11.95,11.97,5451703.0,12.073333333333334,EVALUATION,-0.0008354218880534114
QYLD,2022-04-12T00:00:00Z,12.1,12.13,11.91,11.96,4295052.0,12.016666666666667,EVALUATION,0.01672240802675584
QYLD,2022-04-13T00:00:00Z,11.98,12.18,11.95,12.16,4010423.0,12.030000000000001,EVALUATION,-0.019736842105263164
QYLD,2022-04-14T00:00:00Z,12.17,12.17,11.91,11.92,8497639.0,12.013333333333334,EVALUATION,0.0
QYLD,2022-04-18T00:00:00Z,11.91,11.97,11.87,11.92,6008495.0,12.0,EVALUATION,0.012583892617449743
QYLD,2022-04-19T00:00:00Z,11.93,12.08,11.9,12.07,4160397.0,11.969999999999999,EVALUATION,-0.0057995028997515075
QYLD,2022-04-20T00:00:00Z,12.08,12.08,11.97,12.0,6020719.0,11.996666666666666,EVALUATION,-0.011666666666666714
QYLD,2022-04-21T00:00:00Z,12.07,12.1,11.83,11.86,5112568.0,11.976666666666667,EVALUATION,-0.018549747048903775
QYLD,2022-04-22T00:00:00Z,11.86,11.88,11.62,11.64,8915352.0,11.833333333333334,EVALUATION,0.010309278350515427
QYLD,2022-04-25T00:00:00Z,11.59,11.76,11.54,11.76,5865535.0,11.753333333333334,EVALUATION,-0.030612244897959107
QYLD,2022-04-26T00:00:00Z,11.69,11.76,11.39,11.4,8340657.0,11.600000000000001,EVALUATION,0.0
QYLD,2022-04-27T00:00:00Z,11.4,11.57,11.34,11.4,6710462.0,11.52,EVALUATION,0.02894736842105261
QYLD,2022-04-28T00:00:00Z,11.55,11.78,11.43,11.73,4888961.0,11.510000000000002,EVALUATION,-0.03580562659846542
QYLD,2022-04-29T00:00:00Z,11.59,11.72,11.26,11.31,6748362.0,11.48,EVALUATION,0.01326259946949615
QYLD,2022-05-02T00:00:00Z,11.28,11.46,11.17,11.46,7657010.0,11.5,EVALUATION,0.002617801047120283
QYLD,2022-05-03T00:00:00Z,11.47,11.54,11.38,11.49,3644969.0,11.42,EVALUATION,0.02872062663185382
QYLD,2022-05-04T00:00:00Z,11.51,11.83,11.32,11.82,7288061.0,11.59,EVALUATION,-0.043147208121827374
QYLD,2022-05-05T00:00:00Z,11.72,11.72,11.18,11.31,12472492.0,11.54,EVALUATION,-0.010610079575596898
QYLD,2022-05-06T00:00:00Z,11.25,11.37,11.02,11.19,12402200.0,11.44,EVALUATION,-0.03932082216264521
QYLD,2022-05-09T00:00:00Z,10.99,11.05,10.69,10.75,14446329.0,11.083333333333334,EVALUATION,0.012093023255814073
QYLD,2022-05-10T00:00:00Z,10.99,11.04,10.72,10.88,8541327.0,10.940000000000001,EVALUATION,-0.030330882352941235
QYLD,2022-05-11T00:00:00Z,10.8,10.99,10.52,10.55,11017683.0,10.726666666666667,EVALUATION,-0.0028436018957347375
QYLD,2022-05-12T00:00:00Z,10.41,10.69,10.3,10.52,10941881.0,10.65,EVALUATION,0.03802281368821303
QYLD,2022-05-13T00:00:00Z,10.68,10.95,10.63,10.92,7495802.0,10.663333333333334,EVALUATION,-0.010073260073260037
QYLD,2022-05-16T00:00:00Z,10.85,10.92,10.75,10.81,4366890.0,10.75,EVALUATION,0.023126734505087843
QYLD,2022-05-17T00:00:00Z,11.01,11.08,10.87,11.06,8282918.0,10.93,EVALUATION,-0.047016274864376206
QYLD,2022-05-18T00:00:00Z,10.92,10.93,10.48,10.54,8713690.0,10.803333333333335,EVALUATION,-0.006641366223908762
QYLD,2022-05-19T00:00:00Z,10.48,10.64,10.4,10.47,7477428.0,10.690000000000001,EVALUATION,-0.009551098376313405
QYLD,2022-05-20T00:00:00Z,10.61,10.63,10.18,10.37,12773549.0,10.46,EVALUATION,0.0077145612343298975
QYLD,2022-05-23T00:00:00Z,10.4,10.45,10.32,10.45,8982748.0,10.43,EVALUATION,-0.009569377990430561
QYLD,2022-05-24T00:00:00Z,10.34,10.37,10.22,10.35,7449684.0,10.389999999999999,EVALUATION,0.005797101449275477
QYLD,2022-05-25T00:00:00Z,10.33,10.46,10.32,10.41,5727333.0,10.403333333333332,EVALUATION,0.01344860710854956
QYLD,2022-05-26T00:00:00Z,10.42,10.56,10.4,10.55,5107314.0,10.436666666666667,EVALUATION,0.008530805687203769
QYLD,2022-05-27T00:00:00Z,10.57,10.64,10.54,10.64,4940697.0,10.533333333333335,EVALUATION,0.0009398496240602405
QYLD,2022-05-31T00:00:00Z,10.64,10.67,10.6,10.65,5888827.0,10.613333333333333,EVALUATION,-0.0009389671361501595
QYLD,2022-06-01T00:00:00Z,10.67,10.68,10.61,10.64,6525709.0,10.643333333333334,EVALUATION,0.005639097744360777
QYLD,2022-06-02T00:00:00Z,10.65,10.7,10.62,10.7,3637796.0,10.663333333333334,EVALUATION,-0.002803738317756932
QYLD,2022-06-03T00:00:00Z,10.67,10.68,10.65,10.67,3490102.0,10.67,EVALUATION,0.0009372071227740086
QYLD,2022-06-06T00:00:00Z,10.7,10.71,10.66,10.68,3910865.0,10.683333333333334,EVALUATION,0.001872659176029856
QYLD,2022-06-07T00:00:00Z,10.66,10.7,10.65,10.7,3361881.0,10.683333333333334,EVALUATION,0.0
QYLD,2022-06-08T00:00:00Z,10.69,10.71,10.69,10.7,2614048.0,10.693333333333333,EVALUATION,-0.0037383177570092796
QYLD,2022-06-09T00:00:00Z,10.71,10.71,10.65,10.66,4007196.0,10.686666666666666,EVALUATION,-0.010318949343339545
QYLD,2022-06-10T00:00:00Z,10.61,10.61,10.53,10.55,7909233.0,10.636666666666667,EVALUATION,-0.03127962085308056
QYLD,2022-06-13T00:00:00Z,10.34,10.4,10.19,10.22,11456594.0,10.476666666666667,EVALUATION,0.004892367906066397
QYLD,2022-06-14T00:00:00Z,10.32,10.32,10.17,10.27,6796558.0,10.346666666666668,EVALUATION,0.01947419668938677
QYLD,2022-06-15T00:00:00Z,10.37,10.58,10.29,10.47,6229345.0,10.32,EVALUATION,-0.033428844317096584
QYLD,2022-06-16T00:00:00Z,10.27,10.3,10.05,10.12,8273405.0,10.286666666666667,EVALUATION,0.011857707509881577
QYLD,2022-06-17T00:00:00Z,10.15,10.28,10.09,10.24,5167928.0,10.276666666666667,EVALUATION,0.013671875
QYLD,2022-06-21T00:00:00Z,10.34,10.39,10.33,10.38,4406666.0,10.246666666666666,EVALUATION,-0.0019267822736032114
QYLD,2022-06-22T00:00:00Z,10.3,10.42,10.29,10.36,2977466.0,10.326666666666668,EVALUATION,0.005791505791505891
QYLD,2022-06-23T00:00:00Z,10.39,10.43,10.36,10.42,4746154.0,10.386666666666667,EVALUATION,0.008637236084452882
QYLD,2022-06-24T00:00:00Z,10.49,10.52,10.45,10.51,4604289.0,10.43,EVALUATION,0.0009514747859180606
QYLD,2022-06-27T00:00:00Z,10.55,10.55,10.49,10.52,3802224.0,10.483333333333333,EVALUATION,-0.0076045627376425395
QYLD,2022-06-28T00:00:00Z,10.55,10.55,10.44,10.44,2529868.0,10.49,EVALUATION,0.0019157088122607746
QYLD,2022-06-29T00:00:00Z,10.44,10.48,10.42,10.46,2909455.0,10.473333333333333,EVALUATION,-0.003824091778202754
QYLD,2022-06-30T00:00:00Z,10.41,10.47,10.36,10.42,2890590.0,10.44,EVALUATION,0.0057581573896352545
QYLD,2022-07-01T00:00:00Z,10.43,10.49,10.41,10.48,2543247.0,10.453333333333333,EVALUATION,0.005725190839694472
QYLD,2022-07-05T00:00:00Z,10.46,10.54,10.42,10.54,3603125.0,10.48,EVALUATION,0.00189753320683117
QYLD,2022-07-06T00:00:00Z,10.53,10.57,10.52,10.56,3455248.0,10.526666666666667,EVALUATION,0.0028409090909089496
QYLD,2022-07-07T00:00:00Z,10.57,10.6,10.04,10.59,4008285.0,10.563333333333333,EVALUATION,0.0009442870632672129
QYLD,2022-07-08T00:00:00Z,10.56,10.6,10.56,10.6,3066246.0,10.583333333333332,EVALUATION,0.0
QYLD,2022-07-11T00:00:00Z,10.6,10.6,10.58,10.6,3079214.0,10.596666666666666,EVALUATION,-0.0009433962264150386
QYLD,2022-07-12T00:00:00Z,10.59,10.61,10.58,10.59,3073579.0,10.596666666666666,EVALUATION,0.0009442870632672129
QYLD,2022-07-13T00:00:00Z,10.55,10.6,10.55,10.6,3964363.0,10.596666666666666,EVALUATION,0.0
QYLD,2022-07-14T00:00:00Z,10.57,10.61,10.57,10.6,4615279.0,10.596666666666666,EVALUATION,0.016981132075471583
QYLD,2022-07-15T00:00:00Z,10.7,10.78,10.66,10.78,4660198.0,10.66,EVALUATION,-0.004638218923933124
QYLD,2022-07-18T00:00:00Z,10.84,10.84,10.71,10.73,4152246.0,10.703333333333333,EVALUATION,0.013047530288909481
QYLD,2022-07-19T00:00:00Z,10.79,10.87,10.78,10.87,2971203.0,10.793333333333333,EVALUATION,0.005519779208831732
QYLD,2022-07-20T00:00:00Z,10.87,10.94,10.86,10.93,2964340.0,10.843333333333334,EVALUATION,0.0054894784995425105
QYLD,2022-07-21T00:00:00Z,10.94,10.99,10.9,10.99,2863830.0,10.93,EVALUATION,-0.0027297543221109777
QYLD,2022-07-22T00:00:00Z,10.97,11.01,10.93,10.96,3948619.0,10.96,EVALUATION,-0.0009124087591242391
QYLD,2022-07-25T00:00:00Z,10.96,10.96,10.92,10.95,2370892.0,10.966666666666667,EVALUATION,-0.007305936073059405
QYLD,2022-07-26T00:00:00Z,10.94,10.94,10.85,10.87,3511722.0,10.926666666666666,EVALUATION,0.012879484820607301
QYLD,2022-07-27T00:00:00Z,10.93,11.02,10.93,11.01,2597887.0,10.943333333333333,EVALUATION,0.0036330608537693543
QYLD,2022-07-28T00:00:00Z,11.0,11.05,10.98,11.05,3314729.0,10.976666666666667,EVALUATION,0.004524886877828038
QYLD,2022-07-29T00:00:00Z,11.08,11.1,11.05,11.1,3916974.0,11.053333333333333,EVALUATION,-0.0009009009009008917
QYLD,2022-08-01T00:00:00Z,11.08,11.11,11.08,11.09,3696458.0,11.08,EVALUATION,-0.0009017132551848439
QYLD,2022-08-02T00:00:00Z,11.07,11.11,11.06,11.08,3364115.0,11.09,EVALUATION,0.0027075812274368616
QYLD,2022-08-03T00:00:00Z,11.1,11.12,11.09,11.11,3459834.0,11.093333333333334,EVALUATION,0.0009000900090008201
QYLD,2022-08-04T00:00:00Z,11.12,11.14,11.11,11.12,3090321.0,11.103333333333333,EVALUATION,0.0008992805755396738
QYLD,2022-08-05T00:00:00Z,11.12,11.13,11.12,11.13,2866696.0,11.120000000000001,EVALUATION,0.0
QYLD,2022-08-08T00:00:00Z,11.14,11.15,11.12,11.13,3817429.0,11.126666666666667,EVALUATION,0.0
QYLD,2022-08-09T00:00:00Z,11.13,11.14,11.12,11.13,2643959.0,11.13,EVALUATION,0.0008984725965857088
QYLD,2022-08-10T00:00:00Z,11.16,11.16,11.14,11.14,3650578.0,11.133333333333335,EVALUATION,0.0008976660682225024
QYLD,2022-08-11T00:00:00Z,11.16,11.16,11.14,11.15,3380540.0,11.14,EVALUATION,0.0008968609865471766
QYLD,2022-08-12T00:00:00Z,11.16,11.16,11.14,11.16,3791853.0,11.15,EVALUATION,0.0
QYLD,2022-08-15T00:00:00Z,11.15,11.16,11.09,11.16,3420898.0,11.156666666666666,EVALUATION,0.0
QYLD,2022-08-16T00:00:00Z,11.16,11.16,11.15,11.16,4552298.0,11.16,EVALUATION,-0.0008960573476702871
QYLD,2022-08-17T00:00:00Z,11.16,11.16,11.15,11.15,3802041.0,11.156666666666666,EVALUATION,-0.0008968609865470656
QYLD,2022-08-18T00:00:00Z,11.16,11.17,11.13,11.14,5344705.0,11.15,EVALUATION,-0.01795332136445249
QYLD,2022-08-19T00:00:00Z,11.05,11.05,10.9,10.94,7980710.0,11.076666666666666,EVALUATION,-0.01645338208409508
QYLD,2022-08-22T00:00:00Z,10.86,10.88,10.74,10.76,6547142.0,10.946666666666665,EVALUATION,0.0
QYLD,2022-08-23T00:00:00Z,10.77,10.83,10.75,10.76,6245253.0,10.82,EVALUATION,0.0027881040892192566
QYLD,2022-08-24T00:00:00Z,10.77,10.84,10.75,10.79,2997365.0,10.77,EVALUATION,0.011121408711770142
QYLD,2022-08-25T00:00:00Z,10.84,10.91,10.82,10.91,3891466.0,10.82,EVALUATION,-0.02658111824014675
QYLD,2022-08-26T00:00:00Z,10.93,10.94,10.62,10.62,6554715.0,10.773333333333333,EVALUATION,-0.008474576271186418
QYLD,2022-08-29T00:00:00Z,10.53,10.61,10.51,10.53,4701325.0,10.686666666666666,EVALUATION,-0.007597340930674323
QYLD,2022-08-30T00:00:00Z,10.6,10.61,10.36,10.45,6154983.0,10.533333333333331,EVALUATION,-0.006698564593301315
QYLD,2022-08-31T00:00:00Z,10.52,10.56,10.38,10.38,5008787.0,10.453333333333333,EVALUATION,0.0
QYLD,2022-09-01T00:00:00Z,10.31,10.4,10.18,10.38,6973609.0,10.403333333333334,EVALUATION,-0.012524084778420153
QYLD,2022-09-02T00:00:00Z,10.48,10.53,10.2,10.25,4961373.0,10.336666666666668,EVALUATION,-0.006829268292682933
QYLD,2022-09-06T00:00:00Z,10.27,10.3,10.11,10.18,5693509.0,10.27,EVALUATION,0.01964636542239706
QYLD,2022-09-07T00:00:00Z,10.2,10.42,10.18,10.38,4842529.0,10.27,EVALUATION,0.005780346820809079
QYLD,2022-09-08T00:00:00Z,10.32,10.48,10.27,10.44,4090579.0,10.333333333333334,EVALUATION,0.021072796934865856
QYLD,2022-09-09T00:00:00Z,10.53,10.68,10.52,10.66,2820809.0,10.493333333333334,EVALUATION,0.010318949343339545
QYLD,2022-09-12T00:00:00Z,10.7,10.8,10.7,10.77,2857334.0,10.623333333333333,EVALUATION,-0.05199628597957273
QYLD,2022-09-13T00:00:00Z,10.48,10.54,10.18,10.21,6888069.0,10.546666666666667,EVALUATION,0.008814887365328206
QYLD,2022-09-14T00:00:00Z,10.26,10.32,10.19,10.3,5387696.0,10.426666666666668,EVALUATION,-0.01553398058252431
QYLD,2022-09-15T00:00:00Z,10.23,10.31,10.07,10.14,5130759.0,10.216666666666669,EVALUATION,-0.01183431952662728
QYLD,2022-09-16T00:00:00Z,10.02,10.04,9.935,10.02,6424976.0,10.153333333333334,EVALUATION,0.003992015968063978
QYLD,2022-09-19T00:00:00Z,9.98,10.07,9.974,10.06,4000294.0,10.073333333333334,EVALUATION,-0.003976143141153132
QYLD,2022-09-20T00:00:00Z,10.02,10.06,9.98,10.02,3756838.0,10.033333333333333,EVALUATION,-0.007085828343313394
QYLD,2022-09-21T00:00:00Z,10.03,10.12,9.937,9.949,5012298.0,10.009666666666666,EVALUATION,-0.005528193788320368
QYLD,2022-09-22T00:00:00Z,9.918,9.955,9.863,9.894,6464835.0,9.954333333333333,EVALUATION,-0.010612492419648345
QYLD,2022-09-23T00:00:00Z,9.839,9.851,9.697,9.789,8342027.0,9.877333333333333,EVALUATION,-0.0018387986515475685
QYLD,2022-09-26T00:00:00Z,9.795,9.894,9.752,9.771,6514029.0,9.818,EVALUATION,0.001842186060792006
QYLD,2022-09-27T00:00:00Z,9.857,9.912,9.716,9.789,5293708.0,9.783,EVALUATION,0.013178057002758203
QYLD,2022-09-28T00:00:00Z,9.777,9.943,9.74,9.918,4311379.0,9.826,EVALUATION,-0.019157088122605304
QYLD,2022-09-29T00:00:00Z,9.835,9.845,9.648,9.728,6297926.0,9.811666666666666,EVALUATION,-0.010176809210526327
QYLD,2022-09-30T00:00:00Z,9.728,9.839,9.612,9.629,5952472.0,9.758333333333333,EVALUATION,0.018589677017343487
QYLD,2022-10-03T00:00:00Z,9.672,9.857,9.636,9.808,4481290.0,9.721666666666668,EVALUATION,0.021615008156606885
QYLD,2022-10-04T00:00:00Z,9.94,10.04,9.937,10.02,3861119.0,9.818999999999999,EVALUATION,0.0009980039920158834
QYLD,2022-10-05T00:00:00Z,9.943,10.07,9.875,10.03,3855770.0,9.952666666666666,EVALUATION,-0.003788634097706689
QYLD,2022-10-06T00:00:00Z,10.02,10.08,9.974,9.992,3820764.0,10.014,EVALUATION,-0.028322658126501365
QYLD,2022-10-07T00:00:00Z,9.882,9.882,9.666,9.709,5306702.0,9.910333333333334,EVALUATION,-0.008857760840457307
QYLD,2022-10-10T00:00:00Z,9.709,9.728,9.546,9.623,4845364.0,9.774666666666667,EVALUATION,-0.010807440507118238
QYLD,2022-10-11T00:00:00Z,9.574,9.669,9.457,9.519,5986259.0,9.616999999999999,EVALUATION,0.0
QYLD,2022-10-12T00:00:00Z,9.531,9.593,9.488,9.519,3945860.0,9.553666666666667,EVALUATION,0.023216724445845216
QYLD,2022-10-13T00:00:00Z,9.242,9.771,9.224,9.74,6470241.0,9.592666666666666,EVALUATION,-0.028439425051334788
QYLD,2022-10-14T00:00:00Z,9.795,9.82,9.436,9.463,4312814.0,9.574,EVALUATION,0.032547817816760194
QYLD,2022-10-17T00:00:00Z,9.639,9.792,9.636,9.771,3387601.0,9.658,EVALUATION,0.008801555623784596
QYLD,2022-10-18T00:00:00Z,9.968,10.02,9.747,9.857,4983619.0,9.697,EVALUATION,-0.0037536775895301577
QYLD,2022-10-19T00:00:00Z,9.783,9.918,9.728,9.82,2821850.0,9.815999999999999,EVALUATION,-0.005600814663951126
QYLD,2022-10-20T00:00:00Z,9.789,9.965,9.722,9.765,3967107.0,9.814,EVALUATION,0.015668202764976824
QYLD,2022-10-21T00:00:00Z,9.752,9.918,9.685,9.918,7002069.0,9.834333333333333,EVALUATION,0.0033272837265578836
QYLD,2022-10-24T00:00:00Z,9.939,9.964,9.864,9.951,7313386.0,9.878,EVALUATION,0.008943824741231898
QYLD,2022-10-25T00:00:00Z,9.964,10.04,9.964,10.04,3576864.0,9.969666666666665,EVALUATION,-0.00517928286852587
QYLD,2022-10-26T00:00:00Z,9.964,10.04,9.957,9.988,3978380.0,9.992999999999999,EVALUATION,-0.00740889066880257
QYLD,2022-10-27T00:00:00Z,9.97,9.998,9.914,9.914,3896429.0,9.980666666666666,EVALUATION,0.013717974581400227
QYLD,2022-10-28T00:00:00Z,9.914,10.06,9.914,10.05,2459874.0,9.984,EVALUATION,-0.0019900497512439497
QYLD,2022-10-31T00:00:00Z,10.0,10.05,10.0,10.03,2780157.0,9.998,EVALUATION,-0.0029910269192422456
QYLD,2022-11-01T00:00:00Z,10.09,10.09,9.995,10.0,3491603.0,10.026666666666667,EVALUATION,-0.013599999999999945
QYLD,2022-11-02T00:00:00Z,10.01,10.05,9.858,9.864,6929758.0,9.964666666666666,EVALUATION,-0.011962692619627013
QYLD,2022-11-03T00:00:00Z,9.808,9.842,9.729,9.746,4413102.0,9.870000000000001,EVALUATION,0.0114918941104043
QYLD,2022-11-04T00:00:00Z,9.895,9.908,9.731,9.858,5936226.0,9.822666666666667,EVALUATION,0.008825319537431486
QYLD,2022-11-07T00:00:00Z,9.889,9.957,9.846,9.945,3357055.0,9.849666666666668,EVALUATION,0.004323780794369014
QYLD,2022-11-08T00:00:00Z,9.995,10.04,9.889,9.988,4457307.0,9.930333333333333,EVALUATION,-0.01181417701241494
QYLD,2022-11-09T00:00:00Z,9.964,9.979,9.852,9.87,3464258.0,9.934333333333333,EVALUATION,0.030395136778115672
QYLD,2022-11-10T00:00:00Z,10.13,10.17,10.09,10.17,4937049.0,10.009333333333332,EVALUATION,0.001966568338249708
QYLD,2022-11-11T00:00:00Z,10.19,10.2,10.16,10.19,2705856.0,10.076666666666666,EVALUATION,0.001962708537782243
QYLD,2022-11-14T00:00:00Z,10.2,10.22,10.19,10.21,8869829.0,10.190000000000001,EVALUATION,0.0
QYLD,2022-11-15T00:00:00Z,10.24,10.24,10.2,10.21,4023243.0,10.203333333333333,EVALUATION,0.0009794319294809117
QYLD,2022-11-16T00:00:00Z,10.21,10.22,10.21,10.22,2416257.0,10.213333333333335,EVALUATION,-0.0009784735812132794
QYLD,2022-11-17T00:00:00Z,10.18,10.22,10.18,10.21,2868924.0,10.213333333333335,EVALUATION,0.0019588638589618235
QYLD,2022-11-18T00:00:00Z,10.31,10.34,10.16,10.23,3686648.0,10.22,EVALUATION,-0.003910068426197566
QYLD,2022-11-21T00:00:00Z,10.21,10.22,10.16,10.19,3051306.0,10.21,EVALUATION,0.007850834151128527
QYLD,2022-11-22T00:00:00Z,10.2,10.27,10.17,10.27,2170474.0,10.23,EVALUATION,0.004868549172346803
QYLD,2022-11-23T00:00:00Z,10.27,10.34,10.27,10.32,2646003.0,10.26,EVALUATION,0.0
QYLD,2022-11-25T00:00:00Z,10.33,10.33,10.3,10.32,1205177.0,10.303333333333333,EVALUATION,-0.007751937984496138
QYLD,2022-11-28T00:00:00Z,10.27,10.31,10.23,10.24,3520325.0,10.293333333333333,EVALUATION,-0.002929687499999889
QYLD,2022-11-29T00:00:00Z,10.27,10.27,10.18,10.21,1891593.0,10.256666666666668,EVALUATION,0.0186092066601371
QYLD,2022-11-30T00:00:00Z,10.23,10.41,10.19,10.4,4831364.0,10.283333333333335,EVALUATION,0.0019230769230769162
QYLD,2022-12-01T00:00:00Z,10.42,10.43,10.38,10.42,2742340.0,10.343333333333334,EVALUATION,0.0009596928982724684
QYLD,2022-12-02T00:00:00Z,10.36,10.43,10.34,10.43,2015926.0,10.416666666666666,EVALUATION,-0.0057526366251199335
QYLD,2022-12-05T00:00:00Z,10.4,10.42,10.34,10.37,2594277.0,10.406666666666666,EVALUATION,-0.01060752169720347
QYLD,2022-12-06T00:00:00Z,10.37,10.38,10.23,10.26,2905290.0,10.353333333333333,EVALUATION,-0.0009746588693957392
QYLD,2022-12-07T00:00:00Z,10.23,10.28,10.2,10.25,2972578.0,10.293333333333333,EVALUATION,0.006829268292682933
QYLD,2022-12-08T00:00:00Z,10.28,10.34,10.23,10.32,2303873.0,10.276666666666667,EVALUATION,-0.0019379844961240345
QYLD,2022-12-09T00:00:00Z,10.32,10.36,10.29,10.3,2221463.0,10.29,EVALUATION,0.003883495145631022
QYLD,2022-12-12T00:00:00Z,10.3,10.35,10.28,10.34,2671709.0,10.32,EVALUATION,0.010638297872340274
QYLD,2022-12-13T00:00:00Z,10.5,10.53,10.41,10.45,4333316.0,10.363333333333333,EVALUATION,0.002870813397129357
QYLD,2022-12-14T00:00:00Z,10.45,10.51,10.39,10.48,3601642.0,10.423333333333334,EVALUATION,-0.020038167938931428
QYLD,2022-12-15T00:00:00Z,10.42,10.45,10.23,10.27,4299747.0,10.4,EVALUATION,-0.01071080817916259
QYLD,2022-12-16T00:00:00Z,10.23,10.31,10.13,10.16,4032028.0,10.303333333333335,EVALUATION,-0.004921259842519787
QYLD,2022-12-19T00:00:00Z,10.16,10.21,10.08,10.11,3182897.0,10.18,EVALUATION,-0.0009891196834816984
QYLD,2022-12-20T00:00:00Z,10.09,10.14,10.05,10.1,6600904.0,10.123333333333333,EVALUATION,0.00990099009900991
QYLD,2022-12-21T00:00:00Z,10.15,10.22,10.1,10.2,2858290.0,10.136666666666667,EVALUATION,-0.013725490196078272
QYLD,2022-12-22T00:00:00Z,10.13,10.14,9.932,10.06,4827643.0,10.120000000000001,EVALUATION,0.001988071570576455
QYLD,2022-12-23T00:00:00Z,10.05,10.09,9.976,10.08,3140047.0,10.113333333333333,EVALUATION,-0.009027777777777746
QYLD,2022-12-27T00:00:00Z,10.07,10.08,9.978,9.989,4549194.0,10.043,EVALUATION,-0.00941035138652535
QYLD,2022-12-28T00:00:00Z,10.01,10.05,9.889,9.895,5163580.0,9.988,EVALUATION,0.01970692268822649
QYLD,2022-12-29T00:00:00Z,9.978,10.1,9.965,10.09,5805877.0,9.991333333333333,EVALUATION,0.0
QYLD,2022-12-30T00:00:00Z,10.02,10.09,9.972,10.09,6229705.0,10.025,EVALUATION,-0.003964321110009772
QYLD,2023-01-03T00:00:00Z,10.14,10.17,9.978,10.05,5380365.0,10.076666666666666,EVALUATION,0.003980099502487455
QYLD,2023-01-04T00:00:00Z,10.09,10.13,9.997,10.09,4274052.0,10.076666666666666,EVALUATION,-0.009811694747274502
QYLD,2023-01-05T00:00:00Z,10.05,10.05,9.974,9.991,4304577.0,10.043666666666667,EVALUATION,0.020918826944249735
QYLD,2023-01-06T00:00:00Z,10.03,10.22,9.947,10.2,4209641.0,10.093666666666667,EVALUATION,0.0039215686274509665
QYLD,2023-01-09T00:00:00Z,10.24,10.33,10.23,10.24,3715239.0,10.143666666666666,EVALUATION,0.005859375
QYLD,2023-01-10T00:00:00Z,10.21,10.31,10.21,10.3,3482476.0,10.246666666666666,EVALUATION,0.007766990291262044
QYLD,2023-01-11T00:00:00Z,10.33,10.38,10.31,10.38,2208220.0,10.306666666666668,EVALUATION,0.00867052023121384
QYLD,2023-01-12T00:00:00Z,10.42,10.47,10.36,10.47,3549313.0,10.383333333333335,EVALUATION,0.002865329512893977
QYLD,2023-01-13T00:00:00Z,10.42,10.5,10.42,10.5,2056389.0,10.450000000000001,EVALUATION,0.0009523809523810378
QYLD,2023-01-17T00:00:00Z,10.5,10.52,10.49,10.51,2632759.0,10.493333333333334,EVALUATION,-0.0019029495718363432
QYLD,2023-01-18T00:00:00Z,10.53,10.54,10.49,10.49,2303002.0,10.5,EVALUATION,0.0009532888465204614
QYLD,2023-01-19T00:00:00Z,10.45,10.52,10.44,10.5,2362020.0,10.5,EVALUATION,0.015238095238095273
QYLD,2023-01-20T00:00:00Z,10.54,10.67,10.49,10.66,4215369.0,10.55,EVALUATION,0.007504690431519689
QYLD,2023-01-23T00:00:00Z,10.68,10.75,10.66,10.74,4769532.0,10.633333333333333,EVALUATION,-0.0009310986964617962
QYLD,2023-01-24T00:00:00Z,10.72,10.75,10.71,10.73,2281517.0,10.71,EVALUATION,0.0
QYLD,2023-01-25T00:00:00Z,10.68,10.73,10.64,10.73,2928448.0,10.733333333333334,EVALUATION,0.0037278657968311535
QYLD,2023-01-26T00:00:00Z,10.77,10.78,10.74,10.77,3344187.0,10.743333333333332,EVALUATION,0.002785515320334442
QYLD,2023-01-27T00:00:00Z,10.77,10.82,10.76,10.8,2609208.0,10.766666666666666,EVALUATION,-0.002777777777777879
QYLD,2023-01-30T00:00:00Z,10.78,10.8,10.76,10.77,2511133.0,10.78,EVALUATION,0.003714020427112441
QYLD,2023-01-31T00:00:00Z,10.79,10.81,10.77,10.81,2334006.0,10.793333333333333,EVALUATION,0.0018501387604070718
QYLD,2023-02-01T00:00:00Z,10.81,10.85,10.79,10.83,3318600.0,10.803333333333333,EVALUATION,0.0027700831024930483
QYLD,2023-02-02T00:00:00Z,10.9,10.9,10.85,10.86,4383323.0,10.833333333333332,EVALUATION,-0.0009208103130754486
QYLD,2023-02-03T00:00:00Z,10.84,10.88,10.84,10.85,3154316.0,10.846666666666666,EVALUATION,0.0
QYLD,2023-02-06T00:00:00Z,10.85,10.87,10.84,10.85,2661572.0,10.853333333333333,EVALUATION,0.0018433179723502668
QYLD,2023-02-07T00:00:00Z,10.85,10.88,10.85,10.87,2807300.0,10.856666666666666,EVALUATION,0.0
QYLD,2023-02-08T00:00:00Z,10.88,10.89,10.87,10.87,1932099.0,10.863333333333333,EVALUATION,0.0009199632014720294
QYLD,2023-02-09T00:00:00Z,10.89,10.89,10.87,10.88,2170845.0,10.873333333333333,EVALUATION,0.0
QYLD,2023-02-10T00:00:00Z,10.86,10.88,10.85,10.88,2358530.0,10.876666666666667,EVALUATION,0.0
QYLD,2023-02-13T00:00:00Z,10.89,10.89,10.88,10.88,2111473.0,10.88,EVALUATION,0.0009191176470588758
QYLD,2023-02-14T00:00:00Z,10.89,10.9,10.89,10.89,3143404.0,10.883333333333335,EVALUATION,0.0009182736455464191
QYLD,2023-02-15T00:00:00Z,10.89,10.9,10.89,10.9,2412773.0,10.89,EVALUATION,-0.00917431192660545
QYLD,2023-02-16T00:00:00Z,10.9,10.91,10.78,10.8,7254853.0,10.863333333333333,EVALUATION,-0.011111111111111183
QYLD,2023-02-17T00:00:00Z,10.71,10.73,10.62,10.68,6449308.0,10.793333333333333,EVALUATION,-0.011235955056179692
QYLD,2023-02-21T00:00:00Z,10.64,10.65,10.55,10.56,4594415.0,10.68,EVALUATION,0.0
QYLD,2023-02-22T00:00:00Z,10.58,10.61,10.53,10.56,2710824.0,10.6,EVALUATION,0.006628787878787845
QYLD,2023-02-23T00:00:00Z,10.63,10.65,10.54,10.63,4685406.0,10.583333333333334,EVALUATION,-0.007525870178739402
QYLD,2023-02-24T00:00:00Z,10.52,10.56,10.49,10.55,7660404.0,10.58,EVALUATION,0.005687203791469031
QYLD,2023-02-27T00:00:00Z,10.61,10.65,10.59,10.61,3349805.0,10.596666666666668,EVALUATION,0.0
QYLD,2023-02-28T00:00:00Z,10.6,10.65,10.59,10.61,3461462.0,10.59,EVALUATION,-0.006597549481621168
QYLD,2023-03-01T00:00:00Z,10.61,10.62,10.52,10.54,4022758.0,10.586666666666666,EVALUATION,0.007590132827324458
QYLD,2023-03-02T00:00:00Z,10.48,10.63,10.47,10.62,3283877.0,10.59,EVALUATION,0.01318267419962349
QYLD,2023-03-03T00:00:00Z,10.65,10.76,10.65,10.76,3889935.0,10.639999999999999,EVALUATION,0.0009293680297397522
QYLD,2023-03-06T00:00:00Z,10.78,10.83,10.77,10.77,2651529.0,10.716666666666665,EVALUATION,-0.0055710306406684396
QYLD,2023-03-07T00:00:00Z,10.78,10.79,10.69,10.71,4395010.0,10.746666666666666,EVALUATION,0.0028011204481792618
QYLD,2023-03-08T00:00:00Z,10.73,10.76,10.68,10.74,5932758.0,10.74,EVALUATION,-0.011173184357541999
QYLD,2023-03-09T00:00:00Z,10.75,10.81,10.6,10.62,4536909.0,10.69,EVALUATION,-0.00941619585687381
QYLD,2023-03-10T00:00:00Z,10.63,10.69,10.48,10.52,6504691.0,10.626666666666665,EVALUATION,0.0076045627376426506
QYLD,2023-03-13T00:00:00Z,10.45,10.69,10.41,10.6,8497452.0,10.579999999999998,EVALUATION,0.020754716981132182
QYLD,2023-03-14T00:00:00Z,10.67,10.83,10.67,10.82,7469437.0,10.646666666666667,EVALUATION,0.0027726432532346745
QYLD,2023-03-15T00:00:00Z,10.73,10.87,10.7,10.85,9089951.0,10.756666666666668,EVALUATION,0.012903225806451646
QYLD,2023-03-16T00:00:00Z,10.86,10.99,10.84,10.99,6401454.0,10.886666666666667,EVALUATION,-0.006369426751592355
QYLD,2023-03-17T00:00:00Z,10.99,11.06,10.88,10.92,6289432.0,10.92,EVALUATION,0.00366300366300365
QYLD,2023-03-20T00:00:00Z,10.92,10.96,10.88,10.96,5220214.0,10.956666666666667,EVALUATION,0.007299270072992581
QYLD,2023-03-21T00:00:00Z,11.01,11.04,10.98,11.04,3058261.0,10.973333333333333,EVALUATION,-0.00452898550724623
QYLD,2023-03-22T00:00:00Z,11.02,11.1,10.98,10.99,4630496.0,10.996666666666666,EVALUATION,0.005459508644221955
QYLD,2023-03-23T00:00:00Z,11.04,11.1,10.98,11.05,4936767.0,11.026666666666667,EVALUATION,0.0009049773755656076
QYLD,2023-03-24T00:00:00Z,11.04,11.07,10.99,11.06,2844210.0,11.033333333333335,EVALUATION,0.0
QYLD,2023-03-27T00:00:00Z,11.08,11.1,11.04,11.06,3283822.0,11.056666666666668,EVALUATION,-0.000904159132007254
QYLD,2023-03-28T00:00:00Z,11.06,11.06,11.02,11.05,2979867.0,11.056666666666668,EVALUATION,0.007239819004524861
QYLD,2023-03-29T00:00:00Z,11.1,11.14,11.1,11.13,2607210.0,11.080000000000002,EVALUATION,0.0026954177897573484
QYLD,2023-03-30T00:00:00Z,11.16,11.17,11.15,11.16,2631589.0,11.113333333333333,EVALUATION,0.0044802867383513245
QYLD,2023-03-31T00:00:00Z,11.16,11.22,11.15,11.21,2173835.0,11.166666666666668,EVALUATION,0.001784121320249632
QYLD,2023-04-03T00:00:00Z,11.18,11.23,11.18,11.23,2019983.0,11.200000000000001,EVALUATION,-0.0008904719501335867
QYLD,2023-04-04T00:00:00Z,11.24,11.24,11.21,11.22,2141369.0,11.22,EVALUATION,-0.0008912655971479166
QYLD,2023-04-05T00:00:00Z,11.23,11.23,11.19,11.21,1750425.0,11.22,EVALUATION,0.003568242640499486
QYLD,2023-04-06T00:00:00Z,11.21,11.25,11.19,11.25,1536059.0,11.226666666666667,EVALUATION,0.0
QYLD,2023-04-10T00:00:00Z,11.22,11.25,11.21,11.25,2572386.0,11.236666666666666,EVALUATION,0.0
QYLD,2023-04-11T00:00:00Z,11.26,11.26,11.25,11.25,4029558.0,11.25,EVALUATION,-0.000888888888888828
QYLD,2023-04-12T00:00:00Z,11.27,11.27,11.24,11.24,3646618.0,11.246666666666666,EVALUATION,0.003558718861209842
QYLD,2023-04-13T00:00:00Z,11.27,11.29,11.27,11.28,4270107.0,11.256666666666666,EVALUATION,0.0008865248226950229
QYLD,2023-04-14T00:00:00Z,11.29,11.3,11.28,11.29,3429930.0,11.27,EVALUATION,0.0008857395925598865
QYLD,2023-04-17T00:00:00Z,11.29,11.3,11.29,11.3,3787592.0,11.29,EVALUATION,0.0
QYLD,2023-04-18T00:00:00Z,11.31,11.31,11.3,11.3,3785756.0,11.296666666666667,EVALUATION,0.0
QYLD,2023-04-19T00:00:00Z,11.3,11.31,11.3,11.3,2317473.0,11.3,EVALUATION,-0.0017699115044248481
QYLD,2023-04-20T00:00:00Z,11.3,11.32,11.26,11.28,3856801.0,11.293333333333333,EVALUATION,0.0017730496453902678
QYLD,2023-04-21T00:00:00Z,11.29,11.32,11.22,11.3,6942984.0,11.293333333333333,EVALUATION,0.0
QYLD,2023-04-24T00:00:00Z,11.3,11.33,11.26,11.3,5529891.0,11.293333333333333,EVALUATION,-0.011504424778761124
QYLD,2023-04-25T00:00:00Z,11.29,11.29,11.17,11.17,4928239.0,11.256666666666668,EVALUATION,0.005371530886302711
QYLD,2023-04-26T00:00:00Z,11.25,11.29,11.21,11.23,4357796.0,11.233333333333334,EVALUATION,0.014247551202137165
QYLD,2023-04-27T00:00:00Z,11.29,11.39,11.28,11.39,3665286.0,11.263333333333334,EVALUATION,0.0017559262510973284
QYLD,2023-04-28T00:00:00Z,11.37,11.42,11.37,11.41,4264955.0,11.343333333333334,EVALUATION,0.002629272567922891
QYLD,2023-05-01T00:00:00Z,11.41,11.44,11.41,11.44,2443945.0,11.413333333333334,EVALUATION,-0.0034965034965034336
QYLD,2023-05-02T00:00:00Z,11.43,11.44,11.36,11.4,6537444.0,11.416666666666666,EVALUATION,-0.0008771929824561431
QYLD,2023-05-03T00:00:00Z,11.42,11.44,11.37,11.39,4935868.0,11.41,EVALUATION,-0.0026338893766463256
QYLD,2023-05-04T00:00:00Z,11.39,11.4,11.34,11.36,6421807.0,11.383333333333333,EVALUATION,0.010563380281690238
QYLD,2023-05-05T00:00:00Z,11.41,11.48,11.4,11.48,2473558.0,11.41,EVALUATION,0.0017421602787455193
QYLD,2023-05-08T00:00:00Z,11.48,11.5,11.48,11.5,2224834.0,11.446666666666667,EVALUATION,-0.0008695652173912327
QYLD,2023-05-09T00:00:00Z,11.5,11.5,11.48,11.49,1491665.0,11.49,EVALUATION,0.003481288076588207
QYLD,2023-05-10T00:00:00Z,11.51,11.54,11.5,11.53,2669434.0,11.506666666666668,EVALUATION,0.0008673026886383273
QYLD,2023-05-11T00:00:00Z,11.54,11.55,11.53,11.54,1979109.0,11.52,EVALUATION,0.0008665511265166792
QYLD,2023-05-12T00:00:00Z,11.55,11.55,11.53,11.55,2548030.0,11.54,EVALUATION,0.0008658008658009031
QYLD,2023-05-15T00:00:00Z,11.56,11.56,11.54,11.56,2763089.0,11.55,EVALUATION,0.0
QYLD,2023-05-16T00:00:00Z,11.56,11.56,11.54,11.56,2345164.0,11.556666666666667,EVALUATION,0.0008650519031141446
QYLD,2023-05-17T00:00:00Z,11.57,11.58,11.56,11.57,3345267.0,11.563333333333334,EVALUATION,0.006050129645635227
QYLD,2023-05-18T00:00:00Z,11.58,11.64,11.57,11.64,3339310.0,11.59,EVALUATION,-0.003436426116838587
QYLD,2023-05-19T00:00:00Z,11.65,11.66,11.58,11.6,7611150.0,11.603333333333333,EVALUATION,0.0017241379310344307
QYLD,2023-05-22T00:00:00Z,11.62,11.64,11.6,11.62,5039391.0,11.620000000000001,EVALUATION,-0.0060240963855420215
QYLD,2023-05-23T00:00:00Z,11.6,11.61,11.54,11.55,3693162.0,11.59,EVALUATION,-0.0043290043290044045
QYLD,2023-05-24T00:00:00Z,11.52,11.53,11.46,11.5,4501108.0,11.556666666666667,EVALUATION,0.012173913043478368
QYLD,2023-05-25T00:00:00Z,11.59,11.66,11.58,11.64,5523645.0,11.563333333333334,EVALUATION,0.0077319587628865705
QYLD,2023-05-26T00:00:00Z,11.66,11.74,11.65,11.73,5797496.0,11.623333333333335,EVALUATION,0.0017050298380221207
QYLD,2023-05-30T00:00:00Z,11.76,11.78,11.74,11.75,4407950.0,11.706666666666667,EVALUATION,0.0008510638297871687
QYLD,2023-05-31T00:00:00Z,11.74,11.77,11.74,11.76,2815090.0,11.746666666666666,EVALUATION,0.0025510204081631294
QYLD,2023-06-01T00:00:00Z,11.78,11.8,11.76,11.79,4241209.0,11.766666666666666,EVALUATION,0.0025445292620867033
QYLD,2023-06-02T00:00:00Z,11.82,11.82,11.8,11.82,4080764.0,11.79,EVALUATION,0.0016920473773265332
QYLD,2023-06-05T00:00:00Z,11.84,11.84,11.82,11.84,3500272.0,11.816666666666666,EVALUATION,0.0
QYLD,2023-06-06T00:00:00Z,11.84,11.84,11.82,11.84,2608447.0,11.833333333333334,EVALUATION,-0.0016891891891891442
QYLD,2023-06-07T00:00:00Z,11.84,11.84,11.81,11.82,3235243.0,11.833333333333334,EVALUATION,0.0016920473773265332
QYLD,2023-06-08T00:00:00Z,11.82,11.84,11.82,11.84,2368230.0,11.833333333333334,EVALUATION,0.0008445945945945166
QYLD,2023-06-09T00:00:00Z,11.85,11.85,11.84,11.85,2563281.0,11.836666666666666,EVALUATION,0.0008438818565401629
QYLD,2023-06-12T00:00:00Z,11.86,11.86,11.85,11.86,3257878.0,11.85,EVALUATION,0.0
QYLD,2023-06-13T00:00:00Z,11.86,11.86,11.85,11.86,4446971.0,11.856666666666666,EVALUATION,0.0
QYLD,2023-06-14T00:00:00Z,11.86,11.88,11.86,11.86,10683050.0,11.86,EVALUATION,-0.000843170320404707
QYLD,2023-06-15T00:00:00Z,11.87,11.89,11.84,11.85,4457023.0,11.856666666666666,EVALUATION,-0.0016877637130801038
QYLD,2023-06-16T00:00:00Z,11.91,11.92,11.82,11.83,6616512.0,11.846666666666666,EVALUATION,0.0
QYLD,2023-06-20T00:00:00Z,11.83,11.85,11.75,11.83,8770468.0,11.836666666666666,EVALUATION,-0.006762468300929858
QYLD,2023-06-21T00:00:00Z,11.81,11.82,11.73,11.75,7411153.0,11.803333333333333,EVALUATION,0.008510638297872353
QYLD,2023-06-22T00:00:00Z,11.73,11.85,11.72,11.85,6514558.0,11.809999999999999,EVALUATION,-0.006751054852320637
QYLD,2023-06-23T00:00:00Z,11.76,11.82,11.74,11.77,4822712.0,11.79,EVALUATION,-0.007646559048428148
QYLD,2023-06-26T00:00:00Z,11.77,11.83,11.67,11.68,8375250.0,11.766666666666666,EVALUATION,0.011986301369863117
QYLD,2023-06-27T00:00:00Z,11.71,11.85,11.7,11.82,14760001.0,11.756666666666666,EVALUATION,0.0008460236886631556
QYLD,2023-06-28T00:00:00Z,11.8,11.87,11.79,11.83,4848729.0,11.776666666666667,EVALUATION,0.0
QYLD,2023-06-29T00:00:00Z,11.85,11.85,11.79,11.83,4051379.0,11.826666666666666,EVALUATION,0.01014370245139462
QYLD,2023-06-30T00:00:00Z,11.89,11.95,11.89,11.95,3376654.0,11.87,EVALUATION,0.0008368200836821327
QYLD,2023-07-03T00:00:00Z,11.95,11.97,11.95,11.96,1511891.0,11.913333333333334,EVALUATION,0.0008361204013378476
QYLD,2023-07-05T00:00:00Z,11.95,11.99,11.93,11.97,3147903.0,11.96,EVALUATION,-0.003341687552213979
QYLD,2023-07-06T00:00:00Z,11.93,11.95,11.87,11.93,4316735.0,11.953333333333333,EVALUATION,0.0
QYLD,2023-07-07T00:00:00Z,11.91,11.99,11.91,11.93,2535685.0,11.943333333333333,EVALUATION,0.0008382229673091768
QYLD,2023-07-10T00:00:00Z,11.92,11.94,11.87,11.94,7570078.0,11.933333333333334,EVALUATION,0.002512562814070529
QYLD,2023-07-11T00:00:00Z,11.96,11.98,11.9,11.97,4643762.0,11.946666666666667,EVALUATION,0.008354218880534559
QYLD,2023-07-12T00:00:00Z,12.04,12.07,12.02,12.07,3729918.0,11.993333333333334,EVALUATION,0.004142502071250886
QYLD,2023-07-13T00:00:00Z,12.1,12.13,12.09,12.12,2989933.0,12.053333333333335,EVALUATION,0.0008250825082509738
QYLD,2023-07-14T00:00:00Z,12.13,12.14,12.12,12.13,2439318.0,12.106666666666667,EVALUATION,0.0016488046166529546
QYLD,2023-07-17T00:00:00Z,12.14,12.15,12.13,12.15,2694810.0,12.133333333333333,EVALUATION,0.0
QYLD,2023-07-18T00:00:00Z,12.15,12.15,12.14,12.15,2883629.0,12.143333333333334,EVALUATION,0.0
QYLD,2023-07-19T00:00:00Z,12.16,12.16,12.15,12.15,3334688.0,12.149999999999999,EVALUATION,-0.0024691358024692134
QYLD,2023-07-20T00:00:00Z,12.15,12.16,12.09,12.12,7534062.0,12.14,EVALUATION,0.0
QYLD,2023-07-21T00:00:00Z,12.19,12.22,12.11,12.12,6598396.0,12.129999999999999,EVALUATION,0.0016501650165017256
QYLD,2023-07-24T00:00:00Z,12.14,12.15,12.1,12.14,6873833.0,12.126666666666667,EVALUATION,0.0032948929159801743
QYLD,2023-07-25T00:00:00Z,12.15,12.19,12.12,12.18,4205765.0,12.146666666666667,EVALUATION,0.0
QYLD,2023-07-26T00:00:00Z,12.15,12.19,12.13,12.18,5840109.0,12.166666666666666,EVALUATION,-0.0016420361247947435
QYLD,2023-07-27T00:00:00Z,12.22,12.26,12.13,12.16,7951453.0,12.173333333333332,EVALUATION,0.008223684210526327
QYLD,2023-07-28T00:00:00Z,12.22,12.26,12.22,12.26,4060840.0,12.2,EVALUATION,0.0
QYLD,2023-07-31T00:00:00Z,12.25,12.27,12.25,12.26,2506229.0,12.226666666666667,EVALUATION,0.0008156606851550396
QYLD,2023-08-01T00:00:00Z,12.25,12.27,12.24,12.27,3084527.0,12.263333333333334,EVALUATION,-0.00896495517522411
QYLD,2023-08-02T00:00:00Z,12.22,12.22,12.12,12.16,8561876.0,12.23,EVALUATION,-0.000822368421052655
QYLD,2023-08-03T00:00:00Z,12.12,12.18,12.1,12.15,6710472.0,12.193333333333333,EVALUATION,-0.0016460905349794386
QYLD,2023-08-04T00:00:00Z,12.17,12.24,12.12,12.13,3965876.0,12.146666666666668,EVALUATION,0.00577081615828523
QYLD,2023-08-07T00:00:00Z,12.16,12.21,12.13,12.2,5480273.0,12.16,EVALUATION,-0.003278688524590123
QYLD,2023-08-08T00:00:00Z,12.17,12.17,12.07,12.16,5568435.0,12.163333333333334,EVALUATION,-0.008223684210526327
QYLD,2023-08-09T00:00:00Z,12.18,12.18,12.04,12.06,4442039.0,12.14,EVALUATION,0.0024875621890547706
QYLD,2023-08-10T00:00:00Z,12.13,12.22,12.05,12.09,4180201.0,12.103333333333335,EVALUATION,-0.00496277915632759
QYLD,2023-08-11T00:00:00Z,12.03,12.07,11.99,12.03,5822152.0,12.06,EVALUATION,0.010806317539484578
QYLD,2023-08-14T00:00:00Z,12.02,12.16,11.99,12.16,4588420.0,12.093333333333334,EVALUATION,-0.009046052631578871
QYLD,2023-08-15T00:00:00Z,12.12,12.15,12.03,12.05,5031290.0,12.08,EVALUATION,-0.011618257261410858
QYLD,2023-08-16T00:00:00Z,12.04,12.08,11.91,11.91,7535091.0,12.040000000000001,EVALUATION,-0.009235936188077165
QYLD,2023-08-17T00:00:00Z,12.0,12.0,11.78,11.8,6420620.0,11.92,EVALUATION,-0.003389830508474634
QYLD,2023-08-18T00:00:00Z,11.67,11.78,11.65,11.76,5780171.0,11.823333333333334,EVALUATION,0.007653061224489832
QYLD,2023-08-21T00:00:00Z,11.81,11.85,11.78,11.85,3651787.0,11.803333333333333,EVALUATION,0.0
QYLD,2023-08-22T00:00:00Z,11.87,11.88,11.83,11.85,6639943.0,11.82,EVALUATION,0.0033755274261604296
QYLD,2023-08-23T00:00:00Z,11.85,11.9,11.84,11.89,2564819.0,11.863333333333333,EVALUATION,-0.005046257359125339
QYLD,2023-08-24T00:00:00Z,11.92,11.93,11.83,11.83,3340265.0,11.856666666666666,EVALUATION,0.004226542688081203
QYLD,2023-08-25T00:00:00Z,11.85,11.89,11.8,11.88,5131609.0,11.866666666666667,EVALUATION,0.0033670033670032407
QYLD,2023-08-28T00:00:00Z,11.89,11.92,11.89,11.92,5556863.0,11.876666666666667,EVALUATION,0.004194630872483174
QYLD,2023-08-29T00:00:00Z,11.93,11.97,11.92,11.97,3280666.0,11.923333333333334,EVALUATION,0.0016708437761068229
QYLD,2023-08-30T00:00:00Z,11.98,11.99,11.97,11.99,2566057.0,11.96,EVALUATION,0.0008340283569641116
QYLD,2023-08-31T00:00:00Z,11.99,12.0,11.98,12.0,1822933.0,11.986666666666666,EVALUATION,0.0
QYLD,2023-09-01T00:00:00Z,12.02,12.02,11.99,12.0,1772748.0,11.996666666666666,EVALUATION,0.0
QYLD,2023-09-05T00:00:00Z,11.98,12.0,11.98,12.0,2040665.0,12.0,EVALUATION,0.0
QYLD,2023-09-06T00:00:00Z,11.99,12.0,11.99,12.0,1788224.0,12.0,EVALUATION,0.0
QYLD,2023-09-07T00:00:00Z,11.98,12.0,11.97,12.0,2332647.0,12.0,EVALUATION,0.0
QYLD,2023-09-08T00:00:00Z,12.0,12.02,12.0,12.0,2135397.0,12.0,EVALUATION,0.0016666666666667052
QYLD,2023-09-11T00:00:00Z,12.02,12.03,12.0,12.02,2349268.0,12.006666666666668,EVALUATION,0.0
QYLD,2023-09-12T00:00:00Z,12.01,12.02,12.0,12.02,1804623.0,12.013333333333334,EVALUATION,0.0
QYLD,2023-09-13T00:00:00Z,12.02,12.02,12.01,12.02,2518624.0,12.02,EVALUATION,0.0008319467554076532
QYLD,2023-09-14T00:00:00Z,12.02,12.03,12.01,12.03,5490152.0,12.023333333333333,EVALUATION,-0.015793848711554426
QYLD,2023-09-15T00:00:00Z,12.0,12.01,11.82,11.84,8234271.0,11.963333333333333,EVALUATION,-0.0008445945945946276
QYLD,2023-09-18T00:00:00Z,11.83,11.86,11.81,11.83,8074133.0,11.9,EVALUATION,0.0
QYLD,2023-09-19T00:00:00Z,11.82,11.83,11.77,11.83,8727675.0,11.833333333333334,EVALUATION,-0.0076077768385460764
QYLD,2023-09-20T00:00:00Z,11.84,11.86,11.74,11.74,5931662.0,11.8,EVALUATION,-0.0127768313458263
QYLD,2023-09-21T00:00:00Z,11.65,11.67,11.58,11.59,7223707.0,11.72,EVALUATION,0.0017256255392579245
QYLD,2023-09-22T00:00:00Z,11.61,11.7,11.6,11.61,6041635.0,11.646666666666667,EVALUATION,0.003445305770887197
QYLD,2023-09-25T00:00:00Z,11.58,11.65,11.56,11.65,10017050.0,11.616666666666667,EVALUATION,-0.012875536480686733
QYLD,2023-09-26T00:00:00Z,11.6,11.61,11.48,11.5,5344520.0,11.586666666666666,EVALUATION,0.003478260869565153
QYLD,2023-09-27T00:00:00Z,11.55,11.58,11.44,11.54,4636819.0,11.563333333333333,EVALUATION,0.006932409012131657
QYLD,2023-09-28T00:00:00Z,11.52,11.67,11.49,11.62,4274114.0,11.553333333333333,EVALUATION,0.000860585197934638
QYLD,2023-09-29T00:00:00Z,11.71,11.75,11.61,11.63,3869616.0,11.596666666666666,EVALUATION,0.007738607050730817
QYLD,2023-10-02T00:00:00Z,11.64,11.75,11.63,11.72,6562630.0,11.656666666666666,EVALUATION,-0.015358361774744145
QYLD,2023-10-03T00:00:00Z,11.66,11.71,11.5,11.54,4294060.0,11.629999999999999,EVALUATION,0.01299826689774708
QYLD,2023-10-04T00:00:00Z,11.56,11.7,11.56,11.69,9209359.0,11.649999999999999,EVALUATION,-0.0025662959794695572
QYLD,2023-10-05T00:00:00Z,11.67,11.7,11.56,11.66,6537900.0,11.629999999999999,EVALUATION,0.012864493996569415
QYLD,2023-10-06T00:00:00Z,11.59,11.84,11.56,11.81,5791536.0,11.72,EVALUATION,0.00592718035563089
QYLD,2023-10-09T00:00:00Z,11.74,11.88,11.73,11.88,3168974.0,11.783333333333335,EVALUATION,0.002525252525252375
QYLD,2023-10-10T00:00:00Z,11.87,11.96,11.87,11.91,5250913.0,11.866666666666667,EVALUATION,0.005877413937867448
QYLD,2023-10-11T00:00:00Z,11.94,11.98,11.92,11.98,3271708.0,11.923333333333334,EVALUATION,-0.0008347245409014992
QYLD,2023-10-12T00:00:00Z,11.99,12.03,11.92,11.97,3746323.0,11.953333333333333,EVALUATION,-0.007518796992481147
QYLD,2023-10-13T00:00:00Z,11.97,11.99,11.83,11.88,4598470.0,11.943333333333335,EVALUATION,0.0092592592592593
QYLD,2023-10-16T00:00:00Z,11.91,12.01,11.9,11.99,3355136.0,11.946666666666667,EVALUATION,-0.0008340283569641116
QYLD,2023-10-17T00:00:00Z,11.93,12.01,11.86,11.98,3707190.0,11.950000000000001,EVALUATION,-0.0108514190317196
QYLD,2023-10-18T00:00:00Z,11.93,11.97,11.81,11.85,4647221.0,11.94,EVALUATION,-0.0075949367088608
QYLD,2023-10-19T00:00:00Z,11.89,11.94,11.72,11.76,6604458.0,11.863333333333333,EVALUATION,-0.014455782312925214
QYLD,2023-10-20T00:00:00Z,11.74,11.75,11.58,11.59,5324302.0,11.733333333333333,EVALUATION,0.004314063848144922
QYLD,2023-10-23T00:00:00Z,11.58,11.7,11.55,11.64,4925856.0,11.663333333333334,EVALUATION,0.005154639175257714
QYLD,2023-10-24T00:00:00Z,11.69,11.71,11.65,11.7,3914091.0,11.643333333333334,EVALUATION,-0.011965811965811812
QYLD,2023-10-25T00:00:00Z,11.67,11.69,11.55,11.56,4453367.0,11.633333333333333,EVALUATION,-0.01211072664359869
QYLD,2023-10-26T00:00:00Z,11.54,11.56,11.39,11.42,5880794.0,11.56,EVALUATION,0.005253940455341555
QYLD,2023-10-27T00:00:00Z,11.51,11.56,11.44,11.48,4509161.0,11.486666666666666,EVALUATION,0.009581881533101022
QYLD,2023-10-30T00:00:00Z,11.54,11.61,11.52,11.59,4290986.0,11.496666666666666,EVALUATION,0.004314063848144922
QYLD,2023-10-31T00:00:00Z,11.6,11.64,11.53,11.64,3828924.0,11.57,EVALUATION,0.009450171821305808
QYLD,2023-11-01T00:00:00Z,11.66,11.76,11.65,11.75,5862188.0,11.66,EVALUATION,0.006808510638297793
QYLD,2023-11-02T00:00:00Z,11.83,11.85,11.81,11.83,3601670.0,11.74,EVALUATION,0.004226542688081203
QYLD,2023-11-03T00:00:00Z,11.86,11.89,11.86,11.88,2917255.0,11.82,EVALUATION,0.0008417508417508657
QYLD,2023-11-06T00:00:00Z,11.89,11.9,11.88,11.89,2103908.0,11.866666666666667,EVALUATION,0.001682085786375076
QYLD,2023-11-07T00:00:00Z,11.89,11.91,11.89,11.91,1724504.0,11.893333333333334,EVALUATION,0.0
QYLD,2023-11-08T00:00:00Z,11.91,11.93,11.9,11.91,1873845.0,11.903333333333334,EVALUATION,0.0008396305625524292
QYLD,2023-11-09T00:00:00Z,11.93,11.93,11.91,11.92,2058859.0,11.913333333333334,EVALUATION,0.0008389261744965459
QYLD,2023-11-10T00:00:00Z,11.93,11.93,11.91,11.93,1845524.0,11.92,EVALUATION,0.0008382229673091768
QYLD,2023-11-13T00:00:00Z,11.94,11.94,11.93,11.94,1877047.0,11.93,EVALUATION,0.0008375209380233617
QYLD,2023-11-14T00:00:00Z,11.97,11.97,11.93,11.95,3929382.0,11.94,EVALUATION,0.0
QYLD,2023-11-15T00:00:00Z,11.96,11.96,11.94,11.95,2234127.0,11.946666666666665,EVALUATION,0.0016736401673640433
QYLD,2023-11-16T00:00:00Z,11.95,11.97,11.94,11.97,2924123.0,11.956666666666667,EVALUATION,0.0
QYLD,2023-11-17T00:00:00Z,11.99,11.99,11.91,11.97,5080982.0,11.963333333333333,EVALUATION,0.004177109440267168
QYLD,2023-11-20T00:00:00Z,11.98,12.03,11.98,12.02,3136316.0,11.986666666666668,EVALUATION,-0.0016638935108153063
QYLD,2023-11-21T00:00:00Z,12.0,12.02,11.98,12.0,2474522.0,11.996666666666666,EVALUATION,0.0016666666666667052
QYLD,2023-11-22T00:00:00Z,12.02,12.06,12.02,12.02,3244229.0,12.013333333333334,EVALUATION,0.0024958402662229595
QYLD,2023-11-24T00:00:00Z,12.02,12.05,12.02,12.05,1005219.0,12.023333333333333,EVALUATION,0.0008298755186721962
QYLD,2023-11-27T00:00:00Z,12.03,12.07,12.03,12.06,4087107.0,12.043333333333333,EVALUATION,0.0
QYLD,2023-11-28T00:00:00Z,12.05,12.07,12.04,12.06,2205298.0,12.056666666666668,EVALUATION,0.0008291873963515162
QYLD,2023-11-29T00:00:00Z,12.1,12.1,12.06,12.07,2386161.0,12.063333333333334,EVALUATION,-0.0008285004142501995
QYLD,2023-11-30T00:00:00Z,12.07,12.08,12.02,12.06,3633286.0,12.063333333333334,EVALUATION,0.0008291873963515162
QYLD,2023-12-01T00:00:00Z,12.05,12.08,12.03,12.07,3058243.0,12.066666666666666,EVALUATION,-0.0024855012427507095
QYLD,2023-12-04T00:00:00Z,12.05,12.05,11.98,12.04,3924000.0,12.056666666666667,EVALUATION,0.0008305647840531893
QYLD,2023-12-05T00:00:00Z,12.01,12.07,12.0,12.05,3237242.0,12.053333333333333,EVALUATION,-0.0008298755186723072
QYLD,2023-12-06T00:00:00Z,12.08,12.09,12.03,12.04,3160505.0,12.043333333333333,EVALUATION,0.006644518272425293
QYLD,2023-12-07T00:00:00Z,12.07,12.12,12.07,12.12,2854249.0,12.07,EVALUATION,0.0024752475247524774
QYLD,2023-12-08T00:00:00Z,12.11,12.15,12.1,12.15,2205457.0,12.103333333333332,EVALUATION,0.0016460905349793276
QYLD,2023-12-11T00:00:00Z,12.14,12.17,12.14,12.17,3159495.0,12.146666666666667,EVALUATION,0.0
QYLD,2023-12-12T00:00:00Z,12.17,12.18,12.16,12.17,2210093.0,12.163333333333334,EVALUATION,0.0008216926869351049
QYLD,2023-12-13T00:00:00Z,12.19,12.19,12.17,12.18,2040074.0,12.173333333333332,EVALUATION,0.0016420361247946325
QYLD,2023-12-14T00:00:00Z,12.19,12.2,12.17,12.2,3579560.0,12.183333333333334,EVALUATION,0.007377049180327777
QYLD,2023-12-15T00:00:00Z,12.21,12.29,12.2,12.29,4498469.0,12.223333333333333,EVALUATION,0.0016273393002441683
QYLD,2023-12-18T00:00:00Z,12.29,12.32,12.28,12.31,3514553.0,12.266666666666666,EVALUATION,0.0016246953696181787
QYLD,2023-12-19T00:00:00Z,12.31,12.34,12.3,12.33,3000732.0,12.31,EVALUATION,-0.005677210056772131
QYLD,2023-12-20T00:00:00Z,12.31,12.34,12.25,12.26,4204385.0,12.3,EVALUATION,0.004078303425774976
QYLD,2023-12-21T00:00:00Z,12.31,12.33,12.27,12.31,3403207.0,12.3,EVALUATION,0.0016246953696181787
QYLD,2023-12-22T00:00:00Z,12.32,12.34,12.31,12.33,3099045.0,12.3,EVALUATION,0.0032441200324411223
QYLD,2023-12-26T00:00:00Z,12.34,12.38,12.34,12.37,2452346.0,12.336666666666666,EVALUATION,0.0016168148746968924
QYLD,2023-12-27T00:00:00Z,12.38,12.39,12.37,12.39,3135696.0,12.363333333333333,EVALUATION,0.0008071025020177647
QYLD,2023-12-28T00:00:00Z,12.42,12.43,12.4,12.4,2984639.0,12.386666666666667,EVALUATION,-0.001612903225806428
QYLD,2023-12-29T00:00:00Z,12.41,12.41,12.36,12.38,4689077.0,12.39,EVALUATION,-0.00646203554119551
QYLD,2024-01-02T00:00:00Z,12.35,12.35,12.27,12.3,5169867.0,12.360000000000001,EVALUATION,-0.005691056910569148
QYLD,2024-01-03T00:00:00Z,12.27,12.28,12.23,12.23,3897626.0,12.303333333333335,EVALUATION,-0.0024529844644318732
QYLD,2024-01-04T00:00:00Z,12.21,12.28,12.18,12.2,3845795.0,12.243333333333334,EVALUATION,0.0024590163934428144
QYLD,2024-01-05T00:00:00Z,12.21,12.28,12.19,12.23,2843584.0,12.22,EVALUATION,0.013900245298446468
QYLD,2024-01-08T00:00:00Z,12.27,12.4,12.25,12.4,3046224.0,12.276666666666667,EVALUATION,0.001612903225806317
QYLD,2024-01-09T00:00:00Z,12.35,12.43,12.35,12.42,2237176.0,12.350000000000001,EVALUATION,0.0016103059581320522
QYLD,2024-01-10T00:00:00Z,12.43,12.45,12.42,12.44,2526889.0,12.42,EVALUATION,0.002411575562700996
QYLD,2024-01-11T00:00:00Z,12.46,12.48,12.41,12.47,2289303.0,12.443333333333333,EVALUATION,0.001603849238171584
QYLD,2024-01-12T00:00:00Z,12.47,12.5,12.47,12.49,2122926.0,12.466666666666667,EVALUATION,0.0008006405124099114
QYLD,2024-01-16T00:00:00Z,12.48,12.5,12.47,12.5,2423642.0,12.486666666666668,EVALUATION,-0.0008000000000000229
QYLD,2024-01-17T00:00:00Z,12.48,12.49,12.42,12.49,2433391.0,12.493333333333332,EVALUATION,0.0032025620496396456
QYLD,2024-01-18T00:00:00Z,12.51,12.55,12.51,12.53,2390306.0,12.506666666666668,EVALUATION,0.014365522745411141
QYLD,2024-01-19T00:00:00Z,12.58,12.71,12.58,12.71,4455251.0,12.576666666666668,EVALUATION,0.0007867820613689513
QYLD,2024-01-22T00:00:00Z,12.73,12.75,12.71,12.72,3086682.0,12.653333333333334,EVALUATION,0.002358490566037652
QYLD,2024-01-23T00:00:00Z,12.72,12.75,12.71,12.75,2374616.0,12.726666666666667,EVALUATION,0.0023529411764704466
QYLD,2024-01-24T00:00:00Z,12.77,12.79,12.76,12.78,3044259.0,12.75,EVALUATION,-0.0007824726134585402
QYLD,2024-01-25T00:00:00Z,12.78,12.79,12.75,12.77,2399214.0,12.766666666666666,EVALUATION,0.0
QYLD,2024-01-26T00:00:00Z,12.77,12.78,12.76,12.77,2301777.0,12.773333333333333,EVALUATION,0.002349256068911565
QYLD,2024-01-29T00:00:00Z,12.79,12.8,12.77,12.8,2482487.0,12.780000000000001,EVALUATION,-0.0015625000000001332
QYLD,2024-01-30T00:00:00Z,12.81,12.82,12.78,12.78,2283918.0,12.783333333333333,EVALUATION,-0.00547730829420956
QYLD,2024-01-31T00:00:00Z,12.77,12.78,12.71,12.71,4274785.0,12.763333333333334,EVALUATION,0.0055074744295828815
QYLD,2024-02-01T00:00:00Z,12.75,12.79,12.73,12.78,3616243.0,12.756666666666668,EVALUATION,0.0046948356807512415
QYLD,2024-02-02T00:00:00Z,12.81,12.84,12.8,12.84,2736245.0,12.776666666666667,EVALUATION,0.0007788161993769194
QYLD,2024-02-05T00:00:00Z,12.84,12.85,12.83,12.85,3156302.0,12.823333333333334,EVALUATION,0.0
QYLD,2024-02-06T00:00:00Z,12.86,12.87,12.83,12.85,1957377.0,12.846666666666668,EVALUATION,0.0015564202334630295
QYLD,2024-02-07T00:00:00Z,12.87,12.87,12.86,12.87,1854100.0,12.856666666666666,EVALUATION,0.0007770007770009357
QYLD,2024-02-08T00:00:00Z,12.87,12.88,12.87,12.88,2991640.0,12.866666666666667,EVALUATION,0.0
QYLD,2024-02-09T00:00:00Z,12.89,12.89,12.88,12.88,2381514.0,12.876666666666669,EVALUATION,0.0007763975155279379
QYLD,2024-02-12T00:00:00Z,12.89,12.9,12.88,12.89,2435004.0,12.883333333333335,EVALUATION,0.0
QYLD,2024-02-13T00:00:00Z,12.88,12.9,12.88,12.89,3865494.0,12.886666666666667,EVALUATION,0.0015515903801395226
QYLD,2024-02-14T00:00:00Z,12.91,12.91,12.89,12.91,2398910.0,12.896666666666668,EVALUATION,0.0
QYLD,2024-02-15T00:00:00Z,12.92,12.92,12.89,12.91,2917231.0,12.903333333333334,EVALUATION,-0.005422153369481042
QYLD,2024-02-16T00:00:00Z,12.94,12.94,12.78,12.84,5875295.0,12.886666666666667,EVALUATION,-0.004672897196261738
QYLD,2024-02-20T00:00:00Z,12.82,12.83,12.71,12.78,6199763.0,12.843333333333334,EVALUATION,-0.0015649452269169695
QYLD,2024-02-21T00:00:00Z,12.74,12.76,12.68,12.76,4479533.0,12.793333333333333,EVALUATION,0.014890282131661436
QYLD,2024-02-22T00:00:00Z,12.9,12.95,12.89,12.95,4506483.0,12.829999999999998,EVALUATION,0.0007722007722008595
QYLD,2024-02-23T00:00:00Z,12.95,12.98,12.93,12.96,3557085.0,12.89,EVALUATION,0.0007716049382715529
QYLD,2024-02-26T00:00:00Z,12.96,12.98,12.95,12.97,2872884.0,12.96,EVALUATION,0.0015420200462605838
QYLD,2024-02-27T00:00:00Z,12.97,12.99,12.95,12.99,3121928.0,12.973333333333333,EVALUATION,-0.0015396458814472824
QYLD,2024-02-28T00:00:00Z,12.98,12.98,12.95,12.97,3053775.0,12.976666666666667,EVALUATION,0.0030840400925211675
QYLD,2024-02-29T00:00:00Z,12.99,13.02,12.97,13.01,3992511.0,12.99,EVALUATION,0.003843197540353671
QYLD,2024-03-01T00:00:00Z,13.01,13.06,13.01,13.06,3138408.0,13.013333333333334,EVALUATION,0.0
QYLD,2024-03-04T00:00:00Z,13.06,13.06,13.05,13.06,3337460.0,13.043333333333333,EVALUATION,-0.004594180704441064
QYLD,2024-03-05T00:00:00Z,13.04,13.04,12.97,13.0,4009096.0,13.04,EVALUATION,0.003076923076922977
QYLD,2024-03-06T00:00:00Z,13.05,13.06,13.01,13.04,3621201.0,13.033333333333333,EVALUATION,0.0015337423312884457
QYLD,2024-03-07T00:00:00Z,13.06,13.08,13.04,13.06,3366080.0,13.033333333333333,EVALUATION,0.0
QYLD,2024-03-08T00:00:00Z,13.07,13.09,13.04,13.06,4857180.0,13.053333333333335,EVALUATION,-0.0015313935681471325
QYLD,2024-03-11T00:00:00Z,13.05,13.06,13.01,13.04,4579118.0,13.053333333333335,EVALUATION,0.004601226993865115
QYLD,2024-03-12T00:00:00Z,13.07,13.11,13.06,13.1,2829599.0,13.066666666666666,EVALUATION,0.0007633587786259888
QYLD,2024-03-13T00:00:00Z,13.11,13.12,13.1,13.11,3569029.0,13.083333333333332,EVALUATION,0.0007627765064834868
QYLD,2024-03-14T00:00:00Z,13.12,13.12,13.05,13.12,3810944.0,13.11,EVALUATION,-0.010670731707317027
QYLD,2024-03-15T00:00:00Z,13.07,13.09,12.95,12.98,7311059.0,13.07,EVALUATION,0.0053929121725733165
QYLD,2024-03-18T00:00:00Z,13.06,13.08,13.04,13.05,3940338.0,13.05,EVALUATION,0.0015325670498083088
QYLD,2024-03-19T00:00:00Z,13.02,13.07,12.98,13.07,4786458.0,13.033333333333335,EVALUATION,0.004590665646518888
QYLD,2024-03-20T00:00:00Z,13.07,13.14,13.05,13.13,4031935.0,13.083333333333334,EVALUATION,0.0030464584920029125
QYLD,2024-03-21T00:00:00Z,13.17,13.19,13.15,13.17,2634104.0,13.123333333333333,EVALUATION,0.0007593014426727773
QYLD,2024-03-22T00:00:00Z,13.17,13.18,13.15,13.18,2139063.0,13.16,EVALUATION,-0.0007587253414264028
QYLD,2024-03-25T00:00:00Z,13.16,13.18,13.14,13.17,2431378.0,13.173333333333332,EVALUATION,-0.0015186028853454436
QYLD,2024-03-26T00:00:00Z,13.19,13.2,13.15,13.15,3624563.0,13.166666666666668,EVALUATION,0.0038022813688212143
QYLD,2024-03-27T00:00:00Z,13.2,13.2,13.16,13.2,3155133.0,13.173333333333332,EVALUATION,-0.0015151515151514694
QYLD,2024-03-28T00:00:00Z,13.19,13.21,13.18,13.18,2672217.0,13.176666666666666,EVALUATION,0.0015174506828528056
QYLD,2024-04-01T00:00:00Z,13.2,13.23,13.19,13.2,3376623.0,13.193333333333332,EVALUATION,-0.0007575757575757347
QYLD,2024-04-02T00:00:00Z,13.19,13.19,13.14,13.19,3115121.0,13.19,EVALUATION,0.0
QYLD,2024-04-03T00:00:00Z,13.18,13.21,13.15,13.19,3240611.0,13.193333333333332,EVALUATION,-0.006065200909780133
QYLD,2024-04-04T00:00:00Z,13.23,13.24,13.11,13.11,4364803.0,13.163333333333334,EVALUATION,0.006102212051868783
QYLD,2024-04-05T00:00:00Z,13.14,13.21,13.13,13.19,4388987.0,13.163333333333334,EVALUATION,0.0007581501137225999
QYLD,2024-04-08T00:00:00Z,13.2,13.23,13.17,13.2,4219506.0,13.166666666666666,EVALUATION,0.002272727272727426
QYLD,2024-04-09T00:00:00Z,13.23,13.23,13.17,13.23,4446302.0,13.206666666666667,EVALUATION,-0.0015117157974300355
QYLD,2024-04-10T00:00:00Z,13.18,13.22,13.17,13.21,6219591.0,13.213333333333333,EVALUATION,0.005299015897047621
QYLD,2024-04-11T00:00:00Z,13.23,13.28,13.2,13.28,2779306.0,13.24,EVALUATION,-0.004518072289156572
QYLD,2024-04-12T00:00:00Z,13.25,13.25,13.19,13.22,5237412.0,13.236666666666668,EVALUATION,-0.0075642965204236745
QYLD,2024-04-15T00:00:00Z,13.25,13.28,13.1,13.12,6133058.0,13.206666666666667,EVALUATION,0.0
QYLD,2024-04-16T00:00:00Z,13.13,13.19,13.1,13.12,6886423.0,13.153333333333332,EVALUATION,-0.006859756097560954
QYLD,2024-04-17T00:00:00Z,13.19,13.19,12.99,13.03,9576424.0,13.09,EVALUATION,-0.006139677666922472
QYLD,2024-04-18T00:00:00Z,13.06,13.09,12.93,12.95,7686740.0,13.033333333333331,EVALUATION,-0.01776061776061766
QYLD,2024-04-19T00:00:00Z,12.92,12.92,12.68,12.72,8049761.0,12.899999999999999,EVALUATION,0.0062893081761006275
QYLD,2024-04-22T00:00:00Z,12.78,12.85,12.72,12.8,6763447.0,12.823333333333334,EVALUATION,0.008593749999999956
QYLD,2024-04-23T00:00:00Z,12.84,12.93,12.84,12.91,5072251.0,12.81,EVALUATION,0.0015491866769945517
QYLD,2024-04-24T00:00:00Z,12.94,12.96,12.9,12.93,4962296.0,12.879999999999999,EVALUATION,-0.002320185614849146
QYLD,2024-04-25T00:00:00Z,12.85,12.92,12.82,12.9,6578705.0,12.913333333333334,EVALUATION,0.006976744186046435
QYLD,2024-04-26T00:00:00Z,12.96,13.0,12.93,12.99,3664561.0,12.94,EVALUATION,0.0007698229407235857
QYLD,2024-04-29T00:00:00Z,13.0,13.02,12.99,13.0,3476827.0,12.963333333333333,EVALUATION,-0.004615384615384688
QYLD,2024-04-30T00:00:00Z,13.02,13.02,12.93,12.94,4022423.0,12.976666666666667,EVALUATION,-0.0007727975270478415
QYLD,2024-05-01T00:00:00Z,12.95,13.02,12.9,12.93,4976501.0,12.956666666666667,EVALUATION,0.0046403712296985145
QYLD,2024-05-02T00:00:00Z,12.96,13.01,12.91,12.99,6423559.0,12.953333333333333,EVALUATION,0.005388760585065544
QYLD,2024-05-03T00:00:00Z,13.05,13.07,13.05,13.06,3093924.0,12.993333333333332,EVALUATION,0.0022970903522203656
QYLD,2024-05-06T00:00:00Z,13.08,13.1,13.08,13.09,2690952.0,13.046666666666667,EVALUATION,0.0
QYLD,2024-05-07T00:00:00Z,13.11,13.11,13.09,13.09,2074048.0,13.08,EVALUATION,0.0007639419404124048
QYLD,2024-05-08T00:00:00Z,13.09,13.11,13.09,13.1,1891281.0,13.093333333333334,EVALUATION,0.0007633587786259888
QYLD,2024-05-09T00:00:00Z,13.11,13.11,13.1,13.11,2082047.0,13.1,EVALUATION,0.0007627765064834868
QYLD,2024-05-10T00:00:00Z,13.12,13.12,13.11,13.12,1595676.0,13.11,EVALUATION,0.0
QYLD,2024-05-13T00:00:00Z,13.12,13.13,13.11,13.12,3106110.0,13.116666666666667,EVALUATION,0.0007621951219514145
QYLD,2024-05-14T00:00:00Z,13.13,13.13,13.12,13.13,1953823.0,13.123333333333333,EVALUATION,-0.0007616146230008392
QYLD,2024-05-15T00:00:00Z,13.13,13.13,13.11,13.12,3578223.0,13.123333333333333,EVALUATION,-0.0022865853658535773
QYLD,2024-05-16T00:00:00Z,13.13,13.14,13.08,13.09,4879887.0,13.113333333333333,EVALUATION,0.0015278838808250317
QYLD,2024-05-17T00:00:00Z,13.11,13.12,13.06,13.11,4982495.0,13.106666666666666,EVALUATION,0.0022883295194509046
QYLD,2024-05-20T00:00:00Z,13.12,13.15,13.1,13.14,4672242.0,13.113333333333333,EVALUATION,0.0007610350076103778
QYLD,2024-05-21T00:00:00Z,13.12,13.15,13.11,13.15,3297813.0,13.133333333333333,EVALUATION,0.0
QYLD,2024-05-22T00:00:00Z,13.15,13.17,13.12,13.15,4098154.0,13.146666666666668,EVALUATION,-0.001520912547528508
QYLD,2024-05-23T00:00:00Z,13.21,13.21,13.11,13.13,5683833.0,13.143333333333334,EVALUATION,0.004569687738004369
QYLD,2024-05-24T00:00:00Z,13.15,13.21,13.15,13.19,2934545.0,13.156666666666666,EVALUATION,0.0015163002274451998
QYLD,2024-05-28T00:00:00Z,13.19,13.22,13.18,13.21,5571329.0,13.176666666666666,EVALUATION,-0.002271006813020504
QYLD,2024-05-29T00:00:00Z,13.21,13.21,13.17,13.18,4366379.0,13.193333333333333,EVALUATION,-0.004552352048558417
QYLD,2024-05-30T00:00:00Z,13.18,13.18,13.1,13.12,5625639.0,13.17,EVALUATION,0.001524390243902607
QYLD,2024-05-31T00:00:00Z,13.15,13.15,12.98,13.14,5981400.0,13.146666666666667,EVALUATION,0.0015220700152207556
QYLD,2024-06-03T00:00:00Z,13.18,13.2,13.08,13.16,6004032.0,13.14,EVALUATION,0.0022796352583585033
QYLD,2024-06-04T00:00:00Z,13.16,13.2,13.14,13.19,3764378.0,13.163333333333334,EVALUATION,0.006065200909780133
QYLD,2024-06-05T00:00:00Z,13.21,13.27,13.2,13.27,3550183.0,13.206666666666667,EVALUATION,0.0022607385079127518
QYLD,2024-06-06T00:00:00Z,13.27,13.3,13.27,13.3,2574400.0,13.253333333333334,EVALUATION,0.0
QYLD,2024-06-07T00:00:00Z,13.3,13.31,13.28,13.3,3212918.0,13.29,EVALUATION,0.0
QYLD,2024-06-10T00:00:00Z,13.3,13.32,13.3,13.3,2787329.0,13.3,EVALUATION,0.0022556390977443996
QYLD,2024-06-11T00:00:00Z,13.3,13.33,13.29,13.33,2218284.0,13.31,EVALUATION,0.0022505626406601476
QYLD,2024-06-12T00:00:00Z,13.34,13.36,13.34,13.36,2933165.0,13.33,EVALUATION,0.0
QYLD,2024-06-13T00:00:00Z,13.36,13.36,13.35,13.36,2353569.0,13.35,EVALUATION,0.0
QYLD,2024-06-14T00:00:00Z,13.35,13.37,13.34,13.36,2054654.0,13.36,EVALUATION,0.0
QYLD,2024-06-17T00:00:00Z,13.37,13.38,13.36,13.36,4168065.0,13.36,EVALUATION,0.0014970059880241582
QYLD,2024-06-18T00:00:00Z,13.36,13.38,13.36,13.38,2659035.0,13.366666666666667,EVALUATION,-0.0007473841554560545
QYLD,2024-06-20T00:00:00Z,13.38,13.39,13.34,13.37,5225603.0,13.37,EVALUATION,-0.0029917726252803867
QYLD,2024-06-21T00:00:00Z,13.38,13.39,13.3,13.33,5436427.0,13.36,EVALUATION,-0.0037509377344336903
QYLD,2024-06-24T00:00:00Z,13.35,13.37,13.28,13.28,6245253.0,13.326666666666666,EVALUATION,0.006024096385542244
QYLD,2024-06-25T00:00:00Z,13.31,13.38,13.3,13.36,5421200.0,13.323333333333334,EVALUATION,0.002245508982035904
QYLD,2024-06-26T00:00:00Z,13.35,13.39,13.35,13.39,4167679.0,13.343333333333334,EVALUATION,0.0022404779686333587
QYLD,2024-06-27T00:00:00Z,13.39,13.43,13.39,13.42,4410369.0,13.39,EVALUATION,-0.0022354694485841042
QYLD,2024-06-28T00:00:00Z,13.42,13.48,13.39,13.39,5597004.0,13.400000000000002,EVALUATION,0.004480955937266495
QYLD,2024-07-01T00:00:00Z,13.42,13.45,13.36,13.45,5749674.0,13.420000000000002,EVALUATION,0.0029739776951673846
QYLD,2024-07-02T00:00:00Z,13.44,13.5,13.44,13.49,4252467.0,13.443333333333335,EVALUATION,0.003706449221645647
QYLD,2024-07-03T00:00:00Z,13.49,13.54,13.48,13.54,2805546.0,13.493333333333332,EVALUATION,0.001477104874446189
QYLD,2024-07-05T00:00:00Z,13.54,13.57,13.54,13.56,2290668.0,13.530000000000001,EVALUATION,0.001474926253687281
QYLD,2024-07-08T00:00:00Z,13.56,13.58,13.55,13.58,1958680.0,13.559999999999999,EVALUATION,0.0
QYLD,2024-07-09T00:00:00Z,13.58,13.59,13.57,13.58,3345976.0,13.573333333333334,EVALUATION,0.0014727540500736325
QYLD,2024-07-10T00:00:00Z,13.59,13.6,13.58,13.6,1992586.0,13.586666666666666,EVALUATION,-0.0022058823529411686
QYLD,2024-07-11T00:00:00Z,13.6,13.6,13.57,13.57,3628000.0,13.583333333333332,EVALUATION,0.002210759027265974
QYLD,2024-07-12T00:00:00Z,13.57,13.6,13.57,13.6,2552890.0,13.59,EVALUATION,0.0014705882352941124
QYLD,2024-07-15T00:00:00Z,13.61,13.62,13.6,13.62,3694649.0,13.596666666666668,EVALUATION,-0.0007342143906020615
QYLD,2024-07-16T00:00:00Z,13.62,13.62,13.6,13.61,2242635.0,13.61,EVALUATION,-0.004408523144746379
QYLD,2024-07-17T00:00:00Z,13.61,13.61,13.54,13.55,4636366.0,13.593333333333334,EVALUATION,-0.0007380073800739018
QYLD,2024-07-18T00:00:00Z,13.59,13.6,13.48,13.54,7574396.0,13.566666666666666,EVALUATION,-0.005908419497784201
QYLD,2024-07-19T00:00:00Z,13.55,13.62,13.43,13.46,8918341.0,13.516666666666666,EVALUATION,0.008172362555720625
QYLD,2024-07-22T00:00:00Z,13.54,13.57,13.5,13.57,6925829.0,13.523333333333333,EVALUATION,-0.0014738393515106862
QYLD,2024-07-23T00:00:00Z,13.56,13.6,13.54,13.55,5485221.0,13.526666666666667,EVALUATION,-0.021402214022140265
QYLD,2024-07-24T00:00:00Z,13.47,13.47,13.24,13.26,8097975.0,13.46,EVALUATION,-0.008295625942684737
QYLD,2024-07-25T00:00:00Z,13.27,13.35,13.08,13.15,11439011.0,13.32,EVALUATION,0.008365019011406849
QYLD,2024-07-26T00:00:00Z,13.26,13.32,13.19,13.26,7102001.0,13.223333333333333,EVALUATION,0.003016591251885359
QYLD,2024-07-29T00:00:00Z,13.34,13.37,13.24,13.3,8131896.0,13.236666666666668,EVALUATION,-0.011278195488721776
QYLD,2024-07-30T00:00:00Z,13.33,13.34,13.07,13.15,8318571.0,13.236666666666668,EVALUATION,0.02205323193916353
QYLD,2024-07-31T00:00:00Z,13.37,13.47,13.35,13.44,6609130.0,13.296666666666667,EVALUATION,-0.017857142857142905
QYLD,2024-08-01T00:00:00Z,13.47,13.53,13.11,13.2,8963097.0,13.263333333333332,EVALUATION,-0.019696969696969657
QYLD,2024-08-02T00:00:00Z,13.0,13.05,12.82,12.94,13567225.0,13.193333333333332,EVALUATION,-0.029366306027820643
QYLD,2024-08-05T00:00:00Z,12.24,12.75,12.17,12.56,16070146.0,12.899999999999999,EVALUATION,0.010350318471337605
QYLD,2024-08-06T00:00:00Z,12.65,12.9,12.55,12.69,7786262.0,12.73,EVALUATION,-0.010244286840031425
QYLD,2024-08-07T00:00:00Z,12.88,12.95,12.54,12.56,7498734.0,12.603333333333332,EVALUATION,0.028662420382165488
QYLD,2024-08-08T00:00:00Z,12.74,12.95,12.63,12.92,6928858.0,12.723333333333333,EVALUATION,0.006191950464396356
QYLD,2024-08-09T00:00:00Z,12.91,13.05,12.86,13.0,5338176.0,12.826666666666666,EVALUATION,0.002307692307692344
QYLD,2024-08-12T00:00:00Z,13.05,13.12,12.95,13.03,5910135.0,12.983333333333333,EVALUATION,0.024558710667689887
QYLD,2024-08-13T00:00:00Z,13.15,13.35,13.15,13.35,5098353.0,13.126666666666665,EVALUATION,0.0007490636704119424
QYLD,2024-08-14T00:00:00Z,13.39,13.42,13.24,13.36,5488767.0,13.246666666666666,EVALUATION,0.02470059880239517
QYLD,2024-08-15T00:00:00Z,13.53,13.69,13.52,13.69,5678681.0,13.466666666666667,EVALUATION,0.0014609203798394699
QYLD,2024-08-16T00:00:00Z,13.65,13.73,13.62,13.71,5082559.0,13.586666666666666,EVALUATION,0.006564551422319376
QYLD,2024-08-19T00:00:00Z,13.73,13.8,13.7,13.8,5413345.0,13.733333333333334,EVALUATION,-0.0021739130434783593
QYLD,2024-08-20T00:00:00Z,13.79,13.81,13.75,13.77,4012752.0,13.760000000000002,EVALUATION,0.002178649237472907
QYLD,2024-08-21T00:00:00Z,13.77,13.8,13.73,13.8,13886261.0,13.790000000000001,EVALUATION,-0.007246376811594346
QYLD,2024-08-22T00:00:00Z,13.81,13.82,13.68,13.7,22153426.0,13.756666666666668,EVALUATION,0.007299270072992803
QYLD,2024-08-23T00:00:00Z,13.75,13.8,13.73,13.8,4528718.0,13.766666666666667,EVALUATION,-0.0036231884057971175
QYLD,2024-08-26T00:00:00Z,13.8,13.8,13.71,13.75,4172309.0,13.75,EVALUATION,0.0007272727272726875
QYLD,2024-08-27T00:00:00Z,13.74,13.79,13.7,13.76,4900364.0,13.77,EVALUATION,-0.0043604651162790775
QYLD,2024-08-28T00:00:00Z,13.76,13.78,13.64,13.7,5027710.0,13.736666666666666,EVALUATION,0.0021897810218978186
QYLD,2024-08-29T00:00:00Z,13.76,13.81,13.7,13.73,4723004.0,13.73,EVALUATION,0.007283321194464731
QYLD,2024-08-30T00:00:00Z,13.78,13.83,13.73,13.83,4040575.0,13.753333333333334,EVALUATION,-0.018076644974692746
QYLD,2024-09-03T00:00:00Z,13.79,13.8,13.53,13.58,4946682.0,13.713333333333335,EVALUATION,-0.0007363770250368162
QYLD,2024-09-04T00:00:00Z,13.54,13.65,13.5,13.57,4598270.0,13.66,EVALUATION,0.0014738393515105752
QYLD,2024-09-05T00:00:00Z,13.53,13.67,13.51,13.59,4416284.0,13.58,EVALUATION,-0.022810890360559277
QYLD,2024-09-06T00:00:00Z,13.58,13.59,13.26,13.28,6884819.0,13.48,EVALUATION,0.013554216867470048
QYLD,2024-09-09T00:00:00Z,13.38,13.47,13.32,13.46,4419545.0,13.443333333333335,EVALUATION,0.007429420505200568
QYLD,2024-09-10T00:00:00Z,13.49,13.56,13.39,13.56,3549817.0,13.433333333333334,EVALUATION,0.016224188790560312
QYLD,2024-09-11T00:00:00Z,13.59,13.8,13.37,13.78,5119391.0,13.600000000000001,EVALUATION,0.005805515239477588
QYLD,2024-09-12T00:00:00Z,13.79,13.87,13.75,13.86,5506622.0,13.733333333333334,EVALUATION,0.0043290043290042934
QYLD,2024-09-13T00:00:00Z,13.87,13.93,13.85,13.92,5121381.0,13.853333333333332,EVALUATION,-0.001436781609195359
QYLD,2024-09-16T00:00:00Z,13.89,13.9,13.84,13.9,4649959.0,13.893333333333334,EVALUATION,0.0007194244604316058
QYLD,2024-09-17T00:00:00Z,13.93,13.97,13.86,13.91,5247955.0,13.91,EVALUATION,0.0007189072609632419
QYLD,2024-09-18T00:00:00Z,13.93,13.99,13.87,13.92,4907639.0,13.91,EVALUATION,0.005747126436781658
QYLD,2024-09-19T00:00:00Z,13.99,14.04,13.99,14.0,4768864.0,13.943333333333333,EVALUATION,-0.002142857142857113
QYLD,2024-09-20T00:00:00Z,13.97,14.01,13.86,13.97,5637653.0,13.963333333333335,EVALUATION,0.0028632784538296097
QYLD,2024-09-23T00:00:00Z,13.99,14.01,13.97,14.01,3530330.0,13.993333333333334,EVALUATION,0.001427551748750755
QYLD,2024-09-24T00:00:00Z,14.01,14.04,13.97,14.03,3966599.0,14.003333333333334,EVALUATION,0.0007127583749109156
QYLD,2024-09-25T00:00:00Z,14.03,14.05,14.01,14.04,3024185.0,14.026666666666667,EVALUATION,0.002849002849002913
QYLD,2024-09-26T00:00:00Z,14.08,14.09,14.04,14.08,2424906.0,14.05,EVALUATION,-0.0014204545454544748
QYLD,2024-09-27T00:00:00Z,14.08,14.09,14.04,14.06,2553201.0,14.059999999999999,EVALUATION,0.0014224751066855834
QYLD,2024-09-30T00:00:00Z,14.06,14.08,14.02,14.08,3923128.0,14.073333333333334,EVALUATION,-0.005681818181818232
QYLD,2024-10-01T00:00:00Z,14.08,14.08,13.93,14.0,4915503.0,14.046666666666667,EVALUATION,0.002142857142857002
QYLD,2024-10-02T00:00:00Z,14.0,14.04,13.95,14.03,2414910.0,14.036666666666667,EVALUATION,-0.0007127583749109156
QYLD,2024-10-03T00:00:00Z,14.01,14.05,13.97,14.02,2999054.0,14.016666666666666,EVALUATION,0.006419400855920188
QYLD,2024-10-04T00:00:00Z,14.08,14.11,14.04,14.11,3342637.0,14.053333333333333,EVALUATION,-0.004252303330970819
QYLD,2024-10-07T00:00:00Z,14.09,14.11,14.04,14.05,3299951.0,14.059999999999999,EVALUATION,0.006405693950177982
QYLD,2024-10-08T00:00:00Z,14.08,14.15,14.08,14.14,2100838.0,14.100000000000001,EVALUATION,0.0021216407355020284
QYLD,2024-10-09T00:00:00Z,14.14,14.18,14.14,14.17,1779767.0,14.120000000000001,EVALUATION,0.0014114326040930436
QYLD,2024-10-10T00:00:00Z,14.18,14.2,14.16,14.19,1918627.0,14.166666666666668,EVALUATION,0.0021141649048626032
QYLD,2024-10-11T00:00:00Z,14.19,14.22,14.18,14.22,1574138.0,14.193333333333333,EVALUATION,0.0007032348804500987
QYLD,2024-10-14T00:00:00Z,14.23,14.23,14.22,14.23,2069297.0,14.213333333333333,EVALUATION,-0.0007027406886858101
QYLD,2024-10-15T00:00:00Z,14.23,14.23,14.21,14.22,1964277.0,14.223333333333333,EVALUATION,0.0007032348804500987
QYLD,2024-10-16T00:00:00Z,14.23,14.24,14.22,14.23,2414995.0,14.226666666666667,EVALUATION,-0.0007027406886858101
QYLD,2024-10-17T00:00:00Z,14.24,14.24,14.21,14.22,3329706.0,14.223333333333333,EVALUATION,0.006329113924050667
QYLD,2024-10-18T00:00:00Z,14.29,14.33,14.27,14.31,4417626.0,14.253333333333334,EVALUATION,0.0
QYLD,2024-10-21T00:00:00Z,14.3,14.33,14.26,14.31,3340932.0,14.280000000000001,EVALUATION,0.0006988120195667857
QYLD,2024-10-22T00:00:00Z,14.28,14.34,14.27,14.32,2821792.0,14.313333333333334,EVALUATION,-0.007681564245810013
QYLD,2024-10-23T00:00:00Z,14.3,14.3,14.15,14.21,4249254.0,14.280000000000001,EVALUATION,0.005629838142153343
QYLD,2024-10-24T00:00:00Z,14.27,14.3,14.23,14.29,3297673.0,14.273333333333333,EVALUATION,0.0013995801259623075
QYLD,2024-10-25T00:00:00Z,14.33,14.38,14.31,14.31,4526506.0,14.27,EVALUATION,0.0013976240391333494
QYLD,2024-10-28T00:00:00Z,14.37,14.37,14.33,14.33,4254974.0,14.309999999999999,EVALUATION,0.00488485694347518
QYLD,2024-10-29T00:00:00Z,14.34,14.41,14.31,14.4,3033034.0,14.346666666666668,EVALUATION,-0.002777777777777879
QYLD,2024-10-30T00:00:00Z,14.39,14.4,14.35,14.36,3205250.0,14.363333333333333,EVALUATION,-0.013231197771587655
QYLD,2024-10-31T00:00:00Z,14.32,14.32,14.16,14.17,5315569.0,14.309999999999999,EVALUATION,0.004940014114326097
QYLD,2024-11-01T00:00:00Z,14.21,14.3,14.19,14.24,3479132.0,14.256666666666668,EVALUATION,0.0
QYLD,2024-11-04T00:00:00Z,14.24,14.29,14.19,14.24,3874985.0,14.216666666666669,EVALUATION,0.008426966292134797
QYLD,2024-11-05T00:00:00Z,14.26,14.37,14.26,14.36,3613021.0,14.280000000000001,EVALUATION,0.013927576601671321
QYLD,2024-11-06T00:00:00Z,14.49,14.56,14.49,14.56,5368047.0,14.386666666666667,EVALUATION,0.0027472527472527375
QYLD,2024-11-07T00:00:00Z,14.59,14.6,14.57,14.6,2963302.0,14.506666666666666,EVALUATION,0.00136986301369868
QYLD,2024-11-08T00:00:00Z,14.61,14.62,14.6,14.62,2659728.0,14.593333333333334,EVALUATION,0.0
QYLD,2024-11-11T00:00:00Z,14.62,14.63,14.61,14.62,2928603.0,14.613333333333333,EVALUATION,0.0006839945280439075
QYLD,2024-11-12T00:00:00Z,14.63,14.64,14.61,14.63,2780448.0,14.623333333333333,EVALUATION,0.0
QYLD,2024-11-13T00:00:00Z,14.63,14.64,14.62,14.63,3247614.0,14.626666666666667,EVALUATION,-0.002050580997949525
QYLD,2024-11-14T00:00:00Z,14.64,14.64,14.59,14.6,3383734.0,14.620000000000001,EVALUATION,-0.023287671232876672
QYLD,2024-11-15T00:00:00Z,14.45,14.46,14.23,14.26,8358413.0,14.496666666666666,EVALUATION,0.004908835904628317
QYLD,2024-11-18T00:00:00Z,14.32,14.34,14.27,14.33,4893142.0,14.396666666666665,EVALUATION,0.0020935101186321248
QYLD,2024-11-19T00:00:00Z,14.29,14.37,14.27,14.36,4224373.0,14.316666666666666,EVALUATION,-0.0013927576601671099
QYLD,2024-11-20T00:00:00Z,14.37,14.37,14.27,14.34,4468826.0,14.343333333333334,EVALUATION,0.0034867503486750717
QYLD,2024-11-21T00:00:00Z,14.38,14.41,14.29,14.39,3351365.0,14.363333333333333,EVALUATION,0.0020847810979847115
QYLD,2024-11-22T00:00:00Z,14.39,14.42,14.37,14.42,4814892.0,14.383333333333333,EVALUATION,0.0020804438280166426
QYLD,2024-11-25T00:00:00Z,14.45,14.48,14.42,14.45,4526336.0,14.42,EVALUATION,0.0013840830449827202
QYLD,2024-11-26T00:00:00Z,14.45,14.48,14.45,14.47,2280467.0,14.446666666666665,EVALUATION,0.0
QYLD,2024-11-27T00:00:00Z,14.46,14.47,14.42,14.47,3116437.0,14.463333333333333,EVALUATION,0.0027643400138215313
QYLD,2024-11-29T00:00:00Z,14.48,14.51,14.46,14.51,1799843.0,14.483333333333334,EVALUATION,0.002067539627842896
QYLD,2024-12-02T00:00:00Z,14.5,14.54,14.5,14.54,2359548.0,14.506666666666668,EVALUATION,0.0013755158184320937
QYLD,2024-12-03T00:00:00Z,14.53,14.56,14.53,14.56,1858367.0,14.536666666666667,EVALUATION,0.0013736263736263687
QYLD,2024-12-04T00:00:00Z,14.58,14.58,14.57,14.58,2197209.0,14.56,EVALUATION,0.000685871056241405
QYLD,2024-12-05T00:00:00Z,14.58,14.59,14.57,14.59,1812464.0,14.576666666666668,EVALUATION,0.001370801919122755
QYLD,2024-12-06T00:00:00Z,14.59,14.61,14.59,14.61,1741357.0,14.593333333333334,EVALUATION,0.0
QYLD,2024-12-09T00:00:00Z,14.61,14.61,14.59,14.61,2008522.0,14.603333333333333,EVALUATION,-0.000684462696783017
QYLD,2024-12-10T00:00:00Z,14.6,14.61,14.59,14.6,1819566.0,14.606666666666666,EVALUATION,0.00136986301369868
QYLD,2024-12-11T00:00:00Z,14.59,14.62,14.59,14.62,1931983.0,14.61,EVALUATION,0.0
QYLD,2024-12-12T00:00:00Z,14.61,14.63,14.61,14.62,1775775.0,14.613333333333333,EVALUATION,0.0
QYLD,2024-12-13T00:00:00Z,14.63,14.64,14.62,14.62,2038040.0,14.62,EVALUATION,0.001367989056087593
QYLD,2024-12-16T00:00:00Z,14.62,14.65,14.62,14.64,2694889.0,14.626666666666665,EVALUATION,-0.000683060109289646
QYLD,2024-12-17T00:00:00Z,14.64,14.64,14.63,14.63,1784403.0,14.629999999999999,EVALUATION,-0.0006835269993166193
QYLD,2024-12-18T00:00:00Z,14.63,14.64,14.61,14.62,3937674.0,14.629999999999999,EVALUATION,-0.004787961696306353
QYLD,2024-12-19T00:00:00Z,14.62,14.64,14.55,14.55,4671934.0,14.600000000000001,EVALUATION,0.015120274914089293
QYLD,2024-12-20T00:00:00Z,14.46,14.85,14.42,14.77,4533462.0,14.646666666666667,EVALUATION,0.00677048070413
QYLD,2024-12-23T00:00:00Z,14.78,14.88,14.76,14.87,2956233.0,14.73,EVALUATION,0.0060524546065905405
QYLD,2024-12-24T00:00:00Z,14.86,14.97,14.86,14.96,2140352.0,14.866666666666667,EVALUATION,0.0006684491978610207
QYLD,2024-12-26T00:00:00Z,14.94,14.98,14.93,14.97,2894433.0,14.933333333333334,EVALUATION,-0.004008016032064132
QYLD,2024-12-27T00:00:00Z,14.97,14.98,14.84,14.91,3608579.0,14.946666666666667,EVALUATION,-0.0046948356807512415
QYLD,2024-12-30T00:00:00Z,14.84,14.89,14.76,14.84,4223017.0,14.906666666666666,EVALUATION,-0.0040431266846361336
QYLD,2024-12-31T00:00:00Z,14.87,14.88,14.76,14.78,3341022.0,14.843333333333334,EVALUATION,-0.0013531799729363803
QYLD,2025-01-02T00:00:00Z,14.83,14.87,14.67,14.76,6599968.0,14.793333333333333,EVALUATION,0.01084010840108407
QYLD,2025-01-03T00:00:00Z,14.8,14.93,14.8,14.92,3103880.0,14.82,EVALUATION,0.004691689008042843
QYLD,2025-01-06T00:00:00Z,14.99,15.02,14.97,14.99,4535011.0,14.89,EVALUATION,-0.007338225483655703
QYLD,2025-01-07T00:00:00Z,15.03,15.03,14.85,14.88,8486557.0,14.93,EVALUATION,0.002016129032258007
QYLD,2025-01-08T00:00:00Z,14.9,14.93,14.8,14.91,11652688.0,14.926666666666666,EVALUATION,-0.009389671361502372
QYLD,2025-01-10T00:00:00Z,14.88,14.88,14.68,14.77,15684102.0,14.853333333333332,EVALUATION,-0.0013540961408259333
QYLD,2025-01-13T00:00:00Z,14.64,14.75,14.58,14.75,8383253.0,14.809999999999999,EVALUATION,-0.0006779661016949046
QYLD,2025-01-14T00:00:00Z,14.84,14.85,14.65,14.74,12067699.0,14.753333333333334,EVALUATION,0.01831750339213012
QYLD,2025-01-15T00:00:00Z,14.92,15.04,14.9,15.01,7148832.0,14.833333333333332,EVALUATION,-0.0013324450366422047
QYLD,2025-01-16T00:00:00Z,15.06,15.07,14.98,14.99,9058757.0,14.913333333333334,EVALUATION,0.005336891260840471
QYLD,2025-01-17T00:00:00Z,15.13,15.14,14.97,15.07,6046854.0,15.023333333333333,EVALUATION,0.003981420039814276
QYLD,2025-01-21T00:00:00Z,15.11,15.14,15.05,15.13,8411731.0,15.063333333333334,EVALUATION,0.004626569729015095
QYLD,2025-01-22T00:00:00Z,15.15,15.2,15.15,15.2,4206574.0,15.133333333333333,EVALUATION,0.0013157894736843812
QYLD,2025-01-23T00:00:00Z,15.18,15.22,15.17,15.22,3806397.0,15.183333333333334,EVALUATION,-0.001971090670170872
QYLD,2025-01-24T00:00:00Z,15.21,15.22,15.17,15.19,3029755.0,15.203333333333333,EVALUATION,-0.014483212639894605
QYLD,2025-01-27T00:00:00Z,14.92,15.04,14.89,14.97,8566544.0,15.126666666666667,EVALUATION,0.01002004008016022
QYLD,2025-01-28T00:00:00Z,15.0,15.12,14.93,15.12,8369818.0,15.093333333333334,EVALUATION,-0.001984126984126977
QYLD,2025-01-29T00:00:00Z,15.11,15.12,15.02,15.09,4818884.0,15.06,EVALUATION,0.0033134526176277213
QYLD,2025-01-30T00:00:00Z,15.11,15.18,15.07,15.14,6160432.0,15.116666666666667,EVALUATION,0.0
QYLD,2025-01-31T00:00:00Z,15.18,15.23,15.11,15.14,4907587.0,15.123333333333335,EVALUATION,-0.003963011889035695
QYLD,2025-02-03T00:00:00Z,14.99,15.11,14.94,15.08,7368557.0,15.120000000000001,EVALUATION,0.007294429708222694
QYLD,2025-02-04T00:00:00Z,15.1,15.19,15.09,15.19,4056310.0,15.136666666666667,EVALUATION,0.0026333113890717463
QYLD,2025-02-05T00:00:00Z,15.17,15.23,15.14,15.23,4864256.0,15.166666666666668,EVALUATION,0.0026263952724885353
QYLD,2025-02-06T00:00:00Z,15.23,15.27,15.23,15.27,3694652.0,15.23,EVALUATION,-0.0032743942370661028
QYLD,2025-02-07T00:00:00Z,15.29,15.31,15.2,15.22,6740980.0,15.24,EVALUATION,0.005256241787122251
QYLD,2025-02-10T00:00:00Z,15.25,15.31,15.25,15.3,3300938.0,15.263333333333334,EVALUATION,0.0006535947712418277
QYLD,2025-02-11T00:00:00Z,15.27,15.32,15.27,15.31,3206795.0,15.276666666666667,EVALUATION,0.0006531678641410466
QYLD,2025-02-12T00:00:00Z,15.25,15.32,15.24,15.32,4535744.0,15.31,EVALUATION,0.0026109660574411553
QYLD,2025-02-13T00:00:00Z,15.33,15.37,15.32,15.36,4636477.0,15.33,EVALUATION,0.0026041666666667407
QYLD,2025-02-14T00:00:00Z,15.37,15.4,15.37,15.4,3389886.0,15.36,EVALUATION,0.0006493506493505663
QYLD,2025-02-18T00:00:00Z,15.41,15.41,15.39,15.41,5335863.0,15.39,EVALUATION,0.0
QYLD,2025-02-19T00:00:00Z,15.41,15.41,15.4,15.41,4412140.0,15.406666666666666,EVALUATION,0.002595717066839587
QYLD,2025-02-20T00:00:00Z,15.41,15.45,15.4,15.45,3421028.0,15.423333333333332,EVALUATION,-0.01747572815533982
QYLD,2025-02-21T00:00:00Z,15.47,15.48,15.18,15.18,10258387.0,15.346666666666666,EVALUATION,-0.007246376811594124
QYLD,2025-02-24T00:00:00Z,15.23,15.24,15.06,15.07,10355455.0,15.233333333333333,EVALUATION,-0.00928998009289983
QYLD,2025-02-25T00:00:00Z,15.05,15.06,14.83,14.93,13372920.0,15.059999999999999,EVALUATION,0.0026791694574681557
QYLD,2025-02-26T00:00:00Z,14.99,15.08,14.89,14.97,6638162.0,14.99,EVALUATION,-0.02471609886439552
QYLD,2025-02-27T00:00:00Z,15.04,15.07,14.59,14.6,9825143.0,14.833333333333332,EVALUATION,0.015753424657534376
QYLD,2025-02-28T00:00:00Z,14.6,14.83,14.51,14.83,8880084.0,14.8,EVALUATION,-0.020229265003371633
QYLD,2025-03-03T00:00:00Z,14.92,14.95,14.43,14.53,9891625.0,14.653333333333332,EVALUATION,-0.0034411562284927255
QYLD,2025-03-04T00:00:00Z,14.44,14.7,14.25,14.48,18137669.0,14.613333333333333,EVALUATION,0.012430939226519389
QYLD,2025-03-05T00:00:00Z,14.5,14.71,14.35,14.66,12118625.0,14.556666666666667,EVALUATION,-0.02660300136425653
QYLD,2025-03-06T00:00:00Z,14.43,14.56,14.2,14.27,14179685.0,14.47,EVALUATION,0.008409250175192673
QYLD,2025-03-07T00:00:00Z,14.25,14.42,14.05,14.39,12868156.0,14.440000000000001,EVALUATION,-0.038220986796386414
QYLD,2025-03-10T00:00:00Z,14.14,14.15,13.7,13.84,15437794.0,14.166666666666668,EVALUATION,-0.0036127167630057855
QYLD,2025-03-11T00:00:00Z,13.81,14.0,13.65,13.79,19676052.0,14.006666666666668,EVALUATION,0.012327773749093662
QYLD,2025-03-12T00:00:00Z,14.01,14.06,13.8,13.96,10461958.0,13.863333333333333,EVALUATION,-0.018624641833810962
QYLD,2025-03-13T00:00:00Z,13.92,13.93,13.63,13.7,6546846.0,13.816666666666666,EVALUATION,0.024087591240876005
QYLD,2025-03-14T00:00:00Z,13.86,14.05,13.84,14.03,7301399.0,13.896666666666667,EVALUATION,0.006414825374198241
QYLD,2025-03-17T00:00:00Z,14.02,14.2,13.97,14.12,6525817.0,13.95,EVALUATION,-0.016997167138810054
QYLD,2025-03-18T00:00:00Z,14.02,14.02,13.81,13.88,6617827.0,14.01,EVALUATION,0.012968299711815456
QYLD,2025-03-19T00:00:00Z,13.94,14.18,13.88,14.06,7080012.0,14.02,EVALUATION,-0.0035561877667141806
QYLD,2025-03-20T00:00:00Z,13.95,14.17,13.92,14.01,9349655.0,13.983333333333334,EVALUATION,0.0007137758743753775
QYLD,2025-03-21T00:00:00Z,13.86,14.02,13.83,14.02,5515132.0,14.03,EVALUATION,0.00855920114122699
QYLD,2025-03-24T00:00:00Z,14.11,14.15,14.09,14.14,5460841.0,14.056666666666667,EVALUATION,0.0021216407355020284
QYLD,2025-03-25T00:00:00Z,14.14,14.17,14.13,14.17,5422110.0,14.11,EVALUATION,-0.00635144671841914
QYLD,2025-03-26T00:00:00Z,14.16,14.17,14.06,14.08,5022635.0,14.13,EVALUATION,-0.0014204545454544748
QYLD,2025-03-27T00:00:00Z,14.06,14.12,14.03,14.06,5644776.0,14.103333333333333,EVALUATION,-0.012802275960170695
QYLD,2025-03-28T00:00:00Z,14.04,14.06,13.86,13.88,7041169.0,14.006666666666668,EVALUATION,0.0007204610951008217
QYLD,2025-03-31T00:00:00Z,13.74,13.91,13.63,13.89,10577161.0,13.943333333333333,EVALUATION,0.005039596832253412
QYLD,2025-04-01T00:00:00Z,13.86,13.98,13.8,13.96,6276199.0,13.91,EVALUATION,0.004297994269340855
QYLD,2025-04-02T00:00:00Z,13.85,14.07,13.83,14.02,8946855.0,13.956666666666667,EVALUATION,-0.03780313837375171
QYLD,2025-04-03T00:00:00Z,13.61,13.71,13.47,13.49,17636446.0,13.823333333333334,EVALUATION,-0.0585618977020016
QYLD,2025-04-04T00:00:00Z,13.15,13.21,12.69,12.7,28066525.0,13.403333333333332,EVALUATION,0.0031496062992126816
QYLD,2025-04-07T00:00:00Z,12.27,13.26,12.09,12.74,21924909.0,12.976666666666667,EVALUATION,-0.01883830455259028
QYLD,2025-04-08T00:00:00Z,13.15,13.29,12.31,12.5,13953912.0,12.646666666666668,EVALUATION,0.10799999999999987
QYLD,2025-04-09T00:00:00Z,12.48,13.89,12.45,13.85,22913721.0,13.030000000000001,EVALUATION,-0.035379061371841214
QYLD,2025-04-10T00:00:00Z,13.56,13.62,12.98,13.36,16037310.0,13.236666666666666,EVALUATION,0.018712574850299424
QYLD,2025-04-11T00:00:00Z,13.35,13.65,13.25,13.61,8242006.0,13.606666666666666,EVALUATION,0.009551800146950784
QYLD,2025-04-14T00:00:00Z,13.9,13.92,13.59,13.74,10646031.0,13.57,EVALUATION,0.0014556040756914523
QYLD,2025-04-15T00:00:00Z,13.77,13.89,13.71,13.76,5259827.0,13.703333333333333,EVALUATION,-0.029796511627906974
QYLD,2025-04-16T00:00:00Z,13.5,13.6,13.15,13.35,7933322.0,13.616666666666667,EVALUATION,0.0014981273408238849
QYLD,2025-04-17T00:00:00Z,13.41,13.44,13.27,13.37,6518846.0,13.493333333333332,EVALUATION,-0.013462976813762184
QYLD,2025-04-21T00:00:00Z,13.29,13.3,13.07,13.19,7593464.0,13.303333333333333,EVALUATION,0.015163002274450443
QYLD,2025-04-22T00:00:00Z,13.3,13.43,13.28,13.39,9455304.0,13.316666666666666,EVALUATION,0.01120238984316635
QYLD,2025-04-23T00:00:00Z,13.58,13.62,13.5,13.54,14817551.0,13.373333333333333,EVALUATION,0.008124076809453484
QYLD,2025-04-24T00:00:00Z,13.56,13.65,13.55,13.65,9215603.0,13.526666666666667,EVALUATION,0.00366300366300365
QYLD,2025-04-25T00:00:00Z,13.66,13.72,13.64,13.7,8190228.0,13.629999999999999,EVALUATION,0.0014598540145986938
QYLD,2025-04-28T00:00:00Z,13.72,13.73,13.67,13.72,7906832.0,13.69,EVALUATION,0.0021865889212826506
QYLD,2025-04-29T00:00:00Z,13.71,13.75,13.7,13.75,6826373.0,13.723333333333333,EVALUATION,0.0
QYLD,2025-04-30T00:00:00Z,13.7,13.76,13.65,13.75,7934572.0,13.739999999999998,EVALUATION,0.0021818181818180626
QYLD,2025-05-01T00:00:00Z,13.78,13.79,13.77,13.78,6267508.0,13.759999999999998,EVALUATION,0.002177068214804123
QYLD,2025-05-02T00:00:00Z,13.81,13.81,13.79,13.81,5461763.0,13.78,EVALUATION,0.0
QYLD,2025-05-05T00:00:00Z,13.8,13.83,13.79,13.81,3757775.0,13.8,EVALUATION,0.0007241129616220032
QYLD,2025-05-06T00:00:00Z,13.8,13.82,13.79,13.82,3088720.0,13.813333333333333,EVALUATION,0.0007235890014472002
QYLD,2025-05-07T00:00:00Z,13.82,13.84,13.79,13.83,6024532.0,13.82,EVALUATION,0.0
QYLD,2025-05-08T00:00:00Z,13.85,13.85,13.81,13.83,3936939.0,13.826666666666668,EVALUATION,0.000723065798987621
QYLD,2025-05-09T00:00:00Z,13.83,13.84,13.83,13.84,5147557.0,13.833333333333334,EVALUATION,0.0007225433526012459
QYLD,2025-05-12T00:00:00Z,13.84,13.87,13.84,13.85,4460623.0,13.84,EVALUATION,0.0
QYLD,2025-05-13T00:00:00Z,13.85,13.86,13.84,13.85,5290673.0,13.846666666666666,EVALUATION,-0.0007220216606498298
QYLD,2025-05-14T00:00:00Z,13.85,13.86,13.84,13.84,3460137.0,13.846666666666666,EVALUATION,0.0014450867052022698
QYLD,2025-05-15T00:00:00Z,13.85,13.86,13.79,13.86,4309195.0,13.85,EVALUATION,0.0021645021645022577
QYLD,2025-05-16T00:00:00Z,13.89,13.9,13.81,13.89,6031330.0,13.863333333333333,EVALUATION,0.0007199424046075986
QYLD,2025-05-19T00:00:00Z,13.8,13.9,13.79,13.9,5314485.0,13.883333333333333,EVALUATION,-0.0014388489208633226
QYLD,2025-05-20T00:00:00Z,13.86,13.89,13.83,13.88,4044702.0,13.89,EVALUATION,-0.007204610951008772
QYLD,2025-05-21T00:00:00Z,13.83,13.92,13.74,13.78,4833757.0,13.853333333333333,EVALUATION,0.0014513788098695635
QYLD,2025-05-22T00:00:00Z,13.78,13.85,13.76,13.8,5206136.0,13.82,EVALUATION,-0.005072463768115987
QYLD,2025-05-23T00:00:00Z,13.66,13.77,13.65,13.73,6208486.0,13.77,EVALUATION,0.015294974508375692
QYLD,2025-05-27T00:00:00Z,13.85,13.94,13.83,13.94,5448123.0,13.823333333333334,EVALUATION,-0.001434720229555153
QYLD,2025-05-28T00:00:00Z,13.94,13.97,13.9,13.92,3608236.0,13.863333333333333,EVALUATION,0.001436781609195359
QYLD,2025-05-29T00:00:00Z,14.0,14.0,13.89,13.94,3563508.0,13.933333333333334,EVALUATION,0.0007173601147776321
QYLD,2025-05-30T00:00:00Z,13.92,13.96,13.82,13.95,5384734.0,13.936666666666666,EVALUATION,0.004301075268817289
QYLD,2025-06-02T00:00:00Z,13.91,14.01,13.91,14.01,3300002.0,13.966666666666665,EVALUATION,0.0035688793718773315
QYLD,2025-06-03T00:00:00Z,14.01,14.06,14.0,14.06,3122474.0,14.006666666666666,EVALUATION,0.002133712660028486
QYLD,2025-06-04T00:00:00Z,14.07,14.09,14.04,14.09,3079671.0,14.053333333333333,EVALUATION,-0.0035486160397445454
QYLD,2025-06-05T00:00:00Z,14.09,14.12,14.02,14.04,5882546.0,14.063333333333333,EVALUATION,0.005698005698005604
QYLD,2025-06-06T00:00:00Z,14.1,14.13,14.09,14.12,3985942.0,14.083333333333332,EVALUATION,0.0021246458923513956
QYLD,2025-06-09T00:00:00Z,14.12,14.15,14.12,14.15,2760315.0,14.103333333333332,EVALUATION,0.0007067137809186885
QYLD,2025-06-10T00:00:00Z,14.15,14.16,14.13,14.16,2387010.0,14.143333333333333,EVALUATION,-0.0007062146892655718
QYLD,2025-06-11T00:00:00Z,14.17,14.18,14.14,14.15,3512136.0,14.153333333333332,EVALUATION,0.001413427561837377
QYLD,2025-06-12T00:00:00Z,14.15,14.17,14.14,14.17,2597861.0,14.16,EVALUATION,-0.0021171489061396764
QYLD,2025-06-13T00:00:00Z,14.13,14.17,14.12,14.14,4748247.0,14.153333333333334,EVALUATION,0.004243281471004057
QYLD,2025-06-16T00:00:00Z,14.16,14.2,14.16,14.2,2897758.0,14.170000000000002,EVALUATION,-0.0014084507042253502
QYLD,2025-06-17T00:00:00Z,14.19,14.21,14.16,14.18,3622577.0,14.173333333333334,EVALUATION,0.0
QYLD,2025-06-18T00:00:00Z,14.19,14.21,14.17,14.18,4213609.0,14.186666666666667,EVALUATION,-0.0035260930888574293
QYLD,2025-06-20T00:00:00Z,14.25,14.3,14.08,14.13,7041096.0,14.163333333333334,EVALUATION,0.006369426751592355
QYLD,2025-06-23T00:00:00Z,14.14,14.22,14.1,14.22,5637523.0,14.176666666666666,EVALUATION,0.005625879043600568
QYLD,2025-06-24T00:00:00Z,14.27,14.31,14.26,14.3,4876258.0,14.216666666666667,EVALUATION,0.0013986013986013734
QYLD,2025-06-25T00:00:00Z,14.31,14.32,14.3,14.32,3495793.0,14.280000000000001,EVALUATION,0.0020949720670391248
QYLD,2025-06-26T00:00:00Z,14.34,14.36,14.32,14.35,3925973.0,14.323333333333334,EVALUATION,0.0013937282229965486
QYLD,2025-06-27T00:00:00Z,14.36,14.37,14.34,14.37,3864333.0,14.346666666666668,EVALUATION,0.0013917884481560172
QYLD,2025-06-30T00:00:00Z,14.38,14.4,14.37,14.39,3728882.0,14.370000000000001,EVALUATION,-0.0006949270326616075
QYLD,2025-07-01T00:00:00Z,14.37,14.39,14.36,14.38,4138101.0,14.38,EVALUATION,0.0006954102920722072
QYLD,2025-07-02T00:00:00Z,14.37,14.39,14.37,14.39,2405135.0,14.386666666666667,EVALUATION,0.0020847810979847115
QYLD,2025-07-03T00:00:00Z,14.41,14.42,14.4,14.42,1628394.0,14.396666666666668,EVALUATION,0.0
QYLD,2025-07-07T00:00:00Z,14.42,14.42,14.4,14.42,4055298.0,14.41,EVALUATION,0.0006934812760055475
QYLD,2025-07-08T00:00:00Z,14.43,14.43,14.42,14.43,3556218.0,14.423333333333332,EVALUATION,0.0
QYLD,2025-07-09T00:00:00Z,14.44,14.45,14.43,14.43,2660342.0,14.426666666666666,EVALUATION,0.0
QYLD,2025-07-10T00:00:00Z,14.44,14.45,14.43,14.43,2095496.0,14.43,EVALUATION,0.0006930006930006005
QYLD,2025-07-11T00:00:00Z,14.44,14.45,14.44,14.44,1776449.0,14.433333333333334,EVALUATION,0.0006925207756232066
QYLD,2025-07-14T00:00:00Z,14.45,14.46,14.45,14.45,2788809.0,14.44,EVALUATION,0.0006920415224913601
QYLD,2025-07-15T00:00:00Z,14.46,14.46,14.45,14.46,2771837.0,14.45,EVALUATION,0.0
QYLD,2025-07-16T00:00:00Z,14.46,14.46,14.45,14.46,2107004.0,14.456666666666667,EVALUATION,-0.0006915629322269412
QYLD,2025-07-17T00:00:00Z,14.46,14.47,14.44,14.45,4092088.0,14.456666666666667,EVALUATION,-0.0013840830449827202
QYLD,2025-07-18T00:00:00Z,14.46,14.49,14.42,14.43,4751938.0,14.446666666666665,EVALUATION,0.0034650034650034467
QYLD,2025-07-21T00:00:00Z,14.49,14.5,14.47,14.48,4746018.0,14.453333333333333,EVALUATION,-0.0006906077348066697
QYLD,2025-07-22T00:00:00Z,14.48,14.49,14.41,14.47,5458709.0,14.46,EVALUATION,0.0020732550103661485
QYLD,2025-07-23T00:00:00Z,14.47,14.5,14.44,14.5,4381320.0,14.483333333333334,EVALUATION,0.002068965517241228
QYLD,2025-07-24T00:00:00Z,14.53,14.54,14.5,14.53,4412680.0,14.5,EVALUATION,0.002064693737095835
QYLD,2025-07-25T00:00:00Z,14.53,14.56,14.53,14.56,2948986.0,14.53,EVALUATION,0.0013736263736263687
QYLD,2025-07-28T00:00:00Z,14.58,14.59,14.57,14.58,5893977.0,14.556666666666667,EVALUATION,0.0
QYLD,2025-07-29T00:00:00Z,14.6,14.61,14.56,14.58,3841293.0,14.573333333333334,EVALUATION,0.000685871056241405
QYLD,2025-07-30T00:00:00Z,14.58,14.6,14.54,14.59,4795533.0,14.583333333333334,EVALUATION,-0.0020562028786840214
QYLD,2025-07-31T00:00:00Z,14.63,14.64,14.54,14.56,7219651.0,14.576666666666668,EVALUATION,-0.010302197802197877
QYLD,2025-08-01T00:00:00Z,14.49,14.49,14.35,14.41,9725932.0,14.52,EVALUATION,0.01179736294240108
QYLD,2025-08-04T00:00:00Z,14.5,14.58,14.49,14.58,5301546.0,14.516666666666667,EVALUATION,-0.002743484224965731
QYLD,2025-08-05T00:00:00Z,14.59,14.6,14.53,14.54,5328074.0,14.510000000000002,EVALUATION,0.0061898211829436445
QYLD,2025-08-06T00:00:00Z,14.55,14.63,14.55,14.63,4658153.0,14.583333333333334,EVALUATION,0.0006835269993163973
QYLD,2025-08-07T00:00:00Z,14.66,14.67,14.6,14.64,5399801.0,14.603333333333333,EVALUATION,0.002732240437158362
QYLD,2025-08-08T00:00:00Z,14.67,14.69,14.66,14.68,2870871.0,14.65,EVALUATION,0.0006811989100816707
QYLD,2025-08-11T00:00:00Z,14.69,14.71,14.68,14.69,3939495.0,14.67,EVALUATION,0.001361470388019148
QYLD,2025-08-12T00:00:00Z,14.71,14.72,14.7,14.71,4288313.0,14.693333333333333,EVALUATION,0.0006798096532971698
QYLD,2025-08-13T00:00:00Z,14.73,14.73,14.71,14.72,2849647.0,14.706666666666667,EVALUATION,0.0
QYLD,2025-08-14T00:00:00Z,14.72,14.73,14.71,14.72,3408658.0,14.716666666666669,EVALUATION,-0.005434782608695676
QYLD,2025-08-15T00:00:00Z,14.72,14.72,14.6,14.64,7303499.0,14.693333333333335,EVALUATION,0.000683060109289535
QYLD,2025-08-18T00:00:00Z,14.65,14.66,14.62,14.65,4945199.0,14.670000000000002,EVALUATION,-0.0068259385665528916
QYLD,2025-08-19T00:00:00Z,14.65,14.65,14.53,14.55,6538526.0,14.613333333333333,EVALUATION,-0.0027491408934708916
QYLD,2025-08-20T00:00:00Z,14.53,14.54,14.36,14.51,8881340.0,14.57,EVALUATION,-0.004135079255685792
QYLD,2025-08-21T00:00:00Z,14.46,14.5,14.4,14.45,5729203.0,14.503333333333334,EVALUATION,0.0117647058823529
QYLD,2025-08-22T00:00:00Z,14.47,14.64,14.45,14.62,6261549.0,14.526666666666667,EVALUATION,-0.001367989056087482
QYLD,2025-08-25T00:00:00Z,14.61,14.64,14.58,14.6,5019158.0,14.556666666666665,EVALUATION,0.00205479452054802
QYLD,2025-08-26T00:00:00Z,14.59,14.64,14.57,14.63,4687072.0,14.616666666666667,EVALUATION,0.0013670539986330166
QYLD,2025-08-27T00:00:00Z,14.63,14.65,14.6,14.65,5688943.0,14.626666666666667,EVALUATION,0.004778156996587013
QYLD,2025-08-28T00:00:00Z,14.64,14.73,14.64,14.72,4868484.0,14.666666666666668,EVALUATION,-0.007472826086956652
QYLD,2025-08-29T00:00:00Z,14.7,14.7,14.58,14.61,5249924.0,14.66,EVALUATION,-0.004106776180698102
QYLD,2025-09-02T00:00:00Z,14.49,14.55,14.42,14.55,6409238.0,14.626666666666669,EVALUATION,0.005498281786941561
QYLD,2025-09-03T00:00:00Z,14.6,14.65,14.57,14.63,5241755.0,14.596666666666668,EVALUATION,0.006835269993164639
QYLD,2025-09-04T00:00:00Z,14.65,14.73,14.62,14.73,5175046.0,14.636666666666667,EVALUATION,0.0006788866259335169
QYLD,2025-09-05T00:00:00Z,14.78,14.8,14.66,14.74,7050349.0,14.7,EVALUATION,0.004070556309362372
QYLD,2025-09-08T00:00:00Z,14.78,14.81,14.78,14.8,5416610.0,14.756666666666668,EVALUATION,0.0013513513513512265
QYLD,2025-09-09T00:00:00Z,14.81,14.82,14.77,14.82,3886073.0,14.786666666666667,EVALUATION,0.0
QYLD,2025-09-10T00:00:00Z,14.85,14.86,14.8,14.82,4154034.0,14.813333333333334,EVALUATION,0.004048582995951344
QYLD,2025-09-11T00:00:00Z,14.85,14.88,14.85,14.88,3790006.0,14.84,EVALUATION,0.0013440860215052641
QYLD,2025-09-12T00:00:00Z,14.88,14.91,14.88,14.9,4264847.0,14.866666666666667,EVALUATION,0.0006711409395971923
QYLD,2025-09-15T00:00:00Z,14.91,14.92,14.91,14.91,4169567.0,14.896666666666667,EVALUATION,0.002012072434607548
QYLD,2025-09-16T00:00:00Z,14.93,14.94,14.92,14.94,4770671.0,14.916666666666666,EVALUATION,0.0
QYLD,2025-09-17T00:00:00Z,14.93,14.94,14.9,14.94,7979267.0,14.93,EVALUATION,0.0
QYLD,2025-09-18T00:00:00Z,14.95,14.95,14.92,14.94,4635754.0,14.939999999999998,EVALUATION,0.0046854082998661895
QYLD,2025-09-19T00:00:00Z,14.97,15.01,14.94,15.01,6380339.0,14.963333333333331,EVALUATION,0.0013324450366423157
QYLD,2025-09-22T00:00:00Z,15.01,15.05,15.0,15.03,6376135.0,14.993333333333332,EVALUATION,-0.0026613439787092075
QYLD,2025-09-23T00:00:00Z,15.05,15.05,14.98,14.99,5941187.0,15.01,EVALUATION,-0.0013342228152101177
QYLD,2025-09-24T00:00:00Z,15.02,15.02,14.94,14.97,6643069.0,14.996666666666666,EVALUATION,-0.0013360053440214514
QYLD,2025-09-25T00:00:00Z,14.94,14.98,14.88,14.95,6373234.0,14.97,EVALUATION,0.004013377926421535
QYLD,2025-09-26T00:00:00Z,14.98,15.02,14.94,15.01,5315365.0,14.976666666666667,EVALUATION,0.003997335109926725
QYLD,2025-09-29T00:00:00Z,15.06,15.09,15.04,15.07,5770001.0,15.01,EVALUATION,0.0013271400132712774
QYLD,2025-09-30T00:00:00Z,15.06,15.09,15.03,15.09,6773142.0,15.056666666666667,EVALUATION,0.001988071570576455
QYLD,2025-10-01T00:00:00Z,15.05,15.12,15.04,15.12,4207369.0,15.093333333333334,EVALUATION,0.001322751322751392
QYLD,2025-10-02T00:00:00Z,15.15,15.16,15.11,15.14,3401027.0,15.116666666666667,EVALUATION,0.0
QYLD,2025-10-03T00:00:00Z,15.15,15.17,15.12,15.14,5151934.0,15.133333333333333,EVALUATION,0.0026420079260236484
QYLD,2025-10-06T00:00:00Z,15.17,15.19,15.17,15.18,4813830.0,15.153333333333332,EVALUATION,-0.0006587615283267789
QYLD,2025-10-07T00:00:00Z,15.19,15.2,15.14,15.17,5728917.0,15.163333333333334,EVALUATION,0.003295978905734964
QYLD,2025-10-08T00:00:00Z,15.18,15.22,15.17,15.22,3762554.0,15.19,EVALUATION,-0.0006570302233902536
QYLD,2025-10-09T00:00:00Z,15.22,15.23,15.2,15.21,5035049.0,15.2,EVALUATION,-0.015779092702169595
QYLD,2025-10-10T00:00:00Z,15.23,15.24,14.97,14.97,13728413.0,15.133333333333333,EVALUATION,0.014696058784235078
QYLD,2025-10-13T00:00:00Z,15.14,15.2,15.11,15.19,7562240.0,15.123333333333335,EVALUATION,-0.0013166556945358732
QYLD,2025-10-14T00:00:00Z,15.11,15.21,15.02,15.17,9377152.0,15.11,EVALUATION,0.003295978905734964
QYLD,2025-10-15T00:00:00Z,15.23,15.25,15.14,15.22,5937444.0,15.193333333333333,EVALUATION,0.001971090670170872
QYLD,2025-10-16T00:00:00Z,15.25,15.26,15.17,15.25,10773874.0,15.213333333333333,EVALUATION,0.0052459016393442415
QYLD,2025-10-17T00:00:00Z,15.21,15.35,15.16,15.33,14097068.0,15.266666666666666,EVALUATION,0.008480104370515384
QYLD,2025-10-20T00:00:00Z,15.38,15.46,15.38,15.46,6780119.0,15.346666666666668,EVALUATION,0.0006468305304010435
QYLD,2025-10-21T00:00:00Z,15.45,15.48,15.44,15.47,6335339.0,15.420000000000002,EVALUATION,-0.003232062055591567
QYLD,2025-10-22T00:00:00Z,15.46,15.47,15.33,15.42,9528602.0,15.45,EVALUATION,0.004539559014267169
QYLD,2025-10-23T00:00:00Z,15.42,15.49,15.41,15.49,6636909.0,15.46,EVALUATION,0.0032278889606196515
QYLD,2025-10-24T00:00:00Z,15.54,15.55,15.53,15.54,7352818.0,15.483333333333333,EVALUATION,0.0045045045045044585
QYLD,2025-10-27T00:00:00Z,15.59,15.61,15.59,15.61,7398336.0,15.546666666666667,EVALUATION,0.0006406149903908087
QYLD,2025-10-28T00:00:00Z,15.62,15.62,15.61,15.62,4022914.0,15.59,EVALUATION,0.0
QYLD,2025-10-29T00:00:00Z,15.62,15.63,15.6,15.62,8573854.0,15.616666666666665,EVALUATION,-0.000640204865556937
QYLD,2025-10-30T00:00:00Z,15.62,15.63,15.6,15.61,6953940.0,15.616666666666665,EVALUATION,0.0006406149903908087
QYLD,2025-10-31T00:00:00Z,15.64,15.65,15.59,15.62,8369351.0,15.616666666666665,EVALUATION,0.001280409731114096
QYLD,2025-11-03T00:00:00Z,15.64,15.66,15.62,15.64,6089238.0,15.623333333333333,EVALUATION,-0.0031969309462915874
QYLD,2025-11-04T00:00:00Z,15.6,15.63,15.58,15.59,7618415.0,15.616666666666667,EVALUATION,0.0025657472738935816
QYLD,2025-11-05T00:00:00Z,15.59,15.65,15.58,15.63,4692230.0,15.620000000000001,EVALUATION,-0.0057581573896353655
QYLD,2025-11-06T00:00:00Z,15.63,15.63,15.53,15.54,9579277.0,15.586666666666666,EVALUATION,0.0006435006435008273
QYLD,2025-11-07T00:00:00Z,15.52,15.55,15.4,15.55,12068800.0,15.573333333333334,EVALUATION,0.00836012861736335
QYLD,2025-11-10T00:00:00Z,15.61,15.68,15.61,15.68,7746397.0,15.59,EVALUATION,0.0
QYLD,2025-11-11T00:00:00Z,15.66,15.68,15.65,15.68,4523452.0,15.636666666666667,EVALUATION,0.0
QYLD,2025-11-12T00:00:00Z,15.69,15.69,15.65,15.68,5334901.0,15.68,EVALUATION,-0.005739795918367374
QYLD,2025-11-13T00:00:00Z,15.67,15.67,15.55,15.59,7258757.0,15.649999999999999,EVALUATION,0.0019243104554200752
QYLD,2025-11-14T00:00:00Z,15.48,15.65,15.44,15.62,7237597.0,15.629999999999999,EVALUATION,-0.002560819462227859
QYLD,2025-11-17T00:00:00Z,15.59,15.66,15.54,15.58,7872726.0,15.596666666666666,EVALUATION,-0.0038510911424903815
QYLD,2025-11-18T00:00:00Z,15.53,15.59,15.42,15.52,9339810.0,15.573333333333332,EVALUATION,0.005154639175257714
QYLD,2025-11-19T00:00:00Z,15.54,15.66,15.51,15.6,8171825.0,15.566666666666666,EVALUATION,-0.015384615384615441
QYLD,2025-11-20T00:00:00Z,15.72,15.74,15.36,15.36,12468209.0,15.493333333333332,EVALUATION,0.009765625
QYLD,2025-11-21T00:00:00Z,15.41,15.58,15.25,15.51,10438443.0,15.49,EVALUATION,0.010960670535138606
QYLD,2025-11-24T00:00:00Z,15.57,15.69,15.56,15.68,8463152.0,15.516666666666666,EVALUATION,0.0031887755102040227
QYLD,2025-11-25T00:00:00Z,15.67,15.74,15.61,15.73,9176226.0,15.64,EVALUATION,0.0019071837253654689
QYLD,2025-11-26T00:00:00Z,15.75,15.78,15.75,15.76,6902967.0,15.723333333333333,EVALUATION,0.0031725888324873885
QYLD,2025-11-28T00:00:00Z,15.78,15.81,15.77,15.81,3076829.0,15.766666666666666,EVALUATION,0.0
QYLD,2025-12-01T00:00:00Z,15.78,15.82,15.77,15.81,3155016.0,15.793333333333333,EVALUATION,0.00189753320683117
QYLD,2025-12-02T00:00:00Z,15.83,15.84,15.81,15.84,4498452.0,15.82,EVALUATION,0.0
QYLD,2025-12-03T00:00:00Z,15.82,15.84,15.82,15.84,3885297.0,15.830000000000002,EVALUATION,0.0006313131313131493
QYLD,2025-12-04T00:00:00Z,15.84,15.85,15.84,15.85,3425688.0,15.843333333333334,EVALUATION,0.0012618296529969264
QYLD,2025-12-05T00:00:00Z,15.85,15.87,15.85,15.87,2462049.0,15.853333333333333,EVALUATION,0.000630119722747402
QYLD,2025-12-08T00:00:00Z,15.88,15.88,15.86,15.88,2972732.0,15.866666666666667,EVALUATION,-0.0006297229219144329
QYLD,2025-12-09T00:00:00Z,15.87,15.88,15.86,15.87,2175972.0,15.873333333333335,EVALUATION,0.000630119722747402
QYLD,2025-12-10T00:00:00Z,15.87,15.89,15.87,15.88,3911142.0,15.876666666666669,EVALUATION,0.0012594458438286438
QYLD,2025-12-11T00:00:00Z,15.89,15.9,15.88,15.9,3843927.0,15.883333333333333,EVALUATION,-0.0006289308176100628
QYLD,2025-12-12T00:00:00Z,15.9,15.91,15.87,15.89,4040654.0,15.89,EVALUATION,0.0
QYLD,2025-12-15T00:00:00Z,15.89,15.9,15.89,15.89,3492623.0,15.893333333333334,EVALUATION,0.0006293266205159576
QYLD,2025-12-16T00:00:00Z,15.89,15.91,15.89,15.9,3211793.0,15.893333333333334,EVALUATION,0.0
QYLD,2025-12-17T00:00:00Z,15.9,15.91,15.89,15.9,3888566.0,15.896666666666667,EVALUATION,0.0006289308176099517
QYLD,2025-12-18T00:00:00Z,15.91,15.94,15.89,15.91,4286043.0,15.903333333333332,EVALUATION,0.010056568196103122
QYLD,2025-12-19T00:00:00Z,15.95,16.11,15.95,16.07,9385722.0,15.96,EVALUATION,0.00435594275046669
QYLD,2025-12-22T00:00:00Z,16.15,16.17,16.14,16.14,4614644.0,16.04,EVALUATION,0.0037174721189590088
QYLD,2025-12-23T00:00:00Z,16.14,16.2,16.14,16.2,4801733.0,16.136666666666667,EVALUATION,0.0006172839506173311
QYLD,2025-12-24T00:00:00Z,16.18,16.22,16.18,16.21,2527457.0,16.183333333333334,EVALUATION,0.0006169031462059937
QYLD,2025-12-26T00:00:00Z,16.22,16.23,16.21,16.22,3004388.0,16.21,EVALUATION,0.0
QYLD,2025-12-29T00:00:00Z,16.2,16.22,16.19,16.22,4555176.0,16.216666666666665,EVALUATION,-0.0006165228113439447
QYLD,2025-12-30T00:00:00Z,16.21,16.23,16.2,16.21,4812699.0,16.216666666666665,EVALUATION,-0.0037014188772364065
QYLD,2025-12-31T00:00:00Z,16.21,16.22,16.15,16.15,4961318.0,16.19333333333333,EVALUATION,0.0006191950464398133
QYLD,2026-01-02T00:00:00Z,16.22,16.25,16.11,16.16,10828498.0,16.173333333333332,EVALUATION,0.004331683168316891
QYLD,2026-01-05T00:00:00Z,16.2,16.26,16.2,16.23,5838184.0,16.18,EVALUATION,0.004313000616142926
QYLD,2026-01-06T00:00:00Z,16.24,16.3,16.24,16.3,6603746.0,16.23,EVALUATION,0.0
QYLD,2026-01-07T00:00:00Z,16.3,16.33,16.29,16.3,6273228.0,16.276666666666667,EVALUATION,-0.0018404907975461127
QYLD,2026-01-08T00:00:00Z,16.3,16.3,16.25,16.27,7861119.0,16.29,EVALUATION,0.0049170251997543435
QYLD,2026-01-09T00:00:00Z,16.3,16.35,16.28,16.35,4719884.0,16.306666666666665,EVALUATION,0.0006116207951070152
QYLD,2026-01-12T00:00:00Z,16.33,16.36,16.32,16.36,4058803.0,16.326666666666668,EVALUATION,-0.0006112469437651313
QYLD,2026-01-13T00:00:00Z,16.35,16.37,16.34,16.35,4897386.0,16.35333333333333,EVALUATION,0.0
QYLD,2026-01-14T00:00:00Z,16.34,16.35,16.29,16.35,6917639.0,16.35333333333333,EVALUATION,0.0
QYLD,2026-01-15T00:00:00Z,16.38,16.39,16.32,16.35,4217574.0,16.35,EVALUATION,-0.0006116207951071262
QYLD,2026-01-16T00:00:00Z,16.43,16.45,16.27,16.34,7791172.0,16.346666666666668,EVALUATION,-0.012239902080783294
QYLD,2026-01-20T00:00:00Z,16.19,16.25,16.11,16.14,11131784.0,16.276666666666667,EVALUATION,0.00991325898389106
QYLD,2026-01-21T00:00:00Z,16.17,16.35,16.14,16.3,10447750.0,16.259999999999998,EVALUATION,0.0036809815950920033
QYLD,2026-01-22T00:00:00Z,16.38,16.39,16.31,16.36,7960959.0,16.266666666666666,EVALUATION,0.003056234718826545
QYLD,2026-01-23T00:00:00Z,16.36,16.43,16.34,16.41,6484923.0,16.356666666666666,EVALUATION,0.001828153564899626
QYLD,2026-01-26T00:00:00Z,16.4,16.46,16.4,16.44,8489911.0,16.403333333333332,EVALUATION,0.0024330900243307862
QYLD,2026-01-27T00:00:00Z,16.47,16.5,16.46,16.48,4567585.0,16.443333333333335,EVALUATION,0.001820388349514701
QYLD,2026-01-28T00:00:00Z,16.51,16.53,16.48,16.51,5349650.0,16.476666666666667,EVALUATION,-0.00181708055723806
QYLD,2026-01-29T00:00:00Z,16.5,16.51,16.32,16.48,8599383.0,16.490000000000002,EVALUATION,-0.0030339805825243538
QYLD,2026-01-30T00:00:00Z,16.43,16.49,16.37,16.43,9738750.0,16.473333333333333,EVALUATION,0.004869141813755418
QYLD,2026-02-02T00:00:00Z,16.38,16.53,16.37,16.51,6994310.0,16.473333333333333,EVALUATION,-0.0090854027861903
QYLD,2026-02-03T00:00:00Z,16.52,16.53,16.25,16.36,11068135.0,16.433333333333334,EVALUATION,-0.01161369193154016
QYLD,2026-02-04T00:00:00Z,16.36,16.36,16.06,16.17,14201003.0,16.346666666666668,EVALUATION,-0.010513296227582014
QYLD,2026-02-05T00:00:00Z,16.06,16.15,15.94,16.0,17542392.0,16.176666666666666,EVALUATION,0.01937499999999992
QYLD,2026-02-06T00:00:00Z,16.07,16.33,16.05,16.31,9629652.0,16.16,EVALUATION,0.006744328632740881
QYLD,2026-02-09T00:00:00Z,16.27,16.45,16.22,16.42,10952324.0,16.243333333333332,EVALUATION,-0.0024360535931792215
QYLD,2026-02-10T00:00:00Z,16.44,16.47,16.37,16.38,7929852.0,16.37,EVALUATION,0.003663003663003872
QYLD,2026-02-11T00:00:00Z,16.47,16.5,16.3,16.44,9908554.0,16.413333333333334,EVALUATION,-0.01642335766423353
QYLD,2026-02-12T00:00:00Z,16.44,16.48,16.12,16.17,11518063.0,16.330000000000002,EVALUATION,0.0018552875695732052
QYLD,2026-02-13T00:00:00Z,16.15,16.3,16.04,16.2,13759650.0,16.27,EVALUATION,-0.0006172839506171091
QYLD,2026-02-17T00:00:00Z,16.1,16.25,15.96,16.19,16016840.0,16.186666666666667,EVALUATION,0.006794317479925871
QYLD,2026-02-18T00:00:00Z,16.21,16.41,16.17,16.3,8926773.0,16.23,EVALUATION,-0.0036809815950921143
QYLD,2026-02-19T00:00:00Z,16.23,16.31,16.17,16.24,9736762.0,16.243333333333332,EVALUATION,0.008004926108374555
QYLD,2026-02-20T00:00:00Z,16.15,16.42,16.14,16.37,9238117.0,16.303333333333335,EVALUATION,-0.006719609040928498
QYLD,2026-02-23T00:00:00Z,16.34,16.37,16.21,16.26,8486218.0,16.29,EVALUATION,0.006765067650676526
QYLD,2026-02-24T00:00:00Z,16.27,16.39,16.23,16.37,7222474.0,16.333333333333336,EVALUATION,0.007330482590103715
QYLD,2026-02-25T00:00:00Z,16.4,16.5,16.4,16.49,7524487.0,16.373333333333335,EVALUATION,-0.004851425106124796
QYLD,2026-02-26T00:00:00Z,16.5,16.5,16.33,16.41,10259625.0,16.423333333333332,EVALUATION,-0.0006093845216332827
QYLD,2026-02-27T00:00:00Z,16.32,16.41,16.3,16.4,13137860.0,16.43333333333333,EVALUATION,0.0018292682926830395
QYLD,2026-03-02T00:00:00Z,16.26,16.46,16.25,16.43,13703018.0,16.413333333333334,EVALUATION,-0.0066950699939135605
QYLD,2026-03-03T00:00:00Z,16.21,16.37,16.12,16.32,16654773.0,16.383333333333333,EVALUATION,0.009191176470588092
QYLD,2026-03-04T00:00:00Z,16.37,16.51,16.36,16.47,7954204.0,16.406666666666666,EVALUATION,-0.0012143290831815312
QYLD,2026-03-05T00:00:00Z,16.43,16.51,16.33,16.45,9621657.0,16.413333333333334,EVALUATION,-0.010942249240121549
QYLD,2026-03-06T00:00:00Z,16.29,16.4,16.26,16.27,14596108.0,16.396666666666665,EVALUATION,0.011063306699446773
QYLD,2026-03-09T00:00:00Z,16.17,16.48,16.14,16.45,15786626.0,16.39,EVALUATION,0.0012158054711246535
QYLD,2026-03-10T00:00:00Z,16.47,16.57,16.44,16.47,9334012.0,16.396666666666665,EVALUATION,0.0024286581663632845
QYLD,2026-03-11T00:00:00Z,16.5,16.56,16.45,16.51,9625387.0,16.476666666666667,EVALUATION,-0.011508176862507602
QYLD,2026-03-12T00:00:00Z,16.43,16.46,16.32,16.32,11701257.0,16.433333333333334,EVALUATION,-0.0030637254901960675
QYLD,2026-03-13T00:00:00Z,16.39,16.48,16.25,16.27,20596199.0,16.366666666666667,EVALUATION,0.012292562999385304
QYLD,2026-03-16T00:00:00Z,16.4,16.54,16.4,16.47,13166275.0,16.35333333333333,EVALUATION,0.004857316332726347
QYLD,2026-03-17T00:00:00Z,16.53,16.59,16.52,16.55,10670549.0,16.43,EVALUATION,-0.01148036253776441
QYLD,2026-03-18T00:00:00Z,16.51,16.55,16.35,16.36,18696710.0,16.46,EVALUATION,-0.003056234718826434
QYLD,2026-03-19T00:00:00Z,16.24,16.38,16.14,16.31,17928034.0,16.406666666666666,EVALUATION,-0.016554261189454245
QYLD,2026-03-20T00:00:00Z,16.26,16.26,15.98,16.04,18513745.0,16.236666666666665,EVALUATION,0.009975062344139696
QYLD,2026-03-23T00:00:00Z,16.21,16.29,16.14,16.2,12301379.0,16.183333333333334,EVALUATION,-0.0030864197530864335
QYLD,2026-03-24T00:00:00Z,16.12,16.2,16.1,16.15,9637130.0,16.13,EVALUATION,0.0037151702786379914
QYLD,2026-03-25T00:00:00Z,16.22,16.26,16.17,16.21,10442709.0,16.186666666666667,EVALUATION,-0.013571869216533083
QYLD,2026-03-26T00:00:00Z,16.12,16.17,15.99,15.99,11275945.0,16.116666666666667,EVALUATION,-0.011882426516572786
QYLD,2026-03-27T00:00:00Z,15.95,15.96,15.76,15.8,13860557.0,16.0,EVALUATION,-0.004430379746835467
QYLD,2026-03-30T00:00:00Z,15.89,15.93,15.66,15.73,11360460.0,15.84,EVALUATION,0.027336300063572683
QYLD,2026-03-31T00:00:00Z,15.86,16.16,15.85,16.16,14364031.0,15.896666666666667,EVALUATION,0.005569306930693019
QYLD,2026-04-01T00:00:00Z,16.23,16.31,16.19,16.25,7556085.0,16.046666666666667,EVALUATION,0.002461538461538515
QYLD,2026-04-02T00:00:00Z,16.09,16.3,16.04,16.29,8719875.0,16.233333333333334,EVALUATION,0.0036832412523022384
QYLD,2026-04-06T00:00:00Z,16.31,16.38,16.31,16.35,8089602.0,16.296666666666667,EVALUATION,-0.0006116207951071262
QYLD,2026-04-07T00:00:00Z,16.32,16.34,16.19,16.34,12388090.0,16.326666666666668,EVALUATION,0.011627906976744207
QYLD,2026-04-08T00:00:00Z,16.56,16.57,16.49,16.53,11040976.0,16.406666666666666,EVALUATION,0.002419842710223774
QYLD,2026-04-09T00:00:00Z,16.53,16.58,16.52,16.57,10609730.0,16.48,EVALUATION,0.0006035003017499374
QYLD,2026-04-10T00:00:00Z,16.59,16.6,16.57,16.58,4393456.0,16.560000000000002,EVALUATION,0.0012062726176118588
QYLD,2026-04-13T00:00:00Z,16.58,16.61,16.57,16.6,5178699.0,16.583333333333336,EVALUATION,0.00060240963855418
QYLD,2026-04-14T00:00:00Z,16.61,16.62,16.6,16.61,5243212.0,16.596666666666668,EVALUATION,0.0006020469596630385
QYLD,2026-04-15T00:00:00Z,16.62,16.62,16.61,16.62,3146022.0,16.61,EVALUATION,0.001203369434416235
QYLD,2026-04-16T00:00:00Z,16.61,16.65,16.61,16.64,4935497.0,16.623333333333335,EVALUATION,0.013221153846153744
QYLD,2026-04-17T00:00:00Z,16.74,16.88,16.73,16.86,9496048.0,16.706666666666667,EVALUATION,-0.001779359430605032
QYLD,2026-04-20T00:00:00Z,16.87,16.87,16.77,16.83,7097317.0,16.776666666666667,EVALUATION,-0.002376708259061111
QYLD,2026-04-21T00:00:00Z,16.86,16.88,16.76,16.79,6373196.0,16.826666666666668,EVALUATION,0.008338296605122197
QYLD,2026-04-22T00:00:00Z,16.87,16.94,16.87,16.93,3534169.0,16.85,EVALUATION,-0.002362669816893037
QYLD,2026-04-23T00:00:00Z,16.93,16.96,16.79,16.89,6745494.0,16.87,EVALUATION,0.007696862048549358
QYLD,2026-04-24T00:00:00Z,16.96,17.02,16.95,17.02,5388163.0,16.946666666666665,EVALUATION,0.000587544065804968
QYLD,2026-04-27T00:00:00Z,17.0,17.04,16.99,17.03,4081623.0,16.98,EVALUATION,-0.0029359953024075125
QYLD,2026-04-28T00:00:00Z,16.98,17.01,16.95,16.98,4537965.0,17.009999999999998,EVALUATION,0.002944640753828054
QYLD,2026-04-29T00:00:00Z,17.03,17.03,16.97,17.03,4820290.0,17.013333333333335,EVALUATION,0.004697592483851931
QYLD,2026-04-30T00:00:00Z,17.06,17.12,17.01,17.11,4765896.0,17.04,EVALUATION,0.0029222676797195923
QYLD,2026-05-01T00:00:00Z,17.12,17.17,17.12,17.16,4628811.0,17.1,EVALUATION,-0.0005827505827507018
QYLD,2026-05-04T00:00:00Z,17.16,17.17,17.12,17.15,3789668.0,17.14,EVALUATION,0.001749271137026387
QYLD,2026-05-05T00:00:00Z,17.17,17.19,17.17,17.18,3003699.0,17.163333333333334,EVALUATION,0.002328288707799775
QYLD,2026-05-06T00:00:00Z,17.21,17.22,17.2,17.22,3265517.0,17.18333333333333,EVALUATION,0.0
QYLD,2026-05-07T00:00:00Z,17.21,17.22,17.21,17.22,2667947.0,17.206666666666663,EVALUATION,0.0017421602787457413
QYLD,2026-05-08T00:00:00Z,17.22,17.25,17.22,17.25,2588941.0,17.229999999999997,EVALUATION,-0.0005797101449276365
QYLD,2026-05-11T00:00:00Z,17.24,17.24,17.23,17.24,4171376.0,17.236666666666665,EVALUATION,-0.000580046403712231
QYLD,2026-05-12T00:00:00Z,17.25,17.25,17.23,17.23,3048867.0,17.24,EVALUATION,0.0011607661056296514
QYLD,2026-05-13T00:00:00Z,17.24,17.25,17.23,17.25,2171690.0,17.24,EVALUATION,0.0
QYLD,2026-05-14T00:00:00Z,17.24,17.27,17.24,17.25,4966656.0,17.243333333333332,EVALUATION,-0.013333333333333308
QYLD,2026-05-15T00:00:00Z,17.03,17.08,16.91,17.02,11999165.0,17.173333333333332,EVALUATION,0.0
QYLD,2026-05-18T00:00:00Z,17.07,17.07,16.92,17.02,15497096.0,17.096666666666664,EVALUATION,-0.003525264394829586
QYLD,2026-05-19T00:00:00Z,16.93,17.03,16.88,16.96,9787636.0,17.0,EVALUATION,0.008844339622641417
QYLD,2026-05-20T00:00:00Z,17.02,17.12,17.0,17.11,5678523.0,17.03,EVALUATION,0.0023378141437755406
QYLD,2026-05-21T00:00:00Z,17.06,17.17,17.05,17.15,7333197.0,17.07333333333333,EVALUATION,0.001749271137026387
QYLD,2026-05-22T00:00:00Z,17.19,17.23,17.17,17.18,4823168.0,17.146666666666665,EVALUATION,0.00640279394644927
QYLD,2026-05-26T00:00:00Z,17.29,17.3,17.26,17.29,6639846.0,17.206666666666663,EVALUATION,0.0011567379988433046
QYLD,2026-05-27T00:00:00Z,17.31,17.32,17.27,17.31,4716930.0,17.259999999999998,EVALUATION,0.0023108030040439598
QYLD,2026-05-28T00:00:00Z,17.3,17.37,17.3,17.35,3520428.0,17.316666666666666,EVALUATION,0.0017291066282418832
QYLD,2026-05-29T00:00:00Z,17.37,17.4,17.36,17.38,3614654.0,17.346666666666668,EVALUATION,0.0023014959723821615
QYLD,2026-06-01T00:00:00Z,17.37,17.42,17.37,17.42,3824714.0,17.383333333333333,EVALUATION,0.0005740528128586053
QYLD,2026-06-02T00:00:00Z,17.42,17.43,17.4,17.43,3386956.0,17.41,EVALUATION,-0.0005737234652896106
QYLD,2026-06-03T00:00:00Z,17.43,17.44,17.42,17.42,4023420.0,17.423333333333336,EVALUATION,0.0
QYLD,2026-06-04T00:00:00Z,17.41,17.44,17.38,17.42,2864089.0,17.423333333333336,EVALUATION,-0.017795637198622427
QYLD,2026-06-05T00:00:00Z,17.38,17.4,17.08,17.11,9270089.0,17.31666666666667,EVALUATION,0.010520163646990044
QYLD,2026-06-08T00:00:00Z,17.25,17.34,17.24,17.29,6938288.0,17.273333333333333,EVALUATION,-0.007518796992481147
QYLD,2026-06-09T00:00:00Z,17.33,17.38,16.79,17.16,12287100.0,17.186666666666667,EVALUATION,-0.012237762237762295
QYLD,2026-06-10T00:00:00Z,17.07,17.22,16.94,16.95,9154510.0,17.133333333333333,EVALUATION,0.020058997050147465
QYLD,2026-06-11T00:00:00Z,17.06,17.3,16.98,17.29,13601456.0,17.133333333333333,EVALUATION,0.005783689994216301
QYLD,2026-06-12T00:00:00Z,17.3,17.41,17.24,17.39,6233523.0,17.21,EVALUATION,0.006325474410580734
QYLD,2026-06-15T00:00:00Z,17.47,17.52,17.47,17.5,3254277.0,17.39333333333333,EVALUATION,-0.0005714285714286671
QYLD,2026-06-16T00:00:00Z,17.5,17.52,17.49,17.49,3026398.0,17.46,EVALUATION,-0.0062893081761006275
QYLD,2026-06-17T00:00:00Z,17.51,17.57,17.35,17.38,10138234.0,17.456666666666663,EVALUATION,0.024165707710011697
QYLD,2026-06-18T00:00:00Z,17.66,17.82,17.63,17.8,10629395.0,17.556666666666665,EVALUATION,-0.0011235955056179137
QYLD,2026-06-22T00:00:00Z,17.82,17.87,17.75,17.78,4852688.0,17.653333333333332,EVALUATION,-0.019685039370078816
QYLD,2026-06-23T00:00:00Z,17.47,17.6,17.38,17.43,6453191.0,17.67,EVALUATION,-0.0022948938611588865
QYLD,2026-06-24T00:00:00Z,17.46,17.55,17.27,17.39,7479742.0,17.53333333333333,EVALUATION,0.005175388154111449
QYLD,2026-06-25T00:00:00Z,17.65,17.66,17.3,17.48,9307135.0,17.433333333333334,EVALUATION,-0.008009153318077833
QYLD,2026-06-26T00:00:00Z,17.34,17.5,17.26,17.34,4342216.0,17.403333333333336,EVALUATION,0.021337946943483344
QYLD,2026-06-29T00:00:00Z,17.5,17.71,17.34,17.71,4709165.0,17.51,EVALUATION,0.010163749294183955
QYLD,2026-06-30T00:00:00Z,17.69,17.91,17.69,17.89,4020968.0,17.64666666666667,EVALUATION,-0.006707657909446718
QYLD,2026-07-01T00:00:00Z,17.8,17.86,17.74,17.77,3765234.0,17.79,EVALUATION,-0.011817670230725996
QYLD,2026-07-02T00:00:00Z,17.78,17.87,17.45,17.56,3415243.0,17.74,EVALUATION,0.013667425968109548
QYLD,2026-07-06T00:00:00Z,17.72,17.84,17.7,17.8,2941213.0,17.71,EVALUATION,-0.014606741573033766
QYLD,2026-07-07T00:00:00Z,17.63,17.68,17.43,17.54,3925414.0,17.633333333333333,EVALUATION,0.003420752565564511
QYLD,2026-07-08T00:00:00Z,17.44,17.62,17.35,17.6,4494314.0,17.64666666666667,EVALUATION,0.014204545454545414
QYLD,2026-07-09T00:00:00Z,17.76,17.86,17.68,17.85,3514787.0,17.663333333333334,EVALUATION,0.0039215686274509665
QYLD,2026-07-10T00:00:00Z,17.82,17.94,17.75,17.92,3057667.0,17.79,EVALUATION,-0.016741071428571508
QYLD,2026-07-13T00:00:00Z,17.77,17.79,17.59,17.62,4687027.0,17.796666666666667,EVALUATION,0.011918274687854558
QYLD,2026-07-14T00:00:00Z,17.83,17.88,17.69,17.83,3046072.0,17.79,EVALUATION,-0.0033651149747615516
QYLD,2026-07-15T00:00:00Z,17.92,17.94,17.6,17.77,3046960.0,17.74,EVALUATION,-0.015194147439504757
QYLD,2026-07-16T00:00:00Z,17.64,17.68,17.41,17.5,4034889.0,17.7,EVALUATION,-0.01200000000000001
QYLD,2026-07-17T00:00:00Z,17.15,17.36,17.01,17.29,9018575.0,17.52,EVALUATION,0.001735106998264957
QYLD,2026-07-20T00:00:00Z,17.37,17.43,17.31,17.32,4333091.0,17.369999999999997,EVALUATION,0.008660508083140783
QYLD,2026-07-21T00:00:00Z,17.44,17.47,17.4,17.47,4645964.0,17.36,EVALUATION,-0.0011448196908986352
QYLD,2026-07-22T00:00:00Z,17.42,17.48,17.42,17.45,2313296.0,17.413333333333334,EVALUATION,-0.00859598853868182
QYLD,2026-07-23T00:00:00Z,17.33,17.39,17.22,17.3,6431035.0,17.406666666666666,EVALUATION,-0.0046242774566475076
QYLD,2026-07-24T00:00:00Z,17.3,17.35,17.2,17.22,3802128.0,17.32333333333333,EVALUATION,-0.0005807200929150991
QYLD,2026-07-27T00:00:00Z,17.35,17.36,17.11,17.21,5407546.0,17.243333333333332,EVALUATION,-0.004067402672864651
QYLD,2026-07-28T00:00:00Z,17.14,17.2,16.99,17.14,5219362.0,17.19,EVALUATION,-0.014585764294049008
QYLD,2026-07-29T00:00:00Z,17.14,17.23,16.88,16.89,6037236.0,17.080000000000002,EVALUATION,0.023090586145648295
QYLD,2026-07-30T00:00:00Z,17.14,17.32,17.13,17.28,5001368.0,17.103333333333335,EVALUATION,0.0063657407407407
QYLD,2026-07-31T00:00:00Z,17.42,17.46,17.23,17.39,4151128.0,17.186666666666667,EVALUATION,0.009775733179988366
QYLD,2026-08-03T00:00:00Z,17.4,17.57,17.37,17.56,3490034.0,17.41,EVALUATION,0.009681093394077633
QYLD,2026-08-04T00:00:00Z,17.65,17.74,17.65,17.73,3498512.0,17.56,EVALUATION,0.0
QYLD,2026-08-05T00:00:00Z,17.74,17.76,17.72,17.73,4347484.0,17.673333333333332,EVALUATION,0.0
QYLD,2026-08-06T00:00:00Z,17.68,17.75,17.66,17.73,2975986.0,17.73,EVALUATION,0.0033840947546530664
QYLD,2026-08-07T00:00:00Z,17.76,17.8,17.75,17.79,3516161.0,17.75,EVALUATION,0.0005621135469364713
QYLD,2026-08-10T00:00:00Z,17.79,17.81,17.78,17.8,3157922.0,17.773333333333333,EVALUATION,0.0005617977528089568
QYLD,2026-08-11T00:00:00Z,17.82,17.82,17.79,17.81,1857312.0,17.8,EVALUATION,0.001122964626614209
QYLD,2026-08-12T00:00:00Z,17.84,17.84,17.82,17.83,2498050.0,17.813333333333333,EVALUATION,0.000560852495793629
QYLD,2026-08-13T00:00:00Z,17.84,17.85,17.83,17.84,1716076.0,17.826666666666664,EVALUATION,0.0011210762331839152
QYLD,2026-08-14T00:00:00Z,17.86,17.86,17.84,17.86,3304221.0,17.843333333333334,EVALUATION,-0.0005599104143335643
QYLD,2026-08-17T00:00:00Z,17.86,17.88,17.85,17.85,2842395.0,17.85,EVALUATION,0.0
QYLD,2026-08-18T00:00:00Z,17.83,17.86,17.83,17.85,2965033.0,17.85333333333333,EVALUATION,0.0005602240896358524
QYLD,2026-08-19T00:00:00Z,17.86,17.86,17.84,17.86,1664765.0,17.85333333333333,EVALUATION,0.0011198208286673506
QYLD,2026-08-20T00:00:00Z,17.86,17.89,17.85,17.88,3581418.0,17.863333333333333,EVALUATION,0.004474272930648837
QYLD,2026-08-21T00:00:00Z,17.96,17.99,17.84,17.96,4723560.0,17.9,EVALUATION,-0.0038975501113586164
QYLD,2026-08-24T00:00:00Z,17.91,17.94,17.83,17.89,3652318.0,17.91,EVALUATION,0.003912800447177123
QYLD,2026-08-25T00:00:00Z,17.94,17.98,17.9,17.96,5155533.0,17.936666666666667,EVALUATION,0.00111358574610243
QYLD,2026-08-26T00:00:00Z,17.92,18.0,17.92,17.98,4892013.0,17.943333333333335,EVALUATION,0.007230255839822064
QYLD,2026-08-27T00:00:00Z,18.05,18.11,18.03,18.11,7575537.0,18.016666666666666,EVALUATION,-0.001104362230811673
QYLD,2026-08-28T00:00:00Z,18.09,18.15,18.06,18.09,5640036.0,18.06,EVALUATION,0.001105583195135429
QYLD,2026-08-31T00:00:00Z,18.08,18.12,18.06,18.11,5944071.0,18.10333333333333,EVALUATION,-0.006073992269464368
QYLD,2026-09-01T00:00:00Z,18.03,18.07,17.94,18.0,5236832.0,18.066666666666666,EVALUATION,0.0022222222222221255
QYLD,2026-09-02T00:00:00Z,17.98,18.05,17.96,18.04,5640924.0,18.049999999999997,EVALUATION,0.006651884700665134
QYLD,2026-09-03T00:00:00Z,18.05,18.16,18.04,18.16,3700555.0,18.066666666666666,EVALUATION,0.0016519823788547772
QYLD,2026-09-04T00:00:00Z,18.16,18.19,18.15,18.19,3764268.0,18.13,EVALUATION,0.0005497526113247275
QYLD,2026-09-08T00:00:00Z,18.2,18.2,18.15,18.2,3455777.0,18.183333333333334,EVALUATION,-0.0016483516483515315
QYLD,2026-09-09T00:00:00Z,18.16,18.2,18.14,18.17,2543220.0,18.186666666666667,EVALUATION,-0.005503577325261522
QYLD,2026-09-10T00:00:00Z,18.05,18.13,18.04,18.07,2533119.0,18.14666666666667,EVALUATION,0.007194244604316502
QYLD,2026-09-11T00:00:00Z,18.16,18.22,18.16,18.2,2328158.0,18.14666666666667,EVALUATION,-0.0027472527472527375
QYLD,2026-09-14T00:00:00Z,18.03,18.2,18.03,18.15,3145019.0,18.14,EVALUATION,-0.0038567493112947604
QYLD,2026-09-15T00:00:00Z,18.16,18.18,18.07,18.08,2771280.0,18.14333333333333,EVALUATION,0.0027654867256636795
QYLD,2026-09-16T00:00:00Z,18.17,18.22,18.01,18.13,3856121.0,18.119999999999997,EVALUATION,0.01158301158301156
QYLD,2026-09-17T00:00:00Z,18.26,18.36,18.26,18.34,5363255.0,18.183333333333334,EVALUATION,0.0016357688113413094
QYLD,2026-09-18T00:00:00Z,18.39,18.4,18.29,18.37,3833220.0,18.28,EVALUATION,0.008709853021230174
QYLD,2026-09-21T00:00:00Z,18.47,18.53,18.46,18.53,6530026.0,18.413333333333334,EVALUATION,0.0010793308148946412
QYLD,2026-09-22T00:00:00Z,18.515,18.56,18.51,18.55,3428223.0,18.483333333333334,EVALUATION,-0.0021563342318058343
QYLD,2026-09-23T00:00:00Z,18.55,18.56,18.5,18.51,3005755.0,18.53,EVALUATION,0.0010804970286331095
QYLD,2026-09-24T00:00:00Z,18.472,18.54,18.472,18.53,4626198.0,18.53,EVALUATION,0.0010793308148946412
QYLD,2026-09-25T00:00:00Z,18.53,18.57,18.52,18.55,3606634.0,18.53,EVALUATION,-0.0016172506738545422
QYLD,2026-09-28T00:00:00Z,18.54,18.55,18.49,18.52,2667549.0,18.53333333333333,EVALUATION,0.0016198704103671524
QYLD,2026-09-29T00:00:00Z,18.55,18.56,18.52,18.55,3318965.0,18.54,EVALUATION,0.0
QYLD,2026-09-30T00:00:00Z,18.57,18.59,18.55,18.55,3047318.0,18.54,EVALUATION,0.0010781671159030282
QYLD,2026-10-01T00:00:00Z,18.57,18.59,18.53,18.57,5087728.0,18.55666666666667,SUPPORT_FORWARD_RETURN,
