instrument,timestamp,open,high,low,close,volume,sma_close_3,row_role,forward_return_1d
SVXY,2018-02-27T00:00:00Z,26.94,27.26,24.54,24.78,15453381.0,,SUPPORT_SMA3_WARMUP,
SVXY,2018-02-28T00:00:00Z,25.5,25.54,24.46,24.46,9511510.0,,SUPPORT_SMA3_WARMUP,
SVXY,2018-03-01T00:00:00Z,24.58,24.72,23.14,23.66,17861946.0,24.3,EVALUATION,0.023668639053254337
SVXY,2018-03-02T00:00:00Z,23.16,24.34,22.88,24.22,9407352.0,24.113333333333333,EVALUATION,0.024772914946325386
SVXY,2018-03-05T00:00:00Z,24.02,24.88,24.0,24.82,6931889.0,24.233333333333334,EVALUATION,-0.0032232070910557242
SVXY,2018-03-06T00:00:00Z,24.9,24.9,24.24,24.74,7012052.0,24.593333333333334,EVALUATION,0.003233629749393785
SVXY,2018-03-07T00:00:00Z,24.18,24.9,24.1,24.82,7093883.0,24.793333333333333,EVALUATION,0.018533440773569776
SVXY,2018-03-08T00:00:00Z,24.96,25.32,24.88,25.28,8005831.0,24.946666666666665,EVALUATION,0.04667721518987333
SVXY,2018-03-09T00:00:00Z,25.52,26.46,25.5,26.46,9741894.0,25.520000000000003,EVALUATION,-0.028722600151171673
SVXY,2018-03-12T00:00:00Z,26.14,26.22,25.62,25.7,8759974.0,25.813333333333333,EVALUATION,-0.007003891050583633
SVXY,2018-03-13T00:00:00Z,26.06,26.13,25.3,25.52,7179709.0,25.89333333333333,EVALUATION,-0.010971786833855801
SVXY,2018-03-14T00:00:00Z,25.74,25.74,25.03,25.24,7303476.0,25.486666666666665,EVALUATION,0.01267828843106189
SVXY,2018-03-15T00:00:00Z,25.36,25.74,25.1,25.56,5244382.0,25.439999999999998,EVALUATION,0.010954616588419341
SVXY,2018-03-16T00:00:00Z,25.7,26.14,25.68,25.84,4133105.0,25.546666666666667,EVALUATION,-0.047987616099071095
SVXY,2018-03-19T00:00:00Z,25.56,25.6,24.0,24.6,14247094.0,25.333333333333336,EVALUATION,0.0138211382113822
SVXY,2018-03-20T00:00:00Z,24.74,25.02,24.6,24.94,5457399.0,25.12666666666667,EVALUATION,0.004811547714514752
SVXY,2018-03-21T00:00:00Z,25.06,25.76,24.96,25.06,8339145.0,24.866666666666667,EVALUATION,-0.06464485235434947
SVXY,2018-03-22T00:00:00Z,24.3,24.65,23.3,23.44,17355697.0,24.48,EVALUATION,-0.028156996587030747
SVXY,2018-03-23T00:00:00Z,23.64,23.96,22.76,22.78,13588486.0,23.76,EVALUATION,0.03863037752414389
SVXY,2018-03-26T00:00:00Z,23.62,23.7,22.92,23.66,7568134.0,23.293333333333333,EVALUATION,-0.035502958579881616
SVXY,2018-03-27T00:00:00Z,23.72,23.72,22.6,22.82,8453990.0,23.086666666666666,EVALUATION,-0.010517090271691565
SVXY,2018-03-28T00:00:00Z,22.92,23.04,22.22,22.58,8989318.0,23.02,EVALUATION,0.039858281665190454
SVXY,2018-03-29T00:00:00Z,22.86,23.48,22.68,23.48,8366144.0,22.96,EVALUATION,-0.05025553662691651
SVXY,2018-04-02T00:00:00Z,23.02,23.16,21.8,22.3,11809750.0,22.78666666666667,EVALUATION,0.021524663677130018
SVXY,2018-04-03T00:00:00Z,22.58,22.8,22.28,22.78,7553063.0,22.853333333333335,EVALUATION,0.008779631255487308
SVXY,2018-04-04T00:00:00Z,21.92,23.05,21.9,22.98,8198029.0,22.686666666666667,EVALUATION,0.0174064403829417
SVXY,2018-04-05T00:00:00Z,23.15,23.44,22.98,23.38,4664827.0,23.046666666666667,EVALUATION,-0.026518391787852758
SVXY,2018-04-06T00:00:00Z,23.02,23.33,22.14,22.76,8102819.0,23.04,EVALUATION,-0.0061511423550087985
SVXY,2018-04-09T00:00:00Z,22.84,23.04,22.58,22.62,4708304.0,22.92,EVALUATION,0.015030946065428763
SVXY,2018-04-10T00:00:00Z,23.02,23.04,22.65,22.96,4997419.0,22.78,EVALUATION,-0.0060975609756097615
SVXY,2018-04-11T00:00:00Z,22.7,23.0,22.64,22.82,3056491.0,22.8,EVALUATION,0.021910604732690686
SVXY,2018-04-12T00:00:00Z,23.02,23.4,23.02,23.32,3961195.0,23.03333333333333,EVALUATION,0.019725557461406584
SVXY,2018-04-13T00:00:00Z,23.62,23.84,23.4,23.78,5079920.0,23.306666666666665,EVALUATION,0.02270815811606397
SVXY,2018-04-16T00:00:00Z,24.02,24.4,24.0,24.32,5767161.0,23.80666666666667,EVALUATION,0.032072368421052655
SVXY,2018-04-17T00:00:00Z,24.58,25.26,24.5,25.1,4677790.0,24.400000000000002,EVALUATION,-0.0015936254980081221
SVXY,2018-04-18T00:00:00Z,24.86,25.16,24.34,25.06,7146557.0,24.826666666666668,EVALUATION,-0.00877893056664003
SVXY,2018-04-19T00:00:00Z,24.7,24.98,24.42,24.84,4895262.0,25.0,EVALUATION,-0.01449275362318836
SVXY,2018-04-20T00:00:00Z,24.82,25.0,24.32,24.48,6500808.0,24.793333333333333,EVALUATION,0.004901960784313708
SVXY,2018-04-23T00:00:00Z,24.58,24.9,24.34,24.6,4651434.0,24.64,EVALUATION,-0.025203252032520385
SVXY,2018-04-24T00:00:00Z,24.88,25.02,23.47,23.98,9520611.0,24.353333333333335,EVALUATION,-0.005004170141784892
SVXY,2018-04-25T00:00:00Z,23.92,23.94,23.48,23.86,4829906.0,24.14666666666667,EVALUATION,0.026823134953897654
SVXY,2018-04-26T00:00:00Z,24.16,24.58,24.02,24.5,5027931.0,24.113333333333333,EVALUATION,0.008163265306122325
SVXY,2018-04-27T00:00:00Z,24.64,24.76,24.24,24.7,4528021.0,24.35333333333333,EVALUATION,-0.0016194331983805377
SVXY,2018-04-30T00:00:00Z,24.82,25.06,24.61,24.66,3904605.0,24.619999999999997,EVALUATION,0.008921330089213253
SVXY,2018-05-01T00:00:00Z,24.58,24.9,24.4,24.88,3252149.0,24.746666666666666,EVALUATION,0.002411575562700996
SVXY,2018-05-02T00:00:00Z,24.9,25.3,24.88,24.94,3583765.0,24.826666666666668,EVALUATION,-0.01122694466720131
SVXY,2018-05-03T00:00:00Z,24.72,24.82,23.92,24.66,8286743.0,24.826666666666668,EVALUATION,0.016220600162205834
SVXY,2018-05-04T00:00:00Z,24.48,25.14,24.4,25.06,4118183.0,24.88666666666667,EVALUATION,0.0031923383878691425
SVXY,2018-05-07T00:00:00Z,25.18,25.3,25.02,25.14,3075099.0,24.953333333333333,EVALUATION,0.0007955449482894839
SVXY,2018-05-08T00:00:00Z,25.06,25.24,24.95,25.16,2429460.0,25.12,EVALUATION,0.022257551669316422
SVXY,2018-05-09T00:00:00Z,25.32,25.74,25.24,25.72,3963558.0,25.34,EVALUATION,0.02488335925349916
SVXY,2018-05-10T00:00:00Z,25.8,26.4,25.8,26.36,4051889.0,25.746666666666666,EVALUATION,0.006828528072837514
SVXY,2018-05-11T00:00:00Z,26.3,26.54,26.14,26.54,3161778.0,26.206666666666663,EVALUATION,0.015825169555388152
SVXY,2018-05-14T00:00:00Z,26.66,27.01,26.64,26.96,3715951.0,26.619999999999997,EVALUATION,-0.036350148367952584
SVXY,2018-05-15T00:00:00Z,26.46,26.46,25.8,25.98,6998957.0,26.493333333333332,EVALUATION,0.016936104695919996
SVXY,2018-05-16T00:00:00Z,26.2,26.56,26.18,26.42,4128789.0,26.453333333333333,EVALUATION,0.01514004542013625
SVXY,2018-05-17T00:00:00Z,26.5,26.86,26.34,26.82,3701975.0,26.406666666666666,EVALUATION,-0.005965697240865042
SVXY,2018-05-18T00:00:00Z,26.66,26.76,26.4,26.66,3519882.0,26.633333333333333,EVALUATION,0.013503375843960885
SVXY,2018-05-21T00:00:00Z,27.1,27.34,26.9,27.02,4079880.0,26.833333333333332,EVALUATION,-0.0037009622501850137
SVXY,2018-05-22T00:00:00Z,27.12,27.2,26.84,26.92,2382858.0,26.866666666666667,EVALUATION,0.006686478454680511
SVXY,2018-05-23T00:00:00Z,26.48,27.18,26.28,27.1,4067930.0,27.013333333333335,EVALUATION,0.002952029520295163
SVXY,2018-05-24T00:00:00Z,27.06,27.26,26.44,27.18,5487454.0,27.06666666666667,EVALUATION,-0.0066225165562914245
SVXY,2018-05-25T00:00:00Z,27.0,27.3,26.88,27.0,3829945.0,27.093333333333334,EVALUATION,-0.059259259259259345
SVXY,2018-05-29T00:00:00Z,26.36,26.66,24.92,25.4,10433374.0,26.526666666666667,EVALUATION,0.023622047244094446
SVXY,2018-05-30T00:00:00Z,25.72,26.16,25.69,26.0,5016173.0,26.133333333333333,EVALUATION,-0.005384615384615432
SVXY,2018-05-31T00:00:00Z,25.98,26.06,25.5,25.86,6204877.0,25.75333333333333,EVALUATION,0.01933488012374318
SVXY,2018-06-01T00:00:00Z,26.38,26.6,26.34,26.36,4763625.0,26.07333333333333,EVALUATION,0.023520485584218598
SVXY,2018-06-04T00:00:00Z,26.66,26.98,26.62,26.98,3399518.0,26.4,EVALUATION,0.004447739065974732
SVXY,2018-06-05T00:00:00Z,26.94,27.13,26.76,27.1,3230524.0,26.813333333333333,EVALUATION,0.01623616236162362
SVXY,2018-06-06T00:00:00Z,27.22,27.62,27.14,27.54,3876005.0,27.206666666666667,EVALUATION,-0.006535947712418277
SVXY,2018-06-07T00:00:00Z,27.68,27.72,26.92,27.36,5861787.0,27.333333333333332,EVALUATION,0.0029239766081872176
SVXY,2018-06-08T00:00:00Z,27.12,27.58,27.08,27.44,3519510.0,27.446666666666665,EVALUATION,0.010204081632652962
SVXY,2018-06-11T00:00:00Z,27.44,27.78,27.4,27.72,3635135.0,27.506666666666668,EVALUATION,0.0
SVXY,2018-06-12T00:00:00Z,27.8,27.88,27.56,27.72,3564051.0,27.626666666666665,EVALUATION,-0.00649350649350644
SVXY,2018-06-13T00:00:00Z,27.92,27.98,27.54,27.54,4037982.0,27.66,EVALUATION,0.017429193899782147
SVXY,2018-06-14T00:00:00Z,27.94,28.18,27.8,28.02,4452986.0,27.759999999999998,EVALUATION,-0.0064239828693789525
SVXY,2018-06-15T00:00:00Z,27.74,27.94,27.48,27.84,4536029.0,27.799999999999997,EVALUATION,0.008620689655172376
SVXY,2018-06-18T00:00:00Z,27.46,28.08,27.24,28.08,4037212.0,27.979999999999997,EVALUATION,-0.024216524216524205
SVXY,2018-06-19T00:00:00Z,27.12,27.5,26.85,27.4,9599945.0,27.773333333333333,EVALUATION,0.009489051094890621
SVXY,2018-06-20T00:00:00Z,27.62,27.84,27.61,27.66,5686625.0,27.71333333333333,EVALUATION,-0.0318148951554591
SVXY,2018-06-21T00:00:00Z,27.6,27.61,26.46,26.78,10033717.0,27.28,EVALUATION,0.010455563853622118
SVXY,2018-06-22T00:00:00Z,27.18,27.31,26.99,27.06,4982413.0,27.166666666666668,EVALUATION,-0.07169253510716922
SVXY,2018-06-25T00:00:00Z,26.7,26.7,24.44,25.12,16108346.0,26.32,EVALUATION,0.02149681528662417
SVXY,2018-06-26T00:00:00Z,25.72,25.98,25.24,25.66,7201347.0,25.946666666666665,EVALUATION,-0.024162120031177015
SVXY,2018-06-27T00:00:00Z,25.86,26.18,24.66,25.04,12849660.0,25.273333333333333,EVALUATION,0.005591054313099031
SVXY,2018-06-28T00:00:00Z,24.88,25.34,24.36,25.18,9703892.0,25.29333333333333,EVALUATION,0.010325655281969937
SVXY,2018-06-29T00:00:00Z,25.62,25.92,25.44,25.44,5827764.0,25.22,EVALUATION,0.0
SVXY,2018-07-02T00:00:00Z,24.88,25.48,24.72,25.44,7343473.0,25.35333333333333,EVALUATION,-0.0015723270440252124
SVXY,2018-07-03T00:00:00Z,25.76,25.84,25.22,25.4,3981937.0,25.42666666666667,EVALUATION,0.014173228346456845
SVXY,2018-07-05T00:00:00Z,25.68,25.81,25.34,25.76,3951853.0,25.533333333333335,EVALUATION,0.02795031055900621
SVXY,2018-07-06T00:00:00Z,25.8,26.5,25.78,26.48,5771432.0,25.880000000000003,EVALUATION,0.024924471299093698
SVXY,2018-07-09T00:00:00Z,26.84,27.24,26.8,27.14,4687848.0,26.46,EVALUATION,0.010316875460574915
SVXY,2018-07-10T00:00:00Z,27.3,27.45,27.0,27.42,4200961.0,27.013333333333335,EVALUATION,-0.01750547045951867
SVXY,2018-07-11T00:00:00Z,26.82,27.16,26.7,26.94,5834367.0,27.166666666666668,EVALUATION,0.017817371937639104
SVXY,2018-07-12T00:00:00Z,27.22,27.44,27.06,27.42,3773801.0,27.26,EVALUATION,0.004376367614879584
SVXY,2018-07-13T00:00:00Z,27.28,27.6,27.16,27.54,3245101.0,27.3,EVALUATION,0.002904865649963728
SVXY,2018-07-16T00:00:00Z,27.64,27.74,27.38,27.62,4089972.0,27.526666666666667,EVALUATION,0.005068790731354023
SVXY,2018-07-17T00:00:00Z,27.42,27.96,27.36,27.76,3920485.0,27.64,EVALUATION,0.006484149855907839
SVXY,2018-07-18T00:00:00Z,27.98,28.08,27.58,27.94,5440921.0,27.773333333333333,EVALUATION,-0.01145311381531855
SVXY,2018-07-19T00:00:00Z,27.66,27.87,27.48,27.62,4066351.0,27.773333333333333,EVALUATION,-0.0014482259232441175
SVXY,2018-07-20T00:00:00Z,27.46,27.76,27.4,27.58,4184887.0,27.713333333333335,EVALUATION,0.0014503263234229014
SVXY,2018-07-23T00:00:00Z,27.56,27.78,27.37,27.62,3724001.0,27.60666666666667,EVALUATION,0.01086169442433027
SVXY,2018-07-24T00:00:00Z,28.02,28.08,27.38,27.92,5004269.0,27.706666666666667,EVALUATION,0.0007163323782235498
SVXY,2018-07-25T00:00:00Z,27.72,28.1,27.7,27.94,4874668.0,27.826666666666668,EVALUATION,0.0
SVXY,2018-07-26T00:00:00Z,27.92,28.08,27.74,27.94,3711205.0,27.933333333333337,EVALUATION,-0.015748031496063075
SVXY,2018-07-27T00:00:00Z,28.06,28.06,27.1,27.5,7849062.0,27.793333333333337,EVALUATION,-0.01381818181818173
SVXY,2018-07-30T00:00:00Z,27.64,27.66,26.96,27.12,4587745.0,27.520000000000003,EVALUATION,0.01327433628318575
SVXY,2018-07-31T00:00:00Z,27.44,27.58,27.32,27.48,4768080.0,27.366666666666667,EVALUATION,0.005822416302765587
SVXY,2018-08-01T00:00:00Z,27.7,27.86,27.42,27.64,4692525.0,27.413333333333334,EVALUATION,0.005788712011577379
SVXY,2018-08-02T00:00:00Z,27.1,27.86,27.01,27.8,5811377.0,27.64,EVALUATION,0.0057553956834532904
SVXY,2018-08-03T00:00:00Z,27.82,28.14,27.76,27.96,3600372.0,27.8,EVALUATION,0.01859799713876975
SVXY,2018-08-06T00:00:00Z,28.08,28.54,28.02,28.48,3228382.0,28.080000000000002,EVALUATION,0.011938202247190999
SVXY,2018-08-07T00:00:00Z,28.7,28.88,28.64,28.82,2971331.0,28.42,EVALUATION,0.006939625260235838
SVXY,2018-08-08T00:00:00Z,28.82,29.14,28.72,29.02,2574662.0,28.773333333333333,EVALUATION,-0.006891798759476209
SVXY,2018-08-09T00:00:00Z,29.06,29.2,28.8,28.82,2420440.0,28.88666666666667,EVALUATION,-0.02498265093684937
SVXY,2018-08-10T00:00:00Z,28.18,28.4,27.78,28.1,7386417.0,28.64666666666667,EVALUATION,-0.029893238434163694
SVXY,2018-08-13T00:00:00Z,27.94,28.42,27.24,27.26,9156498.0,28.060000000000002,EVALUATION,0.02567865003668368
SVXY,2018-08-14T00:00:00Z,27.52,27.98,27.32,27.96,5521540.0,27.773333333333333,EVALUATION,-0.032188841201716833
SVXY,2018-08-15T00:00:00Z,27.24,27.28,26.12,27.06,14864080.0,27.42666666666667,EVALUATION,0.028085735402808565
SVXY,2018-08-16T00:00:00Z,27.6,28.06,27.58,27.82,5186578.0,27.613333333333333,EVALUATION,0.014378145219266614
SVXY,2018-08-17T00:00:00Z,27.7,28.28,27.54,28.22,5531664.0,27.7,EVALUATION,0.009213323883770386
SVXY,2018-08-20T00:00:00Z,28.52,28.6,28.38,28.48,3140975.0,28.173333333333332,EVALUATION,-0.010533707865168607
SVXY,2018-08-21T00:00:00Z,28.58,28.68,28.16,28.18,4611736.0,28.293333333333333,EVALUATION,0.0063875088715401596
SVXY,2018-08-22T00:00:00Z,28.2,28.48,28.18,28.36,4248578.0,28.34,EVALUATION,0.0021156558533146352
SVXY,2018-08-23T00:00:00Z,28.52,28.64,28.18,28.42,5398656.0,28.32,EVALUATION,0.0028149190710766714
SVXY,2018-08-24T00:00:00Z,28.6,28.74,28.46,28.5,3796201.0,28.42666666666667,EVALUATION,-0.00070175438596487
SVXY,2018-08-27T00:00:00Z,28.74,28.74,28.46,28.48,3210867.0,28.46666666666667,EVALUATION,-0.001404494382022392
SVXY,2018-08-28T00:00:00Z,28.62,28.63,28.31,28.44,2834791.0,28.473333333333336,EVALUATION,0.0007032348804500987
SVXY,2018-08-29T00:00:00Z,28.46,28.64,28.33,28.46,2669669.0,28.46,EVALUATION,-0.01054111033028815
SVXY,2018-08-30T00:00:00Z,28.46,28.6,27.92,28.16,4746962.0,28.35333333333333,EVALUATION,0.006392045454545414
SVXY,2018-08-31T00:00:00Z,28.02,28.45,27.96,28.34,5113259.0,28.32,EVALUATION,-0.0021171489061396764
SVXY,2018-09-04T00:00:00Z,28.26,28.32,27.84,28.28,5545770.0,28.26,EVALUATION,-0.005657708628005631
SVXY,2018-09-05T00:00:00Z,28.12,28.24,27.76,28.12,5001632.0,28.24666666666667,EVALUATION,-0.013513513513513598
SVXY,2018-09-06T00:00:00Z,28.14,28.2,27.42,27.74,6823486.0,28.046666666666667,EVALUATION,-0.009372746935832676
SVXY,2018-09-07T00:00:00Z,27.42,27.76,27.26,27.48,6024192.0,27.78,EVALUATION,0.013828238719068464
SVXY,2018-09-10T00:00:00Z,27.78,27.98,27.7,27.86,4068192.0,27.693333333333335,EVALUATION,0.016511127063890907
SVXY,2018-09-11T00:00:00Z,27.72,28.34,27.6,28.32,4350161.0,27.886666666666667,EVALUATION,0.004943502824858781
SVXY,2018-09-12T00:00:00Z,28.34,28.57,28.26,28.46,4843686.0,28.21333333333333,EVALUATION,0.015460295151089154
SVXY,2018-09-13T00:00:00Z,28.78,28.92,28.76,28.9,3124068.0,28.56,EVALUATION,0.009688581314879041
SVXY,2018-09-14T00:00:00Z,28.94,29.2,28.81,29.18,3964179.0,28.846666666666664,EVALUATION,-0.01439342015078815
SVXY,2018-09-17T00:00:00Z,29.2,29.24,28.7,28.76,4368081.0,28.946666666666665,EVALUATION,-0.002781641168289384
SVXY,2018-09-18T00:00:00Z,28.83,29.08,28.68,28.68,7090464.0,28.873333333333335,EVALUATION,0.021269177126917782
SVXY,2018-09-19T00:00:00Z,29.19,29.41,29.19,29.29,6547406.0,28.910000000000004,EVALUATION,0.011608057357459955
SVXY,2018-09-20T00:00:00Z,29.5,29.65,29.43,29.63,5473434.0,29.200000000000003,EVALUATION,-0.005062436719540986
SVXY,2018-09-21T00:00:00Z,29.54,29.73,29.45,29.48,4372348.0,29.46666666666667,EVALUATION,0.00033921302578021617
SVXY,2018-09-24T00:00:00Z,29.42,29.54,29.13,29.49,3721014.0,29.53333333333333,EVALUATION,-0.004747371990505123
SVXY,2018-09-25T00:00:00Z,29.68,29.74,29.3,29.35,2336548.0,29.439999999999998,EVALUATION,-0.005110732538330609
SVXY,2018-09-26T00:00:00Z,29.53,29.69,29.08,29.2,4853234.0,29.346666666666664,EVALUATION,0.007191780821917737
SVXY,2018-09-27T00:00:00Z,29.38,29.56,29.34,29.41,2819688.0,29.32,EVALUATION,0.00476028561713715
SVXY,2018-09-28T00:00:00Z,29.3,29.55,29.22,29.55,2813676.0,29.386666666666663,EVALUATION,0.0037225042301183286
SVXY,2018-10-01T00:00:00Z,29.9,29.95,29.45,29.66,3152074.0,29.54,EVALUATION,-0.0013486176668914274
SVXY,2018-10-02T00:00:00Z,29.63,29.81,29.48,29.62,2037250.0,29.61,EVALUATION,0.004388926401080351
SVXY,2018-10-03T00:00:00Z,29.85,29.86,29.55,29.75,2634336.0,29.676666666666666,EVALUATION,-0.030252100840336138
SVXY,2018-10-04T00:00:00Z,29.49,29.49,28.23,28.85,8584090.0,29.406666666666666,EVALUATION,-0.011785095320623884
SVXY,2018-10-05T00:00:00Z,28.99,29.26,27.71,28.51,11928044.0,29.03666666666667,EVALUATION,-0.004559803577692145
SVXY,2018-10-08T00:00:00Z,28.18,28.5,27.45,28.38,6715580.0,28.58,EVALUATION,-0.007751937984496138
SVXY,2018-10-09T00:00:00Z,28.05,28.56,27.83,28.16,5012826.0,28.35,EVALUATION,-0.08309659090909094
SVXY,2018-10-10T00:00:00Z,27.93,27.93,25.78,25.82,12115500.0,27.453333333333333,EVALUATION,-0.041440743609604924
SVXY,2018-10-11T00:00:00Z,25.92,26.25,24.06,24.75,22379316.0,26.243333333333332,EVALUATION,0.04040404040404044
SVXY,2018-10-12T00:00:00Z,25.96,26.0,24.53,25.75,18526860.0,25.44,EVALUATION,-0.0066019417475728925
SVXY,2018-10-15T00:00:00Z,25.46,25.89,25.11,25.58,8030034.0,25.36,EVALUATION,0.0332290852228303
SVXY,2018-10-16T00:00:00Z,25.98,26.49,25.81,26.43,7505322.0,25.92,EVALUATION,-0.004161937192584175
SVXY,2018-10-17T00:00:00Z,26.51,26.51,25.55,26.32,7698772.0,26.11,EVALUATION,-0.035334346504559244
SVXY,2018-10-18T00:00:00Z,26.15,26.15,24.91,25.39,10377336.0,26.046666666666667,EVALUATION,0.005120126033871575
SVXY,2018-10-19T00:00:00Z,25.5,25.85,25.1,25.52,7489560.0,25.743333333333332,EVALUATION,-0.003918495297805524
SVXY,2018-10-22T00:00:00Z,25.61,25.65,24.87,25.42,7685226.0,25.443333333333335,EVALUATION,-0.018489378442171578
SVXY,2018-10-23T00:00:00Z,24.32,25.19,23.96,24.95,9162492.0,25.296666666666667,EVALUATION,-0.04689378757515028
SVXY,2018-10-24T00:00:00Z,25.07,25.1,23.67,23.78,9234908.0,24.71666666666667,EVALUATION,0.019343986543313596
SVXY,2018-10-25T00:00:00Z,24.09,24.47,23.73,24.24,7589872.0,24.323333333333334,EVALUATION,-0.028877887788778867
SVXY,2018-10-26T00:00:00Z,23.48,23.97,23.05,23.54,9238694.0,23.85333333333333,EVALUATION,-0.001699235344095107
SVXY,2018-10-29T00:00:00Z,24.0,24.19,22.9,23.5,6321166.0,23.759999999999998,EVALUATION,0.01744680851063829
SVXY,2018-10-30T00:00:00Z,23.41,23.96,23.29,23.91,6299960.0,23.65,EVALUATION,0.016311166875784266
SVXY,2018-10-31T00:00:00Z,24.17,24.49,23.99,24.3,5835534.0,23.903333333333332,EVALUATION,0.01563786008230439
SVXY,2018-11-01T00:00:00Z,24.27,24.71,24.08,24.68,5037688.0,24.296666666666667,EVALUATION,-0.003646677471636939
SVXY,2018-11-02T00:00:00Z,24.9,25.08,24.1,24.59,7272372.0,24.523333333333333,EVALUATION,0.004473363155754306
SVXY,2018-11-05T00:00:00Z,24.56,24.84,24.47,24.7,2765494.0,24.656666666666666,EVALUATION,0.01700404858299609
SVXY,2018-11-06T00:00:00Z,24.72,25.12,24.68,25.12,2952652.0,24.803333333333335,EVALUATION,0.03702229299363058
SVXY,2018-11-07T00:00:00Z,25.6,26.06,25.59,26.05,4887304.0,25.29,EVALUATION,0.006525911708253229
SVXY,2018-11-08T00:00:00Z,26.03,26.44,25.92,26.22,4248696.0,25.796666666666667,EVALUATION,-0.019069412662090057
SVXY,2018-11-09T00:00:00Z,25.91,25.99,25.36,25.72,4482376.0,25.996666666666666,EVALUATION,-0.03965785381026432
SVXY,2018-11-12T00:00:00Z,25.7,25.75,24.6,24.7,5526240.0,25.546666666666667,EVALUATION,-0.0052631578947367474
SVXY,2018-11-13T00:00:00Z,24.66,24.92,24.25,24.57,7133388.0,24.996666666666663,EVALUATION,-0.012210012210012278
SVXY,2018-11-14T00:00:00Z,24.82,24.86,23.91,24.27,5766748.0,24.513333333333332,EVALUATION,0.005356407086938519
SVXY,2018-11-15T00:00:00Z,24.05,24.48,23.74,24.4,7782230.0,24.413333333333334,EVALUATION,0.02336065573770485
SVXY,2018-11-16T00:00:00Z,24.22,25.01,24.06,24.97,5733052.0,24.546666666666667,EVALUATION,-0.030036043251902234
SVXY,2018-11-19T00:00:00Z,24.98,25.05,24.13,24.22,7780674.0,24.529999999999998,EVALUATION,-0.028488852188274016
SVXY,2018-11-20T00:00:00Z,23.46,23.73,23.2,23.53,9987862.0,24.24,EVALUATION,0.011899702507437215
SVXY,2018-11-21T00:00:00Z,23.8,23.98,23.65,23.81,5511100.0,23.85333333333333,EVALUATION,-0.0037799244015119804
SVXY,2018-11-23T00:00:00Z,23.6,23.84,23.5,23.72,2703658.0,23.686666666666667,EVALUATION,0.027824620573355885
SVXY,2018-11-26T00:00:00Z,23.98,24.39,23.98,24.38,5190888.0,23.97,EVALUATION,0.009844134536505456
SVXY,2018-11-27T00:00:00Z,24.27,24.66,24.13,24.62,4528406.0,24.240000000000002,EVALUATION,0.01421608448415923
SVXY,2018-11-28T00:00:00Z,24.79,25.07,24.49,24.97,4724972.0,24.656666666666666,EVALUATION,-0.009611533840608644
SVXY,2018-11-29T00:00:00Z,24.76,24.92,24.28,24.73,5311190.0,24.773333333333333,EVALUATION,0.013344116457743471
SVXY,2018-11-30T00:00:00Z,24.65,25.16,24.59,25.06,3399672.0,24.92,EVALUATION,0.02873104549082206
SVXY,2018-12-03T00:00:00Z,26.0,26.06,25.62,25.78,5474400.0,25.19,EVALUATION,-0.0667183863460048
SVXY,2018-12-04T00:00:00Z,25.65,25.9,23.84,24.06,8537656.0,24.96666666666667,EVALUATION,-0.010390689941812137
SVXY,2018-12-06T00:00:00Z,23.07,23.87,22.49,23.81,11317034.0,24.55,EVALUATION,-0.036119277614447665
SVXY,2018-12-07T00:00:00Z,23.8,24.04,22.74,22.95,9820840.0,23.606666666666666,EVALUATION,0.0034858387799565627
SVXY,2018-12-10T00:00:00Z,22.95,23.18,22.37,23.03,8742386.0,23.263333333333332,EVALUATION,0.0017368649587494733
SVXY,2018-12-11T00:00:00Z,23.45,23.47,22.69,23.07,6632124.0,23.016666666666666,EVALUATION,0.004334633723450443
SVXY,2018-12-12T00:00:00Z,23.42,23.55,23.16,23.17,5892982.0,23.09,EVALUATION,0.007337073802330618
SVXY,2018-12-13T00:00:00Z,23.36,23.49,23.09,23.34,5324818.0,23.193333333333335,EVALUATION,-0.015424164524421524
SVXY,2018-12-14T00:00:00Z,23.09,23.23,22.8,22.98,6444130.0,23.163333333333334,EVALUATION,-0.02959094865100087
SVXY,2018-12-17T00:00:00Z,22.79,22.95,22.08,22.3,9212910.0,22.873333333333335,EVALUATION,-0.0022421524663677195
SVXY,2018-12-18T00:00:00Z,22.53,22.55,21.96,22.25,5176362.0,22.51,EVALUATION,0.0022471910112360494
SVXY,2018-12-19T00:00:00Z,22.29,22.84,21.97,22.3,10339716.0,22.283333333333335,EVALUATION,-0.025112107623318503
SVXY,2018-12-20T00:00:00Z,22.02,22.22,21.4,21.74,10145358.0,22.096666666666668,EVALUATION,-0.026218951241950172
SVXY,2018-12-21T00:00:00Z,21.74,21.91,21.04,21.17,9052002.0,21.736666666666668,EVALUATION,-0.02456306093528593
SVXY,2018-12-24T00:00:00Z,21.08,21.12,20.65,20.65,6282814.0,21.186666666666667,EVALUATION,0.025665859564164784
SVXY,2018-12-26T00:00:00Z,20.73,21.22,20.46,21.18,8772092.0,21.0,EVALUATION,-0.01888574126534459
SVXY,2018-12-27T00:00:00Z,20.59,20.85,20.06,20.78,8408130.0,20.869999999999997,EVALUATION,-0.0004812319538017862
SVXY,2018-12-28T00:00:00Z,20.77,21.05,20.44,20.77,7495100.0,20.91,EVALUATION,0.01829561868078966
SVXY,2018-12-31T00:00:00Z,21.06,21.19,20.93,21.15,5254060.0,20.9,EVALUATION,0.01654846335697413
SVXY,2019-01-02T00:00:00Z,20.83,21.53,20.75,21.5,4173798.0,21.14,EVALUATION,-0.025116279069767433
SVXY,2019-01-03T00:00:00Z,21.26,21.3,20.75,20.96,5213346.0,21.203333333333333,EVALUATION,0.0415076335877862
SVXY,2019-01-04T00:00:00Z,21.41,21.85,21.35,21.83,4609510.0,21.43,EVALUATION,0.010535959688502183
SVXY,2019-01-07T00:00:00Z,21.92,22.2,21.75,22.06,3902034.0,21.616666666666667,EVALUATION,0.010426110607434369
SVXY,2019-01-08T00:00:00Z,22.26,22.33,21.88,22.29,3363826.0,22.06,EVALUATION,0.011215791834903621
SVXY,2019-01-09T00:00:00Z,22.39,22.69,22.3,22.54,3947750.0,22.296666666666667,EVALUATION,0.0053238686779060185
SVXY,2019-01-10T00:00:00Z,22.38,22.67,22.21,22.66,4148900.0,22.496666666666666,EVALUATION,0.016328331862312417
SVXY,2019-01-11T00:00:00Z,22.52,23.05,22.47,23.03,4120070.0,22.743333333333332,EVALUATION,-0.0013026487190621605
SVXY,2019-01-14T00:00:00Z,22.75,23.18,22.7,23.0,4524414.0,22.89666666666667,EVALUATION,0.022173913043478377
SVXY,2019-01-15T00:00:00Z,23.05,23.52,23.05,23.51,4739052.0,23.18,EVALUATION,-0.008932369204593837
SVXY,2019-01-16T00:00:00Z,23.63,23.68,23.29,23.3,4036846.0,23.27,EVALUATION,0.0047210300429183505
SVXY,2019-01-17T00:00:00Z,23.22,23.59,23.21,23.41,4015730.0,23.406666666666666,EVALUATION,0.01623237932507471
SVXY,2019-01-18T00:00:00Z,23.76,23.92,23.57,23.79,5377252.0,23.5,EVALUATION,-0.04875998318621266
SVXY,2019-01-22T00:00:00Z,23.58,23.6,22.49,22.63,7127142.0,23.276666666666667,EVALUATION,0.004418912947415032
SVXY,2019-01-23T00:00:00Z,22.81,22.85,22.05,22.73,7134130.0,23.05,EVALUATION,0.01627804663440391
SVXY,2019-01-24T00:00:00Z,22.7,23.12,22.56,23.1,4121976.0,22.82,EVALUATION,0.01904761904761898
SVXY,2019-01-25T00:00:00Z,23.39,23.58,23.3,23.54,4941064.0,23.123333333333335,EVALUATION,-0.020815632965165642
SVXY,2019-01-28T00:00:00Z,23.13,23.13,22.67,23.05,5323042.0,23.23,EVALUATION,0.0013015184381777178
SVXY,2019-01-29T00:00:00Z,23.21,23.29,22.91,23.08,3950070.0,23.223333333333333,EVALUATION,0.022963604852686448
SVXY,2019-01-30T00:00:00Z,23.27,23.63,23.07,23.61,5615800.0,23.246666666666666,EVALUATION,0.02075391783142755
SVXY,2019-01-31T00:00:00Z,23.62,24.12,23.62,24.1,7236308.0,23.596666666666664,EVALUATION,0.0053941908713692754
SVXY,2019-02-01T00:00:00Z,24.14,24.3,24.04,24.23,6789556.0,23.98,EVALUATION,0.0160957490713991
SVXY,2019-02-04T00:00:00Z,24.28,24.66,24.2,24.62,5553182.0,24.316666666666666,EVALUATION,0.0028432168968317573
SVXY,2019-02-05T00:00:00Z,24.72,24.98,24.61,24.69,4617504.0,24.513333333333335,EVALUATION,0.0036452004860267895
SVXY,2019-02-06T00:00:00Z,24.82,24.92,24.63,24.78,3644878.0,24.696666666666665,EVALUATION,-0.016142050040355183
SVXY,2019-02-07T00:00:00Z,24.42,24.59,23.86,24.38,6274508.0,24.616666666666667,EVALUATION,0.005332239540607242
SVXY,2019-02-08T00:00:00Z,24.08,24.53,23.97,24.51,5166698.0,24.556666666666665,EVALUATION,0.005711954304365552
SVXY,2019-02-11T00:00:00Z,24.68,24.76,24.46,24.65,4011658.0,24.513333333333335,EVALUATION,0.008113590263691739
SVXY,2019-02-12T00:00:00Z,24.93,25.01,24.79,24.85,4713302.0,24.67,EVALUATION,0.002012072434607548
SVXY,2019-02-13T00:00:00Z,24.96,25.02,24.75,24.9,4681044.0,24.799999999999997,EVALUATION,-0.009236947791164574
SVXY,2019-02-14T00:00:00Z,24.61,24.9,24.38,24.67,6225784.0,24.806666666666665,EVALUATION,0.01702472638832586
SVXY,2019-02-15T00:00:00Z,24.91,25.11,24.81,25.09,5342706.0,24.886666666666667,EVALUATION,-0.0011956954962136779
SVXY,2019-02-19T00:00:00Z,24.86,25.22,24.82,25.06,3345292.0,24.94,EVALUATION,0.019553072625698498
SVXY,2019-02-20T00:00:00Z,25.15,25.57,25.14,25.55,5935732.0,25.233333333333334,EVALUATION,-0.005870841487279899
SVXY,2019-02-21T00:00:00Z,25.52,25.73,25.18,25.4,8331354.0,25.336666666666666,EVALUATION,0.018503937007874116
SVXY,2019-02-22T00:00:00Z,25.61,25.9,25.57,25.87,5186210.0,25.60666666666667,EVALUATION,-0.009277155005798288
SVXY,2019-02-25T00:00:00Z,26.2,26.3,25.62,25.63,5100452.0,25.633333333333333,EVALUATION,-0.0042918454935622075
SVXY,2019-02-26T00:00:00Z,25.45,25.73,25.36,25.52,5270854.0,25.673333333333332,EVALUATION,-0.0007836990595611049
SVXY,2019-02-27T00:00:00Z,25.39,25.61,25.05,25.5,5987982.0,25.549999999999997,EVALUATION,0.0007843137254901489
SVXY,2019-02-28T00:00:00Z,25.49,25.76,25.46,25.52,5419564.0,25.513333333333332,EVALUATION,0.022335423197492155
SVXY,2019-03-01T00:00:00Z,25.85,26.11,25.61,26.09,6075326.0,25.703333333333333,EVALUATION,-0.012265235722499046
SVXY,2019-03-04T00:00:00Z,26.26,26.41,25.09,25.77,11946328.0,25.793333333333333,EVALUATION,-0.002716336825766441
SVXY,2019-03-05T00:00:00Z,25.83,25.88,25.5,25.7,5037946.0,25.85333333333333,EVALUATION,-0.01478599221789878
SVXY,2019-03-06T00:00:00Z,25.7,25.71,25.25,25.32,6431330.0,25.596666666666664,EVALUATION,-0.017772511848341166
SVXY,2019-03-07T00:00:00Z,25.18,25.21,24.6,24.87,8820536.0,25.296666666666667,EVALUATION,-0.003216726980297624
SVXY,2019-03-08T00:00:00Z,24.46,24.79,24.26,24.79,8826276.0,24.993333333333332,EVALUATION,0.03670835014118601
SVXY,2019-03-11T00:00:00Z,25.02,25.74,25.02,25.7,5897788.0,25.12,EVALUATION,0.014396887159533023
SVXY,2019-03-12T00:00:00Z,25.83,26.08,25.77,26.07,5897348.0,25.52,EVALUATION,0.004602991944764101
SVXY,2019-03-13T00:00:00Z,26.15,26.31,26.08,26.19,4773066.0,25.986666666666665,EVALUATION,0.008400152730049681
SVXY,2019-03-14T00:00:00Z,26.2,26.46,26.17,26.41,3972076.0,26.223333333333333,EVALUATION,0.009466111321469128
SVXY,2019-03-15T00:00:00Z,26.48,26.83,26.43,26.66,4703742.0,26.42,EVALUATION,-0.0015003750937734317
SVXY,2019-03-18T00:00:00Z,26.56,26.73,26.34,26.62,4756638.0,26.563333333333333,EVALUATION,-0.004507888805409532
SVXY,2019-03-19T00:00:00Z,26.83,26.87,26.31,26.5,7408768.0,26.593333333333334,EVALUATION,-0.0041509433962263476
SVXY,2019-03-20T00:00:00Z,26.52,26.8,26.22,26.39,8586132.0,26.503333333333334,EVALUATION,0.0064418340280407715
SVXY,2019-03-21T00:00:00Z,26.19,26.71,26.18,26.56,5831250.0,26.483333333333334,EVALUATION,-0.05798192771084332
SVXY,2019-03-22T00:00:00Z,26.26,26.4,24.92,25.02,19195690.0,25.990000000000002,EVALUATION,-0.0003996802557952872
SVXY,2019-03-25T00:00:00Z,25.05,25.29,24.67,25.01,10601944.0,25.53,EVALUATION,0.027588964414234196
SVXY,2019-03-26T00:00:00Z,25.5,25.77,25.37,25.7,5377226.0,25.243333333333332,EVALUATION,-0.007392996108949279
SVXY,2019-03-27T00:00:00Z,25.75,25.81,24.97,25.51,7644192.0,25.406666666666666,EVALUATION,0.010192081536652298
SVXY,2019-03-28T00:00:00Z,25.58,25.82,25.41,25.77,5176558.0,25.66,EVALUATION,0.015909972836631647
SVXY,2019-03-29T00:00:00Z,26.01,26.21,25.93,26.18,5258752.0,25.82,EVALUATION,0.008785332314743988
SVXY,2019-04-01T00:00:00Z,26.32,26.45,26.21,26.41,3849246.0,26.119999999999997,EVALUATION,0.0015145778114349362
SVXY,2019-04-02T00:00:00Z,26.37,26.5,26.29,26.45,2544948.0,26.346666666666664,EVALUATION,-0.003780718336483857
SVXY,2019-04-03T00:00:00Z,26.67,26.69,26.16,26.35,4130234.0,26.403333333333332,EVALUATION,0.004554079696394542
SVXY,2019-04-04T00:00:00Z,26.43,26.57,26.25,26.47,3038848.0,26.423333333333332,EVALUATION,0.010578012844729923
SVXY,2019-04-05T00:00:00Z,26.66,26.76,26.56,26.75,3382800.0,26.523333333333333,EVALUATION,0.0026168224299065734
SVXY,2019-04-08T00:00:00Z,26.72,26.85,26.62,26.82,3194554.0,26.68,EVALUATION,-0.017897091722595126
SVXY,2019-04-09T00:00:00Z,26.63,26.71,26.26,26.34,3526152.0,26.636666666666663,EVALUATION,0.013667425968109326
SVXY,2019-04-10T00:00:00Z,26.46,26.72,26.37,26.7,2794890.0,26.619999999999997,EVALUATION,0.010112359550561889
SVXY,2019-04-11T00:00:00Z,26.89,27.01,26.8,26.97,2701578.0,26.67,EVALUATION,0.02261772339636625
SVXY,2019-04-12T00:00:00Z,27.26,27.62,27.23,27.58,3503968.0,27.083333333333336,EVALUATION,0.006163886874546831
SVXY,2019-04-15T00:00:00Z,27.79,27.81,27.2,27.75,3810952.0,27.433333333333334,EVALUATION,0.0028828828828828534
SVXY,2019-04-16T00:00:00Z,27.84,28.01,27.75,27.83,4397598.0,27.72,EVALUATION,-0.002515271289974752
SVXY,2019-04-17T00:00:00Z,28.08,28.1,27.51,27.76,5253528.0,27.78,EVALUATION,0.007925072046109483
SVXY,2019-04-18T00:00:00Z,27.8,28.0,27.52,27.98,3542202.0,27.856666666666666,EVALUATION,0.0042887776983560055
SVXY,2019-04-22T00:00:00Z,27.82,28.11,27.71,28.1,2774646.0,27.946666666666665,EVALUATION,0.003558718861209842
SVXY,2019-04-23T00:00:00Z,28.19,28.32,28.12,28.2,2709526.0,28.093333333333334,EVALUATION,-0.011702127659574457
SVXY,2019-04-24T00:00:00Z,28.2,28.23,27.86,27.87,3464728.0,28.05666666666667,EVALUATION,-0.010046645138141463
SVXY,2019-04-25T00:00:00Z,27.7,27.88,27.18,27.59,5081938.0,27.88666666666667,EVALUATION,0.017035157665820977
SVXY,2019-04-26T00:00:00Z,27.73,28.07,27.51,28.06,3372646.0,27.840000000000003,EVALUATION,-0.007840342124019961
SVXY,2019-04-29T00:00:00Z,27.97,28.09,27.83,27.84,2150352.0,27.83,EVALUATION,-0.00035919540229889524
SVXY,2019-04-30T00:00:00Z,27.89,27.93,27.45,27.83,3416256.0,27.909999999999997,EVALUATION,-0.01904419690980952
SVXY,2019-05-01T00:00:00Z,27.99,28.08,27.3,27.3,5234662.0,27.656666666666666,EVALUATION,-0.00146520146520146
SVXY,2019-05-02T00:00:00Z,27.44,27.5,26.75,27.26,8137318.0,27.46333333333333,EVALUATION,0.02457813646368301
SVXY,2019-05-03T00:00:00Z,27.65,28.0,27.62,27.93,3956386.0,27.49666666666667,EVALUATION,-0.02828499820981023
SVXY,2019-05-06T00:00:00Z,26.53,27.25,26.39,27.14,9892672.0,27.443333333333335,EVALUATION,-0.08216654384672073
SVXY,2019-05-07T00:00:00Z,26.36,26.49,24.55,24.91,22737756.0,26.66,EVALUATION,0.014050582095544106
SVXY,2019-05-08T00:00:00Z,25.16,25.72,24.91,25.26,12046336.0,25.77,EVALUATION,0.002375296912114022
SVXY,2019-05-09T00:00:00Z,24.57,25.36,24.19,25.32,12555074.0,25.163333333333334,EVALUATION,0.0390995260663507
SVXY,2019-05-10T00:00:00Z,25.2,26.31,24.87,26.31,11606682.0,25.63,EVALUATION,-0.07411630558722915
SVXY,2019-05-13T00:00:00Z,24.65,25.09,24.25,24.36,13420660.0,25.33,EVALUATION,0.02545155993431858
SVXY,2019-05-14T00:00:00Z,24.8,25.16,24.71,24.98,5813200.0,25.216666666666665,EVALUATION,0.021216973578863207
SVXY,2019-05-15T00:00:00Z,24.65,25.56,24.57,25.51,6336472.0,24.95,EVALUATION,0.021952175617404812
SVXY,2019-05-16T00:00:00Z,25.63,26.17,25.63,26.07,7244976.0,25.52,EVALUATION,-0.007288070579209882
SVXY,2019-05-17T00:00:00Z,25.56,26.24,25.55,25.88,7941472.0,25.82,EVALUATION,-0.006568778979907153
SVXY,2019-05-20T00:00:00Z,25.56,25.94,25.31,25.71,5832128.0,25.886666666666667,EVALUATION,0.02450408401400228
SVXY,2019-05-21T00:00:00Z,26.14,26.39,26.1,26.34,6472072.0,25.976666666666667,EVALUATION,0.005694760820045497
SVXY,2019-05-22T00:00:00Z,26.28,26.6,26.25,26.49,4574178.0,26.18,EVALUATION,-0.034730086825216944
SVXY,2019-05-23T00:00:00Z,25.97,25.99,25.36,25.57,10100554.0,26.133333333333333,EVALUATION,0.011341415721548564
SVXY,2019-05-24T00:00:00Z,25.97,26.09,25.68,25.86,5484312.0,25.973333333333333,EVALUATION,-0.015467904098994567
SVXY,2019-05-28T00:00:00Z,25.97,26.15,25.46,25.46,4505200.0,25.63,EVALUATION,-0.010212097407698462
SVXY,2019-05-29T00:00:00Z,25.18,25.43,24.97,25.2,5039648.0,25.506666666666668,EVALUATION,0.01031746031746028
SVXY,2019-05-30T00:00:00Z,25.5,25.63,25.2,25.46,4076962.0,25.373333333333335,EVALUATION,-0.02160251374705424
SVXY,2019-05-31T00:00:00Z,24.86,25.17,24.75,24.91,6248080.0,25.189999999999998,EVALUATION,-0.0032115616218386656
SVXY,2019-06-03T00:00:00Z,24.96,25.19,24.54,24.83,5303580.0,25.066666666666663,EVALUATION,0.027386226339106035
SVXY,2019-06-04T00:00:00Z,25.19,25.53,25.03,25.51,3656412.0,25.083333333333332,EVALUATION,0.011368090944727571
SVXY,2019-06-05T00:00:00Z,25.64,25.85,25.4,25.8,4130484.0,25.38,EVALUATION,0.009689922480620172
SVXY,2019-06-06T00:00:00Z,25.89,26.09,25.75,26.05,2896382.0,25.78666666666667,EVALUATION,-0.004222648752399194
SVXY,2019-06-07T00:00:00Z,26.1,26.18,25.92,25.94,2939774.0,25.93,EVALUATION,0.005782575173477245
SVXY,2019-06-10T00:00:00Z,26.13,26.17,25.9,26.09,2633864.0,26.026666666666667,EVALUATION,-0.00268302031429668
SVXY,2019-06-11T00:00:00Z,26.32,26.34,25.84,26.02,3183364.0,26.016666666666666,EVALUATION,0.0026902382782474366
SVXY,2019-06-12T00:00:00Z,25.96,26.14,25.85,26.09,1981324.0,26.06666666666667,EVALUATION,0.0030663089306248725
SVXY,2019-06-13T00:00:00Z,26.24,26.3,26.04,26.17,2394784.0,26.093333333333334,EVALUATION,0.004203286205578971
SVXY,2019-06-14T00:00:00Z,26.1,26.32,25.97,26.28,3429682.0,26.18,EVALUATION,0.006468797564687989
SVXY,2019-06-17T00:00:00Z,26.33,26.51,26.28,26.45,1810850.0,26.3,EVALUATION,0.002646502835538689
SVXY,2019-06-18T00:00:00Z,26.67,26.78,26.48,26.52,3223262.0,26.416666666666664,EVALUATION,0.016968325791855143
SVXY,2019-06-19T00:00:00Z,26.67,27.02,26.49,26.97,4467142.0,26.64666666666667,EVALUATION,-0.0018539117538004524
SVXY,2019-06-20T00:00:00Z,27.22,27.34,26.52,26.92,5569170.0,26.803333333333335,EVALUATION,-0.011515601783060991
SVXY,2019-06-21T00:00:00Z,26.84,27.01,26.55,26.61,4959608.0,26.833333333333336,EVALUATION,0.0063885757234123375
SVXY,2019-06-24T00:00:00Z,26.73,26.86,26.67,26.78,3059216.0,26.770000000000003,EVALUATION,-0.014936519790888836
SVXY,2019-06-25T00:00:00Z,26.77,26.77,26.33,26.38,2990574.0,26.59,EVALUATION,0.004169825625473855
SVXY,2019-06-26T00:00:00Z,26.65,26.72,26.4,26.49,2633302.0,26.55,EVALUATION,0.008305020762551907
SVXY,2019-06-27T00:00:00Z,26.6,26.82,26.53,26.71,2895174.0,26.526666666666667,EVALUATION,0.00861100711344065
SVXY,2019-06-28T00:00:00Z,26.86,27.01,26.78,26.94,3436986.0,26.713333333333335,EVALUATION,0.027839643652561197
SVXY,2019-07-01T00:00:00Z,27.73,27.75,27.41,27.69,3449754.0,27.113333333333337,EVALUATION,0.017334777898158293
SVXY,2019-07-02T00:00:00Z,27.68,28.22,27.66,28.17,3275236.0,27.6,EVALUATION,0.004259850905218299
SVXY,2019-07-03T00:00:00Z,28.18,28.33,28.06,28.29,1602918.0,28.05,EVALUATION,-0.0031813361611876534
SVXY,2019-07-05T00:00:00Z,28.0,28.29,27.56,28.2,2951728.0,28.22,EVALUATION,-0.013829787234042601
SVXY,2019-07-08T00:00:00Z,27.89,28.05,27.72,27.81,2694708.0,28.1,EVALUATION,-0.0007191657677094732
SVXY,2019-07-09T00:00:00Z,27.47,27.85,27.42,27.79,3491666.0,27.933333333333334,EVALUATION,0.014033825116948506
SVXY,2019-07-10T00:00:00Z,28.01,28.27,27.99,28.18,3625614.0,27.926666666666666,EVALUATION,0.009226401703335663
SVXY,2019-07-11T00:00:00Z,28.42,28.55,28.21,28.44,2995890.0,28.136666666666667,EVALUATION,0.008790436005625901
SVXY,2019-07-12T00:00:00Z,28.57,28.73,28.45,28.69,2476732.0,28.436666666666667,EVALUATION,0.0017427675148133925
SVXY,2019-07-15T00:00:00Z,28.78,28.82,28.62,28.74,2357946.0,28.623333333333335,EVALUATION,-0.0027835768963117014
SVXY,2019-07-16T00:00:00Z,28.82,29.02,28.63,28.66,3843900.0,28.696666666666665,EVALUATION,-0.011165387299371998
SVXY,2019-07-17T00:00:00Z,28.83,28.92,28.34,28.34,3394102.0,28.58,EVALUATION,0.003881439661256092
SVXY,2019-07-18T00:00:00Z,28.35,28.71,28.13,28.45,4429560.0,28.483333333333334,EVALUATION,-0.005623901581722324
SVXY,2019-07-19T00:00:00Z,28.75,28.8,28.28,28.29,4440276.0,28.36,EVALUATION,0.00883704489218795
SVXY,2019-07-22T00:00:00Z,28.32,28.67,28.24,28.54,2988382.0,28.426666666666666,EVALUATION,0.01927119831814994
SVXY,2019-07-23T00:00:00Z,28.82,29.1,28.59,29.09,2710838.0,28.64,EVALUATION,0.01271914747335856
SVXY,2019-07-24T00:00:00Z,28.95,29.54,28.92,29.46,2465006.0,29.03,EVALUATION,-0.01527494908350302
SVXY,2019-07-25T00:00:00Z,29.34,29.35,28.74,29.01,3540676.0,29.186666666666667,EVALUATION,0.012754222681833793
SVXY,2019-07-26T00:00:00Z,29.29,29.5,29.26,29.38,2579886.0,29.28333333333333,EVALUATION,-0.004424778761061954
SVXY,2019-07-29T00:00:00Z,29.4,29.42,29.14,29.25,2402080.0,29.21333333333333,EVALUATION,-0.012649572649572671
SVXY,2019-07-30T00:00:00Z,28.96,29.17,28.82,28.88,3601990.0,29.17,EVALUATION,-0.027008310249307388
SVXY,2019-07-31T00:00:00Z,28.91,29.15,27.62,28.1,5956210.0,28.743333333333332,EVALUATION,-0.03879003558718863
SVXY,2019-08-01T00:00:00Z,28.07,28.69,26.59,27.01,12429852.0,27.99666666666667,EVALUATION,-0.0048130322102926115
SVXY,2019-08-02T00:00:00Z,27.0,27.09,26.34,26.88,8878514.0,27.33,EVALUATION,-0.07068452380952372
SVXY,2019-08-05T00:00:00Z,25.87,26.02,24.79,24.98,11886830.0,26.29,EVALUATION,0.024019215372297786
SVXY,2019-08-06T00:00:00Z,25.31,25.61,24.72,25.58,8079214.0,25.813333333333333,EVALUATION,0.0
SVXY,2019-08-07T00:00:00Z,24.75,25.63,24.47,25.58,9463790.0,25.379999999999995,EVALUATION,0.028537920250195414
SVXY,2019-08-08T00:00:00Z,25.84,26.39,25.67,26.31,6582494.0,25.82333333333333,EVALUATION,-0.017483846446218032
SVXY,2019-08-09T00:00:00Z,26.1,26.23,25.57,25.85,6983074.0,25.913333333333334,EVALUATION,-0.03326885880077379
SVXY,2019-08-12T00:00:00Z,25.66,25.7,24.86,24.99,5756714.0,25.71666666666667,EVALUATION,0.031612645058023414
SVXY,2019-08-13T00:00:00Z,24.68,25.8,24.67,25.78,8158980.0,25.54,EVALUATION,-0.07098525989138871
SVXY,2019-08-14T00:00:00Z,24.9,25.14,23.95,23.95,11889568.0,24.906666666666666,EVALUATION,0.01628392484342389
SVXY,2019-08-15T00:00:00Z,24.37,24.47,23.81,24.34,7482380.0,24.69,EVALUATION,0.02629416598192269
SVXY,2019-08-16T00:00:00Z,24.58,25.05,24.55,24.98,6394472.0,24.423333333333332,EVALUATION,0.03883106485188148
SVXY,2019-08-19T00:00:00Z,25.57,25.98,25.49,25.95,5807606.0,25.09,EVALUATION,-0.01387283236994219
SVXY,2019-08-20T00:00:00Z,25.86,25.93,25.55,25.59,5616222.0,25.506666666666668,EVALUATION,0.02696365767878084
SVXY,2019-08-21T00:00:00Z,26.15,26.3,26.05,26.28,6421492.0,25.939999999999998,EVALUATION,-0.010654490106544956
SVXY,2019-08-22T00:00:00Z,26.35,26.39,25.66,26.0,7180446.0,25.956666666666663,EVALUATION,-0.06038461538461537
SVXY,2019-08-23T00:00:00Z,25.61,26.16,24.15,24.43,16714896.0,25.57,EVALUATION,0.014326647564469885
SVXY,2019-08-26T00:00:00Z,25.08,25.08,24.45,24.78,7167212.0,25.07,EVALUATION,-0.008878127522195411
SVXY,2019-08-27T00:00:00Z,25.04,25.07,24.25,24.56,5652352.0,24.589999999999996,EVALUATION,0.010586319218241158
SVXY,2019-08-28T00:00:00Z,24.29,24.84,24.1,24.82,4756790.0,24.72,EVALUATION,0.021353746978243437
SVXY,2019-08-29T00:00:00Z,25.21,25.47,25.09,25.35,4342508.0,24.91,EVALUATION,-0.0019723865877712132
SVXY,2019-08-30T00:00:00Z,25.6,25.6,24.98,25.3,4087494.0,25.156666666666666,EVALUATION,-0.024110671936758865
SVXY,2019-09-03T00:00:00Z,24.84,25.03,24.61,24.69,6512228.0,25.113333333333337,EVALUATION,0.03159173754556499
SVXY,2019-09-04T00:00:00Z,25.22,25.52,25.01,25.47,4943122.0,25.153333333333336,EVALUATION,0.021201413427561988
SVXY,2019-09-05T00:00:00Z,25.83,26.14,25.8,26.01,4698698.0,25.39,EVALUATION,0.014225297962322081
SVXY,2019-09-06T00:00:00Z,26.18,26.44,26.07,26.38,3705158.0,25.953333333333333,EVALUATION,0.0030326004548901775
SVXY,2019-09-09T00:00:00Z,26.61,26.63,26.15,26.46,4128550.0,26.28333333333333,EVALUATION,0.0018896447467875443
SVXY,2019-09-10T00:00:00Z,26.3,26.56,26.11,26.51,3834430.0,26.450000000000003,EVALUATION,0.007544322897020006
SVXY,2019-09-11T00:00:00Z,26.53,26.83,26.51,26.71,3427854.0,26.560000000000002,EVALUATION,0.012354923249719096
SVXY,2019-09-12T00:00:00Z,27.0,27.23,26.82,27.04,4035486.0,26.753333333333337,EVALUATION,0.007026627218934989
SVXY,2019-09-13T00:00:00Z,27.25,27.43,27.14,27.23,4398898.0,26.993333333333332,EVALUATION,-0.006610356224752145
SVXY,2019-09-16T00:00:00Z,27.01,27.31,26.93,27.05,3549798.0,27.10666666666667,EVALUATION,0.003327171903881654
SVXY,2019-09-17T00:00:00Z,27.01,27.15,26.88,27.14,3254018.0,27.14,EVALUATION,0.01584377302873996
SVXY,2019-09-18T00:00:00Z,27.26,27.6,26.9,27.57,5780400.0,27.253333333333334,EVALUATION,0.007979688066739099
SVXY,2019-09-19T00:00:00Z,27.78,28.03,27.7,27.79,3594612.0,27.5,EVALUATION,-0.02590860021590491
SVXY,2019-09-20T00:00:00Z,27.94,28.01,26.97,27.07,6690624.0,27.476666666666667,EVALUATION,0.003324713705208815
SVXY,2019-09-23T00:00:00Z,27.05,27.41,26.98,27.16,4818688.0,27.34,EVALUATION,-0.02319587628865971
SVXY,2019-09-24T00:00:00Z,27.57,27.57,26.42,26.53,9712542.0,26.92,EVALUATION,0.01055408970976246
SVXY,2019-09-25T00:00:00Z,26.5,26.95,26.08,26.81,5271494.0,26.833333333333332,EVALUATION,-0.0033569563595673424
SVXY,2019-09-26T00:00:00Z,26.84,26.87,26.45,26.72,4919928.0,26.686666666666667,EVALUATION,-0.013473053892215536
SVXY,2019-09-27T00:00:00Z,26.9,26.96,25.98,26.36,6364346.0,26.63,EVALUATION,0.013277693474962105
SVXY,2019-09-30T00:00:00Z,26.49,26.88,26.49,26.71,3190040.0,26.596666666666668,EVALUATION,-0.021714713590415657
SVXY,2019-10-01T00:00:00Z,27.08,27.12,26.09,26.13,5025750.0,26.4,EVALUATION,-0.03482587064676612
SVXY,2019-10-02T00:00:00Z,25.77,25.77,25.07,25.22,7934154.0,26.02,EVALUATION,0.018636003172085802
SVXY,2019-10-03T00:00:00Z,25.27,25.71,24.92,25.69,5506964.0,25.68,EVALUATION,0.028026469443363178
SVXY,2019-10-04T00:00:00Z,25.81,26.41,25.8,26.41,4908306.0,25.773333333333333,EVALUATION,-0.005679666792881455
SVXY,2019-10-07T00:00:00Z,26.18,26.58,26.08,26.26,4941640.0,26.12,EVALUATION,-0.039223153084539275
SVXY,2019-10-08T00:00:00Z,25.78,25.94,25.21,25.23,7161780.0,25.96666666666667,EVALUATION,0.010701545778834642
SVXY,2019-10-09T00:00:00Z,25.59,25.94,25.43,25.5,4985850.0,25.663333333333334,EVALUATION,0.023137254901960835
SVXY,2019-10-10T00:00:00Z,25.67,26.16,25.62,26.09,4447574.0,25.60666666666667,EVALUATION,0.03142966653890378
SVXY,2019-10-11T00:00:00Z,26.54,27.1,26.45,26.91,9490500.0,26.166666666666668,EVALUATION,0.01597918989223346
SVXY,2019-10-14T00:00:00Z,26.84,27.35,26.84,27.34,4324078.0,26.78,EVALUATION,0.01060716898317482
SVXY,2019-10-15T00:00:00Z,27.58,27.88,27.58,27.63,4813536.0,27.293333333333333,EVALUATION,0.008686210640608039
SVXY,2019-10-16T00:00:00Z,27.71,27.88,27.56,27.87,3596022.0,27.613333333333333,EVALUATION,0.0021528525296017342
SVXY,2019-10-17T00:00:00Z,28.0,28.14,27.85,27.93,4677184.0,27.810000000000002,EVALUATION,0.0007160759040458764
SVXY,2019-10-18T00:00:00Z,27.87,28.08,27.61,27.95,5280340.0,27.916666666666668,EVALUATION,0.013595706618962478
SVXY,2019-10-21T00:00:00Z,28.1,28.33,28.07,28.33,3044516.0,28.07,EVALUATION,-0.008471584892340234
SVXY,2019-10-22T00:00:00Z,28.41,28.5,28.07,28.09,3627446.0,28.123333333333335,EVALUATION,0.006763972944108243
SVXY,2019-10-23T00:00:00Z,28.0,28.28,27.98,28.28,3191598.0,28.233333333333334,EVALUATION,0.006364922206506307
SVXY,2019-10-24T00:00:00Z,28.4,28.48,28.13,28.46,3087200.0,28.276666666666667,EVALUATION,0.016163035839775075
SVXY,2019-10-25T00:00:00Z,28.38,28.93,28.38,28.92,2985264.0,28.553333333333335,EVALUATION,-0.004495159059474507
SVXY,2019-10-28T00:00:00Z,28.99,29.02,28.74,28.79,3099622.0,28.723333333333333,EVALUATION,0.0
SVXY,2019-10-29T00:00:00Z,28.63,28.9,28.58,28.79,2948292.0,28.833333333333332,EVALUATION,0.012504341785342099
SVXY,2019-10-30T00:00:00Z,28.8,29.18,28.44,29.15,3517804.0,28.909999999999997,EVALUATION,-0.009262435677530045
SVXY,2019-10-31T00:00:00Z,28.99,29.09,28.6,28.88,3289162.0,28.939999999999998,EVALUATION,0.024584487534626165
SVXY,2019-11-01T00:00:00Z,29.38,29.62,29.31,29.59,2809084.0,29.206666666666667,EVALUATION,-0.0013518080432578516
SVXY,2019-11-04T00:00:00Z,29.82,29.85,29.44,29.55,3390820.0,29.34,EVALUATION,-0.009475465313028786
SVXY,2019-11-05T00:00:00Z,29.48,29.52,29.23,29.27,2638948.0,29.47,EVALUATION,0.0013665869490946392
SVXY,2019-11-06T00:00:00Z,29.29,29.35,29.02,29.31,2778504.0,29.376666666666665,EVALUATION,0.005117707267144445
SVXY,2019-11-07T00:00:00Z,29.6,29.63,29.34,29.46,2985506.0,29.346666666666664,EVALUATION,0.008825526137135054
SVXY,2019-11-08T00:00:00Z,29.38,29.78,29.26,29.72,2886512.0,29.496666666666666,EVALUATION,0.0020188425302827273
SVXY,2019-11-11T00:00:00Z,29.44,29.95,29.42,29.78,2774066.0,29.653333333333336,EVALUATION,0.006044325050369448
SVXY,2019-11-12T00:00:00Z,29.93,30.11,29.85,29.96,2711912.0,29.82,EVALUATION,-0.002336448598130869
SVXY,2019-11-13T00:00:00Z,29.83,30.04,29.76,29.89,3615260.0,29.876666666666665,EVALUATION,0.006691201070592179
SVXY,2019-11-14T00:00:00Z,29.87,30.11,29.72,30.09,2720140.0,29.979999999999997,EVALUATION,0.02293120638085755
SVXY,2019-11-15T00:00:00Z,30.38,30.78,30.3,30.78,4577808.0,30.25333333333333,EVALUATION,0.0
SVXY,2019-11-18T00:00:00Z,30.78,30.91,30.64,30.78,1974664.0,30.549999999999997,EVALUATION,-0.005198180636777128
SVXY,2019-11-19T00:00:00Z,30.91,30.93,30.55,30.62,3829686.0,30.726666666666667,EVALUATION,-0.004572175048987659
SVXY,2019-11-20T00:00:00Z,30.58,30.79,29.92,30.48,6129272.0,30.626666666666665,EVALUATION,-0.001312335958005173
SVXY,2019-11-21T00:00:00Z,30.59,30.61,30.14,30.44,2843696.0,30.513333333333335,EVALUATION,0.015111695137976167
SVXY,2019-11-22T00:00:00Z,30.68,30.91,30.52,30.9,2566912.0,30.606666666666666,EVALUATION,0.021035598705501757
SVXY,2019-11-25T00:00:00Z,31.37,31.62,31.24,31.55,3441120.0,30.96333333333333,EVALUATION,0.007290015847860598
SVXY,2019-11-26T00:00:00Z,31.67,31.87,31.58,31.78,2726752.0,31.41,EVALUATION,0.0022026431718060735
SVXY,2019-11-27T00:00:00Z,31.91,31.97,31.85,31.85,1518884.0,31.726666666666667,EVALUATION,-0.01004709576138152
SVXY,2019-11-29T00:00:00Z,31.72,31.78,31.51,31.53,1595320.0,31.72,EVALUATION,-0.02378686964795429
SVXY,2019-12-02T00:00:00Z,31.58,31.59,30.48,30.78,5415090.0,31.386666666666667,EVALUATION,-0.03248862897985705
SVXY,2019-12-03T00:00:00Z,29.53,29.87,29.24,29.78,6061962.0,30.696666666666665,EVALUATION,0.02384150436534571
SVXY,2019-12-04T00:00:00Z,30.27,30.67,30.15,30.49,3662088.0,30.35,EVALUATION,0.006559527714004698
SVXY,2019-12-05T00:00:00Z,30.73,30.75,30.22,30.69,4226450.0,30.32,EVALUATION,0.01857282502443791
SVXY,2019-12-06T00:00:00Z,31.29,31.36,31.02,31.26,3345840.0,30.813333333333333,EVALUATION,-0.02655150351887403
SVXY,2019-12-09T00:00:00Z,31.17,31.23,30.41,30.43,3122458.0,30.793333333333333,EVALUATION,-0.0016431153466973658
SVXY,2019-12-10T00:00:00Z,30.45,30.68,30.09,30.38,3273072.0,30.689999999999998,EVALUATION,0.010533245556286985
SVXY,2019-12-11T00:00:00Z,30.54,30.83,30.44,30.7,2356946.0,30.50333333333333,EVALUATION,0.02931596091205213
SVXY,2019-12-12T00:00:00Z,30.78,31.66,30.67,31.6,4871604.0,30.89333333333333,EVALUATION,0.02215189873417711
SVXY,2019-12-13T00:00:00Z,31.49,32.32,31.33,32.3,5501724.0,31.53333333333333,EVALUATION,0.011455108359133215
SVXY,2019-12-16T00:00:00Z,32.81,32.98,32.64,32.67,3482118.0,32.19,EVALUATION,0.0027548209366390353
SVXY,2019-12-17T00:00:00Z,32.82,32.88,32.55,32.76,3656230.0,32.57666666666667,EVALUATION,-0.005494505494505475
SVXY,2019-12-18T00:00:00Z,32.96,32.99,32.58,32.58,3951756.0,32.67,EVALUATION,0.01319828115408228
SVXY,2019-12-19T00:00:00Z,32.66,33.01,32.59,33.01,2713860.0,32.78333333333333,EVALUATION,-0.008179339594062252
SVXY,2019-12-20T00:00:00Z,33.06,33.1,32.74,32.74,3938210.0,32.776666666666664,EVALUATION,-0.0006108735491754391
SVXY,2019-12-23T00:00:00Z,32.83,32.87,32.7,32.72,2711532.0,32.82333333333333,EVALUATION,0.006112469437652868
SVXY,2019-12-24T00:00:00Z,32.81,32.96,32.73,32.92,1110478.0,32.79333333333334,EVALUATION,0.0
SVXY,2019-12-26T00:00:00Z,33.07,33.08,32.9,32.92,1509752.0,32.85333333333334,EVALUATION,-0.011543134872418093
SVXY,2019-12-27T00:00:00Z,33.0,33.0,32.41,32.54,2644510.0,32.79333333333334,EVALUATION,-0.01751690227412417
SVXY,2019-12-30T00:00:00Z,32.44,32.45,31.79,31.97,4637744.0,32.47666666666667,EVALUATION,0.02033156083828591
SVXY,2019-12-31T00:00:00Z,31.79,32.71,31.72,32.62,3218002.0,32.376666666666665,EVALUATION,0.02176578786020844
SVXY,2020-01-02T00:00:00Z,33.09,33.33,32.74,33.33,4261214.0,32.64,EVALUATION,-0.025802580258025842
SVXY,2020-01-03T00:00:00Z,31.96,32.81,31.91,32.47,4714168.0,32.806666666666665,EVALUATION,0.004927625500461996
SVXY,2020-01-06T00:00:00Z,31.93,32.63,31.89,32.63,3586306.0,32.81,EVALUATION,0.0027581979773214638
SVXY,2020-01-07T00:00:00Z,32.56,32.9,32.35,32.72,2501036.0,32.60666666666667,EVALUATION,0.009779951100244544
SVXY,2020-01-08T00:00:00Z,32.87,33.47,32.75,33.04,3720964.0,32.79666666666667,EVALUATION,0.018159806295399594
SVXY,2020-01-09T00:00:00Z,33.41,33.65,33.27,33.64,2283392.0,33.13333333333333,EVALUATION,0.0023781212841853527
SVXY,2020-01-10T00:00:00Z,33.67,33.91,33.53,33.72,2972088.0,33.46666666666667,EVALUATION,0.010972716488730772
SVXY,2020-01-13T00:00:00Z,33.89,34.17,33.74,34.09,2045846.0,33.81666666666667,EVALUATION,0.004400117336462284
SVXY,2020-01-14T00:00:00Z,34.12,34.45,33.97,34.24,4034332.0,34.016666666666666,EVALUATION,0.0020443925233644133
SVXY,2020-01-15T00:00:00Z,34.28,34.46,34.21,34.31,3476218.0,34.21333333333334,EVALUATION,0.012532789274264156
SVXY,2020-01-16T00:00:00Z,34.55,34.75,34.53,34.74,4375406.0,34.43,EVALUATION,-0.002590673575129654
SVXY,2020-01-17T00:00:00Z,34.73,34.76,34.35,34.65,3694378.0,34.56666666666666,EVALUATION,-0.0034632034632033903
SVXY,2020-01-21T00:00:00Z,34.44,34.9,34.42,34.53,3366288.0,34.64,EVALUATION,-0.00984651028091521
SVXY,2020-01-22T00:00:00Z,34.83,34.85,34.19,34.19,3255524.0,34.45666666666666,EVALUATION,0.007897045919859735
SVXY,2020-01-23T00:00:00Z,34.15,34.51,33.84,34.46,4510844.0,34.39333333333333,EVALUATION,-0.0281485780615206
SVXY,2020-01-24T00:00:00Z,34.73,34.78,33.1,33.49,8606670.0,34.04666666666667,EVALUATION,-0.05315019408778743
SVXY,2020-01-27T00:00:00Z,32.04,32.44,31.71,31.71,8324220.0,33.22,EVALUATION,0.029328287606433356
SVXY,2020-01-28T00:00:00Z,32.12,32.71,32.01,32.64,5183914.0,32.61333333333334,EVALUATION,-0.001225490196078427
SVXY,2020-01-29T00:00:00Z,32.94,33.08,32.36,32.6,3847220.0,32.31666666666667,EVALUATION,0.00797546012269934
SVXY,2020-01-30T00:00:00Z,31.98,32.88,31.64,32.86,6611076.0,32.7,EVALUATION,-0.057516737674984775
SVXY,2020-01-31T00:00:00Z,32.45,32.52,30.45,30.97,8403990.0,32.14333333333333,EVALUATION,0.020988052954472147
SVXY,2020-02-03T00:00:00Z,31.46,32.0,31.25,31.62,4894152.0,31.816666666666666,EVALUATION,0.025932953826691918
SVXY,2020-02-04T00:00:00Z,32.34,32.65,32.24,32.44,5551646.0,31.676666666666666,EVALUATION,0.020961775585696563
SVXY,2020-02-05T00:00:00Z,33.02,33.12,32.54,33.12,4200818.0,32.39333333333333,EVALUATION,0.0045289855072465635
SVXY,2020-02-06T00:00:00Z,33.26,33.34,32.92,33.27,3624856.0,32.943333333333335,EVALUATION,-0.007814848211602166
SVXY,2020-02-07T00:00:00Z,32.83,33.18,32.58,33.01,4431672.0,33.13333333333333,EVALUATION,0.005452893062708242
SVXY,2020-02-10T00:00:00Z,32.8,33.3,32.78,33.19,3132664.0,33.156666666666666,EVALUATION,0.0006025911419103025
SVXY,2020-02-11T00:00:00Z,33.51,33.59,33.16,33.21,4614332.0,33.13666666666666,EVALUATION,0.024691358024691468
SVXY,2020-02-12T00:00:00Z,33.53,34.08,33.44,34.03,4238232.0,33.47666666666667,EVALUATION,-0.009991184249191987
SVXY,2020-02-13T00:00:00Z,33.47,33.9,33.36,33.69,3464104.0,33.64333333333333,EVALUATION,0.0068269516176908684
SVXY,2020-02-14T00:00:00Z,33.86,33.97,33.55,33.92,3410372.0,33.879999999999995,EVALUATION,-0.010908018867924696
SVXY,2020-02-18T00:00:00Z,33.63,33.85,33.27,33.55,4792094.0,33.72,EVALUATION,0.008345752608047707
SVXY,2020-02-19T00:00:00Z,33.9,34.0,33.72,33.83,3429084.0,33.766666666666666,EVALUATION,-0.017735737511084926
SVXY,2020-02-20T00:00:00Z,33.75,33.9,32.65,33.23,7777880.0,33.53666666666666,EVALUATION,-0.031297020764369576
SVXY,2020-02-21T00:00:00Z,32.72,32.85,31.74,32.19,8481656.0,33.08333333333333,EVALUATION,-0.09474992233612911
SVXY,2020-02-24T00:00:00Z,29.73,30.62,29.1,29.14,11436646.0,31.519999999999996,EVALUATION,-0.045298558682223766
SVXY,2020-02-25T00:00:00Z,29.79,29.88,27.42,27.82,13419170.0,29.716666666666665,EVALUATION,0.014378145219266614
SVXY,2020-02-26T00:00:00Z,28.32,28.81,27.65,28.22,12591578.0,28.39333333333333,EVALUATION,-0.07973068745570522
SVXY,2020-02-27T00:00:00Z,26.95,27.32,25.96,25.97,12585996.0,27.336666666666666,EVALUATION,-0.023103581055063493
SVXY,2020-02-28T00:00:00Z,24.46,25.49,24.16,25.37,14888424.0,26.52,EVALUATION,0.020496649586125404
SVXY,2020-03-02T00:00:00Z,25.72,25.94,24.97,25.89,10955166.0,25.743333333333332,EVALUATION,-0.056392429509463105
SVXY,2020-03-03T00:00:00Z,25.9,26.42,24.12,24.43,16043050.0,25.23,EVALUATION,0.027834629553827206
SVXY,2020-03-04T00:00:00Z,24.98,25.31,24.54,25.11,13688006.0,25.14333333333333,EVALUATION,-0.077658303464755
SVXY,2020-03-05T00:00:00Z,24.04,24.32,22.69,23.16,14704024.0,24.23333333333333,EVALUATION,-0.05267702936096719
SVXY,2020-03-06T00:00:00Z,21.06,22.13,20.63,21.94,21927822.0,23.403333333333332,EVALUATION,-0.16818596171376488
SVXY,2020-03-09T00:00:00Z,17.91,19.89,17.78,18.25,12880722.0,21.116666666666667,EVALUATION,0.10465753424657542
SVXY,2020-03-10T00:00:00Z,20.43,20.48,19.27,20.16,22411756.0,20.116666666666667,EVALUATION,-0.06299603174603174
SVXY,2020-03-11T00:00:00Z,19.35,19.45,18.55,18.89,22669668.0,19.1,EVALUATION,-0.11858125992588686
SVXY,2020-03-12T00:00:00Z,17.21,18.15,16.3,16.65,22832804.0,18.566666666666666,EVALUATION,0.053453453453453426
SVXY,2020-03-13T00:00:00Z,17.74,17.81,16.36,17.54,22156680.0,17.693333333333335,EVALUATION,-0.19498289623717213
SVXY,2020-03-16T00:00:00Z,15.21,15.85,13.76,14.12,19357596.0,16.10333333333333,EVALUATION,0.02337110481586402
SVXY,2020-03-17T00:00:00Z,14.6,14.97,13.94,14.45,26641592.0,15.37,EVALUATION,-0.09065743944636673
SVXY,2020-03-18T00:00:00Z,13.55,14.02,12.01,13.14,34126352.0,13.903333333333332,EVALUATION,0.054033485540334825
SVXY,2020-03-19T00:00:00Z,12.81,14.41,12.46,13.85,33667628.0,13.813333333333333,EVALUATION,0.013718411552346543
SVXY,2020-03-20T00:00:00Z,14.15,14.87,13.77,14.04,43689940.0,13.676666666666666,EVALUATION,0.07763532763532766
SVXY,2020-03-23T00:00:00Z,14.47,15.34,14.1,15.13,33314736.0,14.34,EVALUATION,0.03502974223397226
SVXY,2020-03-24T00:00:00Z,16.45,16.82,15.53,15.66,37124732.0,14.943333333333333,EVALUATION,-0.037675606641123904
SVXY,2020-03-25T00:00:00Z,15.48,15.53,14.7,15.07,20307354.0,15.286666666666667,EVALUATION,0.040477770404777624
SVXY,2020-03-26T00:00:00Z,15.23,15.8,15.18,15.68,20011894.0,15.469999999999999,EVALUATION,-0.04783163265306123
SVXY,2020-03-27T00:00:00Z,14.88,15.28,14.86,14.93,13948120.0,15.226666666666667,EVALUATION,0.013395847287341
SVXY,2020-03-30T00:00:00Z,14.9,15.18,14.67,15.13,14371002.0,15.246666666666666,EVALUATION,0.02511566424322531
SVXY,2020-03-31T00:00:00Z,15.09,15.63,15.04,15.51,12481122.0,15.190000000000001,EVALUATION,-0.042553191489361764
SVXY,2020-04-01T00:00:00Z,14.97,15.36,14.72,14.85,9261366.0,15.163333333333334,EVALUATION,0.025589225589225606
SVXY,2020-04-02T00:00:00Z,14.94,15.27,14.81,15.23,10451776.0,15.196666666666667,EVALUATION,0.02166776099803025
SVXY,2020-04-03T00:00:00Z,15.31,15.63,15.15,15.56,8787052.0,15.213333333333335,EVALUATION,0.03534704370179931
SVXY,2020-04-06T00:00:00Z,16.11,16.22,15.96,16.11,8268444.0,15.633333333333333,EVALUATION,-0.014897579143389184
SVXY,2020-04-07T00:00:00Z,16.35,16.38,15.83,15.87,8320778.0,15.846666666666668,EVALUATION,0.010081915563957322
SVXY,2020-04-08T00:00:00Z,15.92,16.12,15.8,16.03,7477514.0,16.003333333333334,EVALUATION,0.009357454772301876
SVXY,2020-04-09T00:00:00Z,16.05,16.22,15.94,16.18,6411554.0,16.026666666666667,EVALUATION,0.010506798516687343
SVXY,2020-04-13T00:00:00Z,16.21,16.37,16.02,16.35,5918648.0,16.186666666666667,EVALUATION,0.04220183486238516
SVXY,2020-04-14T00:00:00Z,16.84,17.1,16.77,17.04,4896540.0,16.523333333333333,EVALUATION,-0.045187793427230005
SVXY,2020-04-15T00:00:00Z,16.42,16.56,16.08,16.27,5462108.0,16.553333333333335,EVALUATION,-0.0018438844499079066
SVXY,2020-04-16T00:00:00Z,16.22,16.29,15.98,16.24,4760574.0,16.516666666666666,EVALUATION,0.020935960591133007
SVXY,2020-04-17T00:00:00Z,16.54,16.6,16.29,16.58,4679600.0,16.363333333333333,EVALUATION,-0.052472858866103644
SVXY,2020-04-20T00:00:00Z,16.09,16.32,15.7,15.71,5067056.0,16.176666666666666,EVALUATION,-0.040738383195417005
SVXY,2020-04-21T00:00:00Z,15.13,15.19,14.75,15.07,7306634.0,15.786666666666667,EVALUATION,0.023888520238885214
SVXY,2020-04-22T00:00:00Z,15.31,15.5,15.2,15.43,3710158.0,15.403333333333334,EVALUATION,0.0012961762799741372
SVXY,2020-04-23T00:00:00Z,15.53,15.68,15.3,15.45,4816982.0,15.316666666666666,EVALUATION,0.027184466019417375
SVXY,2020-04-24T00:00:00Z,15.6,15.9,15.49,15.87,4114624.0,15.583333333333332,EVALUATION,0.03906742281033382
SVXY,2020-04-27T00:00:00Z,16.11,16.58,16.09,16.49,7214362.0,15.936666666666666,EVALUATION,-0.010309278350515316
SVXY,2020-04-28T00:00:00Z,16.73,16.79,16.23,16.32,7383948.0,16.226666666666667,EVALUATION,0.03247549019607843
SVXY,2020-04-29T00:00:00Z,16.79,17.02,16.77,16.85,4850748.0,16.553333333333335,EVALUATION,-0.01721068249258173
SVXY,2020-04-30T00:00:00Z,16.65,16.65,16.24,16.56,4672206.0,16.576666666666668,EVALUATION,-0.045289855072463636
SVXY,2020-05-01T00:00:00Z,15.86,16.02,15.63,15.81,5449548.0,16.406666666666666,EVALUATION,0.010120177103099204
SVXY,2020-05-04T00:00:00Z,15.55,16.0,15.47,15.97,3705532.0,16.113333333333333,EVALUATION,0.020663744520976746
SVXY,2020-05-05T00:00:00Z,16.27,16.52,16.24,16.3,6868672.0,16.026666666666667,EVALUATION,-0.00797546012269934
SVXY,2020-05-06T00:00:00Z,16.43,16.5,16.16,16.17,5379608.0,16.14666666666667,EVALUATION,0.021645021645021467
SVXY,2020-05-07T00:00:00Z,16.45,16.6,16.41,16.52,5480996.0,16.330000000000002,EVALUATION,0.03571428571428581
SVXY,2020-05-08T00:00:00Z,16.76,17.11,16.7,17.11,5480958.0,16.6,EVALUATION,0.03331385154880184
SVXY,2020-05-11T00:00:00Z,16.86,17.7,16.83,17.68,4696928.0,17.10333333333333,EVALUATION,-0.052601809954751166
SVXY,2020-05-12T00:00:00Z,17.93,17.99,16.75,16.75,11440924.0,17.18,EVALUATION,-0.05313432835820897
SVXY,2020-05-13T00:00:00Z,16.59,16.75,15.53,15.86,13044960.0,16.763333333333332,EVALUATION,0.025851197982345475
SVXY,2020-05-14T00:00:00Z,15.49,16.27,15.22,16.27,12115008.0,16.293333333333333,EVALUATION,0.01290719114935479
SVXY,2020-05-15T00:00:00Z,15.88,16.48,15.75,16.48,8294432.0,16.203333333333333,EVALUATION,0.0315533980582523
SVXY,2020-05-18T00:00:00Z,17.02,17.1,16.86,17.0,7280194.0,16.583333333333332,EVALUATION,-0.027647058823529358
SVXY,2020-05-19T00:00:00Z,16.93,17.14,16.53,16.53,8227998.0,16.67,EVALUATION,0.03085299455535373
SVXY,2020-05-20T00:00:00Z,16.93,17.07,16.76,17.04,8238912.0,16.85666666666667,EVALUATION,-0.011150234741783893
SVXY,2020-05-21T00:00:00Z,17.05,17.15,16.64,16.85,9429676.0,16.80666666666667,EVALUATION,0.0029673590504448732
SVXY,2020-05-22T00:00:00Z,16.76,16.93,16.63,16.9,5495998.0,16.93,EVALUATION,0.005325443786982298
SVXY,2020-05-26T00:00:00Z,17.3,17.31,16.95,16.99,5822354.0,16.913333333333334,EVALUATION,0.011771630370806418
SVXY,2020-05-27T00:00:00Z,17.23,17.24,16.63,17.19,5920994.0,17.026666666666667,EVALUATION,-0.02036067481093662
SVXY,2020-05-28T00:00:00Z,17.13,17.18,16.75,16.84,6433628.0,17.006666666666668,EVALUATION,0.019002375296912177
SVXY,2020-05-29T00:00:00Z,16.79,17.16,16.64,17.16,8742172.0,17.063333333333333,EVALUATION,-0.004662004662004726
SVXY,2020-06-01T00:00:00Z,16.93,17.15,16.89,17.08,5872690.0,17.026666666666664,EVALUATION,0.013466042154566704
SVXY,2020-06-02T00:00:00Z,17.13,17.33,17.03,17.31,7588138.0,17.18333333333333,EVALUATION,0.022530329289428108
SVXY,2020-06-03T00:00:00Z,17.5,17.74,17.45,17.7,8497384.0,17.36333333333333,EVALUATION,0.00395480225988698
SVXY,2020-06-04T00:00:00Z,17.65,18.02,17.56,17.77,7575796.0,17.593333333333334,EVALUATION,0.026449071468767515
SVXY,2020-06-05T00:00:00Z,18.31,18.35,18.13,18.24,7071584.0,17.903333333333332,EVALUATION,-0.010964912280701733
SVXY,2020-06-08T00:00:00Z,18.26,18.31,17.94,18.04,5835992.0,18.016666666666666,EVALUATION,-0.02494456762749442
SVXY,2020-06-09T00:00:00Z,17.77,17.83,17.52,17.59,6138444.0,17.956666666666663,EVALUATION,0.0022740193291641564
SVXY,2020-06-10T00:00:00Z,17.52,17.95,17.35,17.63,9596848.0,17.75333333333333,EVALUATION,-0.16903006239364715
SVXY,2020-06-11T00:00:00Z,16.64,17.05,14.48,14.65,19772956.0,16.623333333333335,EVALUATION,0.018430034129692796
SVXY,2020-06-12T00:00:00Z,14.97,15.14,13.9,14.92,32954822.0,15.733333333333334,EVALUATION,0.012064343163538771
SVXY,2020-06-15T00:00:00Z,14.2,15.16,13.93,15.1,14879080.0,14.89,EVALUATION,0.011258278145695355
SVXY,2020-06-16T00:00:00Z,15.59,15.65,14.82,15.27,11229622.0,15.096666666666668,EVALUATION,-0.0006548788474132206
SVXY,2020-06-17T00:00:00Z,15.33,15.35,15.02,15.26,6217504.0,15.21,EVALUATION,0.007863695937090576
SVXY,2020-06-18T00:00:00Z,15.12,15.38,15.04,15.38,4792864.0,15.303333333333335,EVALUATION,-0.007802340702210753
SVXY,2020-06-19T00:00:00Z,15.57,15.62,15.0,15.26,9436096.0,15.3,EVALUATION,0.022280471821756187
SVXY,2020-06-22T00:00:00Z,15.19,15.6,15.09,15.6,9212716.0,15.413333333333334,EVALUATION,0.0064102564102563875
SVXY,2020-06-23T00:00:00Z,15.93,15.94,15.64,15.7,7543560.0,15.52,EVALUATION,-0.03375796178343948
SVXY,2020-06-24T00:00:00Z,15.43,15.64,14.82,15.17,17488222.0,15.49,EVALUATION,0.020435069215557045
SVXY,2020-06-25T00:00:00Z,15.06,15.49,14.9,15.48,6190694.0,15.45,EVALUATION,-0.029715762273901825
SVXY,2020-06-26T00:00:00Z,15.46,15.48,14.91,15.02,9846690.0,15.223333333333333,EVALUATION,0.022636484687083902
SVXY,2020-06-29T00:00:00Z,15.11,15.36,14.88,15.36,7428892.0,15.286666666666667,EVALUATION,0.025390625
SVXY,2020-06-30T00:00:00Z,15.28,15.8,15.26,15.75,7462636.0,15.376666666666667,EVALUATION,0.014603174603174729
SVXY,2020-07-01T00:00:00Z,15.87,16.02,15.74,15.98,7030770.0,15.696666666666667,EVALUATION,0.008760951188986343
SVXY,2020-07-02T00:00:00Z,16.31,16.43,16.05,16.12,9520436.0,15.950000000000001,EVALUATION,-0.001240694789081842
SVXY,2020-07-06T00:00:00Z,16.38,16.38,16.02,16.1,4631624.0,16.06666666666667,EVALUATION,-0.016770186335403836
SVXY,2020-07-07T00:00:00Z,16.04,16.26,15.8,15.83,6830092.0,16.016666666666666,EVALUATION,0.012634238787113228
SVXY,2020-07-08T00:00:00Z,15.97,16.05,15.7,16.03,4133354.0,15.986666666666668,EVALUATION,-0.008109794135995108
SVXY,2020-07-09T00:00:00Z,16.03,16.08,15.54,15.9,10168384.0,15.92,EVALUATION,0.013207547169811207
SVXY,2020-07-10T00:00:00Z,15.84,16.11,15.68,16.11,7697584.0,16.013333333333335,EVALUATION,-0.04779639975170702
SVXY,2020-07-13T00:00:00Z,16.21,16.21,15.31,15.34,9211558.0,15.783333333333333,EVALUATION,0.02933507170795302
SVXY,2020-07-14T00:00:00Z,15.35,15.8,15.18,15.79,9516268.0,15.746666666666666,EVALUATION,0.013932868904370066
SVXY,2020-07-15T00:00:00Z,16.02,16.04,15.68,16.01,8329352.0,15.713333333333333,EVALUATION,0.008744534665833692
SVXY,2020-07-16T00:00:00Z,15.83,16.18,15.81,16.15,5223798.0,15.983333333333333,EVALUATION,0.017337461300309664
SVXY,2020-07-17T00:00:00Z,16.22,16.43,16.14,16.43,5757052.0,16.196666666666665,EVALUATION,0.0237370663420573
SVXY,2020-07-20T00:00:00Z,16.52,16.93,16.49,16.82,8558138.0,16.466666666666665,EVALUATION,-0.006539833531510109
SVXY,2020-07-21T00:00:00Z,17.0,17.1,16.61,16.71,8063348.0,16.653333333333332,EVALUATION,0.006582884500299091
SVXY,2020-07-22T00:00:00Z,16.68,16.82,16.54,16.82,7775308.0,16.78333333333333,EVALUATION,-0.01724137931034475
SVXY,2020-07-23T00:00:00Z,16.89,16.95,16.36,16.53,12183094.0,16.686666666666667,EVALUATION,-0.001814882032667997
SVXY,2020-07-24T00:00:00Z,16.27,16.51,16.15,16.5,8806210.0,16.616666666666667,EVALUATION,0.014545454545454417
SVXY,2020-07-27T00:00:00Z,16.6,16.75,16.5,16.74,5777472.0,16.59,EVALUATION,0.0017921146953405742
SVXY,2020-07-28T00:00:00Z,16.73,17.04,16.66,16.77,5207138.0,16.669999999999998,EVALUATION,0.00954084675014899
SVXY,2020-07-29T00:00:00Z,16.9,16.98,16.79,16.93,3671346.0,16.813333333333333,EVALUATION,-0.011222681630242204
SVXY,2020-07-30T00:00:00Z,16.56,16.81,16.13,16.74,9113454.0,16.813333333333333,EVALUATION,0.013739545997610625
SVXY,2020-07-31T00:00:00Z,16.97,16.99,16.53,16.97,12630064.0,16.88,EVALUATION,-0.0011785503830288313
SVXY,2020-08-03T00:00:00Z,17.02,17.07,16.89,16.95,7244356.0,16.886666666666663,EVALUATION,0.015929203539823078
SVXY,2020-08-04T00:00:00Z,16.99,17.24,16.99,17.22,6376110.0,17.046666666666667,EVALUATION,0.010452961672473782
SVXY,2020-08-05T00:00:00Z,17.35,17.42,17.24,17.4,4624802.0,17.189999999999998,EVALUATION,0.005747126436781658
SVXY,2020-08-06T00:00:00Z,17.36,17.52,17.3,17.5,4018356.0,17.37333333333333,EVALUATION,0.0028571428571428914
SVXY,2020-08-07T00:00:00Z,17.38,17.64,17.36,17.55,8423984.0,17.483333333333334,EVALUATION,0.013675213675213627
SVXY,2020-08-10T00:00:00Z,17.68,17.84,17.56,17.79,5223788.0,17.613333333333333,EVALUATION,-0.022484541877459185
SVXY,2020-08-11T00:00:00Z,18.02,18.06,17.34,17.39,6613682.0,17.576666666666668,EVALUATION,0.027027027027026973
SVXY,2020-08-12T00:00:00Z,17.74,17.93,17.7,17.86,4166890.0,17.68,EVALUATION,0.0011198208286673506
SVXY,2020-08-13T00:00:00Z,17.81,18.08,17.75,17.88,4070670.0,17.71,EVALUATION,0.0
SVXY,2020-08-14T00:00:00Z,17.8,17.93,17.7,17.88,4158054.0,17.873333333333335,EVALUATION,0.016778523489932917
SVXY,2020-08-17T00:00:00Z,18.07,18.24,18.01,18.18,2861268.0,17.98,EVALUATION,0.004950495049504955
SVXY,2020-08-18T00:00:00Z,18.26,18.35,18.05,18.27,3547198.0,18.11,EVALUATION,-0.009852216748768461
SVXY,2020-08-19T00:00:00Z,18.34,18.41,18.03,18.09,4274942.0,18.18,EVALUATION,0.006080707573244748
SVXY,2020-08-20T00:00:00Z,17.75,18.23,17.7,18.2,4846822.0,18.186666666666667,EVALUATION,-0.0027472527472527375
SVXY,2020-08-21T00:00:00Z,18.04,18.2,17.99,18.15,3968384.0,18.14666666666667,EVALUATION,0.0016528925619836432
SVXY,2020-08-24T00:00:00Z,18.41,18.42,18.09,18.18,4914278.0,18.176666666666666,EVALUATION,0.0033003300330032292
SVXY,2020-08-25T00:00:00Z,18.14,18.29,17.89,18.24,4733556.0,18.189999999999998,EVALUATION,-0.012061403508771829
SVXY,2020-08-26T00:00:00Z,18.31,18.51,17.97,18.02,4599504.0,18.146666666666665,EVALUATION,-0.016093229744728044
SVXY,2020-08-27T00:00:00Z,18.13,18.2,17.02,17.73,13358732.0,17.996666666666666,EVALUATION,0.0028200789622110367
SVXY,2020-08-28T00:00:00Z,17.65,17.93,17.26,17.78,7936080.0,17.843333333333334,EVALUATION,-0.024184476940382393
SVXY,2020-08-31T00:00:00Z,17.56,17.75,17.27,17.35,7844076.0,17.62,EVALUATION,-0.008069164265129714
SVXY,2020-09-01T00:00:00Z,17.35,17.41,17.15,17.21,6032520.0,17.44666666666667,EVALUATION,-0.01220220801859384
SVXY,2020-09-02T00:00:00Z,17.23,17.26,16.91,17.0,7092252.0,17.186666666666667,EVALUATION,-0.06705882352941184
SVXY,2020-09-03T00:00:00Z,16.88,17.18,15.56,15.86,27182622.0,16.69,EVALUATION,0.04161412358133676
SVXY,2020-09-04T00:00:00Z,16.04,16.64,15.26,16.52,23900296.0,16.46,EVALUATION,0.012711864406779627
SVXY,2020-09-08T00:00:00Z,15.87,16.75,15.81,16.73,14278460.0,16.37,EVALUATION,0.025104602510460206
SVXY,2020-09-09T00:00:00Z,16.95,17.29,16.86,17.15,9091526.0,16.8,EVALUATION,-0.00641399416909616
SVXY,2020-09-10T00:00:00Z,17.24,17.3,16.86,17.04,13921944.0,16.973333333333333,EVALUATION,0.03169014084507027
SVXY,2020-09-11T00:00:00Z,17.3,17.59,17.05,17.58,13534970.0,17.256666666666664,EVALUATION,0.009670079635950124
SVXY,2020-09-14T00:00:00Z,17.68,17.85,17.6,17.75,6592168.0,17.456666666666667,EVALUATION,-0.0005633802816902289
SVXY,2020-09-15T00:00:00Z,17.82,17.86,17.6,17.74,5790742.0,17.689999999999998,EVALUATION,0.0016910935738445598
SVXY,2020-09-16T00:00:00Z,17.81,18.01,17.76,17.77,5804036.0,17.753333333333334,EVALUATION,0.011254924029262758
SVXY,2020-09-17T00:00:00Z,17.49,18.01,17.46,17.97,6728304.0,17.826666666666664,EVALUATION,0.0
SVXY,2020-09-18T00:00:00Z,18.04,18.24,17.76,17.97,6249008.0,17.903333333333332,EVALUATION,-0.016694490818029872
SVXY,2020-09-21T00:00:00Z,17.6,17.73,17.13,17.67,9402306.0,17.869999999999997,EVALUATION,-0.003961516694963252
SVXY,2020-09-22T00:00:00Z,17.68,17.7,17.37,17.6,5485654.0,17.746666666666666,EVALUATION,-0.02556818181818199
SVXY,2020-09-23T00:00:00Z,17.66,17.68,17.14,17.15,7338790.0,17.473333333333333,EVALUATION,0.00932944606413999
SVXY,2020-09-24T00:00:00Z,17.16,17.46,17.05,17.31,6694772.0,17.35333333333333,EVALUATION,0.012709416522241668
SVXY,2020-09-25T00:00:00Z,17.3,17.58,17.24,17.53,5696352.0,17.33,EVALUATION,0.0017113519680547196
SVXY,2020-09-28T00:00:00Z,17.61,17.62,17.49,17.56,4413114.0,17.466666666666665,EVALUATION,0.010820045558086688
SVXY,2020-09-29T00:00:00Z,17.55,17.86,17.55,17.75,4662506.0,17.613333333333333,EVALUATION,0.0
SVXY,2020-09-30T00:00:00Z,17.86,17.97,17.65,17.75,4985396.0,17.686666666666667,EVALUATION,-0.003943661971831047
SVXY,2020-10-01T00:00:00Z,17.84,17.84,17.56,17.68,5732592.0,17.726666666666667,EVALUATION,-0.01414027149321262
SVXY,2020-10-02T00:00:00Z,17.24,17.59,17.22,17.43,7153224.0,17.62,EVALUATION,0.014916810097532984
SVXY,2020-10-05T00:00:00Z,17.49,17.76,17.42,17.69,4097298.0,17.6,EVALUATION,-0.006218202374222881
SVXY,2020-10-06T00:00:00Z,17.77,17.93,17.49,17.58,5902110.0,17.566666666666666,EVALUATION,0.015927189988623525
SVXY,2020-10-07T00:00:00Z,17.75,17.92,17.7,17.86,3789520.0,17.71,EVALUATION,0.02015677491601342
SVXY,2020-10-08T00:00:00Z,17.95,18.24,17.91,18.22,5473528.0,17.886666666666667,EVALUATION,0.025795828759604955
SVXY,2020-10-09T00:00:00Z,18.5,18.7,18.48,18.69,5156462.0,18.256666666666668,EVALUATION,0.009095773140716856
SVXY,2020-10-12T00:00:00Z,18.86,18.9,18.69,18.86,4118804.0,18.59,EVALUATION,-0.005302226935312682
SVXY,2020-10-13T00:00:00Z,18.74,18.82,18.55,18.76,5941894.0,18.77,EVALUATION,0.0031982942430703876
SVXY,2020-10-14T00:00:00Z,18.82,18.98,18.68,18.82,6848056.0,18.813333333333333,EVALUATION,-0.0037194473963868546
SVXY,2020-10-15T00:00:00Z,18.4,18.77,18.33,18.75,5947614.0,18.776666666666667,EVALUATION,-0.0031999999999999806
SVXY,2020-10-16T00:00:00Z,18.77,18.9,18.68,18.69,5430100.0,18.753333333333334,EVALUATION,-0.022471910112359605
SVXY,2020-10-19T00:00:00Z,18.71,18.74,18.21,18.27,6192716.0,18.57,EVALUATION,0.0
SVXY,2020-10-20T00:00:00Z,18.33,18.41,18.22,18.27,7307834.0,18.41,EVALUATION,0.01258894362342633
SVXY,2020-10-21T00:00:00Z,18.32,18.55,18.2,18.5,7219100.0,18.346666666666668,EVALUATION,0.011351351351351457
SVXY,2020-10-22T00:00:00Z,18.5,18.79,18.42,18.71,6706294.0,18.493333333333332,EVALUATION,-0.0005344735435597325
SVXY,2020-10-23T00:00:00Z,18.73,18.76,18.49,18.7,5006864.0,18.636666666666667,EVALUATION,-0.051336898395721975
SVXY,2020-10-26T00:00:00Z,18.45,18.56,17.68,17.74,9667028.0,18.383333333333333,EVALUATION,0.004509582863585271
SVXY,2020-10-27T00:00:00Z,17.85,18.01,17.66,17.82,6788182.0,18.086666666666666,EVALUATION,-0.07182940516273861
SVXY,2020-10-28T00:00:00Z,17.13,17.26,16.52,16.54,12569678.0,17.366666666666667,EVALUATION,0.03808948004836776
SVXY,2020-10-29T00:00:00Z,16.7,17.38,16.55,17.17,8277588.0,17.176666666666666,EVALUATION,-0.016889924286546454
SVXY,2020-10-30T00:00:00Z,17.0,17.12,16.7,16.88,10527832.0,16.863333333333333,EVALUATION,0.011255924170616272
SVXY,2020-11-02T00:00:00Z,17.25,17.27,16.94,17.07,6968130.0,17.04,EVALUATION,0.026362038664323295
SVXY,2020-11-03T00:00:00Z,17.32,17.63,17.26,17.52,5073508.0,17.156666666666666,EVALUATION,0.042808219178082085
SVXY,2020-11-04T00:00:00Z,17.89,18.35,17.86,18.27,10570330.0,17.62,EVALUATION,0.008757525998905225
SVXY,2020-11-05T00:00:00Z,18.58,18.67,18.33,18.43,6458840.0,18.073333333333334,EVALUATION,0.03472599023331524
SVXY,2020-11-06T00:00:00Z,18.55,19.07,18.51,19.07,7739606.0,18.59,EVALUATION,0.009963293130571538
SVXY,2020-11-09T00:00:00Z,19.7,20.13,19.26,19.26,14506576.0,18.92,EVALUATION,0.016095534787123444
SVXY,2020-11-10T00:00:00Z,19.5,19.58,19.16,19.57,9148748.0,19.3,EVALUATION,0.01124169647419504
SVXY,2020-11-11T00:00:00Z,19.72,19.98,19.59,19.79,6207268.0,19.54,EVALUATION,-0.035876705406771126
SVXY,2020-11-12T00:00:00Z,19.64,19.75,18.86,19.08,12044338.0,19.48,EVALUATION,0.032494758909853205
SVXY,2020-11-13T00:00:00Z,19.41,19.83,19.41,19.7,5844734.0,19.523333333333333,EVALUATION,0.010152284263959421
SVXY,2020-11-16T00:00:00Z,19.92,19.95,19.57,19.9,5551396.0,19.56,EVALUATION,0.009547738693467478
SVXY,2020-11-17T00:00:00Z,19.72,20.1,19.66,20.09,5233370.0,19.896666666666665,EVALUATION,-0.016923842707814774
SVXY,2020-11-18T00:00:00Z,20.18,20.29,19.7,19.75,5471172.0,19.913333333333334,EVALUATION,0.007088607594936791
SVXY,2020-11-19T00:00:00Z,19.81,20.05,19.66,19.89,4850786.0,19.91,EVALUATION,0.0015082956259426794
SVXY,2020-11-20T00:00:00Z,19.9,20.1,19.86,19.92,4480634.0,19.85333333333333,EVALUATION,0.005020080321284981
SVXY,2020-11-23T00:00:00Z,20.03,20.19,19.84,20.02,4824484.0,19.943333333333335,EVALUATION,0.00899100899100902
SVXY,2020-11-24T00:00:00Z,20.23,20.26,20.03,20.2,3823984.0,20.046666666666667,EVALUATION,0.01881188118811883
SVXY,2020-11-25T00:00:00Z,20.18,20.6,20.06,20.58,3564352.0,20.266666666666666,EVALUATION,-0.0038872691933915515
SVXY,2020-11-27T00:00:00Z,20.66,20.74,20.42,20.5,1799780.0,20.426666666666666,EVALUATION,0.008780487804878057
SVXY,2020-11-30T00:00:00Z,20.43,20.7,20.1,20.68,4370428.0,20.586666666666666,EVALUATION,-0.004835589941972973
SVXY,2020-12-01T00:00:00Z,20.77,20.85,20.54,20.58,5463864.0,20.586666666666666,EVALUATION,0.004373177842565745
SVXY,2020-12-02T00:00:00Z,20.57,20.86,20.56,20.67,4012258.0,20.643333333333334,EVALUATION,-0.005805515239477588
SVXY,2020-12-03T00:00:00Z,20.75,20.78,20.45,20.55,4081560.0,20.6,EVALUATION,0.00778588807785896
SVXY,2020-12-04T00:00:00Z,20.66,20.81,20.66,20.71,3725790.0,20.643333333333334,EVALUATION,-0.0014485755673587786
SVXY,2020-12-07T00:00:00Z,20.59,20.71,20.54,20.68,3084078.0,20.64666666666667,EVALUATION,0.016924564796905184
SVXY,2020-12-08T00:00:00Z,20.57,21.03,20.57,21.03,2989292.0,20.80666666666667,EVALUATION,-0.0194959581550167
SVXY,2020-12-09T00:00:00Z,21.15,21.22,20.53,20.62,7381312.0,20.776666666666667,EVALUATION,-0.004364694471386987
SVXY,2020-12-10T00:00:00Z,20.55,20.81,20.46,20.53,4873166.0,20.726666666666667,EVALUATION,-0.018509498295177895
SVXY,2020-12-11T00:00:00Z,20.29,20.43,19.86,20.15,5633342.0,20.433333333333334,EVALUATION,-0.011910669975185972
SVXY,2020-12-14T00:00:00Z,20.48,20.56,19.9,19.91,4640174.0,20.196666666666665,EVALUATION,0.022601707684580585
SVXY,2020-12-15T00:00:00Z,20.14,20.39,20.02,20.36,5277390.0,20.14,EVALUATION,0.016699410609037235
SVXY,2020-12-16T00:00:00Z,20.4,20.72,20.3,20.7,3475318.0,20.32333333333333,EVALUATION,0.007246376811594235
SVXY,2020-12-17T00:00:00Z,20.68,20.93,20.64,20.85,4201528.0,20.636666666666667,EVALUATION,-0.011031175059952103
SVXY,2020-12-18T00:00:00Z,20.78,20.78,20.35,20.62,5503508.0,20.723333333333333,EVALUATION,-0.03976721629485935
SVXY,2020-12-21T00:00:00Z,19.61,20.04,19.19,19.8,10476580.0,20.423333333333336,EVALUATION,0.010101010101010166
SVXY,2020-12-22T00:00:00Z,19.93,20.04,19.79,20.0,4723794.0,20.14,EVALUATION,0.021500000000000075
SVXY,2020-12-23T00:00:00Z,20.2,20.57,20.18,20.43,4137176.0,20.076666666666668,EVALUATION,0.01566324033284383
SVXY,2020-12-24T00:00:00Z,20.55,20.75,20.54,20.75,1892054.0,20.393333333333334,EVALUATION,0.003855421686746796
SVXY,2020-12-28T00:00:00Z,20.85,20.88,20.72,20.83,4077712.0,20.669999999999998,EVALUATION,-0.02352376380220833
SVXY,2020-12-29T00:00:00Z,20.88,20.89,20.15,20.34,4154502.0,20.64,EVALUATION,0.01868239921337267
SVXY,2020-12-30T00:00:00Z,20.41,20.76,20.35,20.72,3953364.0,20.63,EVALUATION,0.0
SVXY,2020-12-31T00:00:00Z,20.73,20.92,20.55,20.72,3865334.0,20.593333333333334,EVALUATION,-0.04295366795366795
SVXY,2021-01-04T00:00:00Z,20.73,20.74,19.47,19.83,10779164.0,20.423333333333332,EVALUATION,0.01563287947554226
SVXY,2021-01-05T00:00:00Z,19.58,20.22,19.57,20.14,5298932.0,20.23,EVALUATION,0.002979145978152964
SVXY,2021-01-06T00:00:00Z,20.24,20.77,19.94,20.2,11390456.0,20.056666666666665,EVALUATION,0.029207920792079234
SVXY,2021-01-07T00:00:00Z,20.63,20.8,20.58,20.79,5304718.0,20.376666666666665,EVALUATION,0.005772005772005873
SVXY,2021-01-08T00:00:00Z,20.86,20.96,20.53,20.91,5175894.0,20.633333333333333,EVALUATION,-0.022955523672883782
SVXY,2021-01-11T00:00:00Z,20.52,20.67,20.22,20.43,5997864.0,20.71,EVALUATION,0.009300048947626038
SVXY,2021-01-12T00:00:00Z,20.49,20.64,20.2,20.62,5392482.0,20.653333333333332,EVALUATION,0.008244422890397507
SVXY,2021-01-13T00:00:00Z,20.61,20.85,20.54,20.79,3752676.0,20.613333333333333,EVALUATION,-0.007215007215007119
SVXY,2021-01-14T00:00:00Z,20.85,20.98,20.58,20.64,3674908.0,20.683333333333334,EVALUATION,-0.013565891472868241
SVXY,2021-01-15T00:00:00Z,20.5,20.63,20.13,20.36,6106636.0,20.596666666666664,EVALUATION,0.012278978388998052
SVXY,2021-01-19T00:00:00Z,20.66,20.71,20.47,20.61,5827026.0,20.536666666666665,EVALUATION,0.011159631246967505
SVXY,2021-01-20T00:00:00Z,20.8,20.9,20.64,20.84,4582604.0,20.60333333333333,EVALUATION,0.0038387715930903177
SVXY,2021-01-21T00:00:00Z,20.84,20.94,20.67,20.92,4570280.0,20.79,EVALUATION,-0.006214149139579517
SVXY,2021-01-22T00:00:00Z,20.67,20.91,20.61,20.79,3976298.0,20.85,EVALUATION,-0.020683020683020636
SVXY,2021-01-25T00:00:00Z,20.68,20.75,19.91,20.36,11399692.0,20.689999999999998,EVALUATION,0.0019646365422396617
SVXY,2021-01-26T00:00:00Z,20.56,20.72,20.4,20.4,6340564.0,20.516666666666666,EVALUATION,-0.10539215686274506
SVXY,2021-01-27T00:00:00Z,19.99,20.0,18.2,18.25,18403522.0,19.669999999999998,EVALUATION,0.009863013698630185
SVXY,2021-01-28T00:00:00Z,18.79,19.02,18.37,18.43,10322240.0,19.026666666666667,EVALUATION,-0.022788931090613085
SVXY,2021-01-29T00:00:00Z,18.36,18.86,17.66,18.01,22679120.0,18.23,EVALUATION,0.02720710716268737
SVXY,2021-02-01T00:00:00Z,18.42,18.61,17.9,18.5,10463136.0,18.313333333333333,EVALUATION,0.04270270270270271
SVXY,2021-02-02T00:00:00Z,18.96,19.38,18.93,19.29,10445002.0,18.6,EVALUATION,0.025920165889061764
SVXY,2021-02-03T00:00:00Z,19.51,19.8,19.36,19.79,6416164.0,19.193333333333335,EVALUATION,0.021728145528044474
SVXY,2021-02-04T00:00:00Z,20.0,20.22,19.98,20.22,4859766.0,19.766666666666666,EVALUATION,0.0014836795252226587
SVXY,2021-02-05T00:00:00Z,20.25,20.26,20.02,20.25,4500690.0,20.086666666666666,EVALUATION,0.002962962962962834
SVXY,2021-02-08T00:00:00Z,20.29,20.33,20.13,20.31,3608676.0,20.259999999999998,EVALUATION,-0.001969473165928104
SVXY,2021-02-09T00:00:00Z,20.18,20.39,20.1,20.27,4009854.0,20.276666666666667,EVALUATION,-0.011840157868771461
SVXY,2021-02-10T00:00:00Z,20.33,20.35,19.8,20.03,10210098.0,20.203333333333333,EVALUATION,0.014977533699450651
SVXY,2021-02-11T00:00:00Z,20.23,20.34,19.87,20.33,6666638.0,20.21,EVALUATION,0.01721593703885893
SVXY,2021-02-12T00:00:00Z,20.28,20.69,20.24,20.68,8266406.0,20.346666666666668,EVALUATION,-0.006286266924564798
SVXY,2021-02-16T00:00:00Z,20.62,20.76,20.44,20.55,7202710.0,20.52,EVALUATION,0.010218978102189746
SVXY,2021-02-17T00:00:00Z,20.39,20.8,20.22,20.76,7232572.0,20.663333333333334,EVALUATION,-0.002408477842003931
SVXY,2021-02-18T00:00:00Z,20.45,20.81,20.34,20.71,6017774.0,20.673333333333336,EVALUATION,0.024142926122646013
SVXY,2021-02-19T00:00:00Z,20.8,21.21,20.77,21.21,6678254.0,20.893333333333334,EVALUATION,-0.026874115983026914
SVXY,2021-02-22T00:00:00Z,20.73,21.04,20.63,20.64,5522510.0,20.85333333333333,EVALUATION,0.021317829457364157
SVXY,2021-02-23T00:00:00Z,20.57,21.08,20.06,21.08,12128486.0,20.976666666666667,EVALUATION,0.018026565464895672
SVXY,2021-02-24T00:00:00Z,20.79,21.5,20.67,21.46,9617762.0,21.06,EVALUATION,-0.08201304753028893
SVXY,2021-02-25T00:00:00Z,21.24,21.42,19.45,19.7,28692962.0,20.746666666666666,EVALUATION,0.025380710659898442
SVXY,2021-02-26T00:00:00Z,20.16,20.41,19.45,20.2,24749902.0,20.453333333333333,EVALUATION,0.03712871287128716
SVXY,2021-03-01T00:00:00Z,20.82,21.07,20.79,20.95,9760380.0,20.28333333333333,EVALUATION,-0.0038186157517898778
SVXY,2021-03-02T00:00:00Z,20.92,21.08,20.8,20.87,9788050.0,20.673333333333332,EVALUATION,-0.0229995208433158
SVXY,2021-03-03T00:00:00Z,20.93,21.02,20.39,20.39,13641642.0,20.736666666666668,EVALUATION,-0.019617459538989857
SVXY,2021-03-04T00:00:00Z,20.52,20.75,19.52,19.99,26172652.0,20.416666666666668,EVALUATION,0.033016508254127164
SVXY,2021-03-05T00:00:00Z,20.35,20.71,19.68,20.65,17687304.0,20.343333333333334,EVALUATION,0.00048426150121083644
SVXY,2021-03-08T00:00:00Z,20.67,20.87,20.4,20.66,10381278.0,20.433333333333334,EVALUATION,0.012584704743465736
SVXY,2021-03-09T00:00:00Z,20.78,21.03,20.73,20.92,6363354.0,20.743333333333332,EVALUATION,0.005736137667303964
SVXY,2021-03-10T00:00:00Z,21.19,21.19,20.96,21.04,7217728.0,20.873333333333335,EVALUATION,0.012832699619771848
SVXY,2021-03-11T00:00:00Z,21.2,21.37,21.19,21.31,4443260.0,21.09,EVALUATION,0.008446738620365934
SVXY,2021-03-12T00:00:00Z,21.1,21.49,21.06,21.49,4891504.0,21.279999999999998,EVALUATION,0.02931596091205213
SVXY,2021-03-15T00:00:00Z,21.52,22.15,21.44,22.12,5867802.0,21.64,EVALUATION,0.005877034358046984
SVXY,2021-03-16T00:00:00Z,22.12,22.43,22.08,22.25,6922178.0,21.953333333333333,EVALUATION,0.013932584269662929
SVXY,2021-03-17T00:00:00Z,21.98,22.59,21.91,22.56,7415596.0,22.310000000000002,EVALUATION,-0.03235815602836878
SVXY,2021-03-18T00:00:00Z,22.34,22.56,21.83,21.83,8256084.0,22.21333333333333,EVALUATION,0.016949152542372836
SVXY,2021-03-19T00:00:00Z,22.02,22.43,21.72,22.2,7948408.0,22.196666666666665,EVALUATION,0.040990990990990905
SVXY,2021-03-22T00:00:00Z,22.52,23.18,22.44,23.11,5644598.0,22.38,EVALUATION,-0.024231934227607055
SVXY,2021-03-23T00:00:00Z,23.01,23.06,22.33,22.55,7881096.0,22.619999999999997,EVALUATION,-0.004878048780487809
SVXY,2021-03-24T00:00:00Z,22.79,23.02,22.44,22.44,6646938.0,22.7,EVALUATION,0.015151515151515138
SVXY,2021-03-25T00:00:00Z,22.38,22.85,21.83,22.78,11727040.0,22.59,EVALUATION,0.027216856892010366
SVXY,2021-03-26T00:00:00Z,22.99,23.4,22.56,23.4,8559176.0,22.873333333333335,EVALUATION,-0.018803418803418737
SVXY,2021-03-29T00:00:00Z,22.98,23.09,22.62,22.96,7281202.0,23.046666666666667,EVALUATION,0.020905923344947785
SVXY,2021-03-30T00:00:00Z,22.97,23.47,22.83,23.44,4569984.0,23.266666666666666,EVALUATION,0.0046928327645050505
SVXY,2021-03-31T00:00:00Z,23.59,23.77,23.31,23.55,6578682.0,23.316666666666666,EVALUATION,0.021656050955414008
SVXY,2021-04-01T00:00:00Z,23.71,24.06,23.64,24.06,6374310.0,23.683333333333334,EVALUATION,0.006650041562759723
SVXY,2021-04-05T00:00:00Z,24.28,24.33,24.08,24.22,5887462.0,23.94333333333333,EVALUATION,-0.0016515276630882925
SVXY,2021-04-06T00:00:00Z,24.23,24.44,24.14,24.18,6155194.0,24.153333333333332,EVALUATION,0.014474772539288638
SVXY,2021-04-07T00:00:00Z,24.22,24.58,24.18,24.53,4757584.0,24.310000000000002,EVALUATION,0.0077456176110883845
SVXY,2021-04-08T00:00:00Z,24.72,24.84,24.6,24.72,5527844.0,24.476666666666667,EVALUATION,0.0012135922330096527
SVXY,2021-04-09T00:00:00Z,24.6,24.94,24.53,24.75,4573320.0,24.666666666666668,EVALUATION,0.009696969696969537
SVXY,2021-04-12T00:00:00Z,24.62,24.99,24.4,24.99,4925248.0,24.82,EVALUATION,-0.0012004801920767472
SVXY,2021-04-13T00:00:00Z,24.91,25.11,24.85,24.96,5092410.0,24.9,EVALUATION,-0.005208333333333481
SVXY,2021-04-14T00:00:00Z,24.95,25.06,24.69,24.83,6633908.0,24.926666666666666,EVALUATION,0.012484897301651365
SVXY,2021-04-15T00:00:00Z,25.03,25.2,24.97,25.14,4987162.0,24.976666666666667,EVALUATION,0.007955449482895727
SVXY,2021-04-16T00:00:00Z,25.14,25.42,25.04,25.34,5343118.0,25.10333333333333,EVALUATION,-0.017758484609313285
SVXY,2021-04-19T00:00:00Z,25.22,25.27,24.5,24.89,10688398.0,25.123333333333335,EVALUATION,-0.012454801124949899
SVXY,2021-04-20T00:00:00Z,24.71,24.8,24.16,24.58,11627324.0,24.936666666666667,EVALUATION,0.02766476810414975
SVXY,2021-04-21T00:00:00Z,24.53,25.31,24.37,25.26,7409912.0,24.91,EVALUATION,-0.030482977038796655
SVXY,2021-04-22T00:00:00Z,25.26,25.33,24.22,24.49,15489648.0,24.776666666666664,EVALUATION,0.019191506737443964
SVXY,2021-04-23T00:00:00Z,24.61,25.2,24.52,24.96,9378088.0,24.903333333333332,EVALUATION,0.0036057692307691624
SVXY,2021-04-26T00:00:00Z,25.07,25.11,24.86,25.05,7247646.0,24.833333333333332,EVALUATION,0.009980039920159722
SVXY,2021-04-27T00:00:00Z,25.1,25.36,24.92,25.3,5835436.0,25.10333333333333,EVALUATION,-0.002766798418972316
SVXY,2021-04-28T00:00:00Z,25.35,25.47,25.17,25.23,5785358.0,25.193333333333335,EVALUATION,0.00832342449464929
SVXY,2021-04-29T00:00:00Z,25.57,25.62,24.92,25.44,12597308.0,25.323333333333334,EVALUATION,-0.02083333333333337
SVXY,2021-04-30T00:00:00Z,25.16,25.31,24.79,24.91,13837092.0,25.193333333333335,EVALUATION,0.01926936973103177
SVXY,2021-05-03T00:00:00Z,25.23,25.39,25.08,25.39,8991210.0,25.246666666666666,EVALUATION,-0.02126821583300509
SVXY,2021-05-04T00:00:00Z,25.02,25.11,24.15,24.85,14862556.0,25.049999999999997,EVALUATION,0.01327967806841035
SVXY,2021-05-05T00:00:00Z,25.09,25.4,24.8,25.18,11582440.0,25.14,EVALUATION,0.003177124702144596
SVXY,2021-05-06T00:00:00Z,25.13,25.3,24.63,25.26,14315090.0,25.096666666666664,EVALUATION,0.028899445764053677
SVXY,2021-05-07T00:00:00Z,25.25,26.04,25.22,25.99,10560994.0,25.476666666666667,EVALUATION,-0.02193151212004607
SVXY,2021-05-10T00:00:00Z,26.0,26.22,25.37,25.42,13624534.0,25.556666666666665,EVALUATION,-0.038945712037765645
SVXY,2021-05-11T00:00:00Z,24.66,25.07,24.12,24.43,24310528.0,25.28,EVALUATION,-0.0867785509619321
SVXY,2021-05-12T00:00:00Z,23.97,23.99,21.85,22.31,31375444.0,24.053333333333335,EVALUATION,0.04571940833706867
SVXY,2021-05-13T00:00:00Z,22.94,23.61,22.93,23.33,24755702.0,23.356666666666666,EVALUATION,0.060865837976853854
SVXY,2021-05-14T00:00:00Z,23.98,24.87,23.98,24.75,18031804.0,23.46333333333333,EVALUATION,-0.015353535353535341
SVXY,2021-05-17T00:00:00Z,24.5,24.73,23.83,24.37,14593958.0,24.15,EVALUATION,-0.006155108740254489
SVXY,2021-05-18T00:00:00Z,24.48,24.77,24.1,24.22,11743000.0,24.446666666666665,EVALUATION,-0.02064409578860449
SVXY,2021-05-19T00:00:00Z,23.37,23.72,22.4,23.72,31272612.0,24.10333333333333,EVALUATION,0.022344013490725123
SVXY,2021-05-20T00:00:00Z,23.91,24.36,23.75,24.25,14932244.0,24.063333333333333,EVALUATION,0.005360824742268067
SVXY,2021-05-21T00:00:00Z,24.45,24.59,24.24,24.38,10472016.0,24.116666666666667,EVALUATION,0.02378999179655472
SVXY,2021-05-24T00:00:00Z,24.63,25.07,24.63,24.96,7169106.0,24.53,EVALUATION,-0.0008012820512820484
SVXY,2021-05-25T00:00:00Z,25.02,25.05,24.73,24.94,7260102.0,24.76,EVALUATION,0.024859663191659775
SVXY,2021-05-26T00:00:00Z,25.13,25.59,25.09,25.56,8395078.0,25.153333333333336,EVALUATION,0.02464788732394374
SVXY,2021-05-27T00:00:00Z,25.69,26.24,25.67,26.19,10129640.0,25.563333333333333,EVALUATION,-0.009927453226422411
SVXY,2021-05-28T00:00:00Z,26.28,26.34,25.91,25.93,7239192.0,25.89333333333333,EVALUATION,-0.01234091785576552
SVXY,2021-06-01T00:00:00Z,26.26,26.31,25.61,25.61,7373348.0,25.91,EVALUATION,0.01327606403748538
SVXY,2021-06-02T00:00:00Z,25.79,26.14,25.65,25.95,8111776.0,25.83,EVALUATION,-0.010019267822735989
SVXY,2021-06-03T00:00:00Z,25.56,25.91,25.37,25.69,7466982.0,25.75,EVALUATION,0.027637212923316445
SVXY,2021-06-04T00:00:00Z,26.1,26.44,26.1,26.4,8346758.0,26.013333333333335,EVALUATION,0.008712121212121282
SVXY,2021-06-07T00:00:00Z,26.39,26.65,26.27,26.63,4310942.0,26.240000000000002,EVALUATION,-0.007134810364250788
SVXY,2021-06-08T00:00:00Z,26.71,26.73,26.18,26.44,6518978.0,26.490000000000002,EVALUATION,-0.006429652042360123
SVXY,2021-06-09T00:00:00Z,26.62,26.62,26.16,26.27,5054686.0,26.446666666666665,EVALUATION,0.02969166349448038
SVXY,2021-06-10T00:00:00Z,26.62,27.05,26.53,27.05,7336910.0,26.586666666666666,EVALUATION,0.013678373382624898
SVXY,2021-06-11T00:00:00Z,27.28,27.5,27.26,27.42,6557422.0,26.913333333333334,EVALUATION,-0.004741064916119697
SVXY,2021-06-14T00:00:00Z,27.42,27.47,27.0,27.29,5767408.0,27.253333333333334,EVALUATION,-0.01758886038842067
SVXY,2021-06-15T00:00:00Z,27.22,27.26,26.81,26.81,6623908.0,27.173333333333332,EVALUATION,-0.0011189854531890031
SVXY,2021-06-16T00:00:00Z,27.13,27.37,26.48,26.78,14462600.0,26.96,EVALUATION,0.005974607916355401
SVXY,2021-06-17T00:00:00Z,26.81,27.39,26.63,26.94,10529854.0,26.843333333333334,EVALUATION,-0.04565701559020041
SVXY,2021-06-18T00:00:00Z,26.3,26.66,25.64,25.71,16718878.0,26.476666666666667,EVALUATION,0.03656164916374949
SVXY,2021-06-21T00:00:00Z,26.18,26.71,25.79,26.65,10343288.0,26.433333333333334,EVALUATION,0.021013133208255264
SVXY,2021-06-22T00:00:00Z,26.46,27.21,26.38,27.21,6470640.0,26.523333333333333,EVALUATION,0.009555310547592732
SVXY,2021-06-23T00:00:00Z,27.38,27.6,27.32,27.47,5117136.0,27.11,EVALUATION,0.011649071714597836
SVXY,2021-06-24T00:00:00Z,27.8,27.86,27.65,27.79,4351268.0,27.490000000000002,EVALUATION,0.006836991723641717
SVXY,2021-06-25T00:00:00Z,27.8,27.98,27.63,27.98,3795312.0,27.746666666666666,EVALUATION,-0.002859185132237374
SVXY,2021-06-28T00:00:00Z,28.05,28.12,27.75,27.9,3602094.0,27.89,EVALUATION,-0.008243727598566175
SVXY,2021-06-29T00:00:00Z,28.06,28.1,27.62,27.67,5684518.0,27.85,EVALUATION,0.003975424647632897
SVXY,2021-06-30T00:00:00Z,27.56,27.92,27.46,27.78,5928354.0,27.78333333333333,EVALUATION,0.008999280057595316
SVXY,2021-07-01T00:00:00Z,27.94,28.06,27.82,28.03,5597964.0,27.826666666666668,EVALUATION,0.0007135212272564306
SVXY,2021-07-02T00:00:00Z,28.37,28.47,27.96,28.05,5742088.0,27.953333333333333,EVALUATION,-0.01176470588235301
SVXY,2021-07-06T00:00:00Z,28.2,28.2,27.31,27.72,7126842.0,27.933333333333334,EVALUATION,-0.0007215007215006786
SVXY,2021-07-07T00:00:00Z,27.88,27.9,27.24,27.7,4849424.0,27.82333333333333,EVALUATION,-0.03790613718411551
SVXY,2021-07-08T00:00:00Z,26.51,27.04,26.37,26.65,12184550.0,27.356666666666666,EVALUATION,0.0397748592870546
SVXY,2021-07-09T00:00:00Z,27.2,27.76,27.12,27.71,7730438.0,27.35333333333333,EVALUATION,0.006134969325153339
SVXY,2021-07-12T00:00:00Z,27.68,27.89,27.6,27.88,4658686.0,27.413333333333334,EVALUATION,-0.008967001434720179
SVXY,2021-07-13T00:00:00Z,27.79,28.09,27.57,27.63,7004308.0,27.74,EVALUATION,0.010133912414042712
SVXY,2021-07-14T00:00:00Z,27.95,28.05,27.45,27.91,5703288.0,27.806666666666665,EVALUATION,-0.006091006807595889
SVXY,2021-07-15T00:00:00Z,27.58,27.82,27.39,27.74,7746874.0,27.759999999999998,EVALUATION,-0.021989906272530613
SVXY,2021-07-16T00:00:00Z,28.03,28.12,27.12,27.13,7549808.0,27.593333333333334,EVALUATION,-0.07113896056026536
SVXY,2021-07-19T00:00:00Z,26.39,26.48,24.27,25.2,25000254.0,26.689999999999998,EVALUATION,0.04087301587301595
SVXY,2021-07-20T00:00:00Z,25.29,26.38,25.07,26.23,11984754.0,26.186666666666667,EVALUATION,0.03240564239420496
SVXY,2021-07-21T00:00:00Z,26.52,27.1,26.48,27.08,7853014.0,26.17,EVALUATION,-0.008862629246676468
SVXY,2021-07-22T00:00:00Z,26.97,27.16,26.6,26.84,5957050.0,26.71666666666667,EVALUATION,0.00037257824143077656
SVXY,2021-07-23T00:00:00Z,27.12,27.13,26.83,26.85,5144894.0,26.923333333333332,EVALUATION,0.00893854748603351
SVXY,2021-07-26T00:00:00Z,26.71,27.09,26.55,27.09,4419400.0,26.92666666666667,EVALUATION,-0.01661129568106312
SVXY,2021-07-27T00:00:00Z,26.83,26.83,25.92,26.64,10447738.0,26.86,EVALUATION,0.013138138138138133
SVXY,2021-07-28T00:00:00Z,26.8,27.19,26.39,26.99,8833112.0,26.906666666666666,EVALUATION,0.008892182289736983
SVXY,2021-07-29T00:00:00Z,27.13,27.32,27.07,27.23,5146010.0,26.953333333333333,EVALUATION,-0.012486228424531731
SVXY,2021-07-30T00:00:00Z,26.74,27.21,26.71,26.89,6923074.0,27.036666666666665,EVALUATION,-0.018594272963927128
SVXY,2021-08-02T00:00:00Z,27.05,27.09,26.29,26.39,6401516.0,26.836666666666666,EVALUATION,0.0242516104585071
SVXY,2021-08-03T00:00:00Z,26.56,27.04,26.22,27.03,10197742.0,26.77,EVALUATION,0.0007399186089529497
SVXY,2021-08-04T00:00:00Z,26.78,27.18,26.72,27.05,5351120.0,26.823333333333334,EVALUATION,0.012199630314232879
SVXY,2021-08-05T00:00:00Z,27.17,27.38,27.15,27.38,3525236.0,27.153333333333336,EVALUATION,0.012783053323593974
SVXY,2021-08-06T00:00:00Z,27.51,27.74,27.42,27.73,3842398.0,27.38666666666667,EVALUATION,0.005409304002884863
SVXY,2021-08-09T00:00:00Z,27.74,27.97,27.6,27.88,3414872.0,27.663333333333334,EVALUATION,0.004662840746054719
SVXY,2021-08-10T00:00:00Z,28.0,28.25,27.89,28.01,3641844.0,27.873333333333335,EVALUATION,0.015351660121385224
SVXY,2021-08-11T00:00:00Z,28.2,28.52,28.09,28.44,5229876.0,28.11,EVALUATION,0.010548523206751037
SVXY,2021-08-12T00:00:00Z,28.37,28.9,28.32,28.74,3846434.0,28.39666666666667,EVALUATION,-0.0006958942240778976
SVXY,2021-08-13T00:00:00Z,28.94,29.02,28.66,28.72,3814338.0,28.633333333333333,EVALUATION,-0.0010445682451252214
SVXY,2021-08-16T00:00:00Z,28.35,28.69,28.06,28.69,5382896.0,28.71666666666667,EVALUATION,-0.016730568142209856
SVXY,2021-08-17T00:00:00Z,28.23,28.45,27.48,28.21,9945948.0,28.54,EVALUATION,-0.03403048564338895
SVXY,2021-08-18T00:00:00Z,28.07,28.23,27.11,27.25,9093916.0,28.050000000000004,EVALUATION,-0.017614678899082636
SVXY,2021-08-19T00:00:00Z,26.61,27.29,26.38,26.77,16359478.0,27.410000000000004,EVALUATION,0.03922301083302204
SVXY,2021-08-20T00:00:00Z,27.0,27.9,26.92,27.82,9069954.0,27.28,EVALUATION,0.016534867002156783
SVXY,2021-08-23T00:00:00Z,28.2,28.5,28.18,28.28,5640114.0,27.623333333333335,EVALUATION,0.0014144271570013522
SVXY,2021-08-24T00:00:00Z,28.34,28.42,28.21,28.32,3573674.0,28.14,EVALUATION,0.012005649717514055
SVXY,2021-08-25T00:00:00Z,28.35,28.68,28.3,28.66,2991102.0,28.42,EVALUATION,-0.022330774598743885
SVXY,2021-08-26T00:00:00Z,28.4,28.55,27.82,28.02,6947490.0,28.333333333333332,EVALUATION,0.02605281941470383
SVXY,2021-08-27T00:00:00Z,28.22,28.84,28.21,28.75,4842056.0,28.476666666666667,EVALUATION,0.004173913043478361
SVXY,2021-08-30T00:00:00Z,28.87,28.97,28.71,28.87,3938710.0,28.546666666666667,EVALUATION,0.0031174229303776446
SVXY,2021-08-31T00:00:00Z,28.77,28.96,28.65,28.96,3753162.0,28.86,EVALUATION,0.012085635359115887
SVXY,2021-09-01T00:00:00Z,29.03,29.4,28.89,29.31,3220174.0,29.046666666666667,EVALUATION,-0.0003411804844761779
SVXY,2021-09-02T00:00:00Z,29.45,29.49,29.04,29.3,3210068.0,29.19,EVALUATION,-0.0027303754266212454
SVXY,2021-09-03T00:00:00Z,29.11,29.36,28.94,29.22,4217382.0,29.276666666666667,EVALUATION,-0.01403148528405207
SVXY,2021-09-07T00:00:00Z,29.1,29.14,28.72,28.81,4824366.0,29.11,EVALUATION,0.0027768136063868187
SVXY,2021-09-08T00:00:00Z,28.66,28.92,28.36,28.89,6032492.0,28.973333333333336,EVALUATION,-0.0117687781239183
SVXY,2021-09-09T00:00:00Z,28.8,29.2,28.51,28.55,6289344.0,28.75,EVALUATION,-0.019264448336252182
SVXY,2021-09-10T00:00:00Z,29.08,29.19,27.92,28.0,8429536.0,28.480000000000004,EVALUATION,0.017857142857142794
SVXY,2021-09-13T00:00:00Z,28.64,28.68,27.88,28.5,10219742.0,28.35,EVALUATION,-0.0063157894736841635
SVXY,2021-09-14T00:00:00Z,28.76,28.83,28.06,28.32,10110136.0,28.273333333333333,EVALUATION,0.019420903954802338
SVXY,2021-09-15T00:00:00Z,28.59,28.97,28.27,28.87,7241906.0,28.563333333333333,EVALUATION,0.00554208520956001
SVXY,2021-09-16T00:00:00Z,28.79,29.17,28.45,29.03,8593508.0,28.740000000000002,EVALUATION,-0.03306923871856704
SVXY,2021-09-17T00:00:00Z,28.95,29.03,28.01,28.07,10003010.0,28.656666666666666,EVALUATION,-0.0577128607053794
SVXY,2021-09-20T00:00:00Z,26.96,27.3,25.13,26.45,26709574.0,27.85,EVALUATION,0.020793950850661602
SVXY,2021-09-21T00:00:00Z,26.88,27.21,26.24,27.0,13972054.0,27.173333333333332,EVALUATION,0.028888888888888964
SVXY,2021-09-22T00:00:00Z,27.39,28.03,27.18,27.78,17025266.0,27.076666666666668,EVALUATION,0.03131749460043176
SVXY,2021-09-23T00:00:00Z,28.22,28.68,28.17,28.65,9274818.0,27.81,EVALUATION,0.015008726003490347
SVXY,2021-09-24T00:00:00Z,28.26,29.11,28.25,29.08,5107718.0,28.50333333333333,EVALUATION,-0.007565337001375516
SVXY,2021-09-27T00:00:00Z,29.0,29.2,28.79,28.86,4428262.0,28.86333333333333,EVALUATION,-0.05128205128205132
SVXY,2021-09-28T00:00:00Z,28.3,28.44,27.07,27.38,12790558.0,28.439999999999998,EVALUATION,-0.006574141709276837
SVXY,2021-09-29T00:00:00Z,27.49,27.65,27.08,27.2,11237772.0,27.813333333333333,EVALUATION,0.0
SVXY,2021-09-30T00:00:00Z,27.56,27.86,26.94,27.2,10529164.0,27.259999999999998,EVALUATION,0.01764705882352935
SVXY,2021-10-01T00:00:00Z,27.49,28.0,27.01,27.68,9483100.0,27.36,EVALUATION,-0.013728323699421896
SVXY,2021-10-04T00:00:00Z,27.67,27.78,26.81,27.3,10912492.0,27.39333333333333,EVALUATION,0.01831501831501825
SVXY,2021-10-05T00:00:00Z,27.42,28.05,27.29,27.8,8101538.0,27.593333333333334,EVALUATION,0.0053956834532373765
SVXY,2021-10-06T00:00:00Z,27.44,28.0,26.9,27.95,13933780.0,27.683333333333334,EVALUATION,0.01932021466905187
SVXY,2021-10-07T00:00:00Z,28.23,28.53,28.21,28.49,6453972.0,28.08,EVALUATION,0.009126009126009249
SVXY,2021-10-08T00:00:00Z,28.66,28.86,28.52,28.75,5288232.0,28.39666666666667,EVALUATION,-0.006608695652173924
SVXY,2021-10-11T00:00:00Z,28.64,29.11,28.54,28.56,4357314.0,28.6,EVALUATION,0.009803921568627416
SVXY,2021-10-12T00:00:00Z,28.76,28.99,28.51,28.84,6286238.0,28.71666666666667,EVALUATION,0.010055478502080328
SVXY,2021-10-13T00:00:00Z,28.91,29.13,28.62,29.13,5510100.0,28.843333333333334,EVALUATION,0.026433230346721626
SVXY,2021-10-14T00:00:00Z,29.57,29.92,29.5,29.9,5534442.0,29.29,EVALUATION,0.0006688963210703669
SVXY,2021-10-15T00:00:00Z,30.03,30.32,29.82,29.92,4688098.0,29.65,EVALUATION,0.009024064171123003
SVXY,2021-10-18T00:00:00Z,29.65,30.28,29.63,30.19,4294112.0,30.003333333333337,EVALUATION,0.0036435905929115275
SVXY,2021-10-19T00:00:00Z,30.29,30.42,30.16,30.3,3423092.0,30.13666666666667,EVALUATION,0.006270627062706202
SVXY,2021-10-20T00:00:00Z,30.3,30.54,30.25,30.49,4649080.0,30.326666666666668,EVALUATION,0.01574286651361101
SVXY,2021-10-21T00:00:00Z,30.36,30.99,30.29,30.97,3914886.0,30.586666666666666,EVALUATION,-0.011301259283177156
SVXY,2021-10-22T00:00:00Z,30.92,31.09,30.25,30.62,4977074.0,30.69333333333333,EVALUATION,0.015349444807315482
SVXY,2021-10-25T00:00:00Z,30.77,31.11,30.46,31.09,3621404.0,30.89333333333333,EVALUATION,-0.009327758121582486
SVXY,2021-10-26T00:00:00Z,31.24,31.27,30.42,30.8,4812604.0,30.836666666666666,EVALUATION,-0.011688311688311637
SVXY,2021-10-27T00:00:00Z,30.83,31.16,30.35,30.44,4808840.0,30.776666666666667,EVALUATION,0.014783180026281206
SVXY,2021-10-28T00:00:00Z,30.69,30.94,30.62,30.89,4162986.0,30.71,EVALUATION,-0.002913564260278445
SVXY,2021-10-29T00:00:00Z,30.47,30.89,30.46,30.8,4163252.0,30.71,EVALUATION,0.0071428571428571175
SVXY,2021-11-01T00:00:00Z,30.91,31.04,30.44,31.02,2417744.0,30.903333333333336,EVALUATION,0.012894906511927928
SVXY,2021-11-02T00:00:00Z,31.04,31.43,31.03,31.42,2416188.0,31.080000000000002,EVALUATION,0.017186505410566433
SVXY,2021-11-03T00:00:00Z,31.36,32.08,31.26,31.96,3923080.0,31.46666666666667,EVALUATION,-0.007196495619524401
SVXY,2021-11-04T00:00:00Z,32.12,32.23,31.5,31.73,4243042.0,31.703333333333333,EVALUATION,-0.018909549322407848
SVXY,2021-11-05T00:00:00Z,31.93,31.94,31.07,31.13,4040302.0,31.60666666666667,EVALUATION,0.00032123353678126243
SVXY,2021-11-08T00:00:00Z,31.38,31.43,30.83,31.14,3857916.0,31.333333333333336,EVALUATION,-0.009312780989081504
SVXY,2021-11-09T00:00:00Z,31.02,31.04,30.47,30.85,7378738.0,31.04,EVALUATION,-0.007455429497568944
SVXY,2021-11-10T00:00:00Z,30.54,31.12,30.19,30.62,6491542.0,30.87,EVALUATION,0.008164598301763526
SVXY,2021-11-11T00:00:00Z,30.92,31.22,30.74,30.87,3481414.0,30.78,EVALUATION,0.0194363459669582
SVXY,2021-11-12T00:00:00Z,31.14,31.51,31.02,31.47,3567086.0,30.986666666666668,EVALUATION,0.00699078487448368
SVXY,2021-11-15T00:00:00Z,31.65,31.69,31.12,31.69,3300490.0,31.343333333333334,EVALUATION,-0.002524455664247416
SVXY,2021-11-16T00:00:00Z,31.53,31.85,31.51,31.61,3300944.0,31.590000000000003,EVALUATION,-0.00917431192660545
SVXY,2021-11-17T00:00:00Z,31.62,31.72,31.28,31.32,3567806.0,31.54,EVALUATION,-0.004469987228607919
SVXY,2021-11-18T00:00:00Z,31.5,31.56,30.98,31.18,3425334.0,31.369999999999997,EVALUATION,-0.005452212957023694
SVXY,2021-11-19T00:00:00Z,31.12,31.33,30.81,31.01,4992924.0,31.17,EVALUATION,-0.01096420509513063
SVXY,2021-11-22T00:00:00Z,31.31,31.44,30.65,30.67,4794140.0,30.953333333333333,EVALUATION,0.012716009129442263
SVXY,2021-11-23T00:00:00Z,30.72,31.14,30.4,31.06,6395296.0,30.913333333333334,EVALUATION,0.007083065035415448
SVXY,2021-11-24T00:00:00Z,30.67,31.37,30.38,31.28,4974012.0,31.003333333333337,EVALUATION,-0.12787723785166238
SVXY,2021-11-26T00:00:00Z,29.43,29.7,26.79,27.28,12855648.0,29.873333333333335,EVALUATION,0.07148093841642233
SVXY,2021-11-29T00:00:00Z,28.6,29.34,28.45,29.23,11196434.0,29.263333333333335,EVALUATION,-0.08039685254875129
SVXY,2021-11-30T00:00:00Z,28.21,28.51,26.88,26.88,20392120.0,27.796666666666667,EVALUATION,-0.03645833333333337
SVXY,2021-12-01T00:00:00Z,27.92,28.37,25.9,25.9,21390246.0,27.336666666666666,EVALUATION,0.03011583011583019
SVXY,2021-12-02T00:00:00Z,26.36,26.97,26.12,26.68,15926874.0,26.486666666666665,EVALUATION,-0.0427286356821589
SVXY,2021-12-03T00:00:00Z,26.83,26.92,24.42,25.54,25212154.0,26.04,EVALUATION,0.039937353171495715
SVXY,2021-12-06T00:00:00Z,25.99,26.59,25.55,26.56,18231932.0,26.259999999999998,EVALUATION,0.05384036144578319
SVXY,2021-12-07T00:00:00Z,27.33,28.17,27.29,27.99,11635134.0,26.696666666666665,EVALUATION,0.02965344765987865
SVXY,2021-12-08T00:00:00Z,28.11,28.85,27.94,28.82,6843372.0,27.79,EVALUATION,-0.013879250520471897
SVXY,2021-12-09T00:00:00Z,28.8,29.04,28.1,28.42,8089594.0,28.410000000000004,EVALUATION,0.029908515130189883
SVXY,2021-12-10T00:00:00Z,29.09,29.34,28.62,29.27,7922708.0,28.836666666666666,EVALUATION,-0.01879057055005129
SVXY,2021-12-13T00:00:00Z,29.18,29.2,28.55,28.72,7620002.0,28.803333333333335,EVALUATION,-0.008008356545960993
SVXY,2021-12-14T00:00:00Z,28.23,28.63,27.78,28.49,8731004.0,28.826666666666664,EVALUATION,0.03510003510003501
SVXY,2021-12-15T00:00:00Z,28.41,29.52,27.8,29.49,13909678.0,28.9,EVALUATION,-0.02238046795523907
SVXY,2021-12-16T00:00:00Z,29.84,29.84,28.35,28.83,11771276.0,28.936666666666667,EVALUATION,-0.0169961845300034
SVXY,2021-12-17T00:00:00Z,28.29,28.95,27.92,28.34,13502322.0,28.886666666666667,EVALUATION,-0.016584333098094484
SVXY,2021-12-20T00:00:00Z,27.07,27.97,26.5,27.87,15488432.0,28.346666666666668,EVALUATION,0.02188733405095089
SVXY,2021-12-21T00:00:00Z,28.33,28.68,27.98,28.48,8272626.0,28.230000000000004,EVALUATION,0.030898876404494402
SVXY,2021-12-22T00:00:00Z,28.56,29.37,28.56,29.36,6613464.0,28.57,EVALUATION,0.005108991825613085
SVXY,2021-12-23T00:00:00Z,29.51,29.69,29.44,29.51,6293916.0,29.116666666666667,EVALUATION,0.011860386309725524
SVXY,2021-12-27T00:00:00Z,29.63,29.95,29.43,29.86,5141528.0,29.576666666666668,EVALUATION,0.013395847287341
SVXY,2021-12-28T00:00:00Z,29.94,30.26,29.81,30.26,5567576.0,29.87666666666667,EVALUATION,0.01156642432253796
SVXY,2021-12-29T00:00:00Z,30.27,30.75,30.09,30.61,3970820.0,30.243333333333332,EVALUATION,0.001306762495916436
SVXY,2021-12-30T00:00:00Z,30.7,30.98,30.49,30.65,3440776.0,30.506666666666668,EVALUATION,0.004241435562805984
SVXY,2021-12-31T00:00:00Z,30.66,30.9,30.5,30.78,3859728.0,30.68,EVALUATION,0.016569200779727122
SVXY,2022-01-03T00:00:00Z,30.98,31.3,30.67,31.29,5450126.0,30.906666666666666,EVALUATION,0.0003195909236177741
SVXY,2022-01-04T00:00:00Z,31.4,31.44,30.83,31.3,4847130.0,31.123333333333335,EVALUATION,-0.038658146964856255
SVXY,2022-01-05T00:00:00Z,31.19,31.55,30.04,30.09,8724060.0,30.89333333333333,EVALUATION,-0.002658690594881996
SVXY,2022-01-06T00:00:00Z,30.01,30.44,29.74,30.01,8991634.0,30.46666666666667,EVALUATION,0.01399533488837057
SVXY,2022-01-07T00:00:00Z,30.0,30.49,29.62,30.43,8049558.0,30.176666666666666,EVALUATION,0.007558330594807705
SVXY,2022-01-10T00:00:00Z,29.84,30.75,28.97,30.66,15289330.0,30.366666666666667,EVALUATION,0.018590998043052753
SVXY,2022-01-11T00:00:00Z,30.5,31.28,30.15,31.23,10364954.0,30.773333333333333,EVALUATION,0.005123278898494954
SVXY,2022-01-12T00:00:00Z,31.46,31.7,31.08,31.39,7321296.0,31.093333333333334,EVALUATION,-0.029627269831156378
SVXY,2022-01-13T00:00:00Z,31.45,31.6,30.29,30.46,9127716.0,31.026666666666667,EVALUATION,0.005581089954038054
SVXY,2022-01-14T00:00:00Z,29.9,30.76,29.82,30.63,11910970.0,30.826666666666668,EVALUATION,-0.036565458700620224
SVXY,2022-01-18T00:00:00Z,29.98,30.0,29.3,29.51,14042728.0,30.200000000000003,EVALUATION,-0.014232463571670628
SVXY,2022-01-19T00:00:00Z,29.75,29.81,28.96,29.09,13466944.0,29.743333333333332,EVALUATION,-0.020625644551392264
SVXY,2022-01-20T00:00:00Z,29.45,29.98,28.35,28.49,10559956.0,29.03,EVALUATION,-0.04668304668304668
SVXY,2022-01-21T00:00:00Z,28.2,28.51,27.13,27.16,22055728.0,28.246666666666666,EVALUATION,-0.015095729013254844
SVXY,2022-01-24T00:00:00Z,26.08,27.1,24.42,26.75,38967860.0,27.466666666666665,EVALUATION,-0.0007476635514018781
SVXY,2022-01-25T00:00:00Z,25.89,27.15,25.41,26.73,23779946.0,26.88,EVALUATION,-0.01047512158623276
SVXY,2022-01-26T00:00:00Z,27.33,27.93,26.18,26.45,31573264.0,26.64333333333333,EVALUATION,-0.0026465028355388
SVXY,2022-01-27T00:00:00Z,27.16,27.42,26.05,26.38,18885290.0,26.52,EVALUATION,0.031463229719484564
SVXY,2022-01-28T00:00:00Z,26.65,27.29,26.1,27.21,14681464.0,26.68,EVALUATION,0.03307607497243659
SVXY,2022-01-31T00:00:00Z,27.08,28.14,26.96,28.11,7559920.0,27.233333333333334,EVALUATION,0.03699750978299532
SVXY,2022-02-01T00:00:00Z,28.39,29.2,28.01,29.15,7348662.0,28.156666666666666,EVALUATION,0.011663807890222921
SVXY,2022-02-02T00:00:00Z,29.28,29.56,28.88,29.49,8557894.0,28.916666666666664,EVALUATION,-0.061037639877924654
SVXY,2022-02-03T00:00:00Z,28.5,28.95,27.53,27.69,11849412.0,28.776666666666667,EVALUATION,0.014806789454676839
SVXY,2022-02-04T00:00:00Z,27.81,28.58,27.41,28.1,11058954.0,28.42666666666667,EVALUATION,0.01530249110320292
SVXY,2022-02-07T00:00:00Z,28.49,28.84,28.31,28.53,8638722.0,28.10666666666667,EVALUATION,0.02348405187521907
SVXY,2022-02-08T00:00:00Z,28.66,29.23,28.42,29.2,6738724.0,28.61,EVALUATION,0.018150684931506955
SVXY,2022-02-09T00:00:00Z,29.58,29.75,29.43,29.73,6940838.0,29.153333333333332,EVALUATION,-0.048772283888328216
SVXY,2022-02-10T00:00:00Z,28.95,29.7,27.96,28.28,13699460.0,29.07,EVALUATION,-0.06577086280056577
SVXY,2022-02-11T00:00:00Z,28.35,28.46,26.0,26.42,25962082.0,28.143333333333334,EVALUATION,0.0
SVXY,2022-02-14T00:00:00Z,26.39,26.56,25.56,26.42,17116692.0,27.04,EVALUATION,0.04087812263436774
SVXY,2022-02-15T00:00:00Z,27.33,27.52,27.02,27.5,13027940.0,26.78,EVALUATION,0.019636363636363674
SVXY,2022-02-16T00:00:00Z,27.3,28.08,27.01,28.04,9977018.0,27.32,EVALUATION,-0.059201141226818854
SVXY,2022-02-17T00:00:00Z,27.23,27.29,26.28,26.38,13279922.0,27.306666666666665,EVALUATION,-0.012130401819560266
SVXY,2022-02-18T00:00:00Z,26.24,26.46,25.73,26.06,11080084.0,26.826666666666664,EVALUATION,0.00230237912509601
SVXY,2022-02-22T00:00:00Z,25.96,26.4,25.44,26.12,15414134.0,26.186666666666667,EVALUATION,-0.027947932618683002
SVXY,2022-02-23T00:00:00Z,26.5,26.52,25.33,25.39,10692556.0,25.856666666666666,EVALUATION,0.014966522252855441
SVXY,2022-02-24T00:00:00Z,23.98,25.86,23.97,25.77,19502168.0,25.759999999999998,EVALUATION,0.020178502134264642
SVXY,2022-02-25T00:00:00Z,25.9,26.48,25.63,26.29,10784728.0,25.816666666666666,EVALUATION,-0.022441993153290207
SVXY,2022-02-28T00:00:00Z,25.3,25.95,25.13,25.7,13204782.0,25.92,EVALUATION,-0.055642023346303526
SVXY,2022-03-01T00:00:00Z,25.34,25.52,24.11,24.27,12633402.0,25.42,EVALUATION,0.031726411207251726
SVXY,2022-03-02T00:00:00Z,24.62,25.18,24.35,25.04,9992422.0,25.00333333333333,EVALUATION,-0.0027955271565495154
SVXY,2022-03-03T00:00:00Z,25.2,25.35,24.64,24.97,8400322.0,24.759999999999998,EVALUATION,-0.02282739287144575
SVXY,2022-03-04T00:00:00Z,24.28,24.51,23.86,24.4,9363070.0,24.80333333333333,EVALUATION,-0.03565573770491792
SVXY,2022-03-07T00:00:00Z,24.37,24.39,23.32,23.53,9984102.0,24.299999999999997,EVALUATION,-0.0008499787505311662
SVXY,2022-03-08T00:00:00Z,23.45,24.09,22.99,23.51,13347850.0,23.813333333333333,EVALUATION,0.019140791152700842
SVXY,2022-03-09T00:00:00Z,24.12,24.28,23.88,23.96,9687010.0,23.666666666666668,EVALUATION,0.022537562604340478
SVXY,2022-03-10T00:00:00Z,23.8,24.5,23.73,24.5,6692578.0,23.990000000000002,EVALUATION,-0.0106122448979592
SVXY,2022-03-11T00:00:00Z,24.86,24.88,24.19,24.24,7378040.0,24.233333333333334,EVALUATION,-0.01650165016501648
SVXY,2022-03-14T00:00:00Z,24.29,24.64,23.47,23.84,10934036.0,24.19333333333333,EVALUATION,0.01719798657718119
SVXY,2022-03-15T00:00:00Z,24.08,24.49,23.84,24.25,14075378.0,24.11,EVALUATION,0.04989690721649498
SVXY,2022-03-16T00:00:00Z,24.69,25.49,24.52,25.46,12365404.0,24.516666666666666,EVALUATION,0.00824823252160245
SVXY,2022-03-17T00:00:00Z,25.45,25.84,25.31,25.67,7077056.0,25.126666666666665,EVALUATION,0.028048305414881236
SVXY,2022-03-18T00:00:00Z,25.44,26.39,25.33,26.39,8192784.0,25.84,EVALUATION,0.0007578628268283261
SVXY,2022-03-21T00:00:00Z,26.3,26.76,25.94,26.41,9755610.0,26.156666666666666,EVALUATION,0.007572889057175347
SVXY,2022-03-22T00:00:00Z,26.65,26.77,26.51,26.61,4717368.0,26.47,EVALUATION,0.0018789928598270667
SVXY,2022-03-23T00:00:00Z,26.28,26.72,26.25,26.66,7999624.0,26.56,EVALUATION,0.012378094523630923
SVXY,2022-03-24T00:00:00Z,26.69,27.08,26.52,26.99,6030432.0,26.75333333333333,EVALUATION,0.014079288625416853
SVXY,2022-03-25T00:00:00Z,27.07,27.38,26.72,27.37,9675060.0,27.006666666666668,EVALUATION,0.007307270734380644
SVXY,2022-03-28T00:00:00Z,27.23,27.58,26.65,27.57,12126150.0,27.31,EVALUATION,0.023576351106274984
SVXY,2022-03-29T00:00:00Z,27.95,28.29,27.87,28.22,8182566.0,27.72,EVALUATION,-0.007441530829199072
SVXY,2022-03-30T00:00:00Z,28.09,28.32,27.58,28.01,10446130.0,27.933333333333334,EVALUATION,-0.02606212067118885
SVXY,2022-03-31T00:00:00Z,27.95,27.99,27.25,27.28,10197668.0,27.836666666666666,EVALUATION,0.020161290322580516
SVXY,2022-04-01T00:00:00Z,27.57,27.85,27.26,27.83,8434106.0,27.706666666666667,EVALUATION,0.025512037369744833
SVXY,2022-04-04T00:00:00Z,27.93,28.55,27.81,28.54,6529352.0,27.883333333333333,EVALUATION,-0.04239663629992996
SVXY,2022-04-05T00:00:00Z,28.35,28.46,27.28,27.33,10124994.0,27.9,EVALUATION,-0.010976948408342402
SVXY,2022-04-06T00:00:00Z,26.88,27.12,26.25,27.03,20245682.0,27.633333333333333,EVALUATION,0.013318534961154205
SVXY,2022-04-07T00:00:00Z,26.93,27.51,26.66,27.39,9583420.0,27.25,EVALUATION,0.0010952902519167917
SVXY,2022-04-08T00:00:00Z,27.24,27.77,27.07,27.42,9453712.0,27.28,EVALUATION,-0.028081692195477848
SVXY,2022-04-11T00:00:00Z,27.09,27.27,26.62,26.65,9494524.0,27.153333333333336,EVALUATION,-0.006378986866791725
SVXY,2022-04-12T00:00:00Z,26.94,27.25,26.45,26.48,12046600.0,26.85,EVALUATION,0.03512084592145004
SVXY,2022-04-13T00:00:00Z,26.46,27.47,26.42,27.41,8891206.0,26.846666666666664,EVALUATION,-0.013133892739875974
SVXY,2022-04-14T00:00:00Z,27.61,27.84,27.03,27.05,9812808.0,26.98,EVALUATION,0.0062846580406654695
SVXY,2022-04-18T00:00:00Z,26.96,27.4,26.93,27.22,9716126.0,27.226666666666667,EVALUATION,0.025349008082292457
SVXY,2022-04-19T00:00:00Z,27.28,28.07,27.21,27.91,8345914.0,27.39333333333333,EVALUATION,0.011823719097097785
SVXY,2022-04-20T00:00:00Z,28.17,28.36,27.9,28.24,12405572.0,27.79,EVALUATION,-0.037535410764872434
SVXY,2022-04-21T00:00:00Z,28.52,28.55,26.92,27.18,16052484.0,27.776666666666664,EVALUATION,-0.0596026490066226
SVXY,2022-04-22T00:00:00Z,27.16,27.25,25.39,25.56,15890704.0,26.993333333333332,EVALUATION,0.008607198748043832
SVXY,2022-04-25T00:00:00Z,25.34,25.86,24.75,25.78,21813102.0,26.173333333333332,EVALUATION,-0.05352986811481775
SVXY,2022-04-26T00:00:00Z,25.58,25.59,24.36,24.4,16144054.0,25.246666666666666,EVALUATION,-0.008606557377049073
SVXY,2022-04-27T00:00:00Z,24.42,24.92,24.15,24.19,16299684.0,24.79,EVALUATION,0.02563042579578334
SVXY,2022-04-28T00:00:00Z,24.81,25.32,24.48,24.81,14034662.0,24.46666666666667,EVALUATION,-0.039500201531640466
SVXY,2022-04-29T00:00:00Z,24.63,25.01,23.77,23.83,14820310.0,24.276666666666667,EVALUATION,0.00755350398657173
SVXY,2022-05-02T00:00:00Z,23.8,24.1,23.2,24.01,18777536.0,24.216666666666665,EVALUATION,0.029571012078300596
SVXY,2022-05-03T00:00:00Z,24.21,24.78,24.08,24.72,15476802.0,24.186666666666667,EVALUATION,0.04530744336569592
SVXY,2022-05-04T00:00:00Z,24.9,25.95,24.71,25.84,15917818.0,24.85666666666667,EVALUATION,-0.08746130030959753
SVXY,2022-05-05T00:00:00Z,25.54,25.63,23.23,23.58,18089734.0,24.71333333333333,EVALUATION,0.006361323155216425
SVXY,2022-05-06T00:00:00Z,23.39,23.74,22.72,23.73,15107638.0,24.383333333333333,EVALUATION,-0.04087652760219129
SVXY,2022-05-09T00:00:00Z,23.18,23.31,22.62,22.76,20820562.0,23.356666666666666,EVALUATION,0.01625659050966588
SVXY,2022-05-10T00:00:00Z,23.31,23.35,22.7,23.13,15816036.0,23.206666666666667,EVALUATION,0.0025940337224383825
SVXY,2022-05-11T00:00:00Z,23.1,23.71,22.96,23.19,17666964.0,23.026666666666667,EVALUATION,0.009918068132815927
SVXY,2022-05-12T00:00:00Z,23.0,23.49,22.76,23.42,13205228.0,23.24666666666667,EVALUATION,0.03159692570452588
SVXY,2022-05-13T00:00:00Z,23.84,24.17,23.73,24.16,9520872.0,23.59,EVALUATION,0.020281456953642252
SVXY,2022-05-16T00:00:00Z,24.25,24.68,24.15,24.65,8855056.0,24.076666666666668,EVALUATION,0.012576064908722095
SVXY,2022-05-17T00:00:00Z,25.04,25.14,24.73,24.96,9418800.0,24.59,EVALUATION,-0.0717147435897435
SVXY,2022-05-18T00:00:00Z,24.69,24.77,23.07,23.17,17661946.0,24.26,EVALUATION,0.030211480362537735
SVXY,2022-05-19T00:00:00Z,22.95,23.93,22.88,23.87,13118418.0,24.0,EVALUATION,-0.0012568077084206264
SVXY,2022-05-20T00:00:00Z,24.26,24.31,22.96,23.84,13886780.0,23.626666666666665,EVALUATION,0.007130872483221529
SVXY,2022-05-23T00:00:00Z,24.07,24.21,23.66,24.01,9993668.0,23.906666666666666,EVALUATION,-0.0016659725114537283
SVXY,2022-05-24T00:00:00Z,23.81,24.03,23.41,23.97,8994866.0,23.939999999999998,EVALUATION,0.010429703796412282
SVXY,2022-05-25T00:00:00Z,23.74,24.34,23.74,24.22,6513682.0,24.066666666666666,EVALUATION,0.003303055326176807
SVXY,2022-05-26T00:00:00Z,24.33,24.5,24.28,24.3,8006458.0,24.16333333333333,EVALUATION,0.02016460905349793
SVXY,2022-05-27T00:00:00Z,24.63,24.83,24.53,24.79,7034664.0,24.436666666666667,EVALUATION,0.009277934651068964
SVXY,2022-05-31T00:00:00Z,24.56,25.08,24.26,25.02,8092314.0,24.703333333333333,EVALUATION,0.003197442046362964
SVXY,2022-06-01T00:00:00Z,25.15,25.29,24.44,25.1,6701392.0,24.97,EVALUATION,0.01035856573705174
SVXY,2022-06-02T00:00:00Z,25.06,25.56,24.98,25.36,5171990.0,25.16,EVALUATION,-0.005126182965299653
SVXY,2022-06-03T00:00:00Z,25.13,25.3,24.94,25.23,6851058.0,25.23,EVALUATION,0.006341656757828051
SVXY,2022-06-06T00:00:00Z,25.46,25.53,25.19,25.39,5481196.0,25.326666666666668,EVALUATION,0.012603387160299295
SVXY,2022-06-07T00:00:00Z,25.06,25.75,25.04,25.71,4459838.0,25.443333333333335,EVALUATION,0.001944768572540001
SVXY,2022-06-08T00:00:00Z,25.56,25.8,25.43,25.76,4345058.0,25.62,EVALUATION,-0.025232919254658426
SVXY,2022-06-09T00:00:00Z,25.52,25.73,25.06,25.11,5293862.0,25.526666666666667,EVALUATION,-0.031063321385902065
SVXY,2022-06-10T00:00:00Z,24.62,24.73,24.06,24.33,9072906.0,25.066666666666666,EVALUATION,-0.06987258528565554
SVXY,2022-06-13T00:00:00Z,23.38,23.51,22.53,22.63,11587224.0,24.023333333333333,EVALUATION,0.01855943437914287
SVXY,2022-06-14T00:00:00Z,22.81,23.16,22.63,23.05,11969400.0,23.336666666666666,EVALUATION,0.027331887201735405
SVXY,2022-06-15T00:00:00Z,23.32,24.08,23.28,23.68,10396740.0,23.12,EVALUATION,-0.03124999999999989
SVXY,2022-06-16T00:00:00Z,23.09,23.21,22.62,22.94,8632556.0,23.223333333333336,EVALUATION,0.01525719267654746
SVXY,2022-06-17T00:00:00Z,23.01,23.43,22.82,23.29,7891556.0,23.303333333333335,EVALUATION,0.00944611421210828
SVXY,2022-06-21T00:00:00Z,23.74,23.94,23.5,23.51,6218384.0,23.246666666666666,EVALUATION,0.020416843896214232
SVXY,2022-06-22T00:00:00Z,23.32,24.01,23.28,23.99,4957664.0,23.596666666666664,EVALUATION,-0.00041684035014577514
SVXY,2022-06-23T00:00:00Z,24.05,24.1,23.68,23.98,5917750.0,23.826666666666668,EVALUATION,0.009591326105087505
SVXY,2022-06-24T00:00:00Z,24.21,24.39,24.18,24.21,4428628.0,24.06,EVALUATION,0.015282940933498468
SVXY,2022-06-27T00:00:00Z,24.32,24.63,24.17,24.58,5993674.0,24.256666666666668,EVALUATION,-0.01423921887713575
SVXY,2022-06-28T00:00:00Z,24.73,24.84,24.12,24.23,4108460.0,24.34,EVALUATION,-0.0012381345439538283
SVXY,2022-06-29T00:00:00Z,24.17,24.34,23.92,24.2,4198260.0,24.336666666666666,EVALUATION,-0.0037190082644628086
SVXY,2022-06-30T00:00:00Z,23.95,24.18,23.6,24.11,5420372.0,24.18,EVALUATION,0.011613438407299892
SVXY,2022-07-01T00:00:00Z,23.98,24.45,23.75,24.39,4393130.0,24.233333333333334,EVALUATION,-0.0004100041000411059
SVXY,2022-07-05T00:00:00Z,23.95,24.44,23.69,24.38,3643094.0,24.293333333333337,EVALUATION,0.008613617719442246
SVXY,2022-07-06T00:00:00Z,24.36,24.67,24.19,24.59,3053212.0,24.453333333333333,EVALUATION,0.005693371289142046
SVXY,2022-07-07T00:00:00Z,24.68,24.91,24.66,24.73,2512174.0,24.56666666666667,EVALUATION,0.011322280630812864
SVXY,2022-07-08T00:00:00Z,24.72,25.1,24.7,25.01,3671024.0,24.77666666666667,EVALUATION,-0.015193922431027684
SVXY,2022-07-11T00:00:00Z,24.78,24.88,24.55,24.63,3325332.0,24.79,EVALUATION,-0.004872107186357999
SVXY,2022-07-12T00:00:00Z,24.62,24.89,24.39,24.51,3494728.0,24.71666666666667,EVALUATION,0.008567931456548328
SVXY,2022-07-13T00:00:00Z,24.21,24.82,24.16,24.72,5377476.0,24.619999999999997,EVALUATION,-0.0012135922330096527
SVXY,2022-07-14T00:00:00Z,24.32,24.72,24.12,24.69,4226458.0,24.64,EVALUATION,0.025111381125961785
SVXY,2022-07-15T00:00:00Z,24.94,25.34,24.86,25.31,3948632.0,24.906666666666666,EVALUATION,-0.015013828526274198
SVXY,2022-07-18T00:00:00Z,25.37,25.48,24.83,24.93,4888848.0,24.976666666666667,EVALUATION,0.0072202166064980755
SVXY,2022-07-19T00:00:00Z,25.21,25.36,25.1,25.11,5043952.0,25.116666666666667,EVALUATION,0.012743926722421417
SVXY,2022-07-20T00:00:00Z,25.2,25.48,25.13,25.43,5027336.0,25.156666666666666,EVALUATION,0.011010617381046028
SVXY,2022-07-21T00:00:00Z,25.44,25.73,25.24,25.71,4635078.0,25.416666666666664,EVALUATION,0.004278490859587647
SVXY,2022-07-22T00:00:00Z,25.73,25.86,25.41,25.82,4584412.0,25.653333333333336,EVALUATION,0.004647560030983877
SVXY,2022-07-25T00:00:00Z,25.8,26.05,25.73,25.94,5637818.0,25.823333333333334,EVALUATION,-0.013107170393215073
SVXY,2022-07-26T00:00:00Z,25.82,25.85,25.42,25.6,4875826.0,25.78666666666667,EVALUATION,0.017578125
SVXY,2022-07-27T00:00:00Z,25.96,26.29,25.9,26.05,4404728.0,25.863333333333333,EVALUATION,0.024184261036468202
SVXY,2022-07-28T00:00:00Z,26.19,26.72,26.04,26.68,3631822.0,26.11,EVALUATION,0.007121439280359798
SVXY,2022-07-29T00:00:00Z,26.75,26.92,26.63,26.87,3937636.0,26.53333333333333,EVALUATION,-0.01860811313732791
SVXY,2022-08-01T00:00:00Z,26.62,26.81,26.33,26.37,3845536.0,26.64,EVALUATION,-0.005688282138794132
SVXY,2022-08-02T00:00:00Z,26.2,26.67,25.96,26.22,4043858.0,26.486666666666668,EVALUATION,0.025934401220442327
SVXY,2022-08-03T00:00:00Z,26.48,26.97,26.45,26.9,5008586.0,26.49666666666667,EVALUATION,-0.0011152416356876582
SVXY,2022-08-04T00:00:00Z,26.78,26.88,26.54,26.87,3065646.0,26.663333333333334,EVALUATION,0.01116486788239679
SVXY,2022-08-05T00:00:00Z,26.58,27.21,26.56,27.17,3585304.0,26.98,EVALUATION,-0.0014722119985278725
SVXY,2022-08-08T00:00:00Z,27.17,27.51,26.88,27.13,4848862.0,27.056666666666665,EVALUATION,-0.002948765204570547
SVXY,2022-08-09T00:00:00Z,26.94,27.14,26.81,27.05,2014930.0,27.116666666666667,EVALUATION,0.026987060998151513
SVXY,2022-08-10T00:00:00Z,27.48,27.85,27.42,27.78,4942780.0,27.32,EVALUATION,-0.003239740820734305
SVXY,2022-08-11T00:00:00Z,27.83,27.93,27.41,27.69,3671722.0,27.506666666666668,EVALUATION,0.005417118093174356
SVXY,2022-08-12T00:00:00Z,27.81,28.16,27.71,27.84,3208028.0,27.77,EVALUATION,0.008261494252873591
SVXY,2022-08-15T00:00:00Z,27.65,28.15,27.65,28.07,3161266.0,27.866666666666667,EVALUATION,-0.0035625222657642563
SVXY,2022-08-16T00:00:00Z,28.03,28.13,27.81,27.97,4253632.0,27.96,EVALUATION,0.0014301036825170588
SVXY,2022-08-17T00:00:00Z,27.83,28.19,27.65,28.01,4202098.0,28.016666666666666,EVALUATION,0.007854337736522554
SVXY,2022-08-18T00:00:00Z,28.0,28.26,27.89,28.23,2639240.0,28.07,EVALUATION,-0.024087849805171757
SVXY,2022-08-19T00:00:00Z,27.91,27.99,27.27,27.55,7634240.0,27.93,EVALUATION,-0.03339382940108904
SVXY,2022-08-22T00:00:00Z,26.93,27.09,26.55,26.63,7345372.0,27.47,EVALUATION,0.007510326699211367
SVXY,2022-08-23T00:00:00Z,26.7,27.07,26.62,26.83,4479006.0,27.003333333333334,EVALUATION,0.017517704062616657
SVXY,2022-08-24T00:00:00Z,26.94,27.38,26.89,27.3,2884810.0,26.92,EVALUATION,0.015750915750915695
SVXY,2022-08-25T00:00:00Z,27.44,27.78,27.3,27.73,2503916.0,27.28666666666667,EVALUATION,-0.04832311575910564
SVXY,2022-08-26T00:00:00Z,27.66,27.79,26.3,26.39,4829458.0,27.14,EVALUATION,0.0026525198938991412
SVXY,2022-08-29T00:00:00Z,26.2,26.6,26.12,26.46,3855410.0,26.86,EVALUATION,-0.00793650793650802
SVXY,2022-08-30T00:00:00Z,26.54,26.61,26.02,26.25,3817946.0,26.366666666666667,EVALUATION,0.00914285714285712
SVXY,2022-08-31T00:00:00Z,26.53,26.71,26.31,26.49,3215226.0,26.4,EVALUATION,0.005285013212533052
SVXY,2022-09-01T00:00:00Z,26.28,26.65,25.92,26.63,6426708.0,26.456666666666667,EVALUATION,-0.004506196019526731
SVXY,2022-09-02T00:00:00Z,27.08,27.24,26.27,26.51,4607016.0,26.543333333333337,EVALUATION,-0.010939268200679142
SVXY,2022-09-06T00:00:00Z,26.79,26.81,26.14,26.22,5205350.0,26.453333333333333,EVALUATION,0.026697177726926036
SVXY,2022-09-07T00:00:00Z,26.16,26.97,26.15,26.92,7336806.0,26.550000000000004,EVALUATION,0.008172362555720625
SVXY,2022-09-08T00:00:00Z,26.7,27.18,26.58,27.14,3181640.0,26.76,EVALUATION,0.005526897568165046
SVXY,2022-09-09T00:00:00Z,27.35,27.51,27.28,27.29,3663616.0,27.116666666666667,EVALUATION,0.0010993037742763612
SVXY,2022-09-12T00:00:00Z,27.52,27.65,27.17,27.32,4650696.0,27.25,EVALUATION,-0.04319180087847729
SVXY,2022-09-13T00:00:00Z,26.75,26.93,25.9,26.14,7769324.0,26.916666666666664,EVALUATION,0.0007651109410864443
SVXY,2022-09-14T00:00:00Z,26.16,26.31,25.92,26.16,6110290.0,26.54,EVALUATION,0.0011467889908256534
SVXY,2022-09-15T00:00:00Z,26.11,26.5,26.07,26.19,4341630.0,26.163333333333334,EVALUATION,0.0007636502481862539
SVXY,2022-09-16T00:00:00Z,25.87,26.27,25.53,26.21,5997610.0,26.186666666666667,EVALUATION,0.014498283098054232
SVXY,2022-09-19T00:00:00Z,25.98,26.69,25.94,26.59,3895256.0,26.33,EVALUATION,-0.01579541180895061
SVXY,2022-09-20T00:00:00Z,26.32,26.43,25.98,26.17,4163506.0,26.323333333333334,EVALUATION,-0.016431027894535877
SVXY,2022-09-21T00:00:00Z,26.36,26.61,25.74,25.74,6524906.0,26.166666666666668,EVALUATION,0.0015540015540016494
SVXY,2022-09-22T00:00:00Z,25.84,26.04,25.55,25.78,4154062.0,25.89666666666667,EVALUATION,-0.02948021722265326
SVXY,2022-09-23T00:00:00Z,25.5,25.53,24.42,25.02,6492964.0,25.513333333333335,EVALUATION,-0.01718625099920068
SVXY,2022-09-26T00:00:00Z,24.76,25.24,24.47,24.59,6195526.0,25.130000000000003,EVALUATION,-0.0073200488003253295
SVXY,2022-09-27T00:00:00Z,24.9,24.97,24.09,24.41,5355286.0,24.673333333333332,EVALUATION,0.019664072101597707
SVXY,2022-09-28T00:00:00Z,24.49,25.05,24.29,24.89,3698082.0,24.630000000000003,EVALUATION,-0.013660104459622291
SVXY,2022-09-29T00:00:00Z,24.57,24.58,24.0,24.55,5392242.0,24.616666666666667,EVALUATION,-0.010183299389002087
SVXY,2022-09-30T00:00:00Z,24.47,24.91,24.25,24.3,4652758.0,24.58,EVALUATION,0.02098765432098748
SVXY,2022-10-03T00:00:00Z,24.64,25.04,24.53,24.81,3598744.0,24.553333333333335,EVALUATION,0.01813784764207993
SVXY,2022-10-04T00:00:00Z,25.3,25.4,25.1,25.26,6038258.0,24.79,EVALUATION,-0.001979414093428389
SVXY,2022-10-05T00:00:00Z,25.07,25.29,24.79,25.21,2611180.0,25.093333333333334,EVALUATION,-0.015866719555731934
SVXY,2022-10-06T00:00:00Z,25.26,25.36,24.76,24.81,3563364.0,25.093333333333334,EVALUATION,-0.019750100765820178
SVXY,2022-10-07T00:00:00Z,24.66,24.71,24.22,24.32,4396482.0,24.78,EVALUATION,-0.012335526315789491
SVXY,2022-10-10T00:00:00Z,24.26,24.26,23.72,24.02,4555768.0,24.383333333333333,EVALUATION,-0.008326394671107407
SVXY,2022-10-11T00:00:00Z,23.96,24.23,23.67,23.82,3590646.0,24.053333333333335,EVALUATION,0.005037783375314797
SVXY,2022-10-12T00:00:00Z,23.9,24.08,23.81,23.94,2941166.0,23.926666666666666,EVALUATION,0.015037593984962294
SVXY,2022-10-13T00:00:00Z,23.75,24.4,23.74,24.3,4914074.0,24.02,EVALUATION,-0.011522633744855959
SVXY,2022-10-14T00:00:00Z,24.54,24.61,23.79,24.02,6355416.0,24.086666666666666,EVALUATION,0.01290591174021638
SVXY,2022-10-17T00:00:00Z,24.39,24.59,24.3,24.33,3735536.0,24.216666666666665,EVALUATION,0.009864364981504448
SVXY,2022-10-18T00:00:00Z,24.59,24.63,24.26,24.57,3180662.0,24.306666666666665,EVALUATION,-0.00366300366300365
SVXY,2022-10-19T00:00:00Z,24.5,24.65,24.28,24.48,3246368.0,24.46,EVALUATION,0.005718954248365993
SVXY,2022-10-20T00:00:00Z,24.58,24.89,24.46,24.62,3722552.0,24.556666666666665,EVALUATION,0.0016246953696181787
SVXY,2022-10-21T00:00:00Z,24.72,24.95,24.64,24.66,2974812.0,24.586666666666666,EVALUATION,0.008921330089213253
SVXY,2022-10-24T00:00:00Z,24.81,24.92,24.52,24.88,3288386.0,24.72,EVALUATION,0.020096463022508004
SVXY,2022-10-25T00:00:00Z,24.87,25.4,24.84,25.38,2872502.0,24.973333333333333,EVALUATION,0.011426319936958418
SVXY,2022-10-26T00:00:00Z,25.28,25.73,25.26,25.67,4553348.0,25.31,EVALUATION,0.010128554733151551
SVXY,2022-10-27T00:00:00Z,25.75,25.99,25.67,25.93,2044080.0,25.659999999999997,EVALUATION,0.011569610489780224
SVXY,2022-10-28T00:00:00Z,25.94,26.35,25.91,26.23,5905956.0,25.943333333333335,EVALUATION,0.008006099885627282
SVXY,2022-10-31T00:00:00Z,26.14,26.47,26.13,26.44,4460338.0,26.200000000000003,EVALUATION,0.005673222390317756
SVXY,2022-11-01T00:00:00Z,26.72,26.72,26.37,26.59,2265634.0,26.42,EVALUATION,-0.013162843174125638
SVXY,2022-11-02T00:00:00Z,26.46,26.71,26.16,26.24,3715204.0,26.423333333333332,EVALUATION,0.010670731707317138
SVXY,2022-11-03T00:00:00Z,26.03,26.61,25.89,26.52,2618646.0,26.45,EVALUATION,0.006787330316742057
SVXY,2022-11-04T00:00:00Z,26.76,27.05,26.38,26.7,2689948.0,26.486666666666665,EVALUATION,0.004868913857677848
SVXY,2022-11-07T00:00:00Z,26.79,26.95,26.62,26.83,2017468.0,26.683333333333334,EVALUATION,-0.01453596720089445
SVXY,2022-11-08T00:00:00Z,26.94,26.95,26.3,26.44,3887218.0,26.656666666666666,EVALUATION,-0.015506807866868422
SVXY,2022-11-09T00:00:00Z,26.42,26.42,25.92,26.03,3415882.0,26.433333333333337,EVALUATION,0.027660391855551136
SVXY,2022-11-10T00:00:00Z,26.78,27.02,26.65,26.75,5316580.0,26.406666666666666,EVALUATION,0.005607476635513864
SVXY,2022-11-11T00:00:00Z,26.62,26.92,26.53,26.9,3063258.0,26.560000000000002,EVALUATION,-0.00037174721189581206
SVXY,2022-11-14T00:00:00Z,26.89,27.27,26.86,26.89,2904800.0,26.846666666666664,EVALUATION,-0.004834510970621042
SVXY,2022-11-15T00:00:00Z,27.24,27.25,26.35,26.76,6641032.0,26.85,EVALUATION,0.01195814648729443
SVXY,2022-11-16T00:00:00Z,26.92,27.11,26.83,27.08,3819118.0,26.909999999999997,EVALUATION,0.005169867060561328
SVXY,2022-11-17T00:00:00Z,26.74,27.26,26.74,27.22,2744446.0,27.019999999999996,EVALUATION,0.005878030859661987
SVXY,2022-11-18T00:00:00Z,27.36,27.39,27.08,27.38,2487186.0,27.226666666666667,EVALUATION,0.012783053323593974
SVXY,2022-11-21T00:00:00Z,27.31,27.77,27.31,27.73,2790736.0,27.443333333333335,EVALUATION,0.018031013342949764
SVXY,2022-11-22T00:00:00Z,27.84,28.26,27.84,28.23,2664972.0,27.78,EVALUATION,0.01062699256110533
SVXY,2022-11-23T00:00:00Z,28.19,28.56,28.14,28.53,3112744.0,28.163333333333334,EVALUATION,-0.002103049421661507
SVXY,2022-11-25T00:00:00Z,28.36,28.54,28.35,28.47,893374.0,28.41,EVALUATION,-0.018616087109237678
SVXY,2022-11-28T00:00:00Z,28.16,28.34,27.82,27.94,5452696.0,28.313333333333333,EVALUATION,0.007516105941302698
SVXY,2022-11-29T00:00:00Z,28.01,28.2,27.86,28.15,3247162.0,28.186666666666667,EVALUATION,0.0188277087033748
SVXY,2022-11-30T00:00:00Z,28.13,28.79,27.9,28.68,3766766.0,28.256666666666668,EVALUATION,0.008716875871687568
SVXY,2022-12-01T00:00:00Z,28.72,28.95,28.41,28.93,2884462.0,28.586666666666666,EVALUATION,0.010024196335983282
SVXY,2022-12-02T00:00:00Z,28.6,29.23,28.6,29.22,3084046.0,28.943333333333335,EVALUATION,-0.009924709103353857
SVXY,2022-12-05T00:00:00Z,29.01,29.24,28.65,28.93,2780014.0,29.026666666666664,EVALUATION,-0.013135153819564427
SVXY,2022-12-06T00:00:00Z,29.05,29.16,28.39,28.55,3216990.0,28.9,EVALUATION,-0.007705779334501006
SVXY,2022-12-07T00:00:00Z,28.44,28.55,28.19,28.33,2376064.0,28.60333333333333,EVALUATION,0.009530533003882846
SVXY,2022-12-08T00:00:00Z,28.31,28.69,28.18,28.6,1650156.0,28.493333333333332,EVALUATION,-0.011538461538461608
SVXY,2022-12-09T00:00:00Z,28.52,28.63,28.23,28.27,6194772.0,28.4,EVALUATION,0.002476123098691163
SVXY,2022-12-12T00:00:00Z,28.29,28.51,28.21,28.34,4922336.0,28.403333333333336,EVALUATION,0.021877205363443952
SVXY,2022-12-13T00:00:00Z,29.17,29.21,28.44,28.96,4236526.0,28.523333333333333,EVALUATION,0.017610497237569023
SVXY,2022-12-14T00:00:00Z,29.01,29.54,28.82,29.47,5133236.0,28.923333333333332,EVALUATION,-0.03257550050899205
SVXY,2022-12-15T00:00:00Z,29.15,29.29,28.19,28.51,6334720.0,28.98,EVALUATION,-0.0017537706068047054
SVXY,2022-12-16T00:00:00Z,28.26,28.66,28.05,28.46,5790914.0,28.813333333333333,EVALUATION,0.013000702740688652
SVXY,2022-12-19T00:00:00Z,28.57,29.07,28.55,28.83,4675114.0,28.6,EVALUATION,0.004509191814082714
SVXY,2022-12-20T00:00:00Z,28.78,29.12,28.56,28.96,3962366.0,28.75,EVALUATION,0.017610497237569023
SVXY,2022-12-21T00:00:00Z,29.28,29.58,29.23,29.47,4572116.0,29.086666666666666,EVALUATION,-0.02680692229385817
SVXY,2022-12-22T00:00:00Z,29.38,29.46,27.99,28.68,7842816.0,29.03666666666667,EVALUATION,0.014993026499302564
SVXY,2022-12-23T00:00:00Z,28.74,29.19,28.59,29.11,3838386.0,29.086666666666666,EVALUATION,-0.0003435245620061478
SVXY,2022-12-27T00:00:00Z,29.04,29.21,28.82,29.1,3151322.0,28.963333333333335,EVALUATION,0.0013745704467353903
SVXY,2022-12-28T00:00:00Z,29.23,29.5,29.06,29.14,4032416.0,29.116666666666667,EVALUATION,0.0061770761839397
SVXY,2022-12-29T00:00:00Z,29.34,29.51,29.29,29.32,2872762.0,29.186666666666667,EVALUATION,0.0006821282401090478
SVXY,2022-12-30T00:00:00Z,29.13,29.36,29.01,29.34,4486560.0,29.266666666666666,EVALUATION,0.0034083162917519783
SVXY,2023-01-03T00:00:00Z,29.49,29.58,28.96,29.44,3342402.0,29.366666666666667,EVALUATION,0.015625
SVXY,2023-01-04T00:00:00Z,29.59,29.91,29.47,29.9,3025836.0,29.560000000000002,EVALUATION,-0.004013377926421313
SVXY,2023-01-05T00:00:00Z,29.71,29.86,29.53,29.78,3579054.0,29.70666666666667,EVALUATION,0.012088650100738674
SVXY,2023-01-06T00:00:00Z,30.06,30.35,29.89,30.14,3044628.0,29.94,EVALUATION,-0.00431320504313204
SVXY,2023-01-09T00:00:00Z,30.23,30.37,29.9,30.01,3065144.0,29.976666666666667,EVALUATION,0.022992335888037285
SVXY,2023-01-10T00:00:00Z,30.0,30.73,30.0,30.7,2925154.0,30.28333333333333,EVALUATION,-0.002931596091205191
SVXY,2023-01-11T00:00:00Z,30.78,30.79,30.53,30.61,2957052.0,30.439999999999998,EVALUATION,0.024501796798431785
SVXY,2023-01-12T00:00:00Z,30.94,31.41,30.7,31.36,4583162.0,30.89,EVALUATION,0.013073979591836649
SVXY,2023-01-13T00:00:00Z,31.28,31.92,31.28,31.77,3806196.0,31.246666666666666,EVALUATION,-0.0047214353163361755
SVXY,2023-01-17T00:00:00Z,31.53,31.79,31.39,31.62,4584686.0,31.583333333333336,EVALUATION,-0.0164452877925364
SVXY,2023-01-18T00:00:00Z,31.86,31.91,30.97,31.1,6494436.0,31.49666666666667,EVALUATION,-0.003215434083601365
SVXY,2023-01-19T00:00:00Z,30.69,31.23,30.49,31.0,4380510.0,31.240000000000002,EVALUATION,0.016774193548387162
SVXY,2023-01-20T00:00:00Z,31.1,31.63,30.95,31.52,4126770.0,31.206666666666667,EVALUATION,0.006345177664974555
SVXY,2023-01-23T00:00:00Z,31.6,31.79,31.48,31.72,2862778.0,31.413333333333334,EVALUATION,0.01828499369482972
SVXY,2023-01-24T00:00:00Z,31.59,32.38,31.58,32.3,3082746.0,31.846666666666664,EVALUATION,-0.0003095975232197956
SVXY,2023-01-25T00:00:00Z,31.83,32.35,31.29,32.29,4049592.0,32.10333333333333,EVALUATION,0.006503561474140662
SVXY,2023-01-26T00:00:00Z,32.5,32.61,32.16,32.5,3031770.0,32.36333333333333,EVALUATION,0.009538461538461718
SVXY,2023-01-27T00:00:00Z,32.51,33.1,32.48,32.81,3060926.0,32.53333333333333,EVALUATION,-0.01371533069186237
SVXY,2023-01-30T00:00:00Z,32.39,32.51,32.05,32.36,3983062.0,32.55666666666667,EVALUATION,0.011124845488257096
SVXY,2023-01-31T00:00:00Z,32.32,32.85,32.24,32.72,2579462.0,32.63,EVALUATION,0.016503667481662543
SVXY,2023-02-01T00:00:00Z,32.74,33.42,32.35,33.26,3617446.0,32.78,EVALUATION,-0.011425135297654654
SVXY,2023-02-02T00:00:00Z,33.59,33.73,32.39,32.88,4809668.0,32.95333333333333,EVALUATION,-0.005474452554744547
SVXY,2023-02-03T00:00:00Z,32.4,32.9,32.15,32.7,3655742.0,32.946666666666665,EVALUATION,-0.010703363914373099
SVXY,2023-02-06T00:00:00Z,32.49,32.66,32.24,32.35,2323160.0,32.64333333333333,EVALUATION,0.015146831530139071
SVXY,2023-02-07T00:00:00Z,32.21,32.98,32.18,32.84,3324650.0,32.63,EVALUATION,-0.01979293544457994
SVXY,2023-02-08T00:00:00Z,32.63,32.88,31.9,32.19,2991330.0,32.46,EVALUATION,-0.01460080770425598
SVXY,2023-02-09T00:00:00Z,32.44,32.65,31.64,31.72,3487954.0,32.25,EVALUATION,-0.00914249684741486
SVXY,2023-02-10T00:00:00Z,31.4,31.65,31.1,31.43,3841824.0,31.779999999999998,EVALUATION,0.019090041361756294
SVXY,2023-02-13T00:00:00Z,31.78,32.16,31.72,32.03,2819650.0,31.726666666666667,EVALUATION,0.02091788947861395
SVXY,2023-02-14T00:00:00Z,32.32,32.9,32.12,32.7,3979054.0,32.053333333333335,EVALUATION,0.010091743119265972
SVXY,2023-02-15T00:00:00Z,32.61,33.06,32.6,33.03,3268646.0,32.586666666666666,EVALUATION,-0.026945201332122304
SVXY,2023-02-16T00:00:00Z,32.55,32.92,32.12,32.14,4831166.0,32.623333333333335,EVALUATION,-0.001244555071561848
SVXY,2023-02-17T00:00:00Z,31.81,32.15,31.49,32.1,5744968.0,32.42333333333333,EVALUATION,-0.03738317757009357
SVXY,2023-02-21T00:00:00Z,31.37,31.57,30.77,30.9,5266024.0,31.71333333333333,EVALUATION,0.014886731391585695
SVXY,2023-02-22T00:00:00Z,30.86,31.43,30.67,31.36,5140706.0,31.453333333333333,EVALUATION,0.015943877551020336
SVXY,2023-02-23T00:00:00Z,31.69,31.98,31.18,31.86,5856152.0,31.37333333333333,EVALUATION,-0.017263025737602078
SVXY,2023-02-24T00:00:00Z,31.32,31.4,30.86,31.31,7153486.0,31.509999999999998,EVALUATION,0.017885659533695364
SVXY,2023-02-27T00:00:00Z,31.68,32.02,31.68,31.87,3279978.0,31.68,EVALUATION,0.011609664261060582
SVXY,2023-02-28T00:00:00Z,31.95,32.39,31.89,32.24,1870230.0,31.806666666666665,EVALUATION,-0.005893300248139055
SVXY,2023-03-01T00:00:00Z,32.14,32.38,31.7,32.05,3129312.0,32.053333333333335,EVALUATION,0.018408736349454058
SVXY,2023-03-02T00:00:00Z,31.79,32.67,31.75,32.64,3268746.0,32.31,EVALUATION,0.01593137254901955
SVXY,2023-03-03T00:00:00Z,32.83,33.21,32.75,33.16,4653818.0,32.61666666666667,EVALUATION,0.007840772014475528
SVXY,2023-03-06T00:00:00Z,33.26,33.49,33.23,33.42,3713444.0,33.07333333333334,EVALUATION,-0.011071214841412491
SVXY,2023-03-07T00:00:00Z,33.33,33.68,32.94,33.05,7341604.0,33.21,EVALUATION,0.008169440242057568
SVXY,2023-03-08T00:00:00Z,33.0,33.42,32.92,33.32,4604012.0,33.263333333333335,EVALUATION,-0.05222088835534222
SVXY,2023-03-09T00:00:00Z,33.53,33.62,31.49,31.58,8512896.0,32.65,EVALUATION,-0.055414819506016455
SVXY,2023-03-10T00:00:00Z,31.22,31.49,28.26,29.83,12025220.0,31.576666666666668,EVALUATION,-0.015755950385517914
SVXY,2023-03-13T00:00:00Z,28.32,29.74,27.96,29.36,5716848.0,30.256666666666668,EVALUATION,0.030313351498637564
SVXY,2023-03-14T00:00:00Z,30.42,31.01,29.75,30.25,10005996.0,29.813333333333333,EVALUATION,-0.0380165289256198
SVXY,2023-03-15T00:00:00Z,28.92,29.41,27.58,29.1,14637118.0,29.57,EVALUATION,0.04295532646048117
SVXY,2023-03-16T00:00:00Z,28.62,30.38,28.51,30.35,9657934.0,29.900000000000002,EVALUATION,-0.054695222405271804
SVXY,2023-03-17T00:00:00Z,29.87,30.13,28.45,28.69,11976016.0,29.380000000000003,EVALUATION,0.024398745207389272
SVXY,2023-03-20T00:00:00Z,28.7,29.44,28.47,29.39,13475038.0,29.476666666666667,EVALUATION,0.0435522286492005
SVXY,2023-03-21T00:00:00Z,30.08,30.72,30.08,30.67,10466912.0,29.583333333333336,EVALUATION,-0.01988914248451268
SVXY,2023-03-22T00:00:00Z,30.77,31.24,30.06,30.06,8299586.0,30.04,EVALUATION,-0.011643379906852935
SVXY,2023-03-23T00:00:00Z,30.57,31.09,29.43,29.71,11307042.0,30.14666666666667,EVALUATION,0.019522046449006902
SVXY,2023-03-24T00:00:00Z,29.25,30.3,28.64,30.29,8086336.0,30.02,EVALUATION,0.01881809177946514
SVXY,2023-03-27T00:00:00Z,30.61,30.95,30.37,30.86,3906066.0,30.28666666666667,EVALUATION,0.012313674659753637
SVXY,2023-03-28T00:00:00Z,30.85,31.29,30.74,31.24,4650598.0,30.796666666666667,EVALUATION,0.01792573623559557
SVXY,2023-03-29T00:00:00Z,31.67,31.87,31.5,31.8,3656470.0,31.299999999999997,EVALUATION,0.0
SVXY,2023-03-30T00:00:00Z,31.84,31.92,31.24,31.8,2850390.0,31.61333333333333,EVALUATION,0.002515723270440251
SVXY,2023-03-31T00:00:00Z,31.85,32.09,31.78,31.88,3448836.0,31.826666666666668,EVALUATION,0.011606022584692566
SVXY,2023-04-03T00:00:00Z,31.88,32.28,31.57,32.25,3408802.0,31.976666666666667,EVALUATION,-0.008372093023255811
SVXY,2023-04-04T00:00:00Z,32.12,32.19,31.49,31.98,4080092.0,32.03666666666667,EVALUATION,0.0037523452157599557
SVXY,2023-04-05T00:00:00Z,31.88,32.14,31.56,32.1,3592436.0,32.11,EVALUATION,0.00903426791277262
SVXY,2023-04-06T00:00:00Z,31.98,32.52,31.83,32.39,4641228.0,32.156666666666666,EVALUATION,0.005557270762581057
SVXY,2023-04-10T00:00:00Z,32.17,32.64,32.13,32.57,4882268.0,32.35333333333334,EVALUATION,0.006140620202640612
SVXY,2023-04-11T00:00:00Z,32.71,32.95,32.61,32.77,4692556.0,32.57666666666667,EVALUATION,-0.004272200183094266
SVXY,2023-04-12T00:00:00Z,33.0,33.1,32.49,32.63,5080378.0,32.656666666666666,EVALUATION,0.017775053631627236
SVXY,2023-04-13T00:00:00Z,32.91,33.29,32.91,33.21,5796320.0,32.870000000000005,EVALUATION,0.009334537789822406
SVXY,2023-04-14T00:00:00Z,33.16,33.52,33.01,33.52,7553116.0,33.120000000000005,EVALUATION,0.01402147971360379
SVXY,2023-04-17T00:00:00Z,33.56,34.06,33.56,33.99,5104842.0,33.57333333333334,EVALUATION,0.0044130626654899086
SVXY,2023-04-18T00:00:00Z,34.05,34.25,33.83,34.14,4633520.0,33.88333333333333,EVALUATION,-0.00029291154071464653
SVXY,2023-04-19T00:00:00Z,33.97,34.33,33.92,34.13,6373422.0,34.086666666666666,EVALUATION,-0.009961910342807023
SVXY,2023-04-20T00:00:00Z,33.77,34.21,33.63,33.79,9088932.0,34.02,EVALUATION,0.009174311926605672
SVXY,2023-04-21T00:00:00Z,33.92,34.15,33.6,34.1,6528862.0,34.00666666666667,EVALUATION,0.0026392961876831045
SVXY,2023-04-24T00:00:00Z,34.11,34.22,33.87,34.19,5549638.0,34.02666666666667,EVALUATION,-0.04153261187481705
SVXY,2023-04-25T00:00:00Z,33.9,34.09,32.66,32.77,9711572.0,33.68666666666667,EVALUATION,0.013426914861153438
SVXY,2023-04-26T00:00:00Z,33.06,33.65,32.88,33.21,4226692.0,33.39,EVALUATION,0.020776874435410875
SVXY,2023-04-27T00:00:00Z,33.76,34.13,33.73,33.9,4086922.0,33.29333333333334,EVALUATION,0.022123893805309658
SVXY,2023-04-28T00:00:00Z,34.02,34.65,34.02,34.65,8332226.0,33.92,EVALUATION,0.006926406926407003
SVXY,2023-05-01T00:00:00Z,34.75,35.3,34.72,34.89,4204072.0,34.48,EVALUATION,-0.022069360848380737
SVXY,2023-05-02T00:00:00Z,34.58,34.58,32.9,34.12,6739550.0,34.553333333333335,EVALUATION,-0.015826494724501705
SVXY,2023-05-03T00:00:00Z,33.99,34.48,33.56,33.58,5248780.0,34.196666666666665,EVALUATION,-0.022930315664085654
SVXY,2023-05-04T00:00:00Z,33.28,33.4,32.29,32.81,5657420.0,33.50333333333333,EVALUATION,0.03870771106369997
SVXY,2023-05-05T00:00:00Z,33.45,34.16,33.41,34.08,3943748.0,33.49,EVALUATION,0.008802816901408494
SVXY,2023-05-08T00:00:00Z,34.19,34.4,33.95,34.38,4377912.0,33.75666666666667,EVALUATION,-0.01018033740546831
SVXY,2023-05-09T00:00:00Z,34.12,34.22,33.9,34.03,5724916.0,34.163333333333334,EVALUATION,0.012929767851895368
SVXY,2023-05-10T00:00:00Z,34.55,34.73,33.75,34.47,4577298.0,34.29333333333334,EVALUATION,0.006672468813461174
SVXY,2023-05-11T00:00:00Z,34.28,34.72,33.89,34.7,2974380.0,34.400000000000006,EVALUATION,-0.0005763688760808128
SVXY,2023-05-12T00:00:00Z,34.85,34.96,34.23,34.68,6555026.0,34.61666666666667,EVALUATION,0.012975778546712835
SVXY,2023-05-15T00:00:00Z,34.81,35.13,34.6,35.13,4779182.0,34.83666666666667,EVALUATION,-0.01508682038144038
SVXY,2023-05-16T00:00:00Z,34.91,35.13,34.58,34.6,5394126.0,34.803333333333335,EVALUATION,0.016473988439306364
SVXY,2023-05-17T00:00:00Z,35.02,35.26,34.81,35.17,5750528.0,34.96666666666667,EVALUATION,0.021040659653113192
SVXY,2023-05-18T00:00:00Z,35.22,35.91,35.17,35.91,3854376.0,35.22666666666667,EVALUATION,-0.01392369813422445
SVXY,2023-05-19T00:00:00Z,36.02,36.13,35.03,35.41,5445942.0,35.49666666666667,EVALUATION,0.0
SVXY,2023-05-22T00:00:00Z,35.39,35.71,35.02,35.41,4699172.0,35.57666666666667,EVALUATION,-0.009884213499011474
SVXY,2023-05-23T00:00:00Z,35.2,35.62,34.82,35.06,4275768.0,35.29333333333334,EVALUATION,-0.01853964632059346
SVXY,2023-05-24T00:00:00Z,34.65,34.67,34.2,34.41,3174788.0,34.96,EVALUATION,0.010171461784365121
SVXY,2023-05-25T00:00:00Z,34.85,34.97,34.49,34.76,2445352.0,34.74333333333333,EVALUATION,0.020713463751438344
SVXY,2023-05-26T00:00:00Z,35.2,35.91,35.17,35.48,2462656.0,34.88333333333333,EVALUATION,0.013528748590755368
SVXY,2023-05-30T00:00:00Z,36.11,36.24,35.38,35.96,1990902.0,35.4,EVALUATION,0.003615127919911032
SVXY,2023-05-31T00:00:00Z,35.78,36.24,35.55,36.09,1760926.0,35.843333333333334,EVALUATION,0.029093931837073983
SVXY,2023-06-01T00:00:00Z,36.36,37.16,36.28,37.14,1650310.0,36.39666666666667,EVALUATION,0.01830910070005376
SVXY,2023-06-02T00:00:00Z,37.61,38.05,37.44,37.82,3708798.0,37.016666666666666,EVALUATION,0.01189846641988379
SVXY,2023-06-05T00:00:00Z,37.87,38.3,37.78,38.27,2333020.0,37.74333333333334,EVALUATION,0.029265743402142608
SVXY,2023-06-06T00:00:00Z,38.4,39.44,38.3,39.39,2050048.0,38.49333333333334,EVALUATION,-0.0015232292460015673
SVXY,2023-06-07T00:00:00Z,39.28,39.42,38.98,39.33,2563446.0,38.99666666666667,EVALUATION,0.012458682939232135
SVXY,2023-06-08T00:00:00Z,39.3,39.99,39.16,39.82,1535686.0,39.513333333333335,EVALUATION,-0.0040180813661477854
SVXY,2023-06-09T00:00:00Z,39.82,39.96,39.42,39.66,2314298.0,39.60333333333333,EVALUATION,-0.0015128593040846239
SVXY,2023-06-12T00:00:00Z,39.53,39.73,39.33,39.6,1923132.0,39.693333333333335,EVALUATION,0.0015151515151514694
SVXY,2023-06-13T00:00:00Z,39.87,39.99,39.55,39.66,2699644.0,39.64,EVALUATION,0.01563287947554226
SVXY,2023-06-14T00:00:00Z,39.74,40.28,39.7,40.28,1632526.0,39.846666666666664,EVALUATION,-0.013654419066534418
SVXY,2023-06-15T00:00:00Z,40.41,40.46,39.72,39.73,1906346.0,39.89,EVALUATION,0.017367228794362033
SVXY,2023-06-16T00:00:00Z,39.7,40.45,39.61,40.42,2209066.0,40.14333333333333,EVALUATION,0.0
SVXY,2023-06-20T00:00:00Z,40.28,40.42,39.92,40.42,2098098.0,40.19,EVALUATION,0.010390895596239513
SVXY,2023-06-21T00:00:00Z,40.62,40.92,40.49,40.84,2026378.0,40.56,EVALUATION,0.011998041136140891
SVXY,2023-06-22T00:00:00Z,40.63,41.48,40.59,41.33,1635572.0,40.86333333333334,EVALUATION,-0.007258649891120128
SVXY,2023-06-23T00:00:00Z,40.83,41.37,40.59,41.03,2003680.0,41.06666666666667,EVALUATION,0.0014623446258834605
SVXY,2023-06-26T00:00:00Z,41.06,41.55,41.03,41.09,1290364.0,41.15,EVALUATION,0.014115356534436518
SVXY,2023-06-27T00:00:00Z,41.27,42.05,41.27,41.67,1423714.0,41.263333333333335,EVALUATION,0.0175185985121189
SVXY,2023-06-28T00:00:00Z,41.74,42.4,41.74,42.4,1131078.0,41.72,EVALUATION,-0.010849056603773555
SVXY,2023-06-29T00:00:00Z,42.33,42.33,41.85,41.94,1211804.0,42.00333333333333,EVALUATION,0.009537434430138436
SVXY,2023-06-30T00:00:00Z,42.25,42.53,42.1,42.34,1156578.0,42.22666666666667,EVALUATION,0.0009447331128955572
SVXY,2023-07-03T00:00:00Z,42.37,42.52,42.19,42.38,609574.0,42.22,EVALUATION,-0.005899008966493646
SVXY,2023-07-05T00:00:00Z,42.12,42.41,42.05,42.13,934470.0,42.28333333333334,EVALUATION,-0.025872300023736083
SVXY,2023-07-06T00:00:00Z,41.14,41.18,39.01,41.04,4234314.0,41.85,EVALUATION,0.009502923976608235
SVXY,2023-07-07T00:00:00Z,40.81,41.79,40.76,41.43,2231602.0,41.53333333333333,EVALUATION,0.005792903692976248
SVXY,2023-07-10T00:00:00Z,41.44,41.73,41.19,41.67,1540540.0,41.38,EVALUATION,0.00455963522918168
SVXY,2023-07-11T00:00:00Z,42.04,42.2,41.52,41.86,1805122.0,41.653333333333336,EVALUATION,0.02795031055900621
SVXY,2023-07-12T00:00:00Z,42.54,43.06,42.52,43.03,3333224.0,42.18666666666667,EVALUATION,-0.003253544039042544
SVXY,2023-07-13T00:00:00Z,43.42,43.58,42.85,42.89,2352846.0,42.593333333333334,EVALUATION,0.0058288645371882275
SVXY,2023-07-14T00:00:00Z,42.9,43.29,42.6,43.14,1943172.0,43.02,EVALUATION,0.001622624014835372
SVXY,2023-07-17T00:00:00Z,43.06,43.59,43.06,43.21,1875210.0,43.08,EVALUATION,0.004859986114325476
SVXY,2023-07-18T00:00:00Z,43.23,43.65,43.2,43.42,1737906.0,43.25666666666667,EVALUATION,-0.007369875633348677
SVXY,2023-07-19T00:00:00Z,43.76,43.79,42.94,43.1,2926796.0,43.24333333333334,EVALUATION,0.00046403712296982924
SVXY,2023-07-20T00:00:00Z,42.96,43.37,42.71,43.12,2465634.0,43.21333333333334,EVALUATION,0.00533395176252327
SVXY,2023-07-21T00:00:00Z,43.4,43.76,43.23,43.35,3154572.0,43.19,EVALUATION,0.008765859284890265
SVXY,2023-07-24T00:00:00Z,43.45,43.94,43.39,43.73,3662504.0,43.4,EVALUATION,0.0009147038646240002
SVXY,2023-07-25T00:00:00Z,43.75,44.2,43.66,43.77,2676180.0,43.61666666666667,EVALUATION,0.013251085218185965
SVXY,2023-07-26T00:00:00Z,43.46,44.4,43.46,44.35,4143282.0,43.95,EVALUATION,-0.025028184892897376
SVXY,2023-07-27T00:00:00Z,44.76,44.8,42.73,43.24,8945928.0,43.78666666666667,EVALUATION,0.02012025901942649
SVXY,2023-07-28T00:00:00Z,44.06,44.32,43.53,44.11,4693766.0,43.9,EVALUATION,0.007481296758104605
SVXY,2023-07-31T00:00:00Z,44.19,44.44,43.9,44.44,1875012.0,43.93,EVALUATION,-0.008325832583258252
SVXY,2023-08-01T00:00:00Z,43.8,44.07,43.57,44.07,2143994.0,44.20666666666666,EVALUATION,-0.045609257998638464
SVXY,2023-08-02T00:00:00Z,42.63,42.73,41.45,42.06,4732580.0,43.52333333333333,EVALUATION,0.00118877793628136
SVXY,2023-08-03T00:00:00Z,41.32,42.42,40.98,42.11,4495746.0,42.74666666666667,EVALUATION,-0.0161481833293754
SVXY,2023-08-04T00:00:00Z,42.87,43.26,41.25,41.43,4364356.0,41.86666666666667,EVALUATION,0.026068066618392338
SVXY,2023-08-07T00:00:00Z,41.91,42.53,41.69,42.51,3908356.0,42.016666666666666,EVALUATION,-0.010350505763349727
SVXY,2023-08-08T00:00:00Z,41.62,42.15,40.13,42.07,6521098.0,42.00333333333333,EVALUATION,0.004753981459472367
SVXY,2023-08-09T00:00:00Z,42.31,42.76,41.42,42.27,6627366.0,42.28333333333333,EVALUATION,-0.0018925952211972241
SVXY,2023-08-10T00:00:00Z,42.98,43.46,41.59,42.19,7904822.0,42.17666666666667,EVALUATION,0.019435885280872256
SVXY,2023-08-11T00:00:00Z,41.81,43.11,41.7,43.01,6252984.0,42.49,EVALUATION,0.009067658684027036
SVXY,2023-08-14T00:00:00Z,42.76,43.48,42.39,43.4,3350668.0,42.86666666666667,EVALUATION,-0.02880184331797231
SVXY,2023-08-15T00:00:00Z,43.1,43.1,41.96,42.15,5674944.0,42.85333333333333,EVALUATION,-0.00782918149466183
SVXY,2023-08-16T00:00:00Z,42.23,42.81,41.8,41.82,4251510.0,42.45666666666666,EVALUATION,-0.023672883787661414
SVXY,2023-08-17T00:00:00Z,42.15,42.25,40.83,40.83,3709068.0,41.599999999999994,EVALUATION,0.012490815576782
SVXY,2023-08-18T00:00:00Z,40.22,41.54,40.11,41.34,6883932.0,41.33,EVALUATION,0.013304305757135815
SVXY,2023-08-21T00:00:00Z,41.6,42.01,41.23,41.89,3514716.0,41.35333333333333,EVALUATION,-0.0019097636667462226
SVXY,2023-08-22T00:00:00Z,42.36,42.37,41.46,41.81,2715476.0,41.68,EVALUATION,0.016742406122937092
SVXY,2023-08-23T00:00:00Z,42.09,42.6,42.05,42.51,1989830.0,42.07,EVALUATION,-0.01905434015525742
SVXY,2023-08-24T00:00:00Z,42.82,42.96,41.6,41.7,2749534.0,42.00666666666667,EVALUATION,0.021582733812949506
SVXY,2023-08-25T00:00:00Z,41.98,42.78,41.44,42.6,3003372.0,42.27,EVALUATION,0.019248826291079713
SVXY,2023-08-28T00:00:00Z,43.0,43.47,42.94,43.42,1806714.0,42.57333333333334,EVALUATION,0.013127590971902414
SVXY,2023-08-29T00:00:00Z,43.5,44.2,43.47,43.99,2633918.0,43.33666666666667,EVALUATION,0.016367356217322104
SVXY,2023-08-30T00:00:00Z,44.23,44.79,44.06,44.71,1664924.0,44.040000000000006,EVALUATION,0.010512189666741278
SVXY,2023-08-31T00:00:00Z,44.75,45.28,44.7,45.18,1845528.0,44.626666666666665,EVALUATION,0.006640106241699861
SVXY,2023-09-01T00:00:00Z,45.52,45.72,45.28,45.48,1781574.0,45.123333333333335,EVALUATION,-0.00395778364116095
SVXY,2023-09-05T00:00:00Z,45.39,45.69,45.04,45.3,2629220.0,45.32,EVALUATION,-0.008388520971302382
SVXY,2023-09-06T00:00:00Z,45.21,45.35,44.44,44.92,3528426.0,45.233333333333334,EVALUATION,0.0006678539626001623
SVXY,2023-09-07T00:00:00Z,44.25,45.12,43.98,44.95,1811818.0,45.05666666666667,EVALUATION,0.010233592880978692
SVXY,2023-09-08T00:00:00Z,44.99,45.78,44.99,45.41,1971706.0,45.093333333333334,EVALUATION,0.012332085443734986
SVXY,2023-09-11T00:00:00Z,45.85,46.09,45.53,45.97,2497018.0,45.44333333333333,EVALUATION,-0.0028279312595169692
SVXY,2023-09-12T00:00:00Z,45.74,46.26,45.65,45.84,2841154.0,45.739999999999995,EVALUATION,0.008726003490401313
SVXY,2023-09-13T00:00:00Z,46.02,46.44,45.98,46.24,4992044.0,46.016666666666666,EVALUATION,0.016003460207612452
SVXY,2023-09-14T00:00:00Z,46.61,47.03,46.55,46.98,2425550.0,46.35333333333333,EVALUATION,-0.01851851851851849
SVXY,2023-09-15T00:00:00Z,46.83,47.09,46.0,46.11,3312660.0,46.44333333333333,EVALUATION,0.003253090435914041
SVXY,2023-09-18T00:00:00Z,45.82,46.63,45.64,46.26,3978838.0,46.449999999999996,EVALUATION,0.0034587116299178433
SVXY,2023-09-19T00:00:00Z,46.27,46.53,45.71,46.42,4718274.0,46.263333333333335,EVALUATION,-0.01938819474364495
SVXY,2023-09-20T00:00:00Z,46.79,46.94,45.47,45.52,5411074.0,46.06666666666667,EVALUATION,-0.039323374340949124
SVXY,2023-09-21T00:00:00Z,44.48,44.99,43.73,43.73,6229450.0,45.223333333333336,EVALUATION,-0.00022867596615594454
SVXY,2023-09-22T00:00:00Z,43.88,44.51,43.62,43.72,5328110.0,44.32333333333333,EVALUATION,-0.0004574565416284315
SVXY,2023-09-25T00:00:00Z,43.14,43.84,42.88,43.7,2977590.0,43.71666666666667,EVALUATION,-0.04530892448512591
SVXY,2023-09-26T00:00:00Z,43.22,43.47,41.55,41.72,7872588.0,43.04666666666667,EVALUATION,0.020373921380632876
SVXY,2023-09-27T00:00:00Z,42.29,42.58,41.35,42.57,5131980.0,42.663333333333334,EVALUATION,0.02302090674183699
SVXY,2023-09-28T00:00:00Z,42.56,43.72,42.32,43.55,5381674.0,42.61333333333333,EVALUATION,-0.008725602755453421
SVXY,2023-09-29T00:00:00Z,44.39,44.53,43.09,43.17,5967088.0,43.096666666666664,EVALUATION,-0.0020847810979848225
SVXY,2023-10-02T00:00:00Z,43.07,43.67,42.62,43.08,4282760.0,43.266666666666666,EVALUATION,-0.04688950789229329
SVXY,2023-10-03T00:00:00Z,42.48,42.85,40.7,41.06,8065692.0,42.43666666666667,EVALUATION,0.02630297126156833
SVXY,2023-10-04T00:00:00Z,41.45,42.19,41.15,42.14,5309618.0,42.093333333333334,EVALUATION,0.00593260560037967
SVXY,2023-10-05T00:00:00Z,42.1,42.41,41.16,42.39,4117346.0,41.86333333333334,EVALUATION,0.0075489502241095074
SVXY,2023-10-06T00:00:00Z,41.72,43.13,41.24,42.71,5843710.0,42.413333333333334,EVALUATION,0.006789978927651541
SVXY,2023-10-09T00:00:00Z,41.91,43.01,41.68,43.0,3503146.0,42.7,EVALUATION,0.016279069767441978
SVXY,2023-10-10T00:00:00Z,43.25,44.0,43.21,43.7,3574330.0,43.13666666666667,EVALUATION,0.008695652173912993
SVXY,2023-10-11T00:00:00Z,43.97,44.25,42.98,44.08,6168542.0,43.593333333333334,EVALUATION,-0.009754990925589846
SVXY,2023-10-12T00:00:00Z,44.37,44.83,42.73,43.65,4429424.0,43.81,EVALUATION,-0.0597938144329897
SVXY,2023-10-13T00:00:00Z,43.74,43.83,40.47,41.04,7367466.0,42.92333333333333,EVALUATION,0.047514619883040954
SVXY,2023-10-16T00:00:00Z,41.82,43.0,41.73,42.99,8540916.0,42.56,EVALUATION,-0.01349150965340784
SVXY,2023-10-17T00:00:00Z,42.13,43.29,41.92,42.41,6894272.0,42.14666666666666,EVALUATION,-0.03230370195708554
SVXY,2023-10-18T00:00:00Z,41.89,42.04,40.74,41.04,6847934.0,42.14666666666666,EVALUATION,-0.02509746588693962
SVXY,2023-10-19T00:00:00Z,41.34,41.64,39.92,40.01,5772206.0,41.15333333333333,EVALUATION,-0.002249437640589713
SVXY,2023-10-20T00:00:00Z,40.0,40.47,39.53,39.92,6033536.0,40.32333333333333,EVALUATION,0.017034068136272618
SVXY,2023-10-23T00:00:00Z,39.53,41.23,39.22,40.6,4520664.0,40.17666666666666,EVALUATION,0.02192118226600992
SVXY,2023-10-24T00:00:00Z,41.13,41.59,40.59,41.49,5141108.0,40.67,EVALUATION,-0.0315738732224633
SVXY,2023-10-25T00:00:00Z,41.4,41.42,39.67,40.18,6331900.0,40.75666666666667,EVALUATION,-0.0037332005973120808
SVXY,2023-10-26T00:00:00Z,40.17,40.5,39.41,40.03,5854624.0,40.56666666666666,EVALUATION,-0.016987259555333534
SVXY,2023-10-27T00:00:00Z,40.4,40.66,39.24,39.35,10497428.0,39.85333333333333,EVALUATION,0.03684879288437082
SVXY,2023-10-30T00:00:00Z,40.09,40.85,40.09,40.8,3638844.0,40.06,EVALUATION,0.03210784313725501
SVXY,2023-10-31T00:00:00Z,40.97,42.17,40.76,42.11,2779588.0,40.75333333333333,EVALUATION,0.02255996200427468
SVXY,2023-11-01T00:00:00Z,42.3,43.17,42.3,43.06,4185640.0,41.99,EVALUATION,0.01718532280538776
SVXY,2023-11-02T00:00:00Z,43.54,43.82,43.2,43.8,2932182.0,42.99,EVALUATION,0.01118721461187211
SVXY,2023-11-03T00:00:00Z,44.18,44.49,44.06,44.29,3607132.0,43.71666666666667,EVALUATION,0.017611198916233972
SVXY,2023-11-06T00:00:00Z,44.6,45.11,44.46,45.07,2165378.0,44.38666666666667,EVALUATION,0.0031062791213667396
SVXY,2023-11-07T00:00:00Z,45.12,45.36,44.91,45.21,2921040.0,44.85666666666667,EVALUATION,0.009511170095111598
SVXY,2023-11-08T00:00:00Z,45.49,45.74,44.95,45.64,3026018.0,45.306666666666665,EVALUATION,-0.019281332164767795
SVXY,2023-11-09T00:00:00Z,45.85,45.94,44.55,44.76,2853244.0,45.20333333333333,EVALUATION,0.020107238605898026
SVXY,2023-11-10T00:00:00Z,45.16,45.86,45.1,45.66,3153764.0,45.35333333333333,EVALUATION,0.006132282084975849
SVXY,2023-11-13T00:00:00Z,45.48,46.15,45.39,45.94,2403480.0,45.45333333333333,EVALUATION,0.0028297779712669335
SVXY,2023-11-14T00:00:00Z,46.69,46.81,46.06,46.07,3461962.0,45.89,EVALUATION,0.011070110701106861
SVXY,2023-11-15T00:00:00Z,46.51,46.69,46.32,46.58,2132436.0,46.196666666666665,EVALUATION,0.0070845856590811
SVXY,2023-11-16T00:00:00Z,46.64,47.0,46.49,46.91,2602122.0,46.519999999999996,EVALUATION,0.008740140694947884
SVXY,2023-11-17T00:00:00Z,47.05,47.4,46.86,47.32,2085934.0,46.93666666666667,EVALUATION,0.0038038884192730382
SVXY,2023-11-20T00:00:00Z,47.48,47.76,47.43,47.5,1795860.0,47.24333333333333,EVALUATION,0.010105263157894617
SVXY,2023-11-21T00:00:00Z,47.46,48.09,47.43,47.98,1647390.0,47.6,EVALUATION,-0.0035431429762400324
SVXY,2023-11-22T00:00:00Z,48.35,48.37,47.58,47.81,1992424.0,47.763333333333335,EVALUATION,0.020497803806734938
SVXY,2023-11-24T00:00:00Z,47.95,48.94,47.9,48.79,663344.0,48.19333333333333,EVALUATION,-0.0016396802623488416
SVXY,2023-11-27T00:00:00Z,48.69,48.85,48.64,48.71,1739976.0,48.43666666666667,EVALUATION,0.006569492917265496
SVXY,2023-11-28T00:00:00Z,48.81,49.16,48.6,49.03,2056834.0,48.843333333333334,EVALUATION,-0.0071384866408321646
SVXY,2023-11-29T00:00:00Z,49.23,49.28,48.56,48.68,2392584.0,48.80666666666667,EVALUATION,0.006778964667214504
SVXY,2023-11-30T00:00:00Z,48.77,49.1,48.5,49.01,2477410.0,48.906666666666666,EVALUATION,0.0022444399102223844
SVXY,2023-12-01T00:00:00Z,49.18,49.44,49.04,49.12,3078182.0,48.93666666666667,EVALUATION,-0.00122149837133545
SVXY,2023-12-04T00:00:00Z,48.79,49.1,48.28,49.06,4313976.0,49.06333333333333,EVALUATION,0.003465144720750102
SVXY,2023-12-05T00:00:00Z,48.95,49.28,48.92,49.23,2354206.0,49.13666666666667,EVALUATION,-0.0016250253910217172
SVXY,2023-12-06T00:00:00Z,49.52,49.66,48.99,49.15,3798796.0,49.14666666666667,EVALUATION,-0.00020345879959304813
SVXY,2023-12-07T00:00:00Z,49.24,49.31,49.0,49.14,1944982.0,49.17333333333333,EVALUATION,0.013227513227513255
SVXY,2023-12-08T00:00:00Z,49.37,49.9,49.35,49.79,2841238.0,49.36,EVALUATION,0.013255673830086412
SVXY,2023-12-11T00:00:00Z,49.91,50.47,49.88,50.45,2144060.0,49.79333333333334,EVALUATION,0.014073339940535057
SVXY,2023-12-12T00:00:00Z,50.74,51.33,50.64,51.16,4574500.0,50.46666666666667,EVALUATION,0.00762314308053158
SVXY,2023-12-13T00:00:00Z,51.34,51.62,50.93,51.55,4036518.0,51.05333333333333,EVALUATION,0.0
SVXY,2023-12-14T00:00:00Z,51.76,51.8,50.84,51.55,3122434.0,51.42,EVALUATION,-0.014354995150339334
SVXY,2023-12-15T00:00:00Z,51.43,51.64,50.68,50.81,3538624.0,51.303333333333335,EVALUATION,-0.0005904349537493303
SVXY,2023-12-18T00:00:00Z,50.86,50.9,50.63,50.78,2429756.0,51.04666666666667,EVALUATION,-0.0074832611264278315
SVXY,2023-12-19T00:00:00Z,50.6,50.72,50.29,50.4,3975244.0,50.663333333333334,EVALUATION,-0.03115079365079365
SVXY,2023-12-20T00:00:00Z,50.54,50.63,48.5,48.83,7567374.0,50.00333333333333,EVALUATION,0.009625230391153039
SVXY,2023-12-21T00:00:00Z,49.15,49.57,48.62,49.3,4280096.0,49.510000000000005,EVALUATION,0.013995943204868189
SVXY,2023-12-22T00:00:00Z,49.5,49.99,48.95,49.99,4823540.0,49.373333333333335,EVALUATION,0.013002600520104046
SVXY,2023-12-26T00:00:00Z,50.1,50.7,49.93,50.64,1631450.0,49.97666666666667,EVALUATION,0.020734597156398138
SVXY,2023-12-27T00:00:00Z,50.81,51.71,50.81,51.69,2018540.0,50.77333333333333,EVALUATION,0.0013542271232347414
SVXY,2023-12-28T00:00:00Z,51.82,51.89,51.44,51.76,1649012.0,51.36333333333333,EVALUATION,-0.0011591962905718178
SVXY,2023-12-29T00:00:00Z,51.78,51.95,51.09,51.7,3151786.0,51.71666666666667,EVALUATION,0.00019342359767882122
SVXY,2024-01-02T00:00:00Z,51.08,51.9,50.59,51.71,3892578.0,51.723333333333336,EVALUATION,-0.01721137110810289
SVXY,2024-01-03T00:00:00Z,51.3,51.66,50.37,50.82,5046664.0,51.410000000000004,EVALUATION,0.0013774104683195176
SVXY,2024-01-04T00:00:00Z,50.78,51.35,50.72,50.89,3332232.0,51.14,EVALUATION,0.01572018078207904
SVXY,2024-01-05T00:00:00Z,51.03,51.92,51.03,51.69,4389202.0,51.13333333333334,EVALUATION,0.01160766105629718
SVXY,2024-01-08T00:00:00Z,51.75,52.63,51.61,52.29,3587202.0,51.623333333333335,EVALUATION,0.011665710460891265
SVXY,2024-01-09T00:00:00Z,52.03,52.99,52.02,52.9,2850344.0,52.29333333333334,EVALUATION,0.004914933837429025
SVXY,2024-01-10T00:00:00Z,53.15,53.35,53.0,53.16,2485420.0,52.78333333333333,EVALUATION,0.0026335590669677167
SVXY,2024-01-11T00:00:00Z,53.48,53.65,52.38,53.3,4067526.0,53.12,EVALUATION,-0.006754221388367676
SVXY,2024-01-12T00:00:00Z,53.48,53.48,52.81,52.94,2652588.0,53.133333333333326,EVALUATION,-0.0164336985266339
SVXY,2024-01-16T00:00:00Z,52.3,52.64,51.47,52.07,4827640.0,52.769999999999996,EVALUATION,-0.01939696562319948
SVXY,2024-01-17T00:00:00Z,51.28,51.68,50.45,51.06,4694088.0,52.023333333333326,EVALUATION,0.017038777908343183
SVXY,2024-01-18T00:00:00Z,51.67,52.04,51.11,51.93,2372426.0,51.68666666666667,EVALUATION,0.012709416522241446
SVXY,2024-01-19T00:00:00Z,52.41,52.8,52.3,52.59,3281642.0,51.86,EVALUATION,0.017303669899220386
SVXY,2024-01-22T00:00:00Z,52.88,53.6,52.76,53.5,2810298.0,52.67333333333333,EVALUATION,0.014018691588784993
SVXY,2024-01-23T00:00:00Z,53.83,54.3,53.78,54.25,1957044.0,53.446666666666665,EVALUATION,-0.012165898617511495
SVXY,2024-01-24T00:00:00Z,54.49,54.55,53.56,53.59,2170764.0,53.78,EVALUATION,-0.006717671207314924
SVXY,2024-01-25T00:00:00Z,53.71,53.79,53.19,53.23,2108938.0,53.69,EVALUATION,0.0043208716888973875
SVXY,2024-01-26T00:00:00Z,53.36,53.78,53.14,53.46,2255930.0,53.42666666666666,EVALUATION,-0.0037411148522260573
SVXY,2024-01-29T00:00:00Z,53.43,53.55,52.97,53.26,2357052.0,53.31666666666666,EVALUATION,0.007698084866691879
SVXY,2024-01-30T00:00:00Z,53.45,53.75,53.38,53.67,1544572.0,53.46333333333334,EVALUATION,-0.025340040991242763
SVXY,2024-01-31T00:00:00Z,53.58,53.7,52.09,52.31,2680874.0,53.08,EVALUATION,0.0038233607340851794
SVXY,2024-02-01T00:00:00Z,52.72,53.07,52.05,52.51,2326650.0,52.83,EVALUATION,0.0019043991620644185
SVXY,2024-02-02T00:00:00Z,52.59,53.06,52.37,52.61,1697838.0,52.47666666666667,EVALUATION,0.019768104923018504
SVXY,2024-02-05T00:00:00Z,52.89,53.7,52.3,53.65,2054862.0,52.92333333333333,EVALUATION,0.012488350419384897
SVXY,2024-02-06T00:00:00Z,53.88,54.35,53.61,54.32,1829360.0,53.526666666666664,EVALUATION,0.0016568483063328365
SVXY,2024-02-07T00:00:00Z,54.58,54.62,54.18,54.41,1525328.0,54.126666666666665,EVALUATION,0.004043374379709697
SVXY,2024-02-08T00:00:00Z,54.44,54.67,54.11,54.63,3062546.0,54.45333333333333,EVALUATION,-0.0036609921288669467
SVXY,2024-02-09T00:00:00Z,54.7,54.95,54.34,54.43,2710698.0,54.49,EVALUATION,-0.011023332720926038
SVXY,2024-02-12T00:00:00Z,54.59,54.67,53.53,53.83,2449306.0,54.29666666666667,EVALUATION,-0.038082853427456764
SVXY,2024-02-13T00:00:00Z,52.99,53.19,50.09,51.78,4660614.0,53.346666666666664,EVALUATION,0.029161838547701713
SVXY,2024-02-14T00:00:00Z,52.92,53.39,52.4,53.29,4752324.0,52.96666666666667,EVALUATION,0.0026271345468193985
SVXY,2024-02-15T00:00:00Z,53.58,53.7,52.96,53.43,4810880.0,52.83333333333333,EVALUATION,0.0028074115665355226
SVXY,2024-02-16T00:00:00Z,53.31,54.03,53.09,53.58,4983060.0,53.43333333333333,EVALUATION,-0.016983949234789075
SVXY,2024-02-20T00:00:00Z,53.18,53.28,51.97,52.67,3529132.0,53.22666666666667,EVALUATION,0.0041769508258970856
SVXY,2024-02-21T00:00:00Z,52.5,52.97,52.3,52.89,2295504.0,53.04666666666667,EVALUATION,0.010966156173189523
SVXY,2024-02-22T00:00:00Z,53.97,54.27,53.37,53.47,2617430.0,53.010000000000005,EVALUATION,0.017205909855994017
SVXY,2024-02-23T00:00:00Z,53.85,54.45,53.7,54.39,2348978.0,53.58333333333333,EVALUATION,0.005515719801433949
SVXY,2024-02-26T00:00:00Z,54.65,54.84,54.58,54.69,2100276.0,54.18333333333334,EVALUATION,0.009873834339001686
SVXY,2024-02-27T00:00:00Z,54.99,55.28,54.9,55.23,2018300.0,54.769999999999996,EVALUATION,-0.007966684772768406
SVXY,2024-02-28T00:00:00Z,55.05,55.12,54.57,54.79,1671948.0,54.903333333333336,EVALUATION,0.007118087242197424
SVXY,2024-02-29T00:00:00Z,55.25,55.31,54.56,55.18,2008964.0,55.06666666666666,EVALUATION,-0.0005436752446539295
SVXY,2024-03-01T00:00:00Z,55.4,55.61,54.93,55.15,2908862.0,55.04,EVALUATION,0.00036264732547608425
SVXY,2024-03-04T00:00:00Z,55.16,55.33,55.01,55.17,2405170.0,55.16666666666667,EVALUATION,-0.02066340402392608
SVXY,2024-03-05T00:00:00Z,54.86,54.91,53.22,54.03,4173340.0,54.78333333333333,EVALUATION,-0.001110494169905607
SVXY,2024-03-06T00:00:00Z,54.74,54.83,53.74,53.97,2859166.0,54.39,EVALUATION,0.0025940337224383825
SVXY,2024-03-07T00:00:00Z,54.56,54.59,53.79,54.11,2852570.0,54.03666666666666,EVALUATION,-0.012382184439105548
SVXY,2024-03-08T00:00:00Z,54.45,54.67,52.5,53.44,3183332.0,53.839999999999996,EVALUATION,0.0046781437125749115
SVXY,2024-03-11T00:00:00Z,53.29,53.94,52.7,53.69,2433312.0,53.74666666666666,EVALUATION,0.024958092754703065
SVXY,2024-03-12T00:00:00Z,54.36,55.09,53.99,55.03,3212684.0,54.05333333333333,EVALUATION,0.003452662184262989
SVXY,2024-03-13T00:00:00Z,55.09,55.32,54.92,55.22,1946550.0,54.64666666666666,EVALUATION,-0.013219847881202451
SVXY,2024-03-14T00:00:00Z,55.36,55.51,53.36,54.49,4612178.0,54.913333333333334,EVALUATION,-0.009359515507432636
SVXY,2024-03-15T00:00:00Z,54.01,54.35,52.89,53.98,3235480.0,54.56333333333333,EVALUATION,0.010929974064468384
SVXY,2024-03-18T00:00:00Z,54.35,54.78,54.32,54.57,3301692.0,54.346666666666664,EVALUATION,0.013927066153564205
SVXY,2024-03-19T00:00:00Z,54.58,55.36,54.37,55.33,2718942.0,54.626666666666665,EVALUATION,0.011386228086029293
SVXY,2024-03-20T00:00:00Z,55.33,56.07,55.21,55.96,2715358.0,55.28666666666666,EVALUATION,0.003752680486061477
SVXY,2024-03-21T00:00:00Z,56.25,56.44,55.82,56.17,2310222.0,55.81999999999999,EVALUATION,-0.0017803097739006457
SVXY,2024-03-22T00:00:00Z,55.98,56.52,55.92,56.07,2021580.0,56.06666666666666,EVALUATION,0.0028535758872836325
SVXY,2024-03-25T00:00:00Z,56.06,56.5,56.02,56.23,1870242.0,56.156666666666666,EVALUATION,0.002845456162191118
SVXY,2024-03-26T00:00:00Z,56.53,56.84,56.37,56.39,1606078.0,56.230000000000004,EVALUATION,0.008512147543890736
SVXY,2024-03-27T00:00:00Z,56.75,56.92,56.23,56.87,1724728.0,56.49666666666667,EVALUATION,-0.008791981712678032
SVXY,2024-03-28T00:00:00Z,56.91,56.98,56.32,56.37,2125840.0,56.54333333333334,EVALUATION,-0.003370587191768637
SVXY,2024-04-01T00:00:00Z,56.4,56.58,55.7,56.18,2106812.0,56.47333333333333,EVALUATION,-0.014417942328230682
SVXY,2024-04-02T00:00:00Z,55.24,55.43,54.35,55.37,2632202.0,55.97333333333333,EVALUATION,0.003250857865269907
SVXY,2024-04-03T00:00:00Z,55.03,55.9,54.85,55.55,2302852.0,55.7,EVALUATION,-0.02196219621962192
SVXY,2024-04-04T00:00:00Z,56.07,56.32,53.47,54.33,2818268.0,55.08333333333333,EVALUATION,-0.010123320449107243
SVXY,2024-04-05T00:00:00Z,53.89,54.75,53.5,53.78,3138246.0,54.55333333333333,EVALUATION,0.02008181480104132
SVXY,2024-04-08T00:00:00Z,54.37,55.09,54.13,54.86,3022478.0,54.32333333333333,EVALUATION,0.003827925628873574
SVXY,2024-04-09T00:00:00Z,55.12,55.23,53.89,55.07,2900548.0,54.56999999999999,EVALUATION,-0.008716179408026048
SVXY,2024-04-10T00:00:00Z,54.34,54.71,53.53,54.59,3796198.0,54.84,EVALUATION,0.008976002930939586
SVXY,2024-04-11T00:00:00Z,54.58,55.23,53.46,55.08,956754.0,54.913333333333334,EVALUATION,-0.04175744371822798
SVXY,2024-04-12T00:00:00Z,53.87,53.87,51.31,52.78,3014752.0,54.150000000000006,EVALUATION,-0.028609321712769975
SVXY,2024-04-15T00:00:00Z,53.34,53.82,51.15,51.27,2322843.0,53.04333333333334,EVALUATION,0.015798712697483897
SVXY,2024-04-16T00:00:00Z,51.43,52.6,51.2,52.08,1919031.0,52.04333333333334,EVALUATION,0.006336405529953959
SVXY,2024-04-17T00:00:00Z,52.31,52.82,51.27,52.41,1817085.0,51.92,EVALUATION,-0.0055332951726769775
SVXY,2024-04-18T00:00:00Z,52.71,53.07,51.83,52.12,1251296.0,52.20333333333333,EVALUATION,-0.012279355333844943
SVXY,2024-04-19T00:00:00Z,52.07,52.59,51.1,51.48,1427784.0,52.00333333333333,EVALUATION,0.03846153846153855
SVXY,2024-04-22T00:00:00Z,52.53,53.8,52.47,53.46,1419070.0,52.35333333333333,EVALUATION,0.019640852974186274
SVXY,2024-04-23T00:00:00Z,54.1,54.7,53.96,54.51,1376900.0,53.15,EVALUATION,0.006053935057787729
SVXY,2024-04-24T00:00:00Z,54.73,54.88,54.09,54.84,1616484.0,54.269999999999996,EVALUATION,-0.01148796498905913
SVXY,2024-04-25T00:00:00Z,53.27,54.39,52.89,54.21,1641477.0,54.519999999999996,EVALUATION,0.016971038553772466
SVXY,2024-04-26T00:00:00Z,55.06,55.27,54.77,55.13,950595.0,54.726666666666674,EVALUATION,0.008343914384182805
SVXY,2024-04-29T00:00:00Z,55.38,55.8,55.04,55.59,1142869.0,54.976666666666674,EVALUATION,-0.014570966001079322
SVXY,2024-04-30T00:00:00Z,55.51,55.85,54.73,54.78,1152778.0,55.16666666666667,EVALUATION,-0.003103322380430873
SVXY,2024-05-01T00:00:00Z,54.44,55.84,54.29,54.61,1477623.0,54.99333333333334,EVALUATION,0.016663614722578268
SVXY,2024-05-02T00:00:00Z,55.24,55.66,54.48,55.52,1131473.0,54.97,EVALUATION,0.01819164265129669
SVXY,2024-05-03T00:00:00Z,56.51,56.64,56.01,56.53,1423729.0,55.553333333333335,EVALUATION,0.011852113921811513
SVXY,2024-05-06T00:00:00Z,56.96,57.3,56.93,57.2,1066496.0,56.41666666666667,EVALUATION,0.0036713286713285775
SVXY,2024-05-07T00:00:00Z,57.44,57.45,57.17,57.41,1017257.0,57.04666666666667,EVALUATION,0.003832085002612784
SVXY,2024-05-08T00:00:00Z,57.38,57.73,57.35,57.63,769149.0,57.413333333333334,EVALUATION,0.00338365434669452
SVXY,2024-05-09T00:00:00Z,57.66,57.86,57.39,57.825,1055269.0,57.62166666666667,EVALUATION,0.007349762213575417
SVXY,2024-05-10T00:00:00Z,57.91,58.25,57.75,58.25,970551.0,57.90166666666667,EVALUATION,-0.005493562231759674
SVXY,2024-05-13T00:00:00Z,58.32,58.335,57.765,57.93,1086723.0,58.001666666666665,EVALUATION,0.0072501294665976435
SVXY,2024-05-14T00:00:00Z,57.88,58.52,57.74,58.35,841284.0,58.17666666666666,EVALUATION,0.020565552699228773
SVXY,2024-05-15T00:00:00Z,59.0,59.56,58.7488,59.55,1112473.0,58.61,EVALUATION,0.0011754827875734009
SVXY,2024-05-16T00:00:00Z,59.51,59.655,59.28,59.62,1234135.0,59.17333333333333,EVALUATION,0.004864139550486479
SVXY,2024-05-17T00:00:00Z,59.6,60.02,59.49,59.91,916814.0,59.69333333333333,EVALUATION,-0.00016691704222993042
SVXY,2024-05-20T00:00:00Z,59.96,60.28,59.7325,59.9,586375.0,59.809999999999995,EVALUATION,0.00918196994991649
SVXY,2024-05-21T00:00:00Z,59.9,60.57,59.86,60.45,799065.0,60.086666666666666,EVALUATION,-0.0100909842845327
SVXY,2024-05-22T00:00:00Z,60.39,60.66,59.49,59.84,1414858.0,60.06333333333333,EVALUATION,-0.0071858288770054735
SVXY,2024-05-23T00:00:00Z,60.5,60.59,59.06,59.41,1951889.0,59.900000000000006,EVALUATION,0.015653930314762032
SVXY,2024-05-24T00:00:00Z,59.59,60.4496,59.542,60.34,907457.0,59.86333333333333,EVALUATION,-0.010606562810739129
SVXY,2024-05-28T00:00:00Z,60.45,60.47,59.15,59.7,1129038.0,59.81666666666666,EVALUATION,-0.01926298157453943
SVXY,2024-05-29T00:00:00Z,58.38,59.05,58.25,58.55,1061684.0,59.53,EVALUATION,0.001366353543979626
SVXY,2024-05-30T00:00:00Z,58.48,59.16,58.07,58.63,1254398.0,58.96,EVALUATION,0.015521064301551979
SVXY,2024-05-31T00:00:00Z,59.1,59.61,57.86,59.54,1652749.0,58.906666666666666,EVALUATION,0.00369499496137049
SVXY,2024-06-03T00:00:00Z,59.88,59.98,58.6,59.76,996018.0,59.31,EVALUATION,-0.0026773761713519972
SVXY,2024-06-04T00:00:00Z,59.2,59.73,58.75,59.6,912971.0,59.63333333333333,EVALUATION,0.009899328859060308
SVXY,2024-06-05T00:00:00Z,59.99,60.27,59.33,60.19,712279.0,59.849999999999994,EVALUATION,0.004153513872736436
SVXY,2024-06-06T00:00:00Z,60.42,60.51,60.0401,60.44,886022.0,60.07666666666667,EVALUATION,0.0047981469225677476
SVXY,2024-06-07T00:00:00Z,60.445,60.95,60.31,60.73,755330.0,60.45333333333333,EVALUATION,0.0008233163181294856
SVXY,2024-06-10T00:00:00Z,60.31,60.9,60.12,60.78,901196.0,60.65,EVALUATION,-0.000493583415597243
SVXY,2024-06-11T00:00:00Z,60.39,60.89,60.0013,60.75,924839.0,60.75333333333333,EVALUATION,0.010699588477366184
SVXY,2024-06-12T00:00:00Z,61.46,61.64,61.145,61.4,944472.0,60.97666666666667,EVALUATION,0.0
SVXY,2024-06-13T00:00:00Z,61.42,61.6,60.6,61.4,989278.0,61.18333333333333,EVALUATION,-0.015309446254071601
SVXY,2024-06-14T00:00:00Z,60.68,60.91,59.8601,60.46,1046131.0,61.08666666666666,EVALUATION,0.0034733708236851513
SVXY,2024-06-17T00:00:00Z,60.49,61.02,60.11,60.67,918903.0,60.843333333333334,EVALUATION,0.0021427394099224895
SVXY,2024-06-18T00:00:00Z,61.0,61.1,60.5,60.8,848715.0,60.64333333333333,EVALUATION,-0.0133223684210525
SVXY,2024-06-20T00:00:00Z,60.85,60.9,59.57,59.99,1710899.0,60.486666666666665,EVALUATION,0.006167694615769159
SVXY,2024-06-21T00:00:00Z,59.62,60.59,59.25,60.36,997820.0,60.38333333333333,EVALUATION,0.0018223989396950468
SVXY,2024-06-24T00:00:00Z,60.21,60.89,60.11,60.47,819496.0,60.27333333333333,EVALUATION,0.01207210186869534
SVXY,2024-06-25T00:00:00Z,60.62,61.27,60.39,61.2,574792.0,60.67666666666667,EVALUATION,0.00424836601307188
SVXY,2024-06-26T00:00:00Z,61.09,61.53,60.96,61.46,885514.0,61.04333333333334,EVALUATION,0.005369345916042878
SVXY,2024-06-27T00:00:00Z,61.54,61.79,61.44,61.79,952912.0,61.483333333333334,EVALUATION,-0.006473539407671147
SVXY,2024-06-28T00:00:00Z,61.74,61.95,61.3,61.39,1226619.0,61.54666666666667,EVALUATION,0.01889558560026061
SVXY,2024-07-01T00:00:00Z,61.71,62.58,61.56,62.55,881041.0,61.91,EVALUATION,0.006554756195044087
SVXY,2024-07-02T00:00:00Z,62.42,63.05,62.42,62.96,765321.0,62.3,EVALUATION,-0.0027001270648030484
SVXY,2024-07-03T00:00:00Z,63.0,63.16,62.74,62.79,425980.0,62.766666666666666,EVALUATION,-0.0007963051441312041
SVXY,2024-07-05T00:00:00Z,62.99,63.0,62.4914,62.74,769265.0,62.83,EVALUATION,0.008925725215173763
SVXY,2024-07-08T00:00:00Z,63.18,63.48,63.1297,63.3,653998.0,62.94333333333333,EVALUATION,-0.0006319115323853985
SVXY,2024-07-09T00:00:00Z,63.42,63.5,63.08,63.26,583952.0,63.099999999999994,EVALUATION,0.0012646221941194913
SVXY,2024-07-10T00:00:00Z,63.33,63.75,63.19,63.34,695920.0,63.3,EVALUATION,-0.001894537417114095
SVXY,2024-07-11T00:00:00Z,63.71,63.77,62.77,63.22,1740460.0,63.27333333333333,EVALUATION,0.008383422967415344
SVXY,2024-07-12T00:00:00Z,63.73,64.2197,63.68,63.75,848283.0,63.43666666666667,EVALUATION,-0.008313725490196044
SVXY,2024-07-15T00:00:00Z,63.98,64.13,63.12,63.22,1019949.0,63.39666666666667,EVALUATION,-0.00395444479595064
SVXY,2024-07-16T00:00:00Z,63.41,63.49,62.97,62.97,923332.0,63.31333333333333,EVALUATION,-0.017151024297284434
SVXY,2024-07-17T00:00:00Z,62.23,62.62,61.49,61.89,2753583.0,62.69333333333333,EVALUATION,-0.014703506220714258
SVXY,2024-07-18T00:00:00Z,62.66,62.78,60.56,60.98,2254209.0,61.94666666666666,EVALUATION,-0.02082650049196455
SVXY,2024-07-19T00:00:00Z,60.59,60.95,59.37,59.71,2640196.0,60.86,EVALUATION,0.028638419025288853
SVXY,2024-07-22T00:00:00Z,60.28,61.53,60.21,61.42,1666813.0,60.70333333333333,EVALUATION,0.0027678280690328627
SVXY,2024-07-23T00:00:00Z,61.46,62.06,61.21,61.59,1182921.0,60.906666666666666,EVALUATION,-0.0681928884559182
SVXY,2024-07-24T00:00:00Z,60.71,60.71,57.11,57.39,3831173.0,60.13333333333333,EVALUATION,-0.004007666840913138
SVXY,2024-07-25T00:00:00Z,57.77,58.94,56.38,57.16,3218310.0,58.71333333333333,EVALUATION,0.028691392582225417
SVXY,2024-07-26T00:00:00Z,58.11,58.88,57.87,58.8,1760288.0,57.78333333333333,EVALUATION,0.008163265306122547
SVXY,2024-07-29T00:00:00Z,59.07,59.54,58.57,59.28,1435002.0,58.41333333333333,EVALUATION,-0.014844804318488558
SVXY,2024-07-30T00:00:00Z,59.48,59.61,57.37,58.4,1887926.0,58.82666666666667,EVALUATION,0.013869863013698636
SVXY,2024-07-31T00:00:00Z,59.17,60.2,59.0226,59.21,1310839.0,58.96333333333334,EVALUATION,-0.04408039182570511
SVXY,2024-08-01T00:00:00Z,59.3,59.4913,55.46,56.6,2176719.0,58.07,EVALUATION,-0.11802120141342753
SVXY,2024-08-02T00:00:00Z,54.3,54.66,48.815,49.92,16126836.0,55.24333333333334,EVALUATION,-0.2143429487179488
SVXY,2024-08-05T00:00:00Z,39.2,45.87,38.6001,39.22,13696962.0,48.58,EVALUATION,0.09739928607853132
SVXY,2024-08-06T00:00:00Z,41.86,45.22,41.15,43.04,9578819.0,44.06,EVALUATION,0.022537174721189546
SVXY,2024-08-07T00:00:00Z,46.14,46.53,43.13,44.01,6373304.0,42.089999999999996,EVALUATION,0.039082026812088166
SVXY,2024-08-08T00:00:00Z,45.16,45.99,44.53,45.73,3797926.0,44.26,EVALUATION,0.06560244915810198
SVXY,2024-08-09T00:00:00Z,46.01,48.94,45.53,48.73,3248045.0,46.156666666666666,EVALUATION,0.003488610712087059
SVXY,2024-08-12T00:00:00Z,48.94,50.48,48.26,48.9,3914222.0,47.78666666666666,EVALUATION,0.03865030674846626
SVXY,2024-08-13T00:00:00Z,49.32,50.86,49.32,50.79,2428182.0,49.47333333333333,EVALUATION,0.03406182319354212
SVXY,2024-08-14T00:00:00Z,51.36,52.53,51.1,52.52,2434769.0,50.736666666666665,EVALUATION,0.01980198019801982
SVXY,2024-08-15T00:00:00Z,53.22,53.9,52.84,53.56,3764493.0,52.290000000000006,EVALUATION,-0.0016803584764750745
SVXY,2024-08-16T00:00:00Z,53.04,53.73,52.89,53.47,1795911.0,53.18333333333334,EVALUATION,0.012717411632691134
SVXY,2024-08-19T00:00:00Z,53.56,54.32,53.44,54.15,2029921.0,53.726666666666674,EVALUATION,-0.021975992613111672
SVXY,2024-08-20T00:00:00Z,53.88,54.03,52.83,52.96,2739833.0,53.52666666666667,EVALUATION,-0.005664652567975881
SVXY,2024-08-21T00:00:00Z,53.08,53.11,51.96,52.66,2164206.0,53.25666666666666,EVALUATION,-0.02126851500189897
SVXY,2024-08-22T00:00:00Z,52.88,52.98,51.33,51.54,1515503.0,52.38666666666666,EVALUATION,0.02890958478851391
SVXY,2024-08-23T00:00:00Z,52.2,53.15,51.89,53.03,1327707.0,52.41,EVALUATION,0.0003771450122571629
SVXY,2024-08-26T00:00:00Z,53.2,53.27,52.43,53.05,844494.0,52.54,EVALUATION,0.011121583411875635
SVXY,2024-08-27T00:00:00Z,52.72,53.64,52.51,53.64,635012.0,53.239999999999995,EVALUATION,-0.028337061894108895
SVXY,2024-08-28T00:00:00Z,53.62,53.69,51.7287,52.12,1066139.0,52.93666666666667,EVALUATION,0.016884113584036964
SVXY,2024-08-29T00:00:00Z,52.9,53.42,52.64,53.0,1524606.0,52.92,EVALUATION,0.014716981132075535
SVXY,2024-08-30T00:00:00Z,53.49,53.92,53.0,53.78,1313890.0,52.96666666666667,EVALUATION,-0.10133878765340276
SVXY,2024-09-03T00:00:00Z,53.21,53.24,47.3889,48.33,5920450.0,51.70333333333333,EVALUATION,-0.011793916821849826
SVXY,2024-09-04T00:00:00Z,47.71,49.33,47.1405,47.76,9403903.0,49.95666666666666,EVALUATION,0.023659966499162577
SVXY,2024-09-05T00:00:00Z,48.18,49.31,47.88,48.89,2007137.0,48.32666666666667,EVALUATION,-0.034976477807322603
SVXY,2024-09-06T00:00:00Z,49.43,49.72,46.05,47.18,3021946.0,47.943333333333335,EVALUATION,0.03115727002967361
SVXY,2024-09-09T00:00:00Z,47.7,48.93,47.44,48.65,1914172.0,48.239999999999995,EVALUATION,0.010894141829393744
SVXY,2024-09-10T00:00:00Z,48.96,49.22,47.62,49.18,1179302.0,48.336666666666666,EVALUATION,0.020130134200894823
SVXY,2024-09-11T00:00:00Z,49.5,50.23,47.19,50.17,2132370.0,49.33333333333333,EVALUATION,0.0045844129958141355
SVXY,2024-09-12T00:00:00Z,49.97,50.46,49.36,50.4,1210376.0,49.91666666666667,EVALUATION,0.00257936507936507
SVXY,2024-09-13T00:00:00Z,50.25,51.07,50.22,50.53,1212469.0,50.36666666666667,EVALUATION,-0.004947555907381718
SVXY,2024-09-16T00:00:00Z,50.5,50.5,49.7,50.28,938610.0,50.403333333333336,EVALUATION,-0.010540970564836938
SVXY,2024-09-17T00:00:00Z,50.31,50.58,49.4,49.75,1031455.0,50.18666666666667,EVALUATION,0.004020100502512669
SVXY,2024-09-18T00:00:00Z,49.87,51.14,49.47,49.95,2141777.0,49.99333333333334,EVALUATION,0.022222222222222143
SVXY,2024-09-19T00:00:00Z,50.9,51.26,50.58,51.06,1578693.0,50.25333333333333,EVALUATION,0.0019584802193497453
SVXY,2024-09-20T00:00:00Z,50.88,51.52,50.81,51.16,1263606.0,50.72333333333333,EVALUATION,-0.001368256450351657
SVXY,2024-09-23T00:00:00Z,51.42,51.68,50.87,51.09,929977.0,51.10333333333333,EVALUATION,-0.00039146604032103127
SVXY,2024-09-24T00:00:00Z,51.29,51.43,50.25,51.07,1007460.0,51.10666666666667,EVALUATION,-0.006070099862933276
SVXY,2024-09-25T00:00:00Z,50.93,51.29,50.69,50.76,825145.0,50.97333333333333,EVALUATION,0.0
SVXY,2024-09-26T00:00:00Z,50.85,50.99,50.49,50.76,831349.0,50.86333333333333,EVALUATION,-0.024034672970843163
SVXY,2024-09-27T00:00:00Z,50.79,50.81,49.53,49.54,989255.0,50.353333333333325,EVALUATION,0.011505853855470427
SVXY,2024-09-30T00:00:00Z,49.46,50.165,48.89,50.11,899132.0,50.13666666666666,EVALUATION,-0.03831570544801444
SVXY,2024-10-01T00:00:00Z,50.2,50.2,47.87,48.19,2339696.0,49.28,EVALUATION,0.007470429549699009
SVXY,2024-10-02T00:00:00Z,48.14,48.68,47.46,48.55,1295658.0,48.95,EVALUATION,-0.02348094747682805
SVXY,2024-10-03T00:00:00Z,47.94,48.4,47.3092,47.41,1330710.0,48.05,EVALUATION,0.020037966673697616
SVXY,2024-10-04T00:00:00Z,48.02,48.47,47.6,48.36,1437113.0,48.10666666666667,EVALUATION,-0.043837882547559937
SVXY,2024-10-07T00:00:00Z,47.9,47.97,46.01,46.24,1531295.0,47.336666666666666,EVALUATION,0.018598615916955108
SVXY,2024-10-08T00:00:00Z,47.02,47.41,46.76,47.1,1003977.0,47.233333333333334,EVALUATION,0.013375796178343835
SVXY,2024-10-09T00:00:00Z,47.26,47.85,47.18,47.73,700593.0,47.02333333333333,EVALUATION,-0.0056568196103079504
SVXY,2024-10-10T00:00:00Z,47.63,47.66,47.12,47.46,971675.0,47.43,EVALUATION,0.004846186262115415
SVXY,2024-10-11T00:00:00Z,47.35,47.9,47.35,47.69,825654.0,47.626666666666665,EVALUATION,0.01803313063535339
SVXY,2024-10-14T00:00:00Z,48.03,48.82,47.97,48.55,693846.0,47.9,EVALUATION,-0.016065911431513813
SVXY,2024-10-15T00:00:00Z,48.99,49.18,47.68,47.77,1077576.0,48.00333333333333,EVALUATION,0.0054427464936150916
SVXY,2024-10-16T00:00:00Z,47.84,48.168,47.46,48.03,721242.0,48.11666666666667,EVALUATION,0.0077035186341869455
SVXY,2024-10-17T00:00:00Z,48.21,48.46,47.95,48.4,790982.0,48.06666666666667,EVALUATION,0.01177685950413232
SVXY,2024-10-18T00:00:00Z,48.58,49.0309,48.48,48.97,674342.0,48.46666666666667,EVALUATION,-0.0004084133142739921
SVXY,2024-10-21T00:00:00Z,48.84,49.07,48.3201,48.95,762431.0,48.77333333333333,EVALUATION,0.001838610827374687
SVXY,2024-10-22T00:00:00Z,48.61,49.21,48.38,49.04,772492.0,48.986666666666665,EVALUATION,-0.024673735725938006
SVXY,2024-10-23T00:00:00Z,48.73,48.83,47.17,47.83,1173493.0,48.60666666666667,EVALUATION,0.008781099728204067
SVXY,2024-10-24T00:00:00Z,48.34,48.38,47.15,48.25,741983.0,48.373333333333335,EVALUATION,-0.024455958549222778
SVXY,2024-10-25T00:00:00Z,48.5,48.74,47.06,47.07,1069849.0,47.71666666666667,EVALUATION,0.023794348842149926
SVXY,2024-10-28T00:00:00Z,48.1,48.5316,47.97,48.19,731903.0,47.836666666666666,EVALUATION,0.002905167047105195
SVXY,2024-10-29T00:00:00Z,48.13,48.68,47.9825,48.33,560561.0,47.86333333333333,EVALUATION,-0.012000827643285694
SVXY,2024-10-30T00:00:00Z,48.14,48.5,47.68,47.75,564906.0,48.089999999999996,EVALUATION,-0.03853403141361267
SVXY,2024-10-31T00:00:00Z,47.13,47.15,45.87,45.91,1805446.0,47.33,EVALUATION,0.008494881289479395
SVXY,2024-11-01T00:00:00Z,46.53,47.08,46.262,46.3,1102747.0,46.65333333333333,EVALUATION,0.023110151187905048
SVXY,2024-11-04T00:00:00Z,46.57,47.45,46.42,47.37,803316.0,46.526666666666664,EVALUATION,0.025965801139962164
SVXY,2024-11-05T00:00:00Z,47.68,48.64,47.68,48.6,1117315.0,47.42333333333333,EVALUATION,0.05123456790123471
SVXY,2024-11-06T00:00:00Z,51.25,51.25,50.06,51.09,6646784.0,49.019999999999996,EVALUATION,0.01565864161283992
SVXY,2024-11-07T00:00:00Z,51.49,51.97,51.4404,51.89,3650298.0,50.52666666666667,EVALUATION,0.0019271535941414175
SVXY,2024-11-08T00:00:00Z,51.86,52.11,51.5,51.99,1352986.0,51.656666666666666,EVALUATION,0.0013464127716869
SVXY,2024-11-11T00:00:00Z,52.29,52.47,52.0,52.06,768402.0,51.980000000000004,EVALUATION,0.0005762581636572506
SVXY,2024-11-12T00:00:00Z,51.95,52.24,51.43,52.09,1298232.0,52.04666666666667,EVALUATION,0.011710501055864908
SVXY,2024-11-13T00:00:00Z,52.3,52.82,51.99,52.7,1225567.0,52.28333333333333,EVALUATION,-0.00037950664136632284
SVXY,2024-11-14T00:00:00Z,52.86,53.16,52.54,52.68,1130197.0,52.489999999999995,EVALUATION,-0.03530751708428248
SVXY,2024-11-15T00:00:00Z,52.35,52.45,49.595,50.82,4909692.0,52.06666666666666,EVALUATION,0.01957890594254219
SVXY,2024-11-18T00:00:00Z,51.05,52.2,50.87,51.815,901291.0,51.77166666666666,EVALUATION,-0.017658979060117708
SVXY,2024-11-19T00:00:00Z,50.27,51.58,50.25,50.9,3750220.0,51.17833333333333,EVALUATION,-0.016895874263261335
SVXY,2024-11-20T00:00:00Z,50.89,51.0,49.07,50.04,2482214.0,50.91833333333333,EVALUATION,0.004596322941646802
SVXY,2024-11-21T00:00:00Z,50.76,50.9,49.4,50.27,2317207.0,50.403333333333336,EVALUATION,0.018699025263576585
SVXY,2024-11-22T00:00:00Z,50.39,51.3,50.3362,51.21,976982.0,50.50666666666667,EVALUATION,0.01991798476859974
SVXY,2024-11-25T00:00:00Z,52.04,52.29,51.04,52.23,799715.0,51.236666666666665,EVALUATION,0.0051694428489375
SVXY,2024-11-26T00:00:00Z,52.22,52.74,52.22,52.5,728313.0,51.980000000000004,EVALUATION,0.0015238095238094829
SVXY,2024-11-27T00:00:00Z,52.43,52.72,51.8,52.58,679132.0,52.43666666666667,EVALUATION,0.006466337010270218
SVXY,2024-11-29T00:00:00Z,52.94,53.28,52.895,52.92,464086.0,52.66666666666667,EVALUATION,0.010204081632652962
SVXY,2024-12-02T00:00:00Z,53.23,53.468,53.12,53.46,564105.0,52.986666666666665,EVALUATION,0.0013093901982790257
SVXY,2024-12-03T00:00:00Z,53.13,53.73,52.82,53.53,651645.0,53.303333333333335,EVALUATION,-0.0026153558752102235
SVXY,2024-12-04T00:00:00Z,53.87,54.04,53.34,53.39,750379.0,53.46,EVALUATION,-0.0020603109196478675
SVXY,2024-12-05T00:00:00Z,53.21,53.52,53.14,53.28,493145.0,53.400000000000006,EVALUATION,0.008821321321321296
SVXY,2024-12-06T00:00:00Z,53.78,53.94,53.49,53.75,792282.0,53.473333333333336,EVALUATION,-0.010418604651162844
SVXY,2024-12-09T00:00:00Z,53.74,53.89,52.9284,53.19,789789.0,53.406666666666666,EVALUATION,0.0013160368490316987
SVXY,2024-12-10T00:00:00Z,53.4,53.61,53.0701,53.26,502447.0,53.400000000000006,EVALUATION,0.0045061960195269535
SVXY,2024-12-11T00:00:00Z,53.87,54.0,53.41,53.5,450151.0,53.31666666666666,EVALUATION,-0.003177570093457982
SVXY,2024-12-12T00:00:00Z,53.39,53.7183,53.05,53.33,703209.0,53.36333333333333,EVALUATION,-0.0007500468779298997
SVXY,2024-12-13T00:00:00Z,53.7,53.78,52.9704,53.29,508509.0,53.373333333333335,EVALUATION,-0.008632013510977643
SVXY,2024-12-16T00:00:00Z,53.45,53.46,52.72,52.83,508069.0,53.15,EVALUATION,-0.011735756199129255
SVXY,2024-12-17T00:00:00Z,52.58,52.87,52.0929,52.21,832134.0,52.776666666666664,EVALUATION,-0.08657345336142508
SVXY,2024-12-18T00:00:00Z,52.46,52.76,47.69,47.69,1955098.0,50.91,EVALUATION,-0.043824701195219085
SVXY,2024-12-19T00:00:00Z,48.99,49.16,45.48,45.6,3643876.0,48.5,EVALUATION,0.07719298245614037
SVXY,2024-12-20T00:00:00Z,45.91,49.17,45.83,49.12,2835548.0,47.47,EVALUATION,0.031351791530944695
SVXY,2024-12-23T00:00:00Z,49.53,50.71,48.6204,50.66,1294988.0,48.46,EVALUATION,0.027043031977891818
SVXY,2024-12-24T00:00:00Z,51.0,52.13,51.0,52.03,924838.0,50.60333333333333,EVALUATION,-0.0011531808571978441
SVXY,2024-12-26T00:00:00Z,51.68,52.105,51.02,51.97,1030868.0,51.553333333333335,EVALUATION,-0.023859919184144762
SVXY,2024-12-27T00:00:00Z,51.54,51.6099,49.29,50.73,2166911.0,51.57666666666667,EVALUATION,-0.010250344963532387
SVXY,2024-12-30T00:00:00Z,49.4,50.94,48.4831,50.21,1300638.0,50.97,EVALUATION,-0.002987452698665627
SVXY,2024-12-31T00:00:00Z,50.6,50.8,49.7638,50.06,796267.0,50.333333333333336,EVALUATION,-0.010986815821014906
SVXY,2025-01-02T00:00:00Z,50.5,50.5462,48.29,49.51,1324002.0,49.92666666666667,EVALUATION,0.027469198141789608
SVXY,2025-01-03T00:00:00Z,49.8,50.92,49.77,50.87,1035836.0,50.14666666666667,EVALUATION,0.004914487910359755
SVXY,2025-01-06T00:00:00Z,51.11,51.44,50.5202,51.12,1450594.0,50.5,EVALUATION,-0.028755868544600882
SVXY,2025-01-07T00:00:00Z,51.29,51.37,49.05,49.65,1197923.0,50.54666666666667,EVALUATION,-0.00020140986908356862
SVXY,2025-01-08T00:00:00Z,49.26,49.84,48.455,49.64,1154621.0,50.13666666666667,EVALUATION,-0.03263497179693786
SVXY,2025-01-10T00:00:00Z,48.87,48.98,47.45,48.02,1700499.0,49.10333333333334,EVALUATION,0.010204081632652962
SVXY,2025-01-13T00:00:00Z,47.2,48.66,47.05,48.51,890099.0,48.72333333333333,EVALUATION,0.010307153164295979
SVXY,2025-01-14T00:00:00Z,49.07,49.5101,48.21,49.01,834989.0,48.513333333333335,EVALUATION,0.041420118343195256
SVXY,2025-01-15T00:00:00Z,50.24,51.1095,50.22,51.04,1383388.0,49.519999999999996,EVALUATION,-0.0007836990595611049
SVXY,2025-01-16T00:00:00Z,51.14,51.2895,50.83,51.0,766812.0,50.349999999999994,EVALUATION,-0.0023529411764705577
SVXY,2025-01-17T00:00:00Z,51.48,51.48,50.84,50.88,1157382.0,50.97333333333333,EVALUATION,0.021226415094339535
SVXY,2025-01-21T00:00:00Z,51.37,52.0,51.19,51.96,1051559.0,51.28,EVALUATION,-0.007505773672055405
SVXY,2025-01-22T00:00:00Z,51.91,51.98,51.445,51.57,916384.0,51.47,EVALUATION,0.008338181113050291
SVXY,2025-01-23T00:00:00Z,51.57,52.1505,51.57,52.0,1039990.0,51.843333333333334,EVALUATION,0.002115384615384519
SVXY,2025-01-24T00:00:00Z,52.16,52.31,51.89,52.11,686398.0,51.89333333333333,EVALUATION,-0.034350412588754486
SVXY,2025-01-27T00:00:00Z,49.0,50.74,48.88,50.32,2622057.0,51.47666666666667,EVALUATION,0.0178855325914149
SVXY,2025-01-28T00:00:00Z,50.73,51.4,50.0305,51.22,1022276.0,51.21666666666667,EVALUATION,0.0029285435376804614
SVXY,2025-01-29T00:00:00Z,51.29,51.44,50.34,51.37,1025633.0,50.97,EVALUATION,0.0025306599182401968
SVXY,2025-01-30T00:00:00Z,51.67,51.78,51.13,51.5,940735.0,51.36333333333333,EVALUATION,-0.01747572815533982
SVXY,2025-01-31T00:00:00Z,51.75,51.9399,50.28,50.6,872697.0,51.156666666666666,EVALUATION,-0.011660079051383443
SVXY,2025-02-03T00:00:00Z,48.83,50.97,48.26,50.01,1701116.0,50.70333333333333,EVALUATION,0.01539692061587683
SVXY,2025-02-04T00:00:00Z,50.4,50.99,50.085,50.78,787535.0,50.46333333333333,EVALUATION,0.011027963765261939
SVXY,2025-02-05T00:00:00Z,50.71,51.41,50.51,51.34,922710.0,50.709999999999994,EVALUATION,0.00447993767043231
SVXY,2025-02-06T00:00:00Z,51.62,51.65,51.07,51.57,869287.0,51.230000000000004,EVALUATION,-0.018421562924180734
SVXY,2025-02-07T00:00:00Z,51.73,51.8,50.61,50.62,962809.0,51.17666666666666,EVALUATION,0.013828526274199948
SVXY,2025-02-10T00:00:00Z,51.24,51.37,50.92,51.32,424550.0,51.17,EVALUATION,-0.001558846453624252
SVXY,2025-02-11T00:00:00Z,51.105,51.52,51.0617,51.24,492585.0,51.06,EVALUATION,0.0025370804059328123
SVXY,2025-02-12T00:00:00Z,50.67,51.48,50.53,51.37,704439.0,51.31,EVALUATION,0.007981312049834655
SVXY,2025-02-13T00:00:00Z,51.42,51.83,51.105,51.78,810222.0,51.46333333333334,EVALUATION,0.002317497103128563
SVXY,2025-02-14T00:00:00Z,51.86,52.0,51.6,51.9,800583.0,51.68333333333334,EVALUATION,0.0025048169556840527
SVXY,2025-02-18T00:00:00Z,52.05,52.25,51.805,52.03,817100.0,51.903333333333336,EVALUATION,0.005573707476455914
SVXY,2025-02-19T00:00:00Z,51.87,52.34,51.8,52.32,695406.0,52.083333333333336,EVALUATION,-0.001529051987767538
SVXY,2025-02-20T00:00:00Z,52.3,52.5,51.71,52.24,1364540.0,52.19666666666667,EVALUATION,-0.03560490045941811
SVXY,2025-02-21T00:00:00Z,52.25,52.25,50.16,50.38,2421597.0,51.64666666666667,EVALUATION,-0.0035728463676062416
SVXY,2025-02-24T00:00:00Z,50.79,51.13,49.64,50.2,1538080.0,50.94,EVALUATION,-0.0023904382470120167
SVXY,2025-02-25T00:00:00Z,50.07,50.58,48.9494,50.08,2254848.0,50.22,EVALUATION,0.00978434504792336
SVXY,2025-02-26T00:00:00Z,50.3,51.13,49.81,50.57,1579826.0,50.28333333333333,EVALUATION,-0.030452837650781106
SVXY,2025-02-27T00:00:00Z,50.79,51.05,49.02,49.03,2402154.0,49.89333333333333,EVALUATION,0.014888843565164178
SVXY,2025-02-28T00:00:00Z,48.94,49.79,48.32,49.76,1510220.0,49.78666666666666,EVALUATION,-0.04481511254019288
SVXY,2025-03-03T00:00:00Z,50.1,50.12,46.9,47.53,1768767.0,48.77333333333333,EVALUATION,-0.01178203240058917
SVXY,2025-03-04T00:00:00Z,46.55,48.14,45.21,46.97,3135390.0,48.086666666666666,EVALUATION,0.022141792633595836
SVXY,2025-03-05T00:00:00Z,47.13,48.1288,46.52,48.01,2071319.0,47.50333333333333,EVALUATION,-0.0541553842949386
SVXY,2025-03-06T00:00:00Z,46.46,47.15,45.34,45.41,2911029.0,46.79666666666667,EVALUATION,0.022462012772517248
SVXY,2025-03-07T00:00:00Z,45.55,46.57,44.775,46.43,2228056.0,46.61666666666667,EVALUATION,-0.054490631057505956
SVXY,2025-03-10T00:00:00Z,45.14,45.4488,43.48,43.9,4647599.0,45.24666666666666,EVALUATION,0.001138952164009277
SVXY,2025-03-11T00:00:00Z,43.82,44.28,42.64,43.95,3664212.0,44.76,EVALUATION,0.024800910125142073
SVXY,2025-03-12T00:00:00Z,44.82,45.202,43.72,45.04,2473439.0,44.29666666666667,EVALUATION,-0.022424511545293013
SVXY,2025-03-13T00:00:00Z,44.99,45.3645,43.56,44.03,1681570.0,44.34,EVALUATION,0.04474222121280946
SVXY,2025-03-14T00:00:00Z,44.8,46.03,44.7,46.0,1722632.0,45.02333333333333,EVALUATION,0.018913043478260727
SVXY,2025-03-17T00:00:00Z,46.26,46.98,46.21,46.87,1689945.0,45.63333333333333,EVALUATION,-0.0138681459355664
SVXY,2025-03-18T00:00:00Z,47.0,47.02,45.85,46.22,1369602.0,46.36333333333333,EVALUATION,0.016226741670272604
SVXY,2025-03-19T00:00:00Z,46.47,47.53,46.2402,46.97,1492807.0,46.68666666666667,EVALUATION,0.009580583351075145
SVXY,2025-03-20T00:00:00Z,46.55,47.6,46.4707,47.42,1215110.0,46.87,EVALUATION,0.000210881484605574
SVXY,2025-03-21T00:00:00Z,46.89,47.5,46.6,47.43,1267445.0,47.27333333333333,EVALUATION,0.031203879401222823
SVXY,2025-03-24T00:00:00Z,48.24,48.99,48.18,48.91,1350842.0,47.92,EVALUATION,-0.003066857493355113
SVXY,2025-03-25T00:00:00Z,49.09,49.15,48.6401,48.76,650648.0,48.36666666666667,EVALUATION,-0.016406890894175463
SVXY,2025-03-26T00:00:00Z,49.02,49.065,47.4768,47.96,980347.0,48.54333333333333,EVALUATION,-0.002293577981651418
SVXY,2025-03-27T00:00:00Z,47.87,48.2199,47.28,47.85,616458.0,48.19,EVALUATION,-0.044096133751306166
SVXY,2025-03-28T00:00:00Z,47.56,47.7658,45.64,45.74,1389220.0,47.18333333333334,EVALUATION,0.00043725404459982187
SVXY,2025-03-31T00:00:00Z,44.47,46.03,44.06,45.76,1106896.0,46.45,EVALUATION,-0.001311188811188746
SVXY,2025-04-01T00:00:00Z,45.44,46.08,44.6323,45.7,1054329.0,45.733333333333334,EVALUATION,0.01641137855579866
SVXY,2025-04-02T00:00:00Z,44.87,46.8,44.78,46.45,3721516.0,45.97,EVALUATION,-0.12465016146393981
SVXY,2025-04-03T00:00:00Z,42.88,43.66,40.66,40.66,10026482.0,44.27,EVALUATION,-0.09862272503689129
SVXY,2025-04-04T00:00:00Z,38.3,39.28,36.11,36.65,12280129.0,41.25333333333333,EVALUATION,-0.0024556616643928164
SVXY,2025-04-07T00:00:00Z,34.95,39.2358,34.2,36.56,9560626.0,37.95666666666666,EVALUATION,-0.0661925601750547
SVXY,2025-04-08T00:00:00Z,38.3,38.45,32.67,34.14,9710820.0,35.78333333333333,EVALUATION,0.10691271236086708
SVXY,2025-04-09T00:00:00Z,33.53,38.475,33.31,37.79,11086976.0,36.163333333333334,EVALUATION,-0.09552791743847577
SVXY,2025-04-10T00:00:00Z,36.33,36.98,32.0538,34.18,9885103.0,35.37,EVALUATION,0.013165593914570062
SVXY,2025-04-11T00:00:00Z,33.645,34.68,32.82,34.63,4006610.0,35.53333333333333,EVALUATION,0.055732024256424983
SVXY,2025-04-14T00:00:00Z,36.09,36.67,34.9338,36.56,4256456.0,35.123333333333335,EVALUATION,0.004102844638949721
SVXY,2025-04-15T00:00:00Z,36.59,37.33,36.34,36.71,2862656.0,35.96666666666667,EVALUATION,-0.04195042222827561
SVXY,2025-04-16T00:00:00Z,35.98,36.59,34.75,35.17,3075421.0,36.14666666666667,EVALUATION,0.013932328689223672
SVXY,2025-04-17T00:00:00Z,35.6,35.8199,35.34,35.66,1797218.0,35.846666666666664,EVALUATION,-0.030286034772854742
SVXY,2025-04-21T00:00:00Z,35.46,35.55,34.19,34.58,2180723.0,35.13666666666666,EVALUATION,0.03238866396761142
SVXY,2025-04-22T00:00:00Z,35.23,35.84,35.1803,35.7,2173389.0,35.31333333333333,EVALUATION,0.0182072829131652
SVXY,2025-04-23T00:00:00Z,36.61,36.95,35.82,36.35,2464636.0,35.54333333333334,EVALUATION,0.01843191196698757
SVXY,2025-04-24T00:00:00Z,36.53,37.13,36.5,37.02,1093089.0,36.35666666666667,EVALUATION,0.02133981631550519
SVXY,2025-04-25T00:00:00Z,37.13,37.82,36.67,37.81,1378311.0,37.06,EVALUATION,-0.004231684739486985
SVXY,2025-04-28T00:00:00Z,38.0,38.06,36.97,37.65,1424939.0,37.49333333333333,EVALUATION,0.006108897742364006
SVXY,2025-04-29T00:00:00Z,37.5,37.95,37.39,37.88,1046986.0,37.78,EVALUATION,-0.01240760295670551
SVXY,2025-04-30T00:00:00Z,37.21,37.58,36.28,37.41,3976366.0,37.64666666666666,EVALUATION,0.008019246190858142
SVXY,2025-05-01T00:00:00Z,37.94,38.015,37.45,37.71,1185877.0,37.666666666666664,EVALUATION,0.02147971360381873
SVXY,2025-05-02T00:00:00Z,38.1,38.58,37.99,38.52,1563223.0,37.88,EVALUATION,-0.009086188992731059
SVXY,2025-05-05T00:00:00Z,38.18,38.51,37.995,38.17,1259319.0,38.13333333333334,EVALUATION,-0.019910924810060404
SVXY,2025-05-06T00:00:00Z,37.61,37.97,37.36,37.41,1445795.0,38.03333333333333,EVALUATION,0.013632718524458909
SVXY,2025-05-07T00:00:00Z,37.67,38.02,37.28,37.92,1861500.0,37.833333333333336,EVALUATION,0.019514767932489407
SVXY,2025-05-08T00:00:00Z,38.22,38.83,38.11,38.66,1670583.0,37.99666666666666,EVALUATION,0.002845318158303245
SVXY,2025-05-09T00:00:00Z,38.7,39.04,38.6,38.77,1159622.0,38.45,EVALUATION,0.06603043590404933
SVXY,2025-05-12T00:00:00Z,40.32,41.37,40.25,41.33,5238341.0,39.586666666666666,EVALUATION,0.0036293249455601195
SVXY,2025-05-13T00:00:00Z,41.63,42.075,41.455,41.48,2215586.0,40.526666666666664,EVALUATION,-0.010848601735776175
SVXY,2025-05-14T00:00:00Z,41.49,41.4999,40.94,41.03,1249705.0,41.28,EVALUATION,0.008895929807458014
SVXY,2025-05-15T00:00:00Z,40.84,41.4,40.67,41.395,812920.0,41.30166666666667,EVALUATION,0.002053388090348829
SVXY,2025-05-16T00:00:00Z,41.57,41.735,41.31,41.48,1238378.0,41.30166666666667,EVALUATION,-0.005785920925747257
SVXY,2025-05-19T00:00:00Z,40.6,41.395,40.55,41.24,1044935.0,41.37166666666667,EVALUATION,0.005092143549951578
SVXY,2025-05-20T00:00:00Z,41.35,41.49,40.91,41.45,1170013.0,41.39,EVALUATION,-0.03546441495778063
SVXY,2025-05-21T00:00:00Z,40.97,41.36,39.7,39.98,2210331.0,40.89,EVALUATION,0.003751875937969107
SVXY,2025-05-22T00:00:00Z,39.9,40.5,39.72,40.13,1795283.0,40.52,EVALUATION,-0.03239471716920017
SVXY,2025-05-23T00:00:00Z,38.72,39.5093,38.63,38.83,3152552.0,39.64666666666667,EVALUATION,0.05021890291012121
SVXY,2025-05-27T00:00:00Z,40.01,40.82,39.85,40.78,1347274.0,39.913333333333334,EVALUATION,-0.004168710152035349
SVXY,2025-05-28T00:00:00Z,40.87,40.9,40.44,40.61,1285012.0,40.07333333333334,EVALUATION,-0.0007387343018960824
SVXY,2025-05-29T00:00:00Z,41.13,41.13,40.27,40.58,1117353.0,40.656666666666666,EVALUATION,-0.0036964021685559345
SVXY,2025-05-30T00:00:00Z,40.36,40.69,39.66,40.43,1413891.0,40.54,EVALUATION,0.006430868167202508
SVXY,2025-06-02T00:00:00Z,40.25,40.72,40.13,40.69,949160.0,40.56666666666666,EVALUATION,0.011059228311624647
SVXY,2025-06-03T00:00:00Z,40.8,41.21,40.7,41.14,891095.0,40.75333333333333,EVALUATION,0.000972289742343202
SVXY,2025-06-04T00:00:00Z,41.21,41.28,41.02,41.18,847573.0,41.00333333333333,EVALUATION,-0.008984944147644391
SVXY,2025-06-05T00:00:00Z,41.4,41.77,40.59,40.81,1237594.0,41.04333333333334,EVALUATION,0.020828228375397995
SVXY,2025-06-06T00:00:00Z,41.29,41.705,41.29,41.66,1157124.0,41.21666666666667,EVALUATION,0.004560729716754697
SVXY,2025-06-09T00:00:00Z,41.75,42.06,41.69,41.85,1025103.0,41.44,EVALUATION,0.002389486260454099
SVXY,2025-06-10T00:00:00Z,41.96,42.1,41.78,41.95,1174590.0,41.82,EVALUATION,-0.004529201430274243
SVXY,2025-06-11T00:00:00Z,42.28,42.565,41.46,41.76,1799122.0,41.85333333333334,EVALUATION,-0.005028735632183978
SVXY,2025-06-12T00:00:00Z,41.5,41.875,41.375,41.55,1325221.0,41.75333333333333,EVALUATION,-0.04019253910950649
SVXY,2025-06-13T00:00:00Z,40.49,41.085,39.56,39.88,4040760.0,41.06333333333333,EVALUATION,0.03560682046138397
SVXY,2025-06-16T00:00:00Z,40.71,41.46,40.67,41.3,1513134.0,40.91,EVALUATION,-0.028329297820823163
SVXY,2025-06-17T00:00:00Z,40.915,41.03,39.73,40.13,2499927.0,40.43666666666667,EVALUATION,0.011711936207326135
SVXY,2025-06-18T00:00:00Z,40.12,40.9899,39.885,40.6,1467446.0,40.67666666666666,EVALUATION,-0.005418719211822687
SVXY,2025-06-20T00:00:00Z,40.85,40.935,40.11,40.38,1384386.0,40.370000000000005,EVALUATION,0.007924715205547272
SVXY,2025-06-23T00:00:00Z,40.45,40.73,39.62,40.7,2075787.0,40.56,EVALUATION,0.03734643734643717
SVXY,2025-06-24T00:00:00Z,41.75,42.22,41.7,42.22,1478567.0,41.1,EVALUATION,0.001894836570345726
SVXY,2025-06-25T00:00:00Z,42.29,42.36,41.98,42.3,1076657.0,41.74,EVALUATION,0.002600472813238719
SVXY,2025-06-26T00:00:00Z,42.35,42.575,42.35,42.41,703146.0,42.309999999999995,EVALUATION,0.0002357934449424004
SVXY,2025-06-27T00:00:00Z,42.58,42.6499,42.02,42.42,892386.0,42.376666666666665,EVALUATION,0.004243281471004279
SVXY,2025-06-30T00:00:00Z,42.74,42.76,42.395,42.6,933873.0,42.47666666666667,EVALUATION,-0.00023474178403748436
SVXY,2025-07-01T00:00:00Z,42.43,42.81,42.41,42.59,966254.0,42.53666666666667,EVALUATION,0.002347969006808892
SVXY,2025-07-02T00:00:00Z,42.64,42.845,42.5,42.69,911298.0,42.626666666666665,EVALUATION,0.0030452096509721027
SVXY,2025-07-03T00:00:00Z,43.01,43.15,42.79,42.82,680501.0,42.7,EVALUATION,-0.004904250350303618
SVXY,2025-07-07T00:00:00Z,42.57,42.72,42.2,42.61,1061341.0,42.70666666666666,EVALUATION,0.011499647969960058
SVXY,2025-07-08T00:00:00Z,43.04,43.28,42.955,43.1,988366.0,42.843333333333334,EVALUATION,0.01740139211136893
SVXY,2025-07-09T00:00:00Z,43.65,43.91,43.47,43.85,1243291.0,43.18666666666667,EVALUATION,0.00410490307867728
SVXY,2025-07-10T00:00:00Z,43.96,44.11,43.825,44.03,660328.0,43.660000000000004,EVALUATION,-0.002044060867590347
SVXY,2025-07-11T00:00:00Z,43.55,44.16,43.54,43.94,994024.0,43.94,EVALUATION,-0.007510241238051885
SVXY,2025-07-14T00:00:00Z,43.745,43.85,43.57,43.61,1058259.0,43.86,EVALUATION,0.0032102728731941976
SVXY,2025-07-15T00:00:00Z,44.07,44.12,43.71,43.75,1415803.0,43.766666666666666,EVALUATION,-0.0034285714285714475
SVXY,2025-07-16T00:00:00Z,43.85,43.93,42.56,43.6,3369534.0,43.653333333333336,EVALUATION,0.0018348623853210455
SVXY,2025-07-17T00:00:00Z,43.73,43.82,43.565,43.68,956683.0,43.67666666666667,EVALUATION,0.007554945054945028
SVXY,2025-07-18T00:00:00Z,43.9,44.01,43.745,44.01,701107.0,43.763333333333335,EVALUATION,0.003408316291751756
SVXY,2025-07-21T00:00:00Z,44.21,44.59,44.12,44.16,757521.0,43.95,EVALUATION,0.0022644927536232817
SVXY,2025-07-22T00:00:00Z,44.28,44.315,43.69,44.26,1118724.0,44.14333333333333,EVALUATION,0.020560325350203357
SVXY,2025-07-23T00:00:00Z,44.6,45.19,44.385,45.17,900746.0,44.53,EVALUATION,0.001328315253486645
SVXY,2025-07-24T00:00:00Z,45.315,45.48,45.145,45.23,1075198.0,44.88666666666666,EVALUATION,0.004421843908910095
SVXY,2025-07-25T00:00:00Z,45.22,45.47,45.14,45.43,667995.0,45.276666666666664,EVALUATION,0.013427250715386307
SVXY,2025-07-28T00:00:00Z,45.9,46.06,45.75,46.04,979291.0,45.56666666666666,EVALUATION,-0.011728931364031303
SVXY,2025-07-29T00:00:00Z,46.39,46.45,45.38,45.5,1543193.0,45.656666666666666,EVALUATION,-0.0015384615384615996
SVXY,2025-07-30T00:00:00Z,45.66,45.825,45.05,45.43,2686371.0,45.656666666666666,EVALUATION,-0.0022011886418666915
SVXY,2025-07-31T00:00:00Z,45.9,46.07,45.16,45.33,2019081.0,45.42,EVALUATION,-0.041253033311272835
SVXY,2025-08-01T00:00:00Z,44.27,44.28,42.925,43.46,3641760.0,44.739999999999995,EVALUATION,0.034514496088357216
SVXY,2025-08-04T00:00:00Z,44.12,44.97,44.07,44.96,1324184.0,44.58333333333333,EVALUATION,-0.004225978647686812
SVXY,2025-08-05T00:00:00Z,45.07,45.09,44.0912,44.77,1586989.0,44.39666666666667,EVALUATION,0.01608219790037979
SVXY,2025-08-06T00:00:00Z,44.83,45.49,44.65,45.49,881394.0,45.07333333333334,EVALUATION,-0.004616399208617339
SVXY,2025-08-07T00:00:00Z,45.75,45.84,44.9293,45.28,1377208.0,45.18,EVALUATION,0.0176678445229681
SVXY,2025-08-08T00:00:00Z,45.63,46.08,45.59,46.08,1113371.0,45.61666666666667,EVALUATION,-0.0017361111111110494
SVXY,2025-08-11T00:00:00Z,46.14,46.3,45.83,46.0,1066543.0,45.78666666666667,EVALUATION,0.020652173913043637
SVXY,2025-08-12T00:00:00Z,46.35,46.975,46.35,46.95,975509.0,46.343333333333334,EVALUATION,0.003407880724174639
SVXY,2025-08-13T00:00:00Z,47.24,47.3,46.93,47.11,772880.0,46.68666666666667,EVALUATION,-0.002122691572914448
SVXY,2025-08-14T00:00:00Z,46.69,47.135,46.62,47.01,831222.0,47.02333333333333,EVALUATION,0.001701765581791248
SVXY,2025-08-15T00:00:00Z,47.14,47.22,46.88,47.09,734221.0,47.07,EVALUATION,0.01274155871734961
SVXY,2025-08-18T00:00:00Z,47.18,47.78,47.1201,47.69,942612.0,47.263333333333335,EVALUATION,-0.010694065841895584
SVXY,2025-08-19T00:00:00Z,47.91,47.96,47.075,47.18,1470424.0,47.32,EVALUATION,0.0025434506146670977
SVXY,2025-08-20T00:00:00Z,47.19,47.385,46.44,47.3,2340823.0,47.39,EVALUATION,-0.007188160676532718
SVXY,2025-08-21T00:00:00Z,47.02,47.2,46.62,46.96,1594913.0,47.14666666666667,EVALUATION,0.04195059625212938
SVXY,2025-08-22T00:00:00Z,47.04,48.93,47.04,48.93,2015235.0,47.73,EVALUATION,-0.0018393623543837556
SVXY,2025-08-25T00:00:00Z,48.65,49.005,48.5,48.84,913027.0,48.24333333333333,EVALUATION,0.003276003276003303
SVXY,2025-08-26T00:00:00Z,48.62,49.02,48.62,49.0,828810.0,48.92333333333333,EVALUATION,-0.0008163265306122547
SVXY,2025-08-27T00:00:00Z,48.94,49.055,48.6,48.96,926058.0,48.93333333333334,EVALUATION,0.00510620915032689
SVXY,2025-08-28T00:00:00Z,49.22,49.345,48.9,49.21,908651.0,49.056666666666665,EVALUATION,-0.009550904287746409
SVXY,2025-08-29T00:00:00Z,49.36,49.42,48.51,48.74,1302049.0,48.97,EVALUATION,-0.015387771850636
SVXY,2025-09-02T00:00:00Z,47.51,47.995,46.94,47.99,2714043.0,48.64666666666667,EVALUATION,0.013127734944780034
SVXY,2025-09-03T00:00:00Z,48.06,48.62,48.06,48.62,1803163.0,48.45,EVALUATION,0.013986013986013957
SVXY,2025-09-04T00:00:00Z,48.75,49.35,48.73,49.3,1005232.0,48.63666666666667,EVALUATION,0.0
SVXY,2025-09-05T00:00:00Z,49.87,49.96,48.57,49.3,1557693.0,49.07333333333334,EVALUATION,0.009127789046653234
SVXY,2025-09-08T00:00:00Z,49.56,49.81,49.46,49.75,1011692.0,49.45,EVALUATION,0.002814070351758735
SVXY,2025-09-09T00:00:00Z,49.67,49.905,49.33,49.89,877603.0,49.64666666666666,EVALUATION,0.0014030867909400335
SVXY,2025-09-10T00:00:00Z,50.18,50.275,49.79,49.96,1018006.0,49.86666666666666,EVALUATION,0.012810248198558805
SVXY,2025-09-11T00:00:00Z,50.39,50.61,50.27,50.6,735171.0,50.15,EVALUATION,0.00039525691699604515
SVXY,2025-09-12T00:00:00Z,50.57,50.9,50.53,50.62,665576.0,50.39333333333333,EVALUATION,-0.004346108257605619
SVXY,2025-09-15T00:00:00Z,50.93,50.93,50.325,50.4,1088367.0,50.54,EVALUATION,-0.008531746031746001
SVXY,2025-09-16T00:00:00Z,50.31,50.37,49.905,49.97,1104570.0,50.33,EVALUATION,0.01881128677206312
SVXY,2025-09-17T00:00:00Z,50.09,51.24,50.09,50.91,1939693.0,50.42666666666666,EVALUATION,-0.0013749754468669328
SVXY,2025-09-18T00:00:00Z,51.29,51.365,50.84,50.84,1101532.0,50.57333333333334,EVALUATION,0.0009834775767112447
SVXY,2025-09-19T00:00:00Z,51.12,51.15,50.56,50.89,850754.0,50.88,EVALUATION,-0.00786009039103952
SVXY,2025-09-22T00:00:00Z,50.76,50.95,50.48,50.49,886416.0,50.74000000000001,EVALUATION,-0.006734006734006814
SVXY,2025-09-23T00:00:00Z,50.56,50.57,49.79,50.15,1160226.0,50.510000000000005,EVALUATION,0.0065802592223329626
SVXY,2025-09-24T00:00:00Z,50.32,50.51,49.7664,50.48,944706.0,50.373333333333335,EVALUATION,-0.007527733755942845
SVXY,2025-09-25T00:00:00Z,49.91,50.71,49.7,50.1,1255104.0,50.243333333333325,EVALUATION,0.02215568862275452
SVXY,2025-09-26T00:00:00Z,50.43,51.21,50.04,51.21,1077034.0,50.596666666666664,EVALUATION,-0.007420425698105859
SVXY,2025-09-29T00:00:00Z,51.31,51.34,50.68,50.83,892383.0,50.71333333333333,EVALUATION,0.0021640763328742985
SVXY,2025-09-30T00:00:00Z,50.76,51.06,50.64,50.94,752697.0,50.99333333333333,EVALUATION,0.002552021986651054
SVXY,2025-10-01T00:00:00Z,50.69,51.19,50.69,51.07,618800.0,50.946666666666665,EVALUATION,-0.007049148227922464
SVXY,2025-10-02T00:00:00Z,51.21,51.28,50.71,50.71,744937.0,50.906666666666666,EVALUATION,0.004929994084007072
SVXY,2025-10-03T00:00:00Z,50.97,51.015,50.56,50.96,719920.0,50.913333333333334,EVALUATION,0.0015698587127157548
SVXY,2025-10-06T00:00:00Z,51.09,51.1101,50.715,51.04,788314.0,50.903333333333336,EVALUATION,-0.011167711598746077
SVXY,2025-10-07T00:00:00Z,51.18,51.23,50.32,50.47,1299305.0,50.82333333333334,EVALUATION,0.009708737864077666
SVXY,2025-10-08T00:00:00Z,50.67,51.0251,50.51,50.96,678178.0,50.82333333333334,EVALUATION,-0.0011773940345369827
SVXY,2025-10-09T00:00:00Z,51.05,51.15,50.5,50.9,1117533.0,50.77666666666667,EVALUATION,-0.0634577603143418
SVXY,2025-10-10T00:00:00Z,50.94,51.115,47.38,47.67,6741759.0,49.843333333333334,EVALUATION,0.03775959723096278
SVXY,2025-10-13T00:00:00Z,48.94,49.62,48.81,49.47,2619961.0,49.346666666666664,EVALUATION,-0.022842126541338104
SVXY,2025-10-14T00:00:00Z,48.03,49.2228,47.22,48.34,3549094.0,48.49333333333333,EVALUATION,-0.004137360364087739
SVXY,2025-10-15T00:00:00Z,49.09,49.19,47.52,48.14,2087545.0,48.65,EVALUATION,-0.049231408392189424
SVXY,2025-10-16T00:00:00Z,48.4,48.4647,45.69,45.77,5082613.0,47.41666666666667,EVALUATION,0.04260432597771446
SVXY,2025-10-17T00:00:00Z,46.25,47.72,45.4,47.72,4857074.0,47.21,EVALUATION,0.038977367979882604
SVXY,2025-10-20T00:00:00Z,48.37,49.6,48.34,49.58,2281369.0,47.69,EVALUATION,0.0028237192416296075
SVXY,2025-10-21T00:00:00Z,49.33,49.92,48.89,49.72,1727363.0,49.00666666666667,EVALUATION,-0.007843925985518863
SVXY,2025-10-22T00:00:00Z,49.6,49.71,48.04,49.33,3951084.0,49.54333333333334,EVALUATION,0.011352118386377397
SVXY,2025-10-23T00:00:00Z,49.13,49.93,49.13,49.89,1543923.0,49.64666666666666,EVALUATION,0.007616756865103325
SVXY,2025-10-24T00:00:00Z,50.49,50.6007,50.1,50.27,1641042.0,49.83,EVALUATION,0.013725880246667987
SVXY,2025-10-27T00:00:00Z,51.07,51.16,50.75,50.96,1219496.0,50.373333333333335,EVALUATION,-0.013932496075353185
SVXY,2025-10-28T00:00:00Z,51.01,51.088,50.25,50.25,1283534.0,50.49333333333334,EVALUATION,-0.008358208955223878
SVXY,2025-10-29T00:00:00Z,50.54,50.79,49.82,49.83,2508468.0,50.346666666666664,EVALUATION,-0.003411599438089552
SVXY,2025-10-30T00:00:00Z,49.97,50.42,49.57,49.66,1905114.0,49.91333333333333,EVALUATION,0.000402738622633958
SVXY,2025-10-31T00:00:00Z,50.22,50.23,49.02,49.68,1904065.0,49.72333333333333,EVALUATION,0.004227053140096526
SVXY,2025-11-03T00:00:00Z,49.82,49.94,49.02,49.89,994642.0,49.743333333333325,EVALUATION,-0.02064541992383251
SVXY,2025-11-04T00:00:00Z,48.8,49.48,48.57,48.86,2125879.0,49.47666666666666,EVALUATION,0.018829308227588992
SVXY,2025-11-05T00:00:00Z,48.79,50.05,48.76,49.78,1531516.0,49.51,EVALUATION,-0.021293692245881957
SVXY,2025-11-06T00:00:00Z,49.55,49.71,48.35,48.72,3273797.0,49.12,EVALUATION,0.0038998357963875296
SVXY,2025-11-07T00:00:00Z,48.11,48.93,47.29,48.91,3380116.0,49.13666666666666,EVALUATION,0.02923737476998589
SVXY,2025-11-10T00:00:00Z,49.84,50.34,49.75,50.34,2182392.0,49.32333333333333,EVALUATION,0.0011918951132299238
SVXY,2025-11-11T00:00:00Z,50.31,50.49,50.19,50.4,909260.0,49.88333333333333,EVALUATION,-0.003968253968253843
SVXY,2025-11-12T00:00:00Z,50.5,50.5301,49.92,50.2,1198726.0,50.31333333333333,EVALUATION,-0.0314741035856575
SVXY,2025-11-13T00:00:00Z,49.96,50.155,48.07,48.62,3048254.0,49.74,EVALUATION,0.004319210201563228
SVXY,2025-11-14T00:00:00Z,47.82,49.32,47.407,48.83,2943440.0,49.21666666666667,EVALUATION,-0.026213393405693286
SVXY,2025-11-17T00:00:00Z,48.4,49.13,47.29,47.55,3159823.0,48.333333333333336,EVALUATION,-0.017245005257623514
SVXY,2025-11-18T00:00:00Z,46.97,47.65,46.19,46.73,6281021.0,47.70333333333333,EVALUATION,0.013909693986732474
SVXY,2025-11-19T00:00:00Z,46.84,47.925,46.59,47.38,3052579.0,47.22,EVALUATION,-0.03714647530603643
SVXY,2025-11-20T00:00:00Z,48.95,49.11,45.5,45.62,8025370.0,46.57666666666667,EVALUATION,0.026961858833844943
SVXY,2025-11-21T00:00:00Z,46.38,47.09,45.02,46.85,6196028.0,46.61666666666667,EVALUATION,0.036499466382070356
SVXY,2025-11-24T00:00:00Z,47.28,48.6,47.1963,48.56,2514046.0,47.01,EVALUATION,0.014415156507413318
SVXY,2025-11-25T00:00:00Z,48.53,49.31,47.63,49.26,1847592.0,48.22333333333333,EVALUATION,0.015225334957368997
SVXY,2025-11-26T00:00:00Z,49.54,50.085,49.44,50.01,1942802.0,49.276666666666664,EVALUATION,0.006598680263947276
SVXY,2025-11-28T00:00:00Z,49.99,50.48,49.99,50.34,693762.0,49.87,EVALUATION,0.0035756853396899935
SVXY,2025-12-01T00:00:00Z,49.98,50.85,49.91,50.52,1116279.0,50.29,EVALUATION,0.0071258907363420665
SVXY,2025-12-02T00:00:00Z,50.73,50.93,50.505,50.88,1121788.0,50.58,EVALUATION,0.0027515723270439274
SVXY,2025-12-03T00:00:00Z,50.55,51.1,50.52,51.02,1116164.0,50.80666666666667,EVALUATION,0.005096040768326038
SVXY,2025-12-04T00:00:00Z,51.25,51.33,50.85,51.28,1018891.0,51.06,EVALUATION,0.006240249609984483
SVXY,2025-12-05T00:00:00Z,51.38,51.64,51.215,51.6,848580.0,51.3,EVALUATION,-0.006782945736434121
SVXY,2025-12-08T00:00:00Z,51.6,51.665,50.94,51.25,1390134.0,51.376666666666665,EVALUATION,-0.0013658536585365866
SVXY,2025-12-09T00:00:00Z,51.17,51.54,51.13,51.18,1161048.0,51.343333333333334,EVALUATION,0.02032043767096514
SVXY,2025-12-10T00:00:00Z,51.05,52.315,50.93,52.22,2038878.0,51.55,EVALUATION,0.006127920337035686
SVXY,2025-12-11T00:00:00Z,51.93,52.665,51.46,52.54,1481883.0,51.98,EVALUATION,0.0015226494099733756
SVXY,2025-12-12T00:00:00Z,52.73,53.005,51.39,52.62,3697179.0,52.459999999999994,EVALUATION,0.0
SVXY,2025-12-15T00:00:00Z,52.93,52.97,52.0,52.62,1615927.0,52.593333333333334,EVALUATION,0.0008551881413911833
SVXY,2025-12-16T00:00:00Z,52.54,52.85,52.04,52.665,2198870.0,52.635,EVALUATION,-0.005411563657077734
SVXY,2025-12-17T00:00:00Z,52.78,53.08,52.14,52.38,1690363.0,52.555,EVALUATION,0.013745704467353903
SVXY,2025-12-18T00:00:00Z,52.81,53.26,52.49,53.1,1317126.0,52.715,EVALUATION,0.019020715630885032
SVXY,2025-12-19T00:00:00Z,53.38,54.17,53.37,54.11,847537.0,53.196666666666665,EVALUATION,0.016263167621511698
SVXY,2025-12-22T00:00:00Z,54.52,55.05,54.52,54.99,863096.0,54.06666666666666,EVALUATION,-0.001272958719767181
SVXY,2025-12-23T00:00:00Z,54.87,55.09,54.85,54.92,797268.0,54.67333333333333,EVALUATION,0.00018208302986155722
SVXY,2025-12-24T00:00:00Z,54.96,55.11,54.84,54.93,549342.0,54.94666666666667,EVALUATION,0.0012743491716731281
SVXY,2025-12-26T00:00:00Z,55.13,55.13,54.675,55.0,949056.0,54.95,EVALUATION,0.006727272727272693
SVXY,2025-12-29T00:00:00Z,54.85,55.56,54.78,55.37,2156699.0,55.099999999999994,EVALUATION,0.005779302871591119
SVXY,2025-12-30T00:00:00Z,55.39,55.855,55.39,55.69,829691.0,55.35333333333333,EVALUATION,-0.005566528999820353
SVXY,2025-12-31T00:00:00Z,55.73,55.945,55.34,55.38,876810.0,55.480000000000004,EVALUATION,0.00794510653665581
SVXY,2026-01-02T00:00:00Z,55.97,56.0966,55.48,55.82,1448842.0,55.629999999999995,EVALUATION,-0.0023289143676101798
SVXY,2026-01-05T00:00:00Z,56.21,56.29,55.66,55.69,1058675.0,55.629999999999995,EVALUATION,0.007003052612677418
SVXY,2026-01-06T00:00:00Z,55.74,56.11,55.68,56.08,945283.0,55.86333333333333,EVALUATION,-0.00962910128388017
SVXY,2026-01-07T00:00:00Z,55.94,55.94,55.39,55.54,1560996.0,55.769999999999996,EVALUATION,0.006121714079942553
SVXY,2026-01-08T00:00:00Z,55.44,56.01,55.38,55.88,1248838.0,55.83333333333333,EVALUATION,0.008768790264853221
SVXY,2026-01-09T00:00:00Z,55.91,56.46,55.62,56.37,1557667.0,55.93,EVALUATION,-0.000532197977647586
SVXY,2026-01-12T00:00:00Z,55.83,56.34,55.765,56.34,777146.0,56.19666666666667,EVALUATION,-0.014199503017394477
SVXY,2026-01-13T00:00:00Z,56.395,56.41,55.26,55.54,1949096.0,56.08333333333333,EVALUATION,-0.012423478574000724
SVXY,2026-01-14T00:00:00Z,54.9,55.13,54.12,54.85,2738999.0,55.57666666666667,EVALUATION,0.01458523245214205
SVXY,2026-01-15T00:00:00Z,55.68,55.9709,55.5013,55.65,1276565.0,55.346666666666664,EVALUATION,-0.0014375561545372229
SVXY,2026-01-16T00:00:00Z,55.87,55.97,55.33,55.57,1283590.0,55.35666666666667,EVALUATION,-0.05884470037790179
SVXY,2026-01-20T00:00:00Z,53.04,54.24,51.97,52.3,3611437.0,54.50666666666667,EVALUATION,0.05086042065009577
SVXY,2026-01-21T00:00:00Z,53.55,55.1,53.19,54.96,3543048.0,54.27666666666667,EVALUATION,0.011098981077146908
SVXY,2026-01-22T00:00:00Z,55.33,55.57,54.855,55.57,1956589.0,54.27666666666667,EVALUATION,-0.00953752024473642
SVXY,2026-01-23T00:00:00Z,55.18,55.725,54.95,55.04,1286104.0,55.19,EVALUATION,0.00036337209302339524
SVXY,2026-01-26T00:00:00Z,55.05,55.42,54.95,55.06,934092.0,55.223333333333336,EVALUATION,-0.008354522339266257
SVXY,2026-01-27T00:00:00Z,55.15,55.3,54.59,54.6,992569.0,54.900000000000006,EVALUATION,-0.0023809523809523725
SVXY,2026-01-28T00:00:00Z,54.74,54.98,54.22,54.47,1425645.0,54.71,EVALUATION,-0.004589682393978389
SVXY,2026-01-29T00:00:00Z,54.16,54.435,52.74,54.22,3065460.0,54.43,EVALUATION,-0.0022132054592400863
SVXY,2026-01-30T00:00:00Z,54.14,54.76,53.67,54.1,2486309.0,54.263333333333335,EVALUATION,0.02310536044362288
SVXY,2026-02-02T00:00:00Z,54.23,55.51,54.23,55.35,1750204.0,54.55666666666667,EVALUATION,-0.02131887985546521
SVXY,2026-02-03T00:00:00Z,55.24,55.35,52.93,54.17,3544708.0,54.540000000000006,EVALUATION,-0.008676389145283347
SVXY,2026-02-04T00:00:00Z,54.385,54.55,52.65,53.7,4680260.0,54.406666666666666,EVALUATION,-0.03035381750465549
SVXY,2026-02-05T00:00:00Z,52.73,53.4,51.75,52.07,5529029.0,53.31333333333333,EVALUATION,0.034568849625504106
SVXY,2026-02-06T00:00:00Z,52.87,53.96,52.87,53.87,2625856.0,53.21333333333334,EVALUATION,0.01614999071839618
SVXY,2026-02-09T00:00:00Z,53.92,54.8,53.7038,54.74,1814821.0,53.56,EVALUATION,-0.010412860796492507
SVXY,2026-02-10T00:00:00Z,54.72,54.78,54.1,54.17,1655992.0,54.260000000000005,EVALUATION,-0.0001846040243678182
SVXY,2026-02-11T00:00:00Z,54.81,54.81,53.56,54.16,1442616.0,54.35666666666667,EVALUATION,-0.032127031019202223
SVXY,2026-02-12T00:00:00Z,54.5,54.66,52.42,52.42,4327602.0,53.58333333333333,EVALUATION,-0.006486074017550636
SVXY,2026-02-13T00:00:00Z,52.45,53.42,51.65,52.08,4568002.0,52.88666666666666,EVALUATION,0.016897081413210557
SVXY,2026-02-17T00:00:00Z,51.87,53.14,51.24,52.96,4219811.0,52.486666666666665,EVALUATION,-0.0001888217522658664
SVXY,2026-02-18T00:00:00Z,52.95,53.59,52.61,52.95,2171172.0,52.663333333333334,EVALUATION,-0.011709159584513795
SVXY,2026-02-19T00:00:00Z,52.36,52.515,51.7765,52.33,2163538.0,52.74666666666667,EVALUATION,0.011847888400535078
SVXY,2026-02-20T00:00:00Z,51.9,53.19,51.7,52.95,3133742.0,52.74333333333334,EVALUATION,-0.022285174693106646
SVXY,2026-02-23T00:00:00Z,52.75,53.2,51.6999,51.77,2458005.0,52.35,EVALUATION,0.019123044234112374
SVXY,2026-02-24T00:00:00Z,51.87,52.84,51.635,52.76,1155501.0,52.49333333333334,EVALUATION,0.019711902956785377
SVXY,2026-02-25T00:00:00Z,53.34,53.8,53.125,53.8,1358087.0,52.77666666666667,EVALUATION,-0.007992565055762069
SVXY,2026-02-26T00:00:00Z,53.87,53.91,52.335,53.37,2832000.0,53.31,EVALUATION,-0.020423458872025457
SVXY,2026-02-27T00:00:00Z,52.12,52.835,51.73,52.28,2797208.0,53.15,EVALUATION,-0.007459831675592943
SVXY,2026-03-02T00:00:00Z,50.72,52.48,50.72,51.89,3097758.0,52.513333333333335,EVALUATION,-0.020235112738485217
SVXY,2026-03-03T00:00:00Z,49.99,51.52,48.03,50.84,7505653.0,51.67,EVALUATION,0.01868607395751365
SVXY,2026-03-04T00:00:00Z,51.1,52.15,50.86,51.79,3058172.0,51.50666666666667,EVALUATION,-0.034948831820814874
SVXY,2026-03-05T00:00:00Z,50.97,51.38,48.87,49.98,4913015.0,50.870000000000005,EVALUATION,-0.0680272108843537
SVXY,2026-03-06T00:00:00Z,48.06,48.85,46.58,46.58,6074577.0,49.449999999999996,EVALUATION,0.051094890510948954
SVXY,2026-03-09T00:00:00Z,46.37,49.25,45.52,48.96,7921951.0,48.50666666666667,EVALUATION,-0.025326797385620936
SVXY,2026-03-10T00:00:00Z,48.84,50.03,47.66,47.72,3361745.0,47.75333333333333,EVALUATION,0.022632020117351104
SVXY,2026-03-11T00:00:00Z,48.1,48.86,47.715,48.8,3828865.0,48.49333333333333,EVALUATION,-0.03483606557377039
SVXY,2026-03-12T00:00:00Z,47.64,48.01,47.0327,47.1,2358706.0,47.873333333333335,EVALUATION,-0.008917197452229297
SVXY,2026-03-13T00:00:00Z,47.71,48.15,46.66,46.68,3061486.0,47.52666666666667,EVALUATION,0.0396315338474722
SVXY,2026-03-16T00:00:00Z,47.55,48.54,47.54,48.53,1823959.0,47.43666666666667,EVALUATION,0.003915104059344587
SVXY,2026-03-17T00:00:00Z,48.88,49.27,48.62,48.72,2060819.0,47.97666666666667,EVALUATION,-0.0398193760262725
SVXY,2026-03-18T00:00:00Z,48.11,48.18,46.685,46.78,3416203.0,48.01,EVALUATION,0.013894826849080832
SVXY,2026-03-19T00:00:00Z,45.7,47.9,45.39,47.43,3267009.0,47.64333333333333,EVALUATION,-0.03457727176892267
SVXY,2026-03-20T00:00:00Z,47.3,47.325,45.43,45.79,3805524.0,46.66666666666667,EVALUATION,0.023585935793841495
SVXY,2026-03-23T00:00:00Z,47.33,47.875,46.37,46.87,4661638.0,46.696666666666665,EVALUATION,-0.012374653296351568
SVXY,2026-03-24T00:00:00Z,46.18,47.29,46.04,46.29,3355546.0,46.31666666666666,EVALUATION,0.015770144739684744
SVXY,2026-03-25T00:00:00Z,46.98,47.23,46.31,47.02,1967061.0,46.72666666666667,EVALUATION,-0.03891960867715882
SVXY,2026-03-26T00:00:00Z,46.41,46.72,45.19,45.19,3734968.0,46.166666666666664,EVALUATION,-0.03872538172161988
SVXY,2026-03-27T00:00:00Z,44.82,44.95,43.35,43.44,4101000.0,45.21666666666667,EVALUATION,0.005064456721915356
SVXY,2026-03-30T00:00:00Z,44.38,44.4162,43.29,43.66,2072160.0,44.096666666666664,EVALUATION,0.04901511681172699
SVXY,2026-03-31T00:00:00Z,44.7,45.845,44.32,45.8,3733080.0,44.3,EVALUATION,0.010262008733624484
SVXY,2026-04-01T00:00:00Z,46.1,46.56,45.61,46.27,2690045.0,45.24333333333333,EVALUATION,-0.0008644910309056897
SVXY,2026-04-02T00:00:00Z,44.79,46.42,44.6,46.23,2125411.0,46.099999999999994,EVALUATION,0.014060134112048539
SVXY,2026-04-06T00:00:00Z,46.22,46.98,46.22,46.88,1274314.0,46.46,EVALUATION,-0.01898464163822522
SVXY,2026-04-07T00:00:00Z,46.29,46.392,45.18,45.99,3012752.0,46.36666666666667,EVALUATION,0.04979343335507713
SVXY,2026-04-08T00:00:00Z,48.35,48.67,47.5,48.28,2361641.0,47.05,EVALUATION,0.021126760563380254
SVXY,2026-04-09T00:00:00Z,48.12,49.3,48.04,49.3,1538133.0,47.85666666666667,EVALUATION,-0.008722109533468525
SVXY,2026-04-10T00:00:00Z,49.4,49.47,48.66,48.87,1206553.0,48.81666666666666,EVALUATION,0.0202578268876612
SVXY,2026-04-13T00:00:00Z,48.59,49.915,48.53,49.86,1558341.0,49.343333333333334,EVALUATION,0.008022462896108973
SVXY,2026-04-14T00:00:00Z,50.54,50.605,50.055,50.26,2310650.0,49.663333333333334,EVALUATION,-0.0027855153203342198
SVXY,2026-04-15T00:00:00Z,50.38,50.48,49.88,50.12,1184333.0,50.08,EVALUATION,-0.0001995211492418214
SVXY,2026-04-16T00:00:00Z,50.11,50.36,49.57,50.11,1546662.0,50.163333333333334,EVALUATION,0.006785072839752715
SVXY,2026-04-17T00:00:00Z,50.73,50.96,50.45,50.45,1455534.0,50.22666666666667,EVALUATION,-0.006144697720515402
SVXY,2026-04-20T00:00:00Z,50.19,50.245,49.67,50.14,1259183.0,50.233333333333334,EVALUATION,-0.009373753490227288
SVXY,2026-04-21T00:00:00Z,50.21,50.21,49.23,49.67,1979845.0,50.08666666666667,EVALUATION,0.0064425206361988785
SVXY,2026-04-22T00:00:00Z,50.255,50.3026,49.68,49.99,662637.0,49.93333333333334,EVALUATION,0.0022004400880175634
SVXY,2026-04-23T00:00:00Z,49.8,50.1,48.77,50.1,2084794.0,49.92,EVALUATION,-0.007185628742514938
SVXY,2026-04-24T00:00:00Z,50.04,50.32,49.69,49.74,1091955.0,49.943333333333335,EVALUATION,0.016887816646562026
SVXY,2026-04-27T00:00:00Z,49.89,50.62,49.89,50.58,809979.0,50.14,EVALUATION,0.006722024515618985
SVXY,2026-04-28T00:00:00Z,50.15,51.0099,50.034,50.92,1124923.0,50.413333333333334,EVALUATION,-0.009426551453260101
SVXY,2026-04-29T00:00:00Z,50.94,51.04,50.145,50.44,1771724.0,50.64666666666666,EVALUATION,0.01566217287866767
SVXY,2026-04-30T00:00:00Z,50.67,51.23,50.33,51.23,1081578.0,50.86333333333333,EVALUATION,-0.00507515127854774
SVXY,2026-05-01T00:00:00Z,51.32,51.495,50.94,50.97,963694.0,50.879999999999995,EVALUATION,-0.007259172061997221
SVXY,2026-05-04T00:00:00Z,51.01,51.57,50.16,50.6,1323238.0,50.93333333333333,EVALUATION,0.003359683794466495
SVXY,2026-05-05T00:00:00Z,51.09,51.24,50.6,50.77,858500.0,50.78,EVALUATION,0.008863502068150453
SVXY,2026-05-06T00:00:00Z,51.355,51.45,51.06,51.22,1051601.0,50.86333333333334,EVALUATION,0.002733307301835186
SVXY,2026-05-07T00:00:00Z,51.46,51.515,51.03,51.36,1078342.0,51.116666666666674,EVALUATION,-0.0029205607476635587
SVXY,2026-05-08T00:00:00Z,51.49,51.7,51.18,51.21,1002457.0,51.263333333333335,EVALUATION,-0.005272407732864748
SVXY,2026-05-11T00:00:00Z,51.24,51.45,50.82,50.94,1053750.0,51.17,EVALUATION,0.00903023164507255
SVXY,2026-05-12T00:00:00Z,50.76,51.62,50.525,51.4,1447337.0,51.18333333333334,EVALUATION,-0.008171206225681016
SVXY,2026-05-13T00:00:00Z,51.43,51.54,50.885,50.98,1062997.0,51.10666666666667,EVALUATION,0.010984699882306881
SVXY,2026-05-14T00:00:00Z,51.12,51.76,50.875,51.54,1432173.0,51.306666666666665,EVALUATION,-0.003298409002716385
SVXY,2026-05-15T00:00:00Z,50.82,51.605,50.75,51.37,1730393.0,51.29666666666667,EVALUATION,0.009733307377846945
SVXY,2026-05-18T00:00:00Z,51.745,51.96,51.4,51.87,2215870.0,51.593333333333334,EVALUATION,-0.001927896664738693
SVXY,2026-05-19T00:00:00Z,51.75,52.015,51.53,51.77,1908872.0,51.67,EVALUATION,0.008692292833687443
SVXY,2026-05-20T00:00:00Z,51.83,52.27,51.72,52.22,1867332.0,51.95333333333333,EVALUATION,0.01627728839525089
SVXY,2026-05-21T00:00:00Z,51.98,53.15,51.93,53.07,1871843.0,52.35333333333334,EVALUATION,-0.005652911249293346
SVXY,2026-05-22T00:00:00Z,52.93,53.1397,52.63,52.77,1318193.0,52.68666666666667,EVALUATION,0.015728633693386396
SVXY,2026-05-26T00:00:00Z,53.44,53.84,53.44,53.6,1593262.0,53.14666666666667,EVALUATION,0.011567164179104417
SVXY,2026-05-27T00:00:00Z,53.72,54.255,53.52,54.22,1146118.0,53.53,EVALUATION,0.010328292143120699
SVXY,2026-05-28T00:00:00Z,54.04,54.845,54.04,54.78,1191012.0,54.2,EVALUATION,0.007484483388097818
SVXY,2026-05-29T00:00:00Z,55.04,55.53,54.885,55.19,1283972.0,54.730000000000004,EVALUATION,-0.012683457148033983
SVXY,2026-06-01T00:00:00Z,54.84,55.28,54.48,54.49,1265791.0,54.82,EVALUATION,0.0089924756836115
SVXY,2026-06-02T00:00:00Z,54.89,55.04,54.61,54.98,1082986.0,54.88666666666666,EVALUATION,-0.0020007275372863065
SVXY,2026-06-03T00:00:00Z,54.73,55.08,54.6,54.87,1209257.0,54.78,EVALUATION,0.017860397302715603
SVXY,2026-06-04T00:00:00Z,54.89,56.0,54.81,55.85,1469598.0,55.233333333333334,EVALUATION,-0.03724261414503127
SVXY,2026-06-05T00:00:00Z,55.58,55.68,53.36,53.77,2675194.0,54.83,EVALUATION,0.010786684024548965
SVXY,2026-06-08T00:00:00Z,54.54,54.84,54.12,54.35,2610507.0,54.656666666666666,EVALUATION,-0.008831646734130727
SVXY,2026-06-09T00:00:00Z,54.685,55.03,52.19,53.87,3094476.0,53.99666666666667,EVALUATION,-0.02747354742899566
SVXY,2026-06-10T00:00:00Z,53.3,53.58,52.1,52.39,2047666.0,53.53666666666667,EVALUATION,0.022714258446268287
SVXY,2026-06-11T00:00:00Z,52.53,53.85,51.88,53.58,2024049.0,53.28,EVALUATION,0.024636058230683044
SVXY,2026-06-12T00:00:00Z,54.09,54.9,53.69,54.9,1721193.0,53.623333333333335,EVALUATION,0.03551912568306026
SVXY,2026-06-15T00:00:00Z,56.15,56.85,56.1,56.85,1585222.0,55.11,EVALUATION,-0.0015831134564644467
SVXY,2026-06-16T00:00:00Z,56.85,57.015,56.565,56.76,1382444.0,56.17,EVALUATION,-0.021670190274841405
SVXY,2026-06-17T00:00:00Z,57.0,57.05,55.16,55.53,1865491.0,56.379999999999995,EVALUATION,0.016387538267603086
SVXY,2026-06-18T00:00:00Z,56.51,56.62,56.02,56.44,1297944.0,56.24333333333333,EVALUATION,0.0014174344436570507
SVXY,2026-06-22T00:00:00Z,57.09,57.46,56.4606,56.52,1342867.0,56.163333333333334,EVALUATION,-0.02689313517338998
SVXY,2026-06-23T00:00:00Z,55.1,55.68,54.81,55.0,1719470.0,55.986666666666665,EVALUATION,0.00290909090909075
SVXY,2026-06-24T00:00:00Z,55.29,55.87,54.71,55.16,2377776.0,55.56,EVALUATION,0.008158085569253126
SVXY,2026-06-25T00:00:00Z,56.27,56.27,55.22,55.61,2007003.0,55.25666666666666,EVALUATION,-0.001438590181621957
SVXY,2026-06-26T00:00:00Z,54.82,55.835,54.51,55.53,1324497.0,55.43333333333334,EVALUATION,0.01908878083918597
SVXY,2026-06-29T00:00:00Z,56.24,56.68,55.53,56.59,1428370.0,55.91,EVALUATION,0.011839547623254898
SVXY,2026-06-30T00:00:00Z,56.53,57.42,56.51,57.26,1190677.0,56.46,EVALUATION,-0.002968913726859812
SVXY,2026-07-01T00:00:00Z,56.93,57.345,56.6709,57.09,992061.0,56.980000000000004,EVALUATION,0.003853564547206201
SVXY,2026-07-02T00:00:00Z,57.23,57.695,56.625,57.31,1112867.0,57.22,EVALUATION,0.013261210957947966
SVXY,2026-07-06T00:00:00Z,57.83,58.17,57.78,58.07,748018.0,57.49,EVALUATION,-0.0041329429998278044
SVXY,2026-07-07T00:00:00Z,58.13,58.295,57.44,57.83,1046403.0,57.736666666666665,EVALUATION,-0.009337713989278962
SVXY,2026-07-08T00:00:00Z,57.15,57.73,56.33,57.29,1174454.0,57.730000000000004,EVALUATION,0.010822133007505563
SVXY,2026-07-09T00:00:00Z,57.58,57.94,57.26,57.91,549994.0,57.67666666666666,EVALUATION,0.010878950094975082
SVXY,2026-07-10T00:00:00Z,57.98,58.62,57.34,58.54,1159018.0,57.91333333333333,EVALUATION,-0.015032456440041031
SVXY,2026-07-13T00:00:00Z,58.21,58.55,57.415,57.66,1514321.0,58.03666666666666,EVALUATION,0.00589663544918495
SVXY,2026-07-14T00:00:00Z,58.1,58.4,57.88,58.0,1056606.0,58.06666666666666,EVALUATION,0.014310344827586086
SVXY,2026-07-15T00:00:00Z,58.38,58.95,58.08,58.83,1018823.0,58.16333333333333,EVALUATION,-0.012068672446030937
SVXY,2026-07-16T00:00:00Z,58.61,58.79,57.78,58.12,944335.0,58.31666666666666,EVALUATION,-0.026152787336545025
SVXY,2026-07-17T00:00:00Z,56.34,57.24,56.21,56.6,2171750.0,57.849999999999994,EVALUATION,0.009363957597173123
SVXY,2026-07-20T00:00:00Z,57.46,57.98,56.94,57.13,1970988.0,57.28333333333333,EVALUATION,0.01767897776999816
SVXY,2026-07-21T00:00:00Z,57.8,58.22,57.38,58.14,1448133.0,57.29,EVALUATION,-0.006019951840385285
SVXY,2026-07-22T00:00:00Z,57.87,58.04,57.52,57.79,1159200.0,57.68666666666667,EVALUATION,-0.025090846167156844
SVXY,2026-07-23T00:00:00Z,56.31,56.68,55.68,56.34,2126730.0,57.42333333333333,EVALUATION,0.008519701810436597
SVXY,2026-07-24T00:00:00Z,56.55,57.43,56.44,56.82,1228233.0,56.983333333333334,EVALUATION,0.0019359380499823775
SVXY,2026-07-27T00:00:00Z,57.45,57.55,56.41,56.93,1645599.0,56.69666666666667,EVALUATION,0.0029861233093273487
SVXY,2026-07-28T00:00:00Z,56.93,57.48,56.51,57.1,1109312.0,56.95,EVALUATION,-0.030647985989492144
SVXY,2026-07-29T00:00:00Z,56.73,57.52,55.29,55.35,2487589.0,56.46,EVALUATION,0.03378500451671185
SVXY,2026-07-30T00:00:00Z,56.45,57.22,56.16,57.22,1820418.0,56.55666666666667,EVALUATION,0.014680181754631372
SVXY,2026-07-31T00:00:00Z,57.59,58.18,56.41,58.06,1795965.0,56.876666666666665,EVALUATION,0.003444712366517333
SVXY,2026-08-03T00:00:00Z,58.36,58.57,58.21,58.26,1151631.0,57.846666666666664,EVALUATION,-0.002574665293511802
SVXY,2026-08-04T00:00:00Z,58.76,58.7675,58.11,58.11,1510654.0,58.14333333333333,EVALUATION,0.01652039235931846
SVXY,2026-08-05T00:00:00Z,58.05,59.26,57.84,59.07,1674338.0,58.480000000000004,EVALUATION,0.007279498899610548
SVXY,2026-08-06T00:00:00Z,58.83,59.55,58.8,59.5,1285727.0,58.89333333333333,EVALUATION,-0.0023529411764705577
SVXY,2026-08-07T00:00:00Z,59.44,59.585,59.24,59.36,1347946.0,59.31,EVALUATION,0.0022742587601076725
SVXY,2026-08-10T00:00:00Z,59.55,59.835,59.4177,59.495,1504920.0,59.45166666666667,EVALUATION,0.004286074460038591
SVXY,2026-08-11T00:00:00Z,59.49,59.78,59.415,59.75,1126609.0,59.535,EVALUATION,0.014560669456066933
SVXY,2026-08-12T00:00:00Z,60.065,60.745,59.99,60.62,1199529.0,59.955,EVALUATION,-0.0024744308808973825
SVXY,2026-08-13T00:00:00Z,60.78,60.845,60.3191,60.47,1049605.0,60.28,EVALUATION,0.005291880271208971
SVXY,2026-08-14T00:00:00Z,60.78,60.9,60.45,60.79,1069112.0,60.626666666666665,EVALUATION,-0.003948017766080003
SVXY,2026-08-17T00:00:00Z,60.92,60.98,60.33,60.55,1040213.0,60.60333333333333,EVALUATION,-0.002972749793558993
SVXY,2026-08-18T00:00:00Z,60.38,60.61,60.27,60.37,1116587.0,60.56999999999999,EVALUATION,0.01623322842471442
SVXY,2026-08-19T00:00:00Z,60.82,61.43,60.76,61.35,1219279.0,60.75666666666666,EVALUATION,-0.005215973920130401
SVXY,2026-08-20T00:00:00Z,60.96,61.26,60.81,61.03,1491083.0,60.916666666666664,EVALUATION,0.008848107488120593
SVXY,2026-08-21T00:00:00Z,61.58,61.62,61.365,61.57,1234381.0,61.31666666666666,EVALUATION,-0.00438525255806399
SVXY,2026-08-24T00:00:00Z,61.74,61.79,61.3,61.3,1597518.0,61.3,EVALUATION,0.012561174551386722
SVXY,2026-08-25T00:00:00Z,61.68,62.07,61.37,62.07,1273596.0,61.64666666666667,EVALUATION,0.0012888674077653484
SVXY,2026-08-26T00:00:00Z,61.93,62.235,61.84,62.15,811454.0,61.84,EVALUATION,0.012872083668543866
SVXY,2026-08-27T00:00:00Z,62.23,63.005,62.2,62.95,1065876.0,62.39,EVALUATION,-0.006354249404289192
SVXY,2026-08-28T00:00:00Z,62.69,62.74,62.32,62.55,1444208.0,62.55,EVALUATION,0.007513988808953043
SVXY,2026-08-31T00:00:00Z,62.36,63.1189,62.26,63.02,1011817.0,62.84,EVALUATION,-0.014598540145985384
SVXY,2026-09-01T00:00:00Z,62.62,62.88,61.83,62.1,1237587.0,62.556666666666665,EVALUATION,0.014975845410627908
SVXY,2026-09-02T00:00:00Z,62.27,63.115,62.27,63.03,836466.0,62.71666666666667,EVALUATION,0.010629858797398084
SVXY,2026-09-03T00:00:00Z,63.16,63.705,63.08,63.7,969014.0,62.943333333333335,EVALUATION,-0.002668759811616961
SVXY,2026-09-04T00:00:00Z,64.0,64.11,63.52,63.53,774447.0,63.42,EVALUATION,-0.008027703447190282
SVXY,2026-09-08T00:00:00Z,63.52,63.625,62.92,63.02,815537.0,63.41666666666667,EVALUATION,-0.006664550936210767
SVXY,2026-09-09T00:00:00Z,62.83,62.99,62.43,62.6,1145135.0,63.05,EVALUATION,-0.017891373801916965
SVXY,2026-09-10T00:00:00Z,61.9,62.2,61.45,61.48,1618107.0,62.36666666666667,EVALUATION,0.022771633051398954
SVXY,2026-09-11T00:00:00Z,62.59,63.09,62.56,62.88,1558189.0,62.32,EVALUATION,-0.00429389312977102
SVXY,2026-09-14T00:00:00Z,61.93,62.85,61.87,62.61,1376796.0,62.32333333333334,EVALUATION,-0.00047915668423581526
SVXY,2026-09-15T00:00:00Z,62.75,62.85,62.17,62.58,1294045.0,62.69,EVALUATION,-0.004314477468839839
SVXY,2026-09-16T00:00:00Z,62.95,63.02,61.52,62.31,1391792.0,62.5,EVALUATION,0.01909805809661358
SVXY,2026-09-17T00:00:00Z,63.66,63.66,63.26,63.5,906498.0,62.79666666666667,EVALUATION,-0.0012598425196850283
SVXY,2026-09-18T00:00:00Z,63.39,63.485,63.02,63.42,906773.0,63.07666666666667,EVALUATION,0.002365184484389715
SVXY,2026-09-21T00:00:00Z,63.92,63.96,63.41,63.57,1006339.0,63.49666666666667,EVALUATION,0.014157621519584662
SVXY,2026-09-22T00:00:00Z,63.93,64.6,63.85,64.47,902873.0,63.82,EVALUATION,-0.010547541492166856
SVXY,2026-09-23T00:00:00Z,64.53,64.575,63.66,63.79,1099853.0,63.94333333333333,EVALUATION,-0.0009405862987929003
SVXY,2026-09-24T00:00:00Z,63.67,64.12,63.2,63.73,842818.0,63.99666666666666,EVALUATION,0.007688686646791121
SVXY,2026-09-25T00:00:00Z,63.9,64.31,63.48,64.22,1018541.0,63.91333333333333,EVALUATION,-0.004671441918405406
SVXY,2026-09-28T00:00:00Z,63.9,64.4,63.41,63.92,1024857.0,63.95666666666666,EVALUATION,0.0026595744680850686
SVXY,2026-09-29T00:00:00Z,64.29,64.34,63.74,64.09,991550.0,64.07666666666667,EVALUATION,-0.004836948041816225
SVXY,2026-09-30T00:00:00Z,64.2,64.44,63.72,63.78,733454.0,63.93000000000001,EVALUATION,-0.00548761367199746
SVXY,2026-10-01T00:00:00Z,63.648,63.7,62.87,63.43,1152347.0,63.766666666666666,SUPPORT_FORWARD_RETURN,
